Latitude (decimal degrees):	-22.425
Longitude (decimal degrees):	-45.457
Elevation (m):	848
Radiation database:	PVGIS-ERA5


Slope: 25 deg. (optimum)
Azimuth: -165 deg. (optimum)
Nominal power of the PV system (c-Si) (kWp):	1.0
System losses (%):	14.0
time,P,Gb(i),Gd(i),Gr(i),H_sun,T2m,WS10m,Int
20230101:0030,0.0,0.0,0.0,0.0,0.0,17.92,0.62,0.0
20230101:0130,0.0,0.0,0.0,0.0,0.0,17.24,1.03,0.0
20230101:0230,0.0,0.0,0.0,0.0,0.0,16.74,1.17,0.0
20230101:0330,0.0,0.0,0.0,0.0,0.0,16.19,1.17,0.0
20230101:0430,0.0,0.0,0.0,0.0,0.0,15.94,1.1,0.0
20230101:0530,0.0,0.0,0.0,0.0,0.0,15.73,1.1,0.0
20230101:0630,0.0,0.0,0.0,0.0,0.0,15.77,1.03,0.0
20230101:0730,0.0,0.0,0.0,0.0,0.0,15.68,1.03,0.0
20230101:0830,1.11,0.0,8.39,0.09,1.08,15.87,0.9,0.0
20230101:0930,77.32,78.98,51.03,1.5,13.94,16.49,0.62,0.0
20230101:1030,264.06,265.3,77.59,3.57,27.17,18.63,0.83,0.0
20230101:1130,409.96,382.89,133.1,5.2,40.65,20.18,1.03,0.0
20230101:1230,485.85,465.18,151.5,6.19,54.3,21.37,0.9,0.0
20230101:1330,561.2,578.39,142.79,7.3,68.05,22.57,1.1,0.0
20230101:1430,570.99,484.74,255.01,7.55,81.85,23.01,1.17,0.0
20230101:1530,549.72,458.76,252.99,7.43,84.26,23.14,1.03,0.0
20230101:1630,456.42,366.98,218.66,6.3,70.46,23.75,0.9,0.0
20230101:1730,310.54,147.09,251.76,4.31,56.7,23.03,0.41,0.0
20230101:1830,261.13,189.64,146.28,4.1,43.03,21.68,1.03,0.0
20230101:1930,128.12,44.42,134.18,2.19,29.51,21.31,1.24,0.0
20230101:2030,39.25,5.57,62.15,1.27,16.23,20.36,0.9,0.0
20230101:2130,5.03,0.0,15.99,0.17,3.29,20.36,1.24,0.0
20230101:2230,0.0,0.0,0.0,0.0,0.0,19.84,0.83,0.0
20230101:2330,0.0,0.0,0.0,0.0,0.0,19.02,0.97,0.0
20230102:0030,0.0,0.0,0.0,0.0,0.0,18.14,0.97,0.0
20230102:0130,0.0,0.0,0.0,0.0,0.0,17.49,0.83,0.0
20230102:0230,0.0,0.0,0.0,0.0,0.0,16.93,0.97,0.0
20230102:0330,0.0,0.0,0.0,0.0,0.0,16.39,1.03,0.0
20230102:0430,0.0,0.0,0.0,0.0,0.0,15.74,1.24,0.0
20230102:0530,0.0,0.0,0.0,0.0,0.0,15.52,1.24,0.0
20230102:0630,0.0,0.0,0.0,0.0,0.0,15.78,1.1,0.0
20230102:0730,0.0,0.0,0.0,0.0,0.0,15.56,1.1,0.0
20230102:0830,0.65,0.0,7.33,0.08,0.95,15.47,1.1,0.0
20230102:0930,60.7,55.82,47.9,1.18,13.81,15.86,1.24,0.0
20230102:1030,182.01,154.88,83.09,2.46,27.05,17.82,1.72,0.0
20230102:1130,335.06,279.5,135.25,4.17,40.54,18.9,1.93,0.0
20230102:1230,424.12,333.62,193.78,5.27,54.19,20.22,1.79,0.0
20230102:1330,584.69,551.42,192.48,7.51,67.95,21.17,1.66,0.0
20230102:1430,623.27,574.95,228.83,8.23,81.75,22.62,1.79,0.0
20230102:1530,618.25,606.7,193.48,8.42,84.37,23.72,1.79,0.0
20230102:1630,511.55,435.52,220.2,7.09,70.56,24.03,1.59,0.0
20230102:1730,478.09,417.57,197.75,7.05,56.79,23.87,1.17,0.0
20230102:1830,332.4,302.99,131.08,5.51,43.12,24.4,0.62,0.0
20230102:1930,167.99,158.71,86.6,3.84,29.59,24.01,1.03,0.0
20230102:2030,27.04,9.81,45.84,1.51,16.3,23.41,0.48,0.0
20230102:2130,1.09,0.0,8.48,0.09,3.35,21.26,0.62,0.0
20230102:2230,0.0,0.0,0.0,0.0,0.0,20.06,0.41,0.0
20230102:2330,0.0,0.0,0.0,0.0,0.0,18.99,0.97,0.0
20230103:0030,0.0,0.0,0.0,0.0,0.0,18.26,1.38,0.0
20230103:0130,0.0,0.0,0.0,0.0,0.0,17.77,1.59,0.0
20230103:0230,0.0,0.0,0.0,0.0,0.0,17.49,1.66,0.0
20230103:0330,0.0,0.0,0.0,0.0,0.0,17.16,1.66,0.0
20230103:0430,0.0,0.0,0.0,0.0,0.0,16.86,1.52,0.0
20230103:0530,0.0,0.0,0.0,0.0,0.0,16.64,1.31,0.0
20230103:0630,0.0,0.0,0.0,0.0,0.0,16.48,1.24,0.0
20230103:0730,0.0,0.0,0.0,0.0,0.0,16.63,1.52,0.0
20230103:0830,0.43,0.0,6.82,0.07,0.82,16.78,1.59,0.0
20230103:0930,45.99,26.98,51.4,0.85,13.69,16.88,1.66,0.0
20230103:1030,164.36,99.81,115.11,2.19,26.93,17.47,2.0,0.0
20230103:1130,252.07,188.71,123.99,3.14,40.42,18.4,2.55,0.0
20230103:1230,314.76,191.61,196.88,3.88,54.08,19.31,2.41,0.0
20230103:1330,426.34,254.81,274.0,5.3,67.84,20.09,2.41,0.0
20230103:1430,544.81,428.15,256.85,6.98,81.65,21.36,2.41,0.0
20230103:1530,537.86,488.73,187.09,7.08,84.48,22.13,2.41,0.0
20230103:1630,425.62,332.97,200.82,5.73,70.66,23.37,2.48,0.0
20230103:1730,509.14,483.23,165.91,7.51,56.88,23.78,2.07,0.0
20230103:1830,295.85,200.24,181.9,4.61,43.2,24.87,2.28,0.0
20230103:1930,135.52,56.27,133.31,2.4,29.67,22.09,1.17,0.0
20230103:2030,42.25,5.49,66.37,1.23,16.37,22.02,0.9,0.0
20230103:2130,2.61,0.0,11.66,0.12,3.41,21.43,1.03,0.0
20230103:2230,0.0,0.0,0.0,0.0,0.0,19.37,1.17,0.0
20230103:2330,0.0,0.0,0.0,0.0,0.0,18.78,0.83,0.0
20230104:0030,0.0,0.0,0.0,0.0,0.0,18.58,1.03,0.0
20230104:0130,0.0,0.0,0.0,0.0,0.0,18.47,1.17,0.0
20230104:0230,0.0,0.0,0.0,0.0,0.0,18.17,1.24,0.0
20230104:0330,0.0,0.0,0.0,0.0,0.0,18.09,1.31,0.0
20230104:0430,0.0,0.0,0.0,0.0,0.0,18.08,1.45,0.0
20230104:0530,0.0,0.0,0.0,0.0,0.0,17.96,1.45,0.0
20230104:0630,0.0,0.0,0.0,0.0,0.0,17.79,1.45,0.0
20230104:0730,0.0,0.0,0.0,0.0,0.0,17.78,1.45,0.0
20230104:0830,0.75,0.0,7.6,0.08,0.68,17.68,1.59,0.0
20230104:0930,52.84,28.97,58.7,0.95,13.56,17.62,1.52,0.0
20230104:1030,128.17,54.47,117.5,1.74,26.81,18.56,1.45,0.0
20230104:1130,169.91,41.94,178.12,2.2,40.3,19.61,1.38,0.0
20230104:1230,236.61,62.22,237.92,3.0,53.96,20.41,1.66,0.0
20230104:1330,301.53,132.69,245.65,3.79,67.73,21.6,2.21,0.0
20230104:1430,555.69,420.41,285.34,7.17,81.56,22.26,2.21,0.0
20230104:1530,253.94,92.31,229.53,3.27,84.58,23.02,2.97,0.0
20230104:1630,241.25,59.84,245.2,3.12,70.75,20.57,2.28,0.0
20230104:1730,155.22,25.71,177.37,2.08,56.97,20.6,2.0,0.0
20230104:1830,258.39,141.07,186.11,3.82,43.28,19.82,2.14,0.0
20230104:1930,118.92,55.85,112.73,2.17,29.74,21.49,1.93,0.0
20230104:2030,34.12,1.28,56.62,0.69,16.43,20.35,1.38,0.0
20230104:2130,0.09,0.0,5.95,0.06,3.46,19.51,0.9,0.0
20230104:2230,0.0,0.0,0.0,0.0,0.0,19.05,1.1,0.0
20230104:2330,0.0,0.0,0.0,0.0,0.0,18.73,0.97,0.0
20230105:0030,0.0,0.0,0.0,0.0,0.0,18.53,1.1,0.0
20230105:0130,0.0,0.0,0.0,0.0,0.0,18.31,1.03,0.0
20230105:0230,0.0,0.0,0.0,0.0,0.0,17.99,0.97,0.0
20230105:0330,0.0,0.0,0.0,0.0,0.0,17.78,0.9,0.0
20230105:0430,0.0,0.0,0.0,0.0,0.0,17.88,1.1,0.0
20230105:0530,0.0,0.0,0.0,0.0,0.0,17.69,1.03,0.0
20230105:0630,0.0,0.0,0.0,0.0,0.0,17.69,0.97,0.0
20230105:0730,0.0,0.0,0.0,0.0,0.0,17.88,1.03,0.0
20230105:0830,0.0,0.0,2.44,0.03,0.55,17.9,0.9,0.0
20230105:0930,9.25,0.27,22.42,0.23,13.43,17.94,0.9,0.0
20230105:1030,40.13,2.67,61.52,0.64,26.68,18.17,0.9,0.0
20230105:1130,41.29,7.22,58.35,0.66,40.18,18.81,0.97,0.0
20230105:1230,102.1,5.61,133.88,1.39,53.85,18.94,0.97,0.0
20230105:1330,203.36,34.54,225.78,2.6,67.62,19.41,0.9,0.0
20230105:1430,176.93,38.19,190.93,2.3,81.46,20.25,0.83,0.0
20230105:1530,346.0,205.05,225.97,4.43,84.68,19.73,1.17,0.0
20230105:1630,224.05,120.85,161.18,2.96,70.85,20.13,1.66,0.0
20230105:1730,62.61,0.0,92.07,0.92,57.06,19.18,1.93,0.0
20230105:1830,88.58,32.12,90.94,1.35,43.36,18.43,1.38,0.0
20230105:1930,29.9,0.0,51.18,0.51,29.81,18.86,1.52,0.0
20230105:2030,17.32,1.69,33.83,0.48,16.49,18.15,1.66,0.0
20230105:2130,0.0,0.0,4.33,0.04,3.51,17.6,1.45,0.0
20230105:2230,0.0,0.0,0.0,0.0,0.0,17.23,1.45,0.0
20230105:2330,0.0,0.0,0.0,0.0,0.0,17.04,1.52,0.0
20230106:0030,0.0,0.0,0.0,0.0,0.0,16.8,1.38,0.0
20230106:0130,0.0,0.0,0.0,0.0,0.0,16.49,1.52,0.0
20230106:0230,0.0,0.0,0.0,0.0,0.0,16.33,1.45,0.0
20230106:0330,0.0,0.0,0.0,0.0,0.0,16.17,1.31,0.0
20230106:0430,0.0,0.0,0.0,0.0,0.0,16.01,1.24,0.0
20230106:0530,0.0,0.0,0.0,0.0,0.0,15.88,1.17,0.0
20230106:0630,0.0,0.0,0.0,0.0,0.0,15.75,1.17,0.0
20230106:0730,0.0,0.0,0.0,0.0,0.0,15.64,1.38,0.0
20230106:0830,0.0,0.0,1.34,0.01,0.41,15.57,1.38,0.0
20230106:0930,9.48,0.08,22.71,0.23,13.3,15.54,1.45,0.0
20230106:1030,18.4,0.0,35.42,0.35,26.56,15.64,1.72,0.0
20230106:1130,62.33,6.8,83.46,0.9,40.07,15.68,2.0,0.0
20230106:1230,63.33,7.74,83.74,0.91,53.74,16.02,1.86,0.0
20230106:1330,156.19,37.24,162.56,2.0,67.52,16.2,1.72,0.0
20230106:1430,171.23,29.41,188.76,2.19,81.36,16.7,1.79,0.0
20230106:1530,101.11,7.28,129.41,1.37,84.78,16.95,2.0,0.0
20230106:1630,124.24,25.65,137.5,1.66,70.94,16.85,2.0,0.0
20230106:1730,46.32,0.0,71.36,0.71,57.14,16.87,2.14,0.0
20230106:1830,59.74,3.21,84.39,0.89,43.44,16.51,2.0,0.0
20230106:1930,51.12,6.75,71.37,0.83,29.88,16.94,2.41,0.0
20230106:2030,15.33,0.02,31.31,0.31,16.55,16.75,2.21,0.0
20230106:2130,0.12,0.0,5.99,0.06,3.56,16.17,2.21,0.0
20230106:2230,0.0,0.0,0.0,0.0,0.0,15.31,2.28,0.0
20230106:2330,0.0,0.0,0.0,0.0,0.0,14.85,2.21,0.0
20230107:0030,0.0,0.0,0.0,0.0,0.0,14.5,2.0,0.0
20230107:0130,0.0,0.0,0.0,0.0,0.0,14.23,1.86,0.0
20230107:0230,0.0,0.0,0.0,0.0,0.0,14.01,1.59,0.0
20230107:0330,0.0,0.0,0.0,0.0,0.0,13.81,1.45,0.0
20230107:0430,0.0,0.0,0.0,0.0,0.0,13.7,1.45,0.0
20230107:0530,0.0,0.0,0.0,0.0,0.0,13.6,1.31,0.0
20230107:0630,0.0,0.0,0.0,0.0,0.0,13.59,1.24,0.0
20230107:0730,0.0,0.0,0.0,0.0,0.0,13.45,1.17,0.0
20230107:0830,0.0,0.0,3.78,0.04,0.27,13.42,1.17,0.0
20230107:0930,17.5,3.96,31.09,0.36,13.17,13.41,1.38,0.0
20230107:1030,46.4,0.5,70.08,0.71,26.43,13.67,1.86,0.0
20230107:1130,97.59,13.49,117.64,1.31,39.95,14.34,1.86,0.0
20230107:1230,152.87,44.49,150.38,1.95,53.63,15.19,1.79,0.0
20230107:1330,149.76,45.9,145.99,1.92,67.41,16.17,1.72,0.0
20230107:1430,117.75,12.42,143.71,1.56,81.26,16.84,1.66,0.0
20230107:1530,240.26,69.6,229.84,3.03,84.88,17.1,1.59,0.0
20230107:1630,136.27,2.92,176.14,1.79,71.03,17.8,1.66,0.0
20230107:1730,101.89,0.8,137.67,1.39,57.22,17.73,1.59,0.0
20230107:1830,58.07,6.86,79.09,0.88,43.51,17.51,1.72,0.0
20230107:1930,36.73,6.7,53.58,0.65,29.95,16.82,2.0,0.0
20230107:2030,9.82,0.36,23.25,0.26,16.6,16.6,1.86,0.0
20230107:2130,0.0,0.0,5.16,0.05,3.6,16.28,1.86,0.0
20230107:2230,0.0,0.0,0.0,0.0,0.0,15.98,1.79,0.0
20230107:2330,0.0,0.0,0.0,0.0,0.0,15.8,1.72,0.0
20230108:0030,0.0,0.0,0.0,0.0,0.0,15.57,1.66,0.0
20230108:0130,0.0,0.0,0.0,0.0,0.0,15.46,1.52,0.0
20230108:0230,0.0,0.0,0.0,0.0,0.0,15.24,1.45,0.0
20230108:0330,0.0,0.0,0.0,0.0,0.0,14.93,1.38,0.0
20230108:0430,0.0,0.0,0.0,0.0,0.0,14.65,1.24,0.0
20230108:0530,0.0,0.0,0.0,0.0,0.0,14.5,1.17,0.0
20230108:0630,0.0,0.0,0.0,0.0,0.0,14.44,1.1,0.0
20230108:0730,0.0,0.0,0.0,0.0,0.0,14.45,1.17,0.0
20230108:0830,0.0,0.0,4.38,0.05,0.13,14.45,1.1,0.0
20230108:0930,23.19,4.98,38.11,0.44,13.03,14.45,1.1,0.0
20230108:1030,106.51,23.89,119.2,1.44,26.31,14.92,1.45,0.0
20230108:1130,160.03,48.1,156.8,2.05,39.83,16.13,1.38,0.0
20230108:1230,239.59,89.62,209.29,2.98,53.51,17.23,1.31,0.0
20230108:1330,357.7,147.96,296.52,4.44,67.3,18.18,1.31,0.0
20230108:1430,329.14,72.36,341.78,4.15,81.15,19.54,1.24,0.0
20230108:1530,308.43,49.98,340.47,3.93,84.97,20.15,1.1,0.0
20230108:1630,211.52,45.09,226.25,2.76,71.11,20.68,0.97,0.0
20230108:1730,106.25,0.0,145.58,1.45,57.3,20.44,0.97,0.0
20230108:1830,52.85,0.0,80.45,0.8,43.58,19.83,0.9,0.0
20230108:1930,53.57,0.0,80.88,0.81,30.01,18.51,1.1,0.0
20230108:2030,24.77,0.03,44.35,0.45,16.65,18.24,1.31,0.0
20230108:2130,0.0,0.0,5.58,0.06,3.63,17.86,1.38,0.0
20230108:2230,0.0,0.0,0.0,0.0,0.0,17.3,1.1,0.0
20230108:2330,0.0,0.0,0.0,0.0,0.0,17.06,0.97,0.0
20230109:0030,0.0,0.0,0.0,0.0,0.0,16.92,1.03,0.0
20230109:0130,0.0,0.0,0.0,0.0,0.0,16.8,0.9,0.0
20230109:0230,0.0,0.0,0.0,0.0,0.0,16.62,0.83,0.0
20230109:0330,0.0,0.0,0.0,0.0,0.0,16.4,0.9,0.0
20230109:0430,0.0,0.0,0.0,0.0,0.0,16.01,0.76,0.0
20230109:0530,0.0,0.0,0.0,0.0,0.0,15.82,0.55,0.0
20230109:0630,0.0,0.0,0.0,0.0,0.0,15.83,0.48,0.0
20230109:0730,0.0,0.0,0.0,0.0,0.0,15.85,0.28,0.0
20230109:0830,0.0,0.0,0.0,0.0,-0.01,15.81,0.28,0.0
20230109:0930,24.33,0.27,43.17,0.43,12.9,15.68,0.48,0.0
20230109:1030,61.23,0.0,89.5,0.89,26.18,16.45,0.97,0.0
20230109:1130,85.64,0.09,118.97,1.19,39.71,17.2,1.03,0.0
20230109:1230,70.12,0.52,100.17,1.01,53.4,17.77,1.17,0.0
20230109:1330,81.12,0.0,114.06,1.14,67.2,18.09,1.17,0.0
20230109:1430,148.03,13.61,179.87,1.94,81.05,18.55,1.17,0.0
20230109:1530,130.08,0.0,173.0,1.73,85.05,18.99,1.17,0.0
20230109:1630,138.88,0.04,183.66,1.84,71.19,19.15,1.03,0.0
20230109:1730,229.21,73.15,217.78,3.05,57.38,19.45,0.9,0.0
20230109:1830,137.12,31.02,151.39,1.93,43.65,20.17,0.9,0.0
20230109:1930,57.46,5.16,81.67,0.91,30.06,19.76,0.34,0.0
20230109:2030,15.96,0.08,32.48,0.33,16.7,19.01,0.41,0.0
20230109:2130,1.63,0.0,9.59,0.1,3.67,18.53,0.48,0.0
20230109:2230,0.0,0.0,0.0,0.0,0.0,17.82,0.76,0.0
20230109:2330,0.0,0.0,0.0,0.0,0.0,17.55,0.69,0.0
20230110:0030,0.0,0.0,0.0,0.0,0.0,17.36,0.62,0.0
20230110:0130,0.0,0.0,0.0,0.0,0.0,17.36,0.62,0.0
20230110:0230,0.0,0.0,0.0,0.0,0.0,17.29,0.48,0.0
20230110:0330,0.0,0.0,0.0,0.0,0.0,17.16,0.55,0.0
20230110:0430,0.0,0.0,0.0,0.0,0.0,17.05,0.69,0.0
20230110:0530,0.0,0.0,0.0,0.0,0.0,16.95,0.9,0.0
20230110:0630,0.0,0.0,0.0,0.0,0.0,16.86,1.1,0.0
20230110:0730,0.0,0.0,0.0,0.0,0.0,16.86,1.03,0.0
20230110:0830,0.0,0.0,0.0,0.0,-0.15,16.71,0.97,0.0
20230110:0930,11.94,5.79,22.42,0.29,12.76,16.75,1.03,0.0
20230110:1030,38.33,0.91,60.7,0.62,26.05,17.19,1.17,0.0
20230110:1130,132.25,43.63,129.94,1.73,39.59,17.7,1.31,0.0
20230110:1230,120.47,24.0,136.23,1.6,53.29,18.57,1.59,0.0
20230110:1330,183.04,38.6,195.86,2.34,67.09,19.0,1.52,0.0
20230110:1430,262.18,92.55,236.53,3.31,80.95,19.54,1.45,0.0
20230110:1530,224.9,41.81,245.21,2.89,85.13,20.35,1.17,0.0
20230110:1630,193.86,41.4,208.81,2.54,71.27,21.0,1.03,0.0
20230110:1730,210.93,58.85,211.85,2.82,57.45,21.0,1.1,0.0
20230110:1830,259.6,92.82,240.49,3.68,43.71,21.26,0.83,0.0
20230110:1930,144.19,94.2,109.7,2.8,30.12,22.1,1.1,0.0
20230110:2030,40.53,9.76,62.61,1.34,16.74,21.73,0.41,0.0
20230110:2130,3.53,0.0,13.37,0.14,3.7,20.64,0.48,0.0
20230110:2230,0.0,0.0,0.0,0.0,0.0,19.74,0.55,0.0
20230110:2330,0.0,0.0,0.0,0.0,0.0,18.72,0.62,0.0
20230111:0030,0.0,0.0,0.0,0.0,0.0,18.35,0.62,0.0
20230111:0130,0.0,0.0,0.0,0.0,0.0,17.92,0.76,0.0
20230111:0230,0.0,0.0,0.0,0.0,0.0,17.55,0.9,0.0
20230111:0330,0.0,0.0,0.0,0.0,0.0,17.32,0.97,0.0
20230111:0430,0.0,0.0,0.0,0.0,0.0,17.04,1.03,0.0
20230111:0530,0.0,0.0,0.0,0.0,0.0,16.8,1.03,0.0
20230111:0630,0.0,0.0,0.0,0.0,0.0,16.81,0.97,0.0
20230111:0730,0.0,0.0,0.0,0.0,0.0,16.84,1.03,0.0
20230111:0830,0.0,0.0,0.0,0.0,-0.3,16.47,1.1,0.0
20230111:0930,66.27,46.48,62.94,1.2,12.63,16.51,1.03,0.0
20230111:1030,178.51,105.77,128.14,2.37,25.93,18.42,1.24,0.0
20230111:1130,363.15,246.23,207.05,4.5,39.47,19.5,1.72,0.0
20230111:1230,497.87,390.96,236.63,6.22,53.18,20.98,1.72,0.0
20230111:1330,413.09,210.84,310.78,5.2,66.99,22.54,2.0,0.0
20230111:1430,409.29,226.87,288.51,5.19,80.85,21.91,1.72,0.0
20230111:1530,371.92,190.47,277.97,4.78,85.2,22.06,1.66,0.0
20230111:1630,348.84,164.43,276.16,4.57,71.35,22.06,1.45,0.0
20230111:1730,315.88,181.21,220.05,4.36,57.52,22.61,1.03,0.0
20230111:1830,215.85,53.94,227.23,3.01,43.77,23.01,0.97,0.0
20230111:1930,136.58,38.12,149.04,2.18,30.17,21.3,1.1,0.0
20230111:2030,38.79,9.42,60.28,1.26,16.78,21.24,0.69,0.0
20230111:2130,3.06,0.0,12.49,0.13,3.72,20.55,0.48,0.0
20230111:2230,0.0,0.0,0.0,0.0,0.0,19.53,0.69,0.0
20230111:2330,0.0,0.0,0.0,0.0,0.0,18.9,0.48,0.0
20230112:0030,0.0,0.0,0.0,0.0,0.0,18.23,0.76,0.0
20230112:0130,0.0,0.0,0.0,0.0,0.0,17.81,1.03,0.0
20230112:0230,0.0,0.0,0.0,0.0,0.0,17.56,1.03,0.0
20230112:0330,0.0,0.0,0.0,0.0,0.0,17.56,1.03,0.0
20230112:0430,0.0,0.0,0.0,0.0,0.0,17.56,1.38,0.0
20230112:0530,0.0,0.0,0.0,0.0,0.0,17.26,1.45,0.0
20230112:0630,0.0,0.0,0.0,0.0,0.0,17.08,1.17,0.0
20230112:0730,0.0,0.0,0.0,0.0,0.0,16.83,1.31,0.0
20230112:0830,0.0,0.0,0.0,0.0,-0.45,16.91,1.24,0.0
20230112:0930,10.5,0.0,24.42,0.24,12.49,17.09,1.31,0.0
20230112:1030,46.43,0.0,71.69,0.72,25.8,17.4,1.59,0.0
20230112:1130,260.23,125.17,199.58,3.23,39.35,18.12,1.86,0.0
20230112:1230,336.52,168.55,251.0,4.16,53.07,19.76,1.66,0.0
20230112:1330,465.45,283.72,302.05,5.83,66.88,21.06,1.79,0.0
20230112:1430,554.22,374.64,335.02,7.14,80.74,22.32,1.79,0.0
20230112:1530,543.32,386.85,308.33,7.14,85.26,23.56,2.14,0.0
20230112:1630,445.66,242.54,324.9,5.92,71.42,24.09,2.21,0.0
20230112:1730,365.12,155.97,307.73,4.94,57.58,23.57,2.21,0.0
20230112:1830,257.06,177.86,152.5,3.92,43.83,23.25,2.0,0.0
20230112:1930,123.75,82.3,95.65,2.41,30.22,23.09,1.45,0.0
20230112:2030,38.85,9.48,60.61,1.25,16.82,22.63,0.9,0.0
20230112:2130,3.0,0.0,12.4,0.13,3.74,21.52,0.83,0.0
20230112:2230,0.0,0.0,0.0,0.0,0.0,20.12,0.34,0.0
20230112:2330,0.0,0.0,0.0,0.0,0.0,19.0,0.76,0.0
20230113:0030,0.0,0.0,0.0,0.0,0.0,18.68,1.1,0.0
20230113:0130,0.0,0.0,0.0,0.0,0.0,18.44,1.45,0.0
20230113:0230,0.0,0.0,0.0,0.0,0.0,18.09,1.45,0.0
20230113:0330,0.0,0.0,0.0,0.0,0.0,18.07,1.52,0.0
20230113:0430,0.0,0.0,0.0,0.0,0.0,17.92,1.38,0.0
20230113:0530,0.0,0.0,0.0,0.0,0.0,17.76,1.31,0.0
20230113:0630,0.0,0.0,0.0,0.0,0.0,17.64,1.24,0.0
20230113:0730,0.0,0.0,0.0,0.0,0.0,17.47,1.31,0.0
20230113:0830,0.0,0.0,0.0,0.0,-0.59,17.4,1.17,0.0
20230113:0930,39.47,36.59,37.56,0.82,12.35,17.49,1.45,0.0
20230113:1030,156.8,83.85,123.03,2.09,25.67,18.26,1.66,0.0
20230113:1130,253.49,157.28,160.2,3.15,39.23,19.49,2.14,0.0
20230113:1230,247.69,155.25,153.97,3.07,52.95,20.44,2.48,0.0
20230113:1330,250.82,91.57,224.93,3.16,66.77,21.22,2.21,0.0
20230113:1430,402.0,185.18,319.67,5.07,80.63,21.65,2.14,0.0
20230113:1530,471.37,349.78,244.24,6.11,85.32,23.06,2.28,0.0
20230113:1630,483.14,356.03,257.6,6.49,71.49,24.32,2.41,0.0
20230113:1730,447.45,323.68,244.34,6.29,57.65,23.95,2.28,0.0
20230113:1830,199.41,37.69,223.09,2.74,43.88,24.11,2.14,0.0
20230113:1930,156.53,25.45,185.53,2.32,30.26,22.96,1.38,0.0
20230113:2030,41.03,1.4,65.67,0.75,16.85,21.66,1.38,0.0
20230113:2130,3.37,0.0,13.04,0.13,3.76,20.11,0.83,0.0
20230113:2230,0.0,0.0,0.0,0.0,0.0,19.55,0.9,0.0
20230113:2330,0.0,0.0,0.0,0.0,0.0,19.2,1.24,0.0
20230114:0030,0.0,0.0,0.0,0.0,0.0,18.76,1.24,0.0
20230114:0130,0.0,0.0,0.0,0.0,0.0,18.53,1.03,0.0
20230114:0230,0.0,0.0,0.0,0.0,0.0,18.25,0.9,0.0
20230114:0330,0.0,0.0,0.0,0.0,0.0,17.86,0.97,0.0
20230114:0430,0.0,0.0,0.0,0.0,0.0,17.68,1.03,0.0
20230114:0530,0.0,0.0,0.0,0.0,0.0,17.63,1.1,0.0
20230114:0630,0.0,0.0,0.0,0.0,0.0,17.39,1.1,0.0
20230114:0730,0.0,0.0,0.0,0.0,0.0,17.44,1.17,0.0
20230114:0830,0.0,0.0,0.0,0.0,-0.74,17.47,1.17,0.0
20230114:0930,38.82,13.33,53.04,0.69,12.22,17.63,1.17,0.0
20230114:1030,158.23,98.53,111.27,2.12,25.54,18.72,1.31,0.0
20230114:1130,293.55,143.91,223.98,3.64,39.11,19.79,1.93,0.0
20230114:1230,477.96,352.91,246.59,5.92,52.84,21.17,2.14,0.0
20230114:1330,602.31,520.75,247.04,7.64,66.67,22.64,2.48,0.0
20230114:1430,617.88,552.22,238.57,7.99,80.52,23.97,2.83,0.0
20230114:1530,546.89,364.83,334.22,7.15,85.36,24.63,2.9,0.0
20230114:1630,531.82,381.2,298.89,7.18,71.55,25.09,2.83,0.0
20230114:1730,452.34,357.86,217.97,6.42,57.7,25.56,2.76,0.0
20230114:1830,349.18,280.26,168.55,5.46,43.93,25.5,2.83,0.0
20230114:1930,161.28,97.11,128.93,3.01,30.3,24.82,2.14,0.0
20230114:2030,54.86,11.29,80.8,1.55,16.88,24.72,1.52,0.0
20230114:2130,6.84,0.0,19.26,0.2,3.77,24.14,0.48,0.0
20230114:2230,0.0,0.0,0.0,0.0,0.0,23.35,0.21,0.0
20230114:2330,0.0,0.0,0.0,0.0,0.0,22.75,0.21,0.0
20230115:0030,0.0,0.0,0.0,0.0,0.0,22.23,0.21,0.0
20230115:0130,0.0,0.0,0.0,0.0,0.0,21.51,0.62,0.0
20230115:0230,0.0,0.0,0.0,0.0,0.0,20.87,0.69,0.0
20230115:0330,0.0,0.0,0.0,0.0,0.0,20.39,0.69,0.0
20230115:0430,0.0,0.0,0.0,0.0,0.0,20.04,0.62,0.0
20230115:0530,0.0,0.0,0.0,0.0,0.0,19.63,0.69,0.0
20230115:0630,0.0,0.0,0.0,0.0,0.0,19.3,0.62,0.0
20230115:0730,0.0,0.0,0.0,0.0,0.0,18.51,0.83,0.0
20230115:0830,0.0,0.0,0.0,0.0,-0.89,18.05,0.9,0.0
20230115:0930,76.84,62.92,65.39,1.42,12.08,17.94,0.9,0.0
20230115:1030,272.48,256.69,101.3,3.63,25.41,20.27,0.69,0.0
20230115:1130,446.64,447.87,123.06,5.66,38.99,22.68,1.17,0.0
20230115:1230,571.99,627.46,110.31,7.3,52.73,23.86,1.52,0.0
20230115:1330,634.46,682.62,146.04,8.27,66.56,25.05,1.79,0.0
20230115:1430,622.83,628.59,189.56,8.28,80.41,25.85,1.66,0.0
20230115:1530,652.44,720.08,148.46,9.04,85.39,26.47,1.38,0.0
20230115:1630,618.88,682.74,141.88,8.92,71.61,27.04,1.17,0.0
20230115:1730,472.26,431.6,187.71,6.97,57.76,27.66,1.1,0.0
20230115:1830,347.72,332.79,125.46,5.69,43.98,27.55,0.9,0.0
20230115:1930,157.19,131.03,97.37,3.26,30.34,27.46,0.69,0.0
20230115:2030,37.01,7.86,59.11,1.07,16.9,24.49,0.48,0.0
20230115:2130,2.49,0.0,11.48,0.12,3.78,22.83,0.76,0.0
20230115:2230,0.0,0.0,0.0,0.0,0.0,21.62,0.62,0.0
20230115:2330,0.0,0.0,0.0,0.0,0.0,20.78,0.76,0.0
20230116:0030,0.0,0.0,0.0,0.0,0.0,20.24,0.9,0.0
20230116:0130,0.0,0.0,0.0,0.0,0.0,19.73,0.76,0.0
20230116:0230,0.0,0.0,0.0,0.0,0.0,19.35,0.55,0.0
20230116:0330,0.0,0.0,0.0,0.0,0.0,18.81,0.76,0.0
20230116:0430,0.0,0.0,0.0,0.0,0.0,18.5,0.21,0.0
20230116:0530,0.0,0.0,0.0,0.0,0.0,18.31,0.28,0.0
20230116:0630,0.0,0.0,0.0,0.0,0.0,18.16,0.14,0.0
20230116:0730,0.0,0.0,0.0,0.0,0.0,17.88,0.21,0.0
20230116:0830,0.0,0.0,0.0,0.0,-1.05,17.89,0.55,0.0
20230116:0930,46.06,15.23,60.95,0.79,11.94,17.87,0.69,0.0
20230116:1030,149.68,66.1,132.98,2.0,25.29,19.11,0.97,0.0
20230116:1130,312.57,158.45,235.66,3.89,38.87,20.14,1.17,0.0
20230116:1230,534.21,520.45,163.07,6.74,52.62,22.12,1.17,0.0
20230116:1330,642.97,700.76,144.89,8.43,66.46,24.14,1.24,0.0
20230116:1430,669.99,786.26,106.65,9.07,80.3,25.5,1.17,0.0
20230116:1530,647.52,660.04,205.56,8.96,85.41,26.19,1.17,0.0
20230116:1630,539.54,510.81,199.09,7.58,71.66,26.97,1.1,0.0
20230116:1730,460.77,474.57,131.48,6.89,57.81,27.04,0.41,0.0
20230116:1830,342.35,356.11,94.64,5.65,44.02,26.34,0.34,0.0
20230116:1930,177.52,175.36,82.77,3.86,30.37,27.09,0.69,0.0
20230116:2030,37.24,17.99,56.07,1.63,16.92,25.39,0.97,0.0
20230116:2130,3.87,0.0,14.15,0.15,3.78,24.37,0.69,0.0
20230116:2230,0.0,0.0,0.0,0.0,0.0,23.47,0.83,0.0
20230116:2330,0.0,0.0,0.0,0.0,0.0,22.28,0.9,0.0
20230117:0030,0.0,0.0,0.0,0.0,0.0,21.73,0.55,0.0
20230117:0130,0.0,0.0,0.0,0.0,0.0,20.95,0.48,0.0
20230117:0230,0.0,0.0,0.0,0.0,0.0,20.46,0.34,0.0
20230117:0330,0.0,0.0,0.0,0.0,0.0,19.99,0.07,0.0
20230117:0430,0.0,0.0,0.0,0.0,0.0,19.46,0.07,0.0
20230117:0530,0.0,0.0,0.0,0.0,0.0,18.91,0.48,0.0
20230117:0630,0.0,0.0,0.0,0.0,0.0,18.38,0.69,0.0
20230117:0730,0.0,0.0,0.0,0.0,0.0,18.77,0.34,0.0
20230117:0830,0.0,0.0,0.0,0.0,-1.2,18.7,0.41,0.0
20230117:0930,59.27,75.07,36.35,1.26,11.8,18.46,0.55,0.0
20230117:1030,261.31,258.42,84.5,3.46,25.16,19.76,0.9,0.0
20230117:1130,469.03,488.65,105.28,5.86,38.75,21.44,1.59,0.0
20230117:1230,598.89,639.88,127.87,7.57,52.51,22.7,1.86,0.0
20230117:1330,645.4,707.01,133.76,8.37,66.35,23.87,1.66,0.0
20230117:1430,663.55,709.25,172.33,8.91,80.19,24.75,1.17,0.0
20230117:1530,645.1,715.25,152.41,9.0,85.41,25.49,0.62,0.0
20230117:1630,555.95,564.33,178.27,7.95,71.71,26.23,0.28,0.0
20230117:1730,466.76,472.82,139.56,6.93,57.86,26.33,0.41,0.0
20230117:1830,355.28,346.04,119.9,5.78,44.06,26.35,0.76,0.0
20230117:1930,158.15,139.44,88.56,3.28,30.4,25.65,0.97,0.0
20230117:2030,31.96,25.91,45.9,1.94,16.93,23.91,1.24,0.0
20230117:2130,5.45,0.0,16.87,0.17,3.78,23.05,1.24,0.0
20230117:2230,0.0,0.0,0.0,0.0,0.0,22.38,1.1,0.0
20230117:2330,0.0,0.0,0.0,0.0,0.0,21.24,0.97,0.0
20230118:0030,0.0,0.0,0.0,0.0,0.0,20.32,0.9,0.0
20230118:0130,0.0,0.0,0.0,0.0,0.0,19.59,0.83,0.0
20230118:0230,0.0,0.0,0.0,0.0,0.0,18.81,0.76,0.0
20230118:0330,0.0,0.0,0.0,0.0,0.0,18.28,0.76,0.0
20230118:0430,0.0,0.0,0.0,0.0,0.0,18.17,0.55,0.0
20230118:0530,0.0,0.0,0.0,0.0,0.0,18.13,0.41,0.0
20230118:0630,0.0,0.0,0.0,0.0,0.0,17.78,0.41,0.0
20230118:0730,0.0,0.0,0.0,0.0,0.0,17.75,0.62,0.0
20230118:0830,0.0,0.0,0.0,0.0,-1.35,17.16,0.76,0.0
20230118:0930,67.16,81.23,41.29,1.38,11.66,17.04,0.83,0.0
20230118:1030,252.5,250.23,80.65,3.33,25.03,19.08,0.83,0.0
20230118:1130,465.58,494.8,94.89,5.81,38.64,20.81,1.24,0.0
20230118:1230,536.36,579.11,104.26,6.73,52.4,22.41,1.38,0.0
20230118:1330,596.25,648.03,125.03,7.68,66.24,23.32,1.17,0.0
20230118:1430,612.62,641.5,161.57,8.1,80.07,24.51,1.17,0.0
20230118:1530,652.62,732.56,137.06,9.02,85.4,25.16,0.97,0.0
20230118:1630,571.8,596.0,161.71,8.12,71.76,25.74,0.62,0.0
20230118:1730,461.2,454.2,148.97,6.8,57.9,25.62,0.34,0.0
20230118:1830,317.05,228.22,183.76,4.87,44.1,25.05,0.97,0.0
20230118:1930,148.78,101.51,109.54,2.84,30.42,24.31,0.83,0.0
20230118:2030,33.48,13.86,51.64,1.28,16.94,22.19,1.38,0.0
20230118:2130,2.37,0.0,11.15,0.12,3.77,20.35,1.24,0.0
20230118:2230,0.0,0.0,0.0,0.0,0.0,19.54,1.24,0.0
20230118:2330,0.0,0.0,0.0,0.0,0.0,19.21,1.24,0.0
20230119:0030,0.0,0.0,0.0,0.0,0.0,18.79,1.17,0.0
20230119:0130,0.0,0.0,0.0,0.0,0.0,18.35,1.1,0.0
20230119:0230,0.0,0.0,0.0,0.0,0.0,17.99,0.97,0.0
20230119:0330,0.0,0.0,0.0,0.0,0.0,17.85,0.76,0.0
20230119:0430,0.0,0.0,0.0,0.0,0.0,17.52,0.83,0.0
20230119:0530,0.0,0.0,0.0,0.0,0.0,17.53,0.34,0.0
20230119:0630,0.0,0.0,0.0,0.0,0.0,17.51,0.28,0.0
20230119:0730,0.0,0.0,0.0,0.0,0.0,16.77,0.28,0.0
20230119:0830,0.0,0.0,0.0,0.0,-1.5,16.45,0.55,0.0
20230119:0930,58.98,20.88,72.58,0.97,11.52,16.5,0.76,0.0
20230119:1030,237.17,175.61,131.54,3.07,24.9,17.94,1.1,0.0
20230119:1130,427.1,348.61,188.12,5.26,38.52,19.72,1.38,0.0
20230119:1230,471.5,343.75,252.44,5.84,52.28,21.3,1.45,0.0
20230119:1330,603.72,472.51,312.49,7.74,66.13,22.62,1.38,0.0
20230119:1430,652.0,609.29,252.55,8.65,79.95,23.46,1.1,0.0
20230119:1530,681.77,720.57,196.03,9.46,85.38,24.4,0.83,0.0
20230119:1630,589.94,614.46,173.75,8.43,71.8,25.2,0.34,0.0
20230119:1730,480.06,499.88,129.29,7.12,57.94,25.6,0.34,0.0
20230119:1830,320.74,238.51,181.06,4.97,44.13,25.48,0.48,0.0
20230119:1930,159.93,100.73,123.53,2.97,30.44,23.31,0.14,0.0
20230119:2030,38.67,2.17,62.25,0.74,16.95,21.27,1.03,0.0
20230119:2130,2.04,0.0,10.46,0.11,3.76,19.82,0.97,0.0
20230119:2230,0.0,0.0,0.0,0.0,0.0,19.05,1.03,0.0
20230119:2330,0.0,0.0,0.0,0.0,0.0,18.41,1.03,0.0
20230120:0030,0.0,0.0,0.0,0.0,0.0,18.27,0.76,0.0
20230120:0130,0.0,0.0,0.0,0.0,0.0,18.12,0.9,0.0
20230120:0230,0.0,0.0,0.0,0.0,0.0,18.04,0.76,0.0
20230120:0330,0.0,0.0,0.0,0.0,0.0,17.74,0.69,0.0
20230120:0430,0.0,0.0,0.0,0.0,0.0,17.56,0.9,0.0
20230120:0530,0.0,0.0,0.0,0.0,0.0,17.65,1.1,0.0
20230120:0630,0.0,0.0,0.0,0.0,0.0,17.37,1.31,0.0
20230120:0730,0.0,0.0,0.0,0.0,0.0,17.22,1.52,0.0
20230120:0830,0.0,0.0,0.0,0.0,-1.66,17.01,1.38,0.0
20230120:0930,24.98,0.0,44.42,0.44,11.38,16.9,1.03,0.0
20230120:1030,100.55,27.6,110.26,1.38,24.77,17.27,1.03,0.0
20230120:1130,175.61,29.11,196.6,2.24,38.4,18.01,1.24,0.0
20230120:1230,281.6,101.34,249.98,3.47,52.17,18.59,1.59,0.0
20230120:1330,266.83,111.37,222.48,3.31,66.03,19.69,1.72,0.0
20230120:1430,361.85,201.76,248.8,4.5,79.83,20.06,1.59,0.0
20230120:1530,319.52,109.25,292.18,4.05,85.34,20.47,1.52,0.0
20230120:1630,235.43,43.16,256.8,3.03,71.83,20.86,1.59,0.0
20230120:1730,244.27,73.1,235.13,3.2,57.97,19.66,1.66,0.0
20230120:1830,148.6,63.0,132.12,2.14,44.15,19.65,1.17,0.0
20230120:1930,66.6,10.0,88.12,1.05,30.45,19.12,0.69,0.0
20230120:2030,25.47,1.97,44.71,0.55,16.95,18.93,0.62,0.0
20230120:2130,3.92,0.0,13.96,0.14,3.75,18.68,0.41,0.0
20230120:2230,0.0,0.0,0.0,0.0,0.0,18.18,0.21,0.0
20230120:2330,0.0,0.0,0.0,0.0,0.0,17.65,0.21,0.0
20230121:0030,0.0,0.0,0.0,0.0,0.0,17.51,0.83,0.0
20230121:0130,0.0,0.0,0.0,0.0,0.0,17.45,0.9,0.0
20230121:0230,0.0,0.0,0.0,0.0,0.0,17.49,0.97,0.0
20230121:0330,0.0,0.0,0.0,0.0,0.0,17.26,0.97,0.0
20230121:0430,0.0,0.0,0.0,0.0,0.0,17.01,1.03,0.0
20230121:0530,0.0,0.0,0.0,0.0,0.0,16.81,0.97,0.0
20230121:0630,0.0,0.0,0.0,0.0,0.0,16.74,1.03,0.0
20230121:0730,0.0,0.0,0.0,0.0,0.0,16.67,0.97,0.0
20230121:0830,0.0,0.0,0.0,0.0,-1.81,16.45,0.97,0.0
20230121:0930,43.23,35.45,43.5,0.85,11.24,16.59,1.03,0.0
20230121:1030,192.28,170.94,80.75,2.51,24.64,17.2,1.45,0.0
20230121:1130,314.21,247.61,142.76,3.82,38.28,18.63,1.52,0.0
20230121:1230,471.1,419.35,167.69,5.74,52.06,20.34,1.86,0.0
20230121:1330,609.59,620.53,152.86,7.64,65.92,21.56,2.14,0.0
20230121:1430,654.31,663.41,184.71,8.51,79.7,23.07,1.86,0.0
20230121:1530,627.36,632.79,181.35,8.37,85.28,24.03,1.79,0.0
20230121:1630,550.01,545.62,160.18,7.51,71.85,24.61,1.86,0.0
20230121:1730,359.95,237.04,215.91,4.91,58.0,22.73,2.0,0.0
20230121:1830,349.97,351.16,95.31,5.51,44.17,21.96,1.1,0.0
20230121:1930,173.12,163.21,82.48,3.56,30.47,23.93,1.52,0.0
20230121:2030,32.83,19.57,48.41,1.48,16.95,22.14,1.45,0.0
20230121:2130,3.12,0.0,12.63,0.13,3.73,21.46,1.17,0.0
20230121:2230,0.0,0.0,0.0,0.0,0.0,20.77,0.83,0.0
20230121:2330,0.0,0.0,0.0,0.0,0.0,20.0,0.48,0.0
20230122:0030,0.0,0.0,0.0,0.0,0.0,19.51,0.34,0.0
20230122:0130,0.0,0.0,0.0,0.0,0.0,18.72,0.41,0.0
20230122:0230,0.0,0.0,0.0,0.0,0.0,17.93,0.69,0.0
20230122:0330,0.0,0.0,0.0,0.0,0.0,17.79,0.83,0.0
20230122:0430,0.0,0.0,0.0,0.0,0.0,17.55,1.1,0.0
20230122:0530,0.0,0.0,0.0,0.0,0.0,17.16,1.1,0.0
20230122:0630,0.0,0.0,0.0,0.0,0.0,16.97,1.03,0.0
20230122:0730,0.0,0.0,0.0,0.0,0.0,16.42,1.03,0.0
20230122:0830,0.0,0.0,0.0,0.0,-1.97,16.03,0.9,0.0
20230122:0930,66.83,76.68,44.31,1.32,11.1,16.16,0.76,0.0
20230122:1030,268.09,263.44,84.97,3.46,24.52,18.01,1.17,0.0
20230122:1130,408.7,372.08,140.54,5.0,38.16,20.0,1.38,0.0
20230122:1230,525.56,531.73,132.62,6.48,51.95,21.36,1.52,0.0
20230122:1330,652.39,724.61,121.81,8.35,65.81,22.77,1.59,0.0
20230122:1430,635.0,695.65,130.99,8.3,79.57,24.1,1.59,0.0
20230122:1530,576.11,597.25,148.02,7.66,85.21,24.86,1.59,0.0
20230122:1630,609.45,624.9,172.18,8.48,71.87,25.29,1.59,0.0
20230122:1730,508.62,525.74,132.32,7.4,58.02,26.05,1.59,0.0
20230122:1830,366.4,358.01,117.95,5.83,44.19,26.18,1.52,0.0
20230122:1930,186.32,200.97,66.36,3.99,30.47,25.62,1.52,0.0
20230122:2030,32.26,30.63,44.08,1.97,16.94,25.11,1.03,0.0
20230122:2130,3.32,0.0,13.13,0.14,3.7,24.52,0.48,0.0
20230122:2230,0.0,0.0,0.0,0.0,0.0,23.16,0.34,0.0
20230122:2330,0.0,0.0,0.0,0.0,0.0,22.44,0.55,0.0
20230123:0030,0.0,0.0,0.0,0.0,0.0,21.12,0.76,0.0
20230123:0130,0.0,0.0,0.0,0.0,0.0,21.38,0.62,0.0
20230123:0230,0.0,0.0,0.0,0.0,0.0,21.18,0.34,0.0
20230123:0330,0.0,0.0,0.0,0.0,0.0,20.68,0.55,0.0
20230123:0430,0.0,0.0,0.0,0.0,0.0,19.21,0.9,0.0
20230123:0530,0.0,0.0,0.0,0.0,0.0,18.17,1.03,0.0
20230123:0630,0.0,0.0,0.0,0.0,0.0,17.54,1.1,0.0
20230123:0730,0.0,0.0,0.0,0.0,0.0,17.6,0.97,0.0
20230123:0830,0.0,0.0,0.0,0.0,-2.12,17.05,1.03,0.0
20230123:0930,60.61,73.52,39.46,1.23,10.96,17.23,0.9,0.0
20230123:1030,237.7,232.3,80.4,3.1,24.39,19.38,0.83,0.0
20230123:1130,408.51,393.07,122.78,5.02,38.05,21.33,1.31,0.0
20230123:1230,509.17,495.03,153.89,6.32,51.84,22.78,1.38,0.0
20230123:1330,545.64,464.21,238.08,6.9,65.7,23.64,1.52,0.0
20230123:1430,547.51,480.84,225.09,7.04,79.44,24.37,1.59,0.0
20230123:1530,482.97,328.21,291.12,6.27,85.12,24.36,1.66,0.0
20230123:1630,349.2,176.87,267.41,4.57,71.89,24.22,1.72,0.0
20230123:1730,304.78,80.21,309.28,4.02,58.04,23.18,1.59,0.0
20230123:1830,311.25,205.02,192.5,4.6,44.2,22.72,1.59,0.0
20230123:1930,85.83,31.49,94.12,1.46,30.47,23.39,0.9,0.0
20230123:2030,32.25,0.46,54.55,0.57,16.93,20.97,0.55,0.0
20230123:2130,1.94,0.0,10.28,0.11,3.67,20.38,0.34,0.0
20230123:2230,0.0,0.0,0.0,0.0,0.0,19.73,0.28,0.0
20230123:2330,0.0,0.0,0.0,0.0,0.0,19.46,0.0,0.0
20230124:0030,0.0,0.0,0.0,0.0,0.0,19.16,0.34,0.0
20230124:0130,0.0,0.0,0.0,0.0,0.0,18.67,0.21,0.0
20230124:0230,0.0,0.0,0.0,0.0,0.0,18.44,0.21,0.0
20230124:0330,0.0,0.0,0.0,0.0,0.0,18.2,0.28,0.0
20230124:0430,0.0,0.0,0.0,0.0,0.0,18.15,0.41,0.0
20230124:0530,0.0,0.0,0.0,0.0,0.0,18.15,0.55,0.0
20230124:0630,0.0,0.0,0.0,0.0,0.0,17.97,0.76,0.0
20230124:0730,0.0,0.0,0.0,0.0,0.0,17.87,0.83,0.0
20230124:0830,0.0,0.0,0.0,0.0,-2.28,17.73,0.9,0.0
20230124:0930,12.17,5.17,23.46,0.29,10.82,17.78,0.97,0.0
20230124:1030,43.33,0.0,68.08,0.68,24.26,18.15,1.31,0.0
20230124:1130,86.76,3.76,117.36,1.21,37.93,18.86,1.17,0.0
20230124:1230,259.16,91.39,235.04,3.22,51.73,19.63,1.24,0.0
20230124:1330,399.2,199.49,305.06,4.97,65.59,20.96,1.03,0.0
20230124:1430,368.54,144.63,325.19,4.68,79.31,22.26,0.9,0.0
20230124:1530,449.09,214.35,364.16,5.82,85.02,23.05,0.9,0.0
20230124:1630,354.87,118.46,338.12,4.65,71.89,23.96,0.97,0.0
20230124:1730,439.67,227.61,334.93,5.98,58.05,22.75,1.31,0.0
20230124:1830,239.77,144.76,163.89,3.51,44.21,23.11,1.66,0.0
20230124:1930,153.41,88.66,124.69,2.73,30.47,23.23,1.03,0.0
20230124:2030,42.08,18.52,60.39,1.5,16.91,22.2,1.79,0.0
20230124:2130,2.61,0.0,11.61,0.12,3.64,20.52,1.52,0.0
20230124:2230,0.0,0.0,0.0,0.0,0.0,19.26,1.03,0.0
20230124:2330,0.0,0.0,0.0,0.0,0.0,18.71,0.9,0.0
20230125:0030,0.0,0.0,0.0,0.0,0.0,18.38,0.76,0.0
20230125:0130,0.0,0.0,0.0,0.0,0.0,18.03,0.83,0.0
20230125:0230,0.0,0.0,0.0,0.0,0.0,17.86,0.69,0.0
20230125:0330,0.0,0.0,0.0,0.0,0.0,17.41,0.76,0.0
20230125:0430,0.0,0.0,0.0,0.0,0.0,17.15,0.69,0.0
20230125:0530,0.0,0.0,0.0,0.0,0.0,16.97,0.55,0.0
20230125:0630,0.0,0.0,0.0,0.0,0.0,17.02,0.34,0.0
20230125:0730,0.0,0.0,0.0,0.0,0.0,16.55,0.41,0.0
20230125:0830,0.0,0.0,0.0,0.0,-2.44,16.66,0.34,0.0
20230125:0930,35.98,28.77,39.26,0.71,10.68,16.76,0.41,0.0
20230125:1030,176.9,128.59,104.57,2.29,24.14,17.85,0.83,0.0
20230125:1130,399.77,386.91,115.49,4.86,37.81,19.35,0.76,0.0
20230125:1230,523.04,534.11,130.45,6.45,51.62,21.07,1.03,0.0
20230125:1330,641.39,690.04,142.79,8.17,65.48,22.47,1.38,0.0
20230125:1430,612.83,634.12,160.1,7.92,79.17,23.85,1.59,0.0
20230125:1530,586.58,564.37,196.66,7.75,84.9,24.6,1.59,0.0
20230125:1630,607.14,634.14,156.72,8.37,71.89,25.01,1.66,0.0
20230125:1730,500.11,505.56,136.3,7.16,58.06,25.28,1.79,0.0
20230125:1830,303.65,301.13,88.6,4.73,44.21,24.97,2.07,0.0
20230125:1930,163.62,130.52,99.74,3.14,30.46,24.69,2.14,0.0
20230125:2030,47.37,12.72,69.75,1.31,16.89,23.87,2.21,0.0
20230125:2130,2.56,0.0,11.61,0.12,3.6,22.86,2.07,0.0
20230125:2230,0.0,0.0,0.0,0.0,0.0,21.88,2.07,0.0
20230125:2330,0.0,0.0,0.0,0.0,0.0,20.82,1.93,0.0
20230126:0030,0.0,0.0,0.0,0.0,0.0,19.95,1.86,0.0
20230126:0130,0.0,0.0,0.0,0.0,0.0,19.13,1.59,0.0
20230126:0230,0.0,0.0,0.0,0.0,0.0,18.32,1.38,0.0
20230126:0330,0.0,0.0,0.0,0.0,0.0,17.63,1.17,0.0
20230126:0430,0.0,0.0,0.0,0.0,0.0,16.96,1.1,0.0
20230126:0530,0.0,0.0,0.0,0.0,0.0,16.55,0.9,0.0
20230126:0630,0.0,0.0,0.0,0.0,0.0,15.98,0.9,0.0
20230126:0730,0.0,0.0,0.0,0.0,0.0,15.88,0.76,0.0
20230126:0830,0.0,0.0,0.0,0.0,-2.59,15.59,0.62,0.0
20230126:0930,63.98,72.92,43.8,1.24,10.54,15.76,0.41,0.0
20230126:1030,280.18,291.01,73.21,3.57,24.01,16.56,0.41,0.0
20230126:1130,497.51,551.62,82.18,6.12,37.7,18.89,0.48,0.0
20230126:1230,641.85,754.83,87.97,8.17,51.51,21.04,0.55,0.0
20230126:1330,725.37,891.41,96.03,9.68,65.37,22.87,0.41,0.0
20230126:1430,763.02,973.62,92.87,10.66,79.02,24.39,0.28,0.0
20230126:1530,753.96,956.36,91.01,10.75,84.76,25.53,0.55,0.0
20230126:1630,685.82,812.44,115.99,9.87,71.88,26.34,0.97,0.0
20230126:1730,551.21,569.23,153.17,8.05,58.06,26.83,1.52,0.0
20230126:1830,375.79,366.79,119.76,5.89,44.21,26.71,2.14,0.0
20230126:1930,179.4,115.97,133.41,3.26,30.45,26.01,2.21,0.0
20230126:2030,40.27,31.73,53.23,2.01,16.87,24.57,2.76,0.0
20230126:2130,4.06,0.0,14.43,0.15,3.56,23.13,2.34,0.0
20230126:2230,0.0,0.0,0.0,0.0,0.0,21.65,2.07,0.0
20230126:2330,0.0,0.0,0.0,0.0,0.0,20.48,1.79,0.0
20230127:0030,0.0,0.0,0.0,0.0,0.0,19.58,1.38,0.0
20230127:0130,0.0,0.0,0.0,0.0,0.0,18.78,1.1,0.0
20230127:0230,0.0,0.0,0.0,0.0,0.0,17.92,0.9,0.0
20230127:0330,0.0,0.0,0.0,0.0,0.0,17.42,0.69,0.0
20230127:0430,0.0,0.0,0.0,0.0,0.0,17.19,0.41,0.0
20230127:0530,0.0,0.0,0.0,0.0,0.0,16.85,0.41,0.0
20230127:0630,0.0,0.0,0.0,0.0,0.0,16.44,0.55,0.0
20230127:0730,0.0,0.0,0.0,0.0,0.0,16.57,0.62,0.0
20230127:0830,0.0,0.0,0.0,0.0,-2.75,16.05,0.83,0.0
20230127:0930,63.88,79.0,39.67,1.26,10.4,15.81,0.83,0.0
20230127:1030,272.65,268.35,87.37,3.47,23.88,17.96,0.62,0.0
20230127:1130,480.26,495.87,113.73,5.86,37.58,20.18,1.03,0.0
20230127:1230,581.65,624.16,124.7,7.23,51.4,21.81,1.1,0.0
20230127:1330,651.47,694.63,154.53,8.29,65.26,23.14,1.52,0.0
20230127:1430,708.54,747.88,194.76,9.36,78.88,24.31,1.52,0.0
20230127:1530,492.75,467.38,164.44,6.42,84.61,24.77,1.31,0.0
20230127:1630,496.11,498.05,139.82,6.71,71.87,24.72,1.1,0.0
20230127:1730,381.51,352.42,136.83,5.38,58.06,24.83,0.62,0.0
20230127:1830,257.95,200.77,133.93,3.9,44.2,24.34,0.69,0.0
20230127:1930,138.52,90.26,106.66,2.53,30.43,24.67,0.14,0.0
20230127:2030,27.08,19.96,40.42,1.28,16.83,23.54,0.55,0.0
20230127:2130,3.12,0.0,12.67,0.13,3.51,22.37,1.03,0.0
20230127:2230,0.0,0.0,0.0,0.0,0.0,21.42,1.1,0.0
20230127:2330,0.0,0.0,0.0,0.0,0.0,20.11,1.03,0.0
20230128:0030,0.0,0.0,0.0,0.0,0.0,19.38,0.9,0.0
20230128:0130,0.0,0.0,0.0,0.0,0.0,18.75,0.83,0.0
20230128:0230,0.0,0.0,0.0,0.0,0.0,18.36,0.62,0.0
20230128:0330,0.0,0.0,0.0,0.0,0.0,17.86,0.76,0.0
20230128:0430,0.0,0.0,0.0,0.0,0.0,17.62,0.9,0.0
20230128:0530,0.0,0.0,0.0,0.0,0.0,17.51,1.1,0.0
20230128:0630,0.0,0.0,0.0,0.0,0.0,17.58,1.03,0.0
20230128:0730,0.0,0.0,0.0,0.0,0.0,17.8,1.03,0.0
20230128:0830,0.0,0.0,0.0,0.0,-2.9,17.94,1.17,0.0
20230128:0930,26.16,34.82,22.9,0.6,10.26,17.93,1.17,0.0
20230128:1030,128.03,99.49,74.64,1.7,23.76,18.68,1.38,0.0
20230128:1130,221.48,134.8,145.8,2.72,37.47,19.77,1.38,0.0
20230128:1230,246.65,118.51,193.1,3.05,51.29,20.76,1.31,0.0
20230128:1330,430.11,262.74,278.98,5.3,65.15,21.26,1.45,0.0
20230128:1430,416.75,250.05,276.26,5.21,78.73,22.5,1.66,0.0
20230128:1530,534.35,344.6,341.5,6.89,84.45,22.37,1.45,0.0
20230128:1630,387.91,150.6,345.11,5.04,71.84,23.35,1.38,0.0
20230128:1730,461.62,329.61,260.52,6.36,58.05,22.88,1.24,0.0
20230128:1830,291.91,188.69,186.33,4.27,44.19,23.55,1.31,0.0
20230128:1930,141.35,55.69,138.87,2.3,30.41,22.53,1.03,0.0
20230128:2030,44.4,3.93,68.99,0.87,16.8,22.01,0.41,0.0
20230128:2130,2.97,0.0,12.31,0.13,3.45,20.37,0.76,0.0
20230128:2230,0.0,0.0,0.0,0.0,0.0,19.58,0.41,0.0
20230128:2330,0.0,0.0,0.0,0.0,0.0,19.24,0.34,0.0
20230129:0030,0.0,0.0,0.0,0.0,0.0,18.99,0.34,0.0
20230129:0130,0.0,0.0,0.0,0.0,0.0,18.87,0.21,0.0
20230129:0230,0.0,0.0,0.0,0.0,0.0,18.46,0.34,0.0
20230129:0330,0.0,0.0,0.0,0.0,0.0,18.11,0.34,0.0
20230129:0430,0.0,0.0,0.0,0.0,0.0,17.52,0.55,0.0
20230129:0530,0.0,0.0,0.0,0.0,0.0,17.09,0.62,0.0
20230129:0630,0.0,0.0,0.0,0.0,0.0,17.06,0.69,0.0
20230129:0730,0.0,0.0,0.0,0.0,0.0,16.99,0.83,0.0
20230129:0830,0.0,0.0,0.0,0.0,-3.06,16.82,0.97,0.0
20230129:0930,44.34,17.49,57.38,0.76,10.12,16.94,0.9,0.0
20230129:1030,172.16,99.4,127.11,2.21,23.63,18.32,1.17,0.0
20230129:1130,314.03,234.62,157.63,3.77,37.35,19.71,1.59,0.0
20230129:1230,497.57,473.56,152.87,6.02,51.19,20.97,1.45,0.0
20230129:1330,571.73,525.43,208.08,7.13,65.04,22.37,1.45,0.0
20230129:1430,476.18,358.66,244.21,5.95,78.57,23.35,2.0,0.0
20230129:1530,346.34,150.78,286.57,4.38,84.27,22.73,1.93,0.0
20230129:1630,271.87,70.51,275.65,3.5,71.81,22.34,1.66,0.0
20230129:1730,294.1,135.76,237.39,3.91,58.03,22.11,1.17,0.0
20230129:1830,107.01,0.23,147.33,1.48,44.17,22.25,1.17,0.0
20230129:1930,35.52,0.0,58.84,0.59,30.39,20.55,0.83,0.0
20230129:2030,39.16,0.0,63.27,0.63,16.76,19.65,0.76,0.0
20230129:2130,3.76,0.0,13.73,0.14,3.4,19.62,0.69,0.0
20230129:2230,0.0,0.0,0.0,0.0,0.0,18.99,0.83,0.0
20230129:2330,0.0,0.0,0.0,0.0,0.0,18.47,0.69,0.0
20230130:0030,0.0,0.0,0.0,0.0,0.0,18.22,0.48,0.0
20230130:0130,0.0,0.0,0.0,0.0,0.0,17.9,0.62,0.0
20230130:0230,0.0,0.0,0.0,0.0,0.0,17.73,0.76,0.0
20230130:0330,0.0,0.0,0.0,0.0,0.0,17.35,1.03,0.0
20230130:0430,0.0,0.0,0.0,0.0,0.0,17.08,1.03,0.0
20230130:0530,0.0,0.0,0.0,0.0,0.0,16.91,0.97,0.0
20230130:0630,0.0,0.0,0.0,0.0,0.0,16.65,1.03,0.0
20230130:0730,0.0,0.0,0.0,0.0,0.0,16.61,0.97,0.0
20230130:0830,0.0,0.0,0.0,0.0,-3.21,16.44,0.9,0.0
20230130:0930,47.94,40.68,46.27,0.89,9.99,16.4,0.83,0.0
20230130:1030,212.13,150.16,126.28,2.67,23.51,17.87,0.83,0.0
20230130:1130,406.61,376.12,132.51,4.85,37.24,19.72,1.45,0.0
20230130:1230,524.69,497.17,165.33,6.35,51.08,21.22,1.66,0.0
20230130:1330,602.39,553.33,219.64,7.49,64.92,22.52,1.86,0.0
20230130:1430,372.99,261.91,206.19,4.63,78.42,23.57,2.28,0.0
20230130:1530,484.42,302.08,309.07,6.13,84.08,21.87,2.07,0.0
20230130:1630,276.36,112.06,239.41,3.57,71.77,23.02,1.59,0.0
20230130:1730,461.44,328.18,260.21,6.31,58.01,23.07,1.52,0.0
20230130:1830,338.19,265.36,168.9,5.05,44.15,23.95,1.38,0.0
20230130:1930,191.09,151.32,113.4,3.57,30.35,23.61,1.17,0.0
20230130:2030,29.45,13.59,45.87,1.03,16.72,23.05,0.76,0.0
20230130:2130,1.73,0.0,9.86,0.1,3.34,20.97,0.0,0.0
20230130:2230,0.0,0.0,0.0,0.0,0.0,19.99,0.28,0.0
20230130:2330,0.0,0.0,0.0,0.0,0.0,19.5,0.48,0.0
20230131:0030,0.0,0.0,0.0,0.0,0.0,19.11,0.9,0.0
20230131:0130,0.0,0.0,0.0,0.0,0.0,18.81,1.03,0.0
20230131:0230,0.0,0.0,0.0,0.0,0.0,18.66,1.17,0.0
20230131:0330,0.0,0.0,0.0,0.0,0.0,18.47,1.38,0.0
20230131:0430,0.0,0.0,0.0,0.0,0.0,18.1,1.45,0.0
20230131:0530,0.0,0.0,0.0,0.0,0.0,18.01,1.79,0.0
20230131:0630,0.0,0.0,0.0,0.0,0.0,17.84,1.38,0.0
20230131:0730,0.0,0.0,0.0,0.0,0.0,17.76,1.17,0.0
20230131:0830,0.0,0.0,0.0,0.0,-3.37,17.55,1.24,0.0
20230131:0930,10.04,8.92,17.84,0.27,9.85,17.52,1.24,0.0
20230131:1030,52.7,15.55,64.55,0.79,23.39,17.68,1.52,0.0
20230131:1130,187.86,58.1,181.43,2.35,37.12,18.28,1.72,0.0
20230131:1230,194.34,24.22,224.13,2.47,50.97,19.21,2.07,0.0
20230131:1330,261.71,51.6,278.52,3.27,64.81,20.08,1.93,0.0
20230131:1430,201.1,26.83,232.02,2.58,78.25,21.19,1.79,0.0
20230131:1530,352.23,123.47,321.43,4.45,83.88,21.66,1.59,0.0
20230131:1630,391.51,162.14,335.16,5.05,71.72,22.68,1.59,0.0
20230131:1730,463.96,318.72,274.0,6.33,57.98,23.56,1.66,0.0
20230131:1830,252.64,112.2,214.28,3.56,44.12,24.48,1.86,0.0
20230131:1930,137.27,39.74,148.45,2.12,30.32,22.85,1.17,0.0
20230131:2030,67.47,9.8,95.43,1.39,16.67,22.4,0.55,0.0
20230131:2130,4.73,0.0,15.58,0.16,3.27,22.36,0.28,0.0
20230131:2230,0.0,0.0,0.0,0.0,0.0,21.67,0.21,0.0
20230131:2330,0.0,0.0,0.0,0.0,0.0,20.82,0.48,0.0
20230201:0030,0.0,0.0,0.0,0.0,0.0,19.65,0.83,0.0
20230201:0130,0.0,0.0,0.0,0.0,0.0,19.11,0.76,0.0
20230201:0230,0.0,0.0,0.0,0.0,0.0,18.59,0.69,0.0
20230201:0330,0.0,0.0,0.0,0.0,0.0,18.04,0.97,0.0
20230201:0430,0.0,0.0,0.0,0.0,0.0,17.76,1.03,0.0
20230201:0530,0.0,0.0,0.0,0.0,0.0,17.67,0.97,0.0
20230201:0630,0.0,0.0,0.0,0.0,0.0,17.46,1.1,0.0
20230201:0730,0.0,0.0,0.0,0.0,0.0,17.64,0.97,0.0
20230201:0830,0.0,0.0,0.0,0.0,-3.52,17.6,0.83,0.0
20230201:0930,44.62,33.96,47.01,0.82,9.71,17.53,0.83,0.0
20230201:1030,157.05,78.02,130.34,2.02,23.26,18.79,0.83,0.0
20230201:1130,213.98,95.36,177.8,2.65,37.01,20.22,1.17,0.0
20230201:1230,371.93,224.18,243.15,4.51,50.86,21.07,1.31,0.0
20230201:1330,410.5,221.37,298.78,5.07,64.69,22.51,1.52,0.0
20230201:1430,403.87,212.4,299.92,5.05,78.09,23.26,1.72,0.0
20230201:1530,391.17,207.96,289.41,4.97,83.67,23.28,1.38,0.0
20230201:1630,374.03,249.0,225.42,4.87,71.67,23.76,1.38,0.0
20230201:1730,336.51,98.75,335.05,4.46,57.95,23.78,0.83,0.0
20230201:1830,216.26,63.79,218.35,2.99,44.09,23.87,1.03,0.0
20230201:1930,93.79,32.08,103.12,1.54,30.28,23.25,0.28,0.0
20230201:2030,38.85,4.55,61.66,0.8,16.61,22.28,0.48,0.0
20230201:2130,1.36,0.0,9.08,0.09,3.2,20.76,0.14,0.0
20230201:2230,0.0,0.0,0.0,0.0,0.0,19.87,0.21,0.0
20230201:2330,0.0,0.0,0.0,0.0,0.0,19.56,0.34,0.0
20230202:0030,0.0,0.0,0.0,0.0,0.0,19.28,0.62,0.0
20230202:0130,0.0,0.0,0.0,0.0,0.0,18.99,0.76,0.0
20230202:0230,0.0,0.0,0.0,0.0,0.0,18.91,0.55,0.0
20230202:0330,0.0,0.0,0.0,0.0,0.0,18.73,0.48,0.0
20230202:0430,0.0,0.0,0.0,0.0,0.0,18.47,0.55,0.0
20230202:0530,0.0,0.0,0.0,0.0,0.0,18.09,0.55,0.0
20230202:0630,0.0,0.0,0.0,0.0,0.0,17.98,0.48,0.0
20230202:0730,0.0,0.0,0.0,0.0,0.0,18.05,0.76,0.0
20230202:0830,0.0,0.0,0.0,0.0,-3.67,17.9,0.83,0.0
20230202:0930,16.51,9.47,26.84,0.36,9.58,17.77,0.9,0.0
20230202:1030,62.47,15.82,76.62,0.91,23.14,18.55,0.83,0.0
20230202:1130,242.08,116.29,190.24,2.96,36.9,19.71,1.1,0.0
20230202:1230,297.7,168.82,204.53,3.61,50.75,21.1,1.59,0.0
20230202:1330,327.12,113.15,299.51,4.05,64.57,21.8,1.86,0.0
20230202:1430,515.1,349.17,305.89,6.43,77.92,22.26,1.79,0.0
20230202:1530,508.89,373.85,274.6,6.48,83.44,23.14,1.79,0.0
20230202:1630,466.56,261.66,331.26,6.04,71.6,23.04,2.0,0.0
20230202:1730,259.39,57.62,274.58,3.39,57.9,23.35,2.07,0.0
20230202:1830,269.88,169.96,174.3,3.87,44.05,22.09,1.45,0.0
20230202:1930,150.38,58.82,146.86,2.4,30.23,23.08,1.45,0.0
20230202:2030,47.71,14.69,68.61,1.29,16.55,22.37,0.69,0.0
20230202:2130,1.93,0.0,10.32,0.11,3.12,22.16,0.83,0.0
20230202:2230,0.0,0.0,0.0,0.0,0.0,21.44,0.55,0.0
20230202:2330,0.0,0.0,0.0,0.0,0.0,20.13,0.76,0.0
20230203:0030,0.0,0.0,0.0,0.0,0.0,19.25,1.17,0.0
20230203:0130,0.0,0.0,0.0,0.0,0.0,18.96,0.97,0.0
20230203:0230,0.0,0.0,0.0,0.0,0.0,18.61,0.76,0.0
20230203:0330,0.0,0.0,0.0,0.0,0.0,18.16,0.83,0.0
20230203:0430,0.0,0.0,0.0,0.0,0.0,17.66,0.97,0.0
20230203:0530,0.0,0.0,0.0,0.0,0.0,17.5,1.03,0.0
20230203:0630,0.0,0.0,0.0,0.0,0.0,17.44,0.97,0.0
20230203:0730,0.0,0.0,0.0,0.0,0.0,17.2,1.03,0.0
20230203:0830,0.0,0.0,0.0,0.0,-3.83,17.47,1.03,0.0
20230203:0930,10.65,8.23,19.25,0.27,9.44,17.62,1.03,0.0
20230203:1030,54.9,3.98,78.59,0.82,23.02,18.17,0.97,0.0
20230203:1130,131.31,16.77,157.62,1.73,36.79,19.36,1.17,0.0
20230203:1230,219.55,50.81,228.68,2.75,50.64,20.22,1.66,0.0
20230203:1330,294.44,81.97,288.24,3.65,64.45,20.56,1.93,0.0
20230203:1430,188.63,72.67,168.68,2.39,77.74,20.83,1.93,0.0
20230203:1530,249.7,103.54,209.55,3.13,83.2,19.9,1.86,0.0
20230203:1630,204.84,10.73,252.88,2.64,71.53,20.63,1.59,0.0
20230203:1730,236.52,51.19,250.56,3.07,57.86,21.15,1.52,0.0
20230203:1830,275.69,168.51,182.9,3.93,44.0,22.12,1.52,0.0
20230203:1930,193.24,89.16,171.94,3.14,30.18,23.8,1.66,0.0
20230203:2030,44.73,29.56,58.74,1.78,16.49,23.64,1.38,0.0
20230203:2130,4.21,0.0,14.7,0.15,3.04,23.15,1.1,0.0
20230203:2230,0.0,0.0,0.0,0.0,0.0,21.98,0.97,0.0
20230203:2330,0.0,0.0,0.0,0.0,0.0,20.94,0.97,0.0
20230204:0030,0.0,0.0,0.0,0.0,0.0,19.97,1.17,0.0
20230204:0130,0.0,0.0,0.0,0.0,0.0,19.25,1.24,0.0
20230204:0230,0.0,0.0,0.0,0.0,0.0,18.78,1.1,0.0
20230204:0330,0.0,0.0,0.0,0.0,0.0,18.49,1.24,0.0
20230204:0430,0.0,0.0,0.0,0.0,0.0,18.39,1.24,0.0
20230204:0530,0.0,0.0,0.0,0.0,0.0,18.19,1.24,0.0
20230204:0630,0.0,0.0,0.0,0.0,0.0,17.78,1.38,0.0
20230204:0730,0.0,0.0,0.0,0.0,0.0,17.08,1.38,0.0
20230204:0830,0.0,0.0,0.0,0.0,-3.98,16.78,1.45,0.0
20230204:0930,59.61,49.27,54.92,1.03,9.31,16.58,1.45,0.0
20230204:1030,218.53,149.83,134.3,2.7,22.9,18.45,1.31,0.0
20230204:1130,394.81,278.78,217.25,4.69,36.67,20.57,1.72,0.0
20230204:1230,544.87,415.82,275.19,6.56,50.53,22.12,2.34,0.0
20230204:1330,631.99,454.03,354.9,7.77,64.33,23.36,3.24,0.0
20230204:1430,640.77,396.78,427.22,8.04,77.56,24.33,3.66,0.0
20230204:1530,606.16,343.07,431.65,7.69,82.96,24.84,4.21,0.0
20230204:1630,540.13,309.58,378.92,6.99,71.44,25.11,3.72,0.0
20230204:1730,438.76,191.32,365.71,5.78,57.8,25.33,3.93,0.0
20230204:1830,385.12,273.78,218.19,5.6,43.95,25.31,3.17,0.0
20230204:1930,167.21,69.6,158.01,2.68,30.12,24.56,2.55,0.0
20230204:2030,56.0,11.41,80.84,1.27,16.42,24.15,1.66,0.0
20230204:2130,3.94,0.0,14.24,0.15,2.95,23.72,1.31,0.0
20230204:2230,0.0,0.0,0.0,0.0,0.0,22.59,0.76,0.0
20230204:2330,0.0,0.0,0.0,0.0,0.0,21.53,0.83,0.0
20230205:0030,0.0,0.0,0.0,0.0,0.0,20.42,0.97,0.0
20230205:0130,0.0,0.0,0.0,0.0,0.0,19.51,1.03,0.0
20230205:0230,0.0,0.0,0.0,0.0,0.0,19.03,1.03,0.0
20230205:0330,0.0,0.0,0.0,0.0,0.0,18.62,1.03,0.0
20230205:0430,0.0,0.0,0.0,0.0,0.0,18.2,1.1,0.0
20230205:0530,0.0,0.0,0.0,0.0,0.0,17.87,1.1,0.0
20230205:0630,0.0,0.0,0.0,0.0,0.0,17.86,1.17,0.0
20230205:0730,0.0,0.0,0.0,0.0,0.0,17.62,1.17,0.0
20230205:0830,0.0,0.0,0.0,0.0,-4.13,17.5,1.1,0.0
20230205:0930,42.49,29.4,47.39,0.75,9.18,17.45,1.1,0.0
20230205:1030,197.55,127.89,130.97,2.46,22.78,18.92,1.03,0.0
20230205:1130,420.43,379.96,149.93,4.96,36.56,21.33,1.66,0.0
20230205:1230,537.69,517.02,164.48,6.43,50.42,22.62,2.07,0.0
20230205:1330,536.91,441.47,243.68,6.57,64.21,23.45,2.0,0.0
20230205:1430,546.74,396.32,306.63,6.86,77.38,24.26,2.07,0.0
20230205:1530,449.38,318.94,250.93,5.67,82.7,24.28,2.14,0.0
20230205:1630,360.94,203.33,252.87,4.63,71.35,23.66,2.0,0.0
20230205:1730,318.46,125.83,275.23,4.14,57.74,22.08,2.34,0.0
20230205:1830,366.51,286.69,176.28,5.31,43.89,21.6,1.93,0.0
20230205:1930,167.64,116.39,116.68,2.97,30.06,24.92,1.59,0.0
20230205:2030,39.3,5.46,62.18,0.83,16.35,24.01,1.1,0.0
20230205:2130,2.31,0.0,11.11,0.11,2.86,22.62,0.83,0.0
20230205:2230,0.0,0.0,0.0,0.0,0.0,21.33,0.0,0.0
20230205:2330,0.0,0.0,0.0,0.0,0.0,20.17,0.9,0.0
20230206:0030,0.0,0.0,0.0,0.0,0.0,19.64,0.83,0.0
20230206:0130,0.0,0.0,0.0,0.0,0.0,19.5,0.62,0.0
20230206:0230,0.0,0.0,0.0,0.0,0.0,18.98,0.69,0.0
20230206:0330,0.0,0.0,0.0,0.0,0.0,18.65,0.69,0.0
20230206:0430,0.0,0.0,0.0,0.0,0.0,18.26,0.76,0.0
20230206:0530,0.0,0.0,0.0,0.0,0.0,17.75,0.9,0.0
20230206:0630,0.0,0.0,0.0,0.0,0.0,17.45,0.97,0.0
20230206:0730,0.0,0.0,0.0,0.0,0.0,17.31,1.03,0.0
20230206:0830,0.0,0.0,0.0,0.0,-4.28,17.24,0.97,0.0
20230206:0930,45.45,37.17,45.84,0.81,9.04,17.0,0.83,0.0
20230206:1030,168.99,106.47,117.3,2.12,22.66,18.6,0.62,0.0
20230206:1130,406.92,348.84,166.72,4.82,36.45,20.81,0.9,0.0
20230206:1230,571.45,587.08,149.21,6.93,50.31,22.78,1.31,0.0
20230206:1330,660.11,726.94,133.37,8.22,64.09,24.09,1.86,0.0
20230206:1430,672.56,731.82,151.98,8.6,77.19,25.09,1.86,0.0
20230206:1530,572.2,487.16,256.68,7.39,82.44,25.8,1.93,0.0
20230206:1630,469.27,364.39,239.09,6.16,71.25,26.0,1.79,0.0
20230206:1730,278.15,142.56,212.24,3.69,57.68,24.3,1.86,0.0
20230206:1830,306.34,246.54,144.78,4.47,43.83,22.62,1.03,0.0
20230206:1930,141.08,71.84,125.13,2.36,29.99,24.2,0.41,0.0
20230206:2030,35.15,9.91,54.56,0.92,16.27,22.82,1.17,0.0
20230206:2130,2.1,0.0,10.65,0.11,2.77,21.55,1.24,0.0
20230206:2230,0.0,0.0,0.0,0.0,0.0,20.32,0.83,0.0
20230206:2330,0.0,0.0,0.0,0.0,0.0,19.75,0.83,0.0
20230207:0030,0.0,0.0,0.0,0.0,0.0,19.19,0.69,0.0
20230207:0130,0.0,0.0,0.0,0.0,0.0,18.74,0.55,0.0
20230207:0230,0.0,0.0,0.0,0.0,0.0,18.95,0.21,0.0
20230207:0330,0.0,0.0,0.0,0.0,0.0,18.66,0.14,0.0
20230207:0430,0.0,0.0,0.0,0.0,0.0,18.39,0.07,0.0
20230207:0530,0.0,0.0,0.0,0.0,0.0,17.8,0.48,0.0
20230207:0630,0.0,0.0,0.0,0.0,0.0,17.32,0.69,0.0
20230207:0730,0.0,0.0,0.0,0.0,0.0,17.71,0.62,0.0
20230207:0830,0.0,0.0,0.0,0.0,-4.43,17.63,0.55,0.0
20230207:0930,47.25,55.15,36.34,0.88,8.91,17.5,0.55,0.0
20230207:1030,244.35,235.99,84.84,2.97,22.55,18.63,0.41,0.0
20230207:1130,402.46,417.52,93.23,4.74,36.34,21.15,0.62,0.0
20230207:1230,400.51,353.09,155.54,4.8,50.2,22.45,0.55,0.0
20230207:1330,399.51,282.14,227.7,4.9,63.97,23.21,0.69,0.0
20230207:1430,396.17,266.28,234.18,4.89,77.0,22.52,1.24,0.0
20230207:1530,429.32,217.94,327.26,5.41,82.16,22.04,1.31,0.0
20230207:1630,246.43,73.87,242.26,3.18,71.14,22.54,0.9,0.0
20230207:1730,209.27,76.25,193.18,2.77,57.6,21.8,0.76,0.0
20230207:1830,161.65,30.8,182.79,2.2,43.77,21.88,0.55,0.0
20230207:1930,96.91,14.65,121.68,1.44,29.92,21.53,0.48,0.0
20230207:2030,24.64,0.84,44.21,0.47,16.19,20.45,1.24,0.0
20230207:2130,0.41,0.0,6.82,0.07,2.67,19.68,0.83,0.0
20230207:2230,0.0,0.0,0.0,0.0,0.0,19.18,0.83,0.0
20230207:2330,0.0,0.0,0.0,0.0,0.0,18.74,0.83,0.0
20230208:0030,0.0,0.0,0.0,0.0,0.0,18.47,0.9,0.0
20230208:0130,0.0,0.0,0.0,0.0,0.0,18.24,0.76,0.0
20230208:0230,0.0,0.0,0.0,0.0,0.0,18.05,0.41,0.0
20230208:0330,0.0,0.0,0.0,0.0,0.0,17.96,0.0,0.0
20230208:0430,0.0,0.0,0.0,0.0,0.0,17.65,0.14,0.0
20230208:0530,0.0,0.0,0.0,0.0,0.0,17.48,0.21,0.0
20230208:0630,0.0,0.0,0.0,0.0,0.0,17.3,0.34,0.0
20230208:0730,0.0,0.0,0.0,0.0,0.0,17.47,0.48,0.0
20230208:0830,0.0,0.0,0.0,0.0,-4.58,17.06,0.69,0.0
20230208:0930,34.69,32.72,35.32,0.65,8.78,17.04,0.55,0.0
20230208:1030,168.27,129.72,93.7,2.09,22.43,18.12,0.48,0.0
20230208:1130,337.9,272.27,152.98,3.97,36.24,20.17,0.83,0.0
20230208:1230,338.93,229.82,197.07,4.06,50.09,21.21,0.76,0.0
20230208:1330,595.04,563.13,211.31,7.36,63.84,21.84,0.76,0.0
20230208:1430,596.97,546.1,234.34,7.56,76.8,23.26,0.97,0.0
20230208:1530,583.01,471.45,286.61,7.5,81.88,22.78,1.1,0.0
20230208:1630,455.29,319.81,261.09,5.89,71.02,23.53,1.38,0.0
20230208:1730,256.16,39.69,290.19,3.33,57.52,23.13,1.31,0.0
20230208:1830,255.48,163.54,162.06,3.61,43.69,21.83,1.52,0.0
20230208:1930,146.13,31.42,164.97,2.13,29.84,21.21,1.45,0.0
20230208:2030,43.72,8.47,65.51,0.97,16.1,20.56,1.24,0.0
20230208:2130,3.68,0.0,13.6,0.14,2.57,19.85,1.38,0.0
20230208:2230,0.0,0.0,0.0,0.0,0.0,19.27,1.24,0.0
20230208:2330,0.0,0.0,0.0,0.0,0.0,18.55,1.17,0.0
20230209:0030,0.0,0.0,0.0,0.0,0.0,18.06,1.1,0.0
20230209:0130,0.0,0.0,0.0,0.0,0.0,17.51,0.97,0.0
20230209:0230,0.0,0.0,0.0,0.0,0.0,17.43,0.9,0.0
20230209:0330,0.0,0.0,0.0,0.0,0.0,17.39,0.69,0.0
20230209:0430,0.0,0.0,0.0,0.0,0.0,17.68,0.28,0.0
20230209:0530,0.0,0.0,0.0,0.0,0.0,17.3,0.48,0.0
20230209:0630,0.0,0.0,0.0,0.0,0.0,16.84,0.69,0.0
20230209:0730,0.0,0.0,0.0,0.0,0.0,16.87,0.69,0.0
20230209:0830,0.0,0.0,0.0,0.0,-4.72,16.48,0.69,0.0
20230209:0930,54.02,45.37,50.73,0.91,8.66,16.35,0.69,0.0
20230209:1030,190.87,106.58,142.52,2.35,22.31,17.73,0.62,0.0
20230209:1130,396.56,344.12,155.4,4.62,36.13,19.63,0.76,0.0
20230209:1230,551.62,498.56,210.25,6.62,49.99,21.33,0.97,0.0
20230209:1330,693.38,729.72,191.02,8.72,63.71,22.89,1.1,0.0
20230209:1430,565.89,449.07,292.96,7.18,76.6,24.1,0.9,0.0
20230209:1530,596.92,578.62,207.57,7.78,81.59,24.82,0.97,0.0
20230209:1630,583.38,610.72,158.6,7.88,70.89,25.33,0.83,0.0
20230209:1730,438.78,411.54,157.13,6.07,57.43,25.38,0.55,0.0
20230209:1830,360.42,371.77,93.91,5.43,43.61,24.25,0.62,0.0
20230209:1930,163.84,146.8,83.43,3.03,29.76,23.59,0.48,0.0
20230209:2030,34.36,12.28,52.3,0.97,16.0,22.23,0.9,0.0
20230209:2130,1.75,0.0,9.91,0.1,2.46,21.15,0.0,0.0
20230209:2230,0.0,0.0,0.0,0.0,0.0,19.58,0.48,0.0
20230209:2330,0.0,0.0,0.0,0.0,0.0,18.8,0.76,0.0
20230210:0030,0.0,0.0,0.0,0.0,0.0,18.53,0.9,0.0
20230210:0130,0.0,0.0,0.0,0.0,0.0,18.02,0.76,0.0
20230210:0230,0.0,0.0,0.0,0.0,0.0,17.42,0.62,0.0
20230210:0330,0.0,0.0,0.0,0.0,0.0,16.8,0.9,0.0
20230210:0430,0.0,0.0,0.0,0.0,0.0,16.51,0.97,0.0
20230210:0530,0.0,0.0,0.0,0.0,0.0,16.28,0.97,0.0
20230210:0630,0.0,0.0,0.0,0.0,0.0,16.2,0.83,0.0
20230210:0730,0.0,0.0,0.0,0.0,0.0,16.6,0.69,0.0
20230210:0830,0.0,0.0,0.0,0.0,-4.87,16.28,0.69,0.0
20230210:0930,46.93,59.44,32.61,0.85,8.53,16.05,0.76,0.0
20230210:1030,246.83,236.54,85.28,2.93,22.2,17.76,0.69,0.0
20230210:1130,441.8,451.83,103.38,5.09,36.02,19.91,1.24,0.0
20230210:1230,539.34,480.15,208.26,6.42,49.88,21.54,1.31,0.0
20230210:1330,606.73,522.28,269.53,7.5,63.58,22.88,1.17,0.0
20230210:1430,633.28,567.77,269.55,8.07,76.39,24.1,1.1,0.0
20230210:1530,515.94,416.74,253.01,6.61,81.3,24.68,1.03,0.0
20230210:1630,494.1,387.5,250.47,6.46,70.76,24.18,1.03,0.0
20230210:1730,307.15,178.93,213.38,4.08,57.34,24.24,1.17,0.0
20230210:1830,255.31,125.83,204.33,3.57,43.53,23.49,0.76,0.0
20230210:1930,96.97,29.02,108.83,1.52,29.67,22.23,0.69,0.0
20230210:2030,36.42,6.78,57.09,0.81,15.91,20.9,0.41,0.0
20230210:2130,0.2,0.0,6.27,0.06,2.34,20.29,0.97,0.0
20230210:2230,0.0,0.0,0.0,0.0,0.0,19.67,1.1,0.0
20230210:2330,0.0,0.0,0.0,0.0,0.0,19.15,0.69,0.0
20230211:0030,0.0,0.0,0.0,0.0,0.0,18.98,0.21,0.0
20230211:0130,0.0,0.0,0.0,0.0,0.0,18.65,0.41,0.0
20230211:0230,0.0,0.0,0.0,0.0,0.0,18.07,0.9,0.0
20230211:0330,0.0,0.0,0.0,0.0,0.0,17.91,1.1,0.0
20230211:0430,0.0,0.0,0.0,0.0,0.0,17.74,1.17,0.0
20230211:0530,0.0,0.0,0.0,0.0,0.0,17.31,1.17,0.0
20230211:0630,0.0,0.0,0.0,0.0,0.0,17.16,1.03,0.0
20230211:0730,0.0,0.0,0.0,0.0,0.0,17.14,1.1,0.0
20230211:0830,0.0,0.0,0.0,0.0,-5.01,17.34,0.9,0.0
20230211:0930,36.98,14.35,50.39,0.62,8.4,17.21,0.9,0.0
20230211:1030,165.26,62.13,154.76,2.07,22.09,18.38,1.03,0.0
20230211:1130,238.92,85.56,217.16,2.91,35.91,19.68,1.38,0.0
20230211:1230,331.34,168.76,246.45,3.97,49.77,20.54,1.45,0.0
20230211:1330,312.81,130.97,262.84,3.82,63.45,21.61,1.72,0.0
20230211:1430,420.74,231.36,299.51,5.16,76.18,22.09,1.72,0.0
20230211:1530,270.04,55.42,289.67,3.43,81.0,22.85,1.72,0.0
20230211:1630,263.4,68.78,267.13,3.37,70.61,22.25,1.45,0.0
20230211:1730,144.2,3.37,189.05,1.93,57.24,22.44,1.52,0.0
20230211:1830,101.93,4.69,135.76,1.41,43.44,20.91,1.38,0.0
20230211:1930,48.53,0.07,75.21,0.75,29.58,20.38,0.69,0.0
20230211:2030,13.07,0.0,28.52,0.28,15.81,20.29,0.14,0.0
20230211:2130,0.43,0.0,6.87,0.07,2.23,20.13,0.55,0.0
20230211:2230,0.0,0.0,0.0,0.0,0.0,19.57,0.69,0.0
20230211:2330,0.0,0.0,0.0,0.0,0.0,19.1,0.62,0.0
20230212:0030,0.0,0.0,0.0,0.0,0.0,18.79,0.62,0.0
20230212:0130,0.0,0.0,0.0,0.0,0.0,18.61,0.55,0.0
20230212:0230,0.0,0.0,0.0,0.0,0.0,18.4,0.48,0.0
20230212:0330,0.0,0.0,0.0,0.0,0.0,18.44,0.41,0.0
20230212:0430,0.0,0.0,0.0,0.0,0.0,18.26,0.62,0.0
20230212:0530,0.0,0.0,0.0,0.0,0.0,17.89,0.97,0.0
20230212:0630,0.0,0.0,0.0,0.0,0.0,17.77,1.17,0.0
20230212:0730,0.0,0.0,0.0,0.0,0.0,17.55,0.97,0.0
20230212:0830,0.0,0.0,0.0,0.0,-5.16,17.34,0.83,0.0
20230212:0930,19.32,7.6,31.86,0.38,8.28,17.19,0.97,0.0
20230212:1030,112.19,45.4,107.28,1.46,21.97,17.64,0.76,0.0
20230212:1130,116.36,30.32,125.61,1.52,35.8,18.88,1.1,0.0
20230212:1230,138.1,25.84,155.68,1.79,49.66,19.04,1.45,0.0
20230212:1330,93.73,0.0,129.63,1.3,63.32,19.25,1.66,0.0
20230212:1430,196.35,14.97,236.61,2.5,75.97,19.15,1.45,0.0
20230212:1530,98.46,2.84,132.75,1.35,80.69,19.93,1.59,0.0
20230212:1630,117.89,2.18,156.64,1.59,70.46,19.79,1.45,0.0
20230212:1730,219.41,54.19,225.86,2.84,57.13,20.22,1.1,0.0
20230212:1830,209.79,91.14,178.93,2.88,43.34,20.9,0.83,0.0
20230212:1930,121.08,68.36,100.65,2.02,29.48,20.93,1.17,0.0
20230212:2030,52.66,4.06,78.63,0.93,15.7,20.62,1.1,0.0
20230212:2130,1.7,0.0,9.77,0.1,2.1,19.65,0.9,0.0
20230212:2230,0.0,0.0,0.0,0.0,0.0,18.98,0.69,0.0
20230212:2330,0.0,0.0,0.0,0.0,0.0,18.73,0.76,0.0
20230213:0030,0.0,0.0,0.0,0.0,0.0,18.52,0.69,0.0
20230213:0130,0.0,0.0,0.0,0.0,0.0,18.12,0.9,0.0
20230213:0230,0.0,0.0,0.0,0.0,0.0,17.75,1.03,0.0
20230213:0330,0.0,0.0,0.0,0.0,0.0,17.49,1.03,0.0
20230213:0430,0.0,0.0,0.0,0.0,0.0,17.21,0.97,0.0
20230213:0530,0.0,0.0,0.0,0.0,0.0,16.91,0.9,0.0
20230213:0630,0.0,0.0,0.0,0.0,0.0,16.75,0.83,0.0
20230213:0730,0.0,0.0,0.0,0.0,0.0,16.89,0.97,0.0
20230213:0830,0.0,0.0,0.0,0.0,-5.3,16.75,0.97,0.0
20230213:0930,45.7,35.16,47.22,0.76,8.15,16.54,1.03,0.0
20230213:1030,183.46,115.46,124.27,2.21,21.86,17.97,1.45,0.0
20230213:1130,413.1,405.21,109.02,4.67,35.7,19.28,1.59,0.0
20230213:1230,544.87,542.96,145.75,6.36,49.55,21.1,1.66,0.0
20230213:1330,529.9,459.18,213.56,6.34,63.19,22.65,1.86,0.0
20230213:1430,543.02,472.55,221.04,6.66,75.75,23.34,1.79,0.0
20230213:1530,507.36,360.31,289.58,6.38,80.37,24.0,1.79,0.0
20230213:1630,377.29,186.38,294.45,4.82,70.3,24.5,1.86,0.0
20230213:1730,288.2,139.42,227.68,3.78,57.02,23.94,1.79,0.0
20230213:1830,163.59,20.55,196.58,2.21,43.24,23.63,1.24,0.0
20230213:1930,87.02,3.41,120.31,1.25,29.38,22.54,1.1,0.0
20230213:2030,44.02,2.26,69.06,0.77,15.59,21.88,0.41,0.0
20230213:2130,2.35,0.0,11.15,0.12,1.98,21.67,0.34,0.0
20230213:2230,0.0,0.0,0.0,0.0,0.0,20.88,0.55,0.0
20230213:2330,0.0,0.0,0.0,0.0,0.0,20.41,0.55,0.0
20230214:0030,0.0,0.0,0.0,0.0,0.0,20.28,0.48,0.0
20230214:0130,0.0,0.0,0.0,0.0,0.0,19.82,0.69,0.0
20230214:0230,0.0,0.0,0.0,0.0,0.0,19.04,0.83,0.0
20230214:0330,0.0,0.0,0.0,0.0,0.0,18.68,0.83,0.0
20230214:0430,0.0,0.0,0.0,0.0,0.0,18.38,0.69,0.0
20230214:0530,0.0,0.0,0.0,0.0,0.0,17.92,0.55,0.0
20230214:0630,0.0,0.0,0.0,0.0,0.0,17.51,0.62,0.0
20230214:0730,0.0,0.0,0.0,0.0,0.0,17.96,0.9,0.0
20230214:0830,0.0,0.0,0.0,0.0,-5.44,17.72,0.83,0.0
20230214:0930,29.26,32.82,28.32,0.55,8.03,17.75,0.76,0.0
20230214:1030,159.33,118.73,93.81,1.94,21.75,18.76,0.62,0.0
20230214:1130,315.13,253.5,143.33,3.64,35.59,20.44,0.83,0.0
20230214:1230,468.75,427.86,166.7,5.49,49.43,21.56,0.9,0.0
20230214:1330,462.87,361.23,228.09,5.57,63.05,22.87,1.17,0.0
20230214:1430,582.95,417.67,341.83,7.29,75.52,23.5,1.38,0.0
20230214:1530,507.84,435.98,216.98,6.4,80.05,24.67,1.45,0.0
20230214:1630,270.13,116.2,231.19,3.48,70.12,25.09,1.38,0.0
20230214:1730,378.08,244.06,240.11,5.02,56.89,24.45,1.1,0.0
20230214:1830,249.45,126.63,196.69,3.47,43.13,24.33,1.03,0.0
20230214:1930,127.6,63.11,114.81,2.07,29.27,23.2,1.52,0.0
20230214:2030,49.12,6.27,73.79,0.96,15.47,22.23,0.62,0.0
20230214:2130,0.84,0.0,7.93,0.08,1.85,21.72,0.34,0.0
20230214:2230,0.0,0.0,0.0,0.0,0.0,20.68,0.34,0.0
20230214:2330,0.0,0.0,0.0,0.0,0.0,20.01,0.69,0.0
20230215:0030,0.0,0.0,0.0,0.0,0.0,19.67,0.83,0.0
20230215:0130,0.0,0.0,0.0,0.0,0.0,19.41,1.03,0.0
20230215:0230,0.0,0.0,0.0,0.0,0.0,19.29,0.97,0.0
20230215:0330,0.0,0.0,0.0,0.0,0.0,18.94,0.97,0.0
20230215:0430,0.0,0.0,0.0,0.0,0.0,18.52,0.97,0.0
20230215:0530,0.0,0.0,0.0,0.0,0.0,18.08,0.97,0.0
20230215:0630,0.0,0.0,0.0,0.0,0.0,17.78,0.97,0.0
20230215:0730,0.0,0.0,0.0,0.0,0.0,17.45,1.31,0.0
20230215:0830,0.0,0.0,0.0,0.0,-5.58,17.26,1.38,0.0
20230215:0930,50.27,55.91,39.11,0.83,7.91,17.19,1.31,0.0
20230215:1030,232.51,216.11,86.94,2.69,21.64,18.85,1.66,0.0
20230215:1130,352.7,268.55,172.38,4.03,35.49,20.61,1.93,0.0
20230215:1230,520.4,515.49,139.92,6.02,49.32,22.29,2.14,0.0
20230215:1330,630.26,639.29,174.06,7.6,62.91,23.65,2.07,0.0
20230215:1430,673.2,709.41,168.59,8.37,75.29,24.87,2.28,0.0
20230215:1530,693.4,738.35,173.09,8.91,79.73,25.91,2.41,0.0
20230215:1630,625.64,620.54,192.88,8.2,69.94,26.6,2.69,0.0
20230215:1730,283.91,113.31,252.75,3.74,56.76,27.04,2.76,0.0
20230215:1830,327.57,283.14,137.32,4.72,43.02,25.18,1.79,0.0
20230215:1930,187.49,146.49,113.74,3.28,29.16,26.09,1.79,0.0
20230215:2030,39.45,24.59,53.89,1.38,15.35,24.85,1.38,0.0
20230215:2130,0.7,0.0,7.6,0.08,1.71,23.21,1.1,0.0
20230215:2230,0.0,0.0,0.0,0.0,0.0,21.22,1.17,0.0
20230215:2330,0.0,0.0,0.0,0.0,0.0,20.59,1.03,0.0
20230216:0030,0.0,0.0,0.0,0.0,0.0,20.12,1.1,0.0
20230216:0130,0.0,0.0,0.0,0.0,0.0,19.82,1.17,0.0
20230216:0230,0.0,0.0,0.0,0.0,0.0,19.29,1.24,0.0
20230216:0330,0.0,0.0,0.0,0.0,0.0,18.85,1.24,0.0
20230216:0430,0.0,0.0,0.0,0.0,0.0,18.69,1.24,0.0
20230216:0530,0.0,0.0,0.0,0.0,0.0,18.51,1.52,0.0
20230216:0630,0.0,0.0,0.0,0.0,0.0,18.43,1.52,0.0
20230216:0730,0.0,0.0,0.0,0.0,0.0,18.35,1.52,0.0
20230216:0830,0.0,0.0,0.0,0.0,-5.71,18.32,1.66,0.0
20230216:0930,12.29,11.37,19.54,0.28,7.79,18.05,1.59,0.0
20230216:1030,92.08,45.01,83.89,1.21,21.53,18.4,1.38,0.0
20230216:1130,98.35,36.02,98.35,1.3,35.38,19.32,1.72,0.0
20230216:1230,118.59,13.3,145.71,1.57,49.21,19.8,2.07,0.0
20230216:1330,340.43,198.48,224.51,4.04,62.77,20.35,1.93,0.0
20230216:1430,499.28,398.01,229.43,6.0,75.06,22.1,2.21,0.0
20230216:1530,530.05,365.35,308.37,6.58,79.4,23.5,2.55,0.0
20230216:1630,543.34,427.78,264.92,6.93,69.75,23.71,2.34,0.0
20230216:1730,337.38,151.79,277.24,4.38,56.63,24.16,2.14,0.0
20230216:1830,208.21,83.25,187.17,2.85,42.9,23.79,1.86,0.0
20230216:1930,131.38,53.0,128.39,2.05,29.04,23.06,1.86,0.0
20230216:2030,30.56,5.15,50.48,0.68,15.22,22.52,1.52,0.0
20230216:2130,2.07,0.0,10.6,0.11,1.57,22.06,1.17,0.0
20230216:2230,0.0,0.0,0.0,0.0,0.0,21.17,1.24,0.0
20230216:2330,0.0,0.0,0.0,0.0,0.0,20.64,1.17,0.0
20230217:0030,0.0,0.0,0.0,0.0,0.0,20.31,1.17,0.0
20230217:0130,0.0,0.0,0.0,0.0,0.0,19.79,1.24,0.0
20230217:0230,0.0,0.0,0.0,0.0,0.0,19.23,1.38,0.0
20230217:0330,0.0,0.0,0.0,0.0,0.0,18.94,1.31,0.0
20230217:0430,0.0,0.0,0.0,0.0,0.0,18.55,1.24,0.0
20230217:0530,0.0,0.0,0.0,0.0,0.0,18.35,1.31,0.0
20230217:0630,0.0,0.0,0.0,0.0,0.0,18.17,1.31,0.0
20230217:0730,0.0,0.0,0.0,0.0,0.0,17.58,1.17,0.0
20230217:0830,0.0,0.0,0.0,0.0,-5.85,17.52,1.24,0.0
20230217:0930,16.6,15.92,22.58,0.35,7.67,17.77,1.45,0.0
20230217:1030,120.17,83.05,80.65,1.5,21.42,18.5,1.38,0.0
20230217:1130,215.29,117.14,155.21,2.55,35.28,19.74,2.07,0.0
20230217:1230,375.63,271.3,193.11,4.31,49.1,20.49,2.48,0.0
20230217:1330,462.28,305.64,275.39,5.49,62.63,21.77,2.07,0.0
20230217:1430,478.37,355.52,245.13,5.74,74.82,23.01,2.69,0.0
20230217:1530,386.79,198.23,289.09,4.78,79.06,23.44,2.55,0.0
20230217:1630,501.16,341.81,292.65,6.33,69.56,23.06,2.41,0.0
20230217:1730,305.13,109.38,279.81,3.95,56.49,24.49,2.41,0.0
20230217:1830,223.39,158.49,129.19,3.14,42.77,23.85,2.14,0.0
20230217:1930,176.69,110.14,131.52,2.91,28.92,23.69,1.52,0.0
20230217:2030,52.0,18.15,72.52,1.35,15.09,24.02,1.52,0.0
20230217:2130,2.38,0.0,11.29,0.12,1.43,23.7,0.62,0.0
20230217:2230,0.0,0.0,0.0,0.0,0.0,22.63,0.69,0.0
20230217:2330,0.0,0.0,0.0,0.0,0.0,21.68,0.83,0.0
20230218:0030,0.0,0.0,0.0,0.0,0.0,21.23,0.69,0.0
20230218:0130,0.0,0.0,0.0,0.0,0.0,20.66,0.9,0.0
20230218:0230,0.0,0.0,0.0,0.0,0.0,20.01,1.03,0.0
20230218:0330,0.0,0.0,0.0,0.0,0.0,19.26,0.97,0.0
20230218:0430,0.0,0.0,0.0,0.0,0.0,18.77,0.9,0.0
20230218:0530,0.0,0.0,0.0,0.0,0.0,18.28,0.97,0.0
20230218:0630,0.0,0.0,0.0,0.0,0.0,17.89,1.03,0.0
20230218:0730,0.0,0.0,0.0,0.0,0.0,18.6,1.17,0.0
20230218:0830,0.0,0.0,0.0,0.0,-5.98,18.73,0.97,0.0
20230218:0930,3.43,0.0,13.09,0.13,7.56,18.86,0.76,0.0
20230218:1030,39.75,7.65,56.56,0.63,21.32,19.3,0.48,0.0
20230218:1130,71.04,11.23,91.42,1.01,35.17,20.01,0.48,0.0
20230218:1230,134.24,16.23,162.75,1.77,48.99,20.69,0.76,0.0
20230218:1330,226.02,52.11,237.72,2.84,62.48,21.5,1.03,0.0
20230218:1430,403.2,155.05,360.79,5.02,74.58,22.3,0.9,0.0
20230218:1530,438.79,315.09,247.8,5.48,78.72,23.79,0.83,0.0
20230218:1630,402.66,290.42,223.91,5.13,69.35,24.1,0.97,0.0
20230218:1730,412.15,312.9,213.89,5.45,56.34,23.4,0.83,0.0
20230218:1830,149.02,30.36,169.46,2.05,42.64,24.01,0.83,0.0
20230218:1930,95.06,5.74,127.86,1.36,28.79,22.18,0.76,0.0
20230218:2030,20.12,0.92,38.15,0.41,14.96,21.15,1.24,0.0
20230218:2130,0.0,0.0,3.59,0.04,1.28,20.41,1.03,0.0
20230218:2230,0.0,0.0,0.0,0.0,0.0,19.59,1.24,0.0
20230218:2330,0.0,0.0,0.0,0.0,0.0,19.34,1.38,0.0
20230219:0030,0.0,0.0,0.0,0.0,0.0,18.91,1.38,0.0
20230219:0130,0.0,0.0,0.0,0.0,0.0,18.41,1.17,0.0
20230219:0230,0.0,0.0,0.0,0.0,0.0,18.11,1.1,0.0
20230219:0330,0.0,0.0,0.0,0.0,0.0,17.88,1.17,0.0
20230219:0430,0.0,0.0,0.0,0.0,0.0,17.48,1.31,0.0
20230219:0530,0.0,0.0,0.0,0.0,0.0,17.32,1.24,0.0
20230219:0630,0.0,0.0,0.0,0.0,0.0,17.3,1.03,0.0
20230219:0730,0.0,0.0,0.0,0.0,0.0,17.24,0.76,0.0
20230219:0830,0.0,0.0,0.0,0.0,-6.12,17.15,0.69,0.0
20230219:0930,13.09,5.44,24.56,0.28,7.44,17.13,0.76,0.0
20230219:1030,94.34,48.49,82.66,1.22,21.21,17.22,0.9,0.0
20230219:1130,199.46,79.16,173.19,2.39,35.07,17.55,1.38,0.0
20230219:1230,251.4,110.1,204.04,2.99,48.87,18.56,1.45,0.0
20230219:1330,382.51,176.83,303.87,4.6,62.34,19.61,0.9,0.0
20230219:1430,437.13,263.58,294.48,5.35,74.33,20.87,0.34,0.0
20230219:1530,475.09,350.1,261.73,5.94,78.37,21.82,0.28,0.0
20230219:1630,479.31,401.54,216.73,6.16,69.14,22.88,0.41,0.0
20230219:1730,447.31,407.69,169.43,6.0,56.18,23.59,0.34,0.0
20230219:1830,310.37,222.7,178.86,4.38,42.5,24.03,0.41,0.0
20230219:1930,170.27,141.96,92.8,2.94,28.65,22.58,1.86,0.0
20230219:2030,33.46,12.63,50.62,0.91,14.82,21.38,2.28,0.0
20230219:2130,0.69,0.0,7.51,0.08,1.13,19.98,2.07,0.0
20230219:2230,0.0,0.0,0.0,0.0,0.0,19.28,1.72,0.0
20230219:2330,0.0,0.0,0.0,0.0,0.0,18.79,1.52,0.0
20230220:0030,0.0,0.0,0.0,0.0,0.0,18.42,1.31,0.0
20230220:0130,0.0,0.0,0.0,0.0,0.0,18.2,1.03,0.0
20230220:0230,0.0,0.0,0.0,0.0,0.0,17.94,0.97,0.0
20230220:0330,0.0,0.0,0.0,0.0,0.0,17.79,0.83,0.0
20230220:0430,0.0,0.0,0.0,0.0,0.0,17.5,0.69,0.0
20230220:0530,0.0,0.0,0.0,0.0,0.0,17.41,0.48,0.0
20230220:0630,0.0,0.0,0.0,0.0,0.0,17.49,0.34,0.0
20230220:0730,0.0,0.0,0.0,0.0,0.0,17.27,0.83,0.0
20230220:0830,0.0,0.0,0.0,0.0,-6.25,17.44,0.69,0.0
20230220:0930,31.27,28.67,33.43,0.53,7.33,17.6,0.55,0.0
20230220:1030,207.57,181.24,90.22,2.36,21.11,18.23,0.97,0.0
20230220:1130,323.2,225.98,177.22,3.66,34.97,19.62,1.66,0.0
20230220:1230,495.17,390.12,229.07,5.65,48.76,20.67,2.21,0.0
20230220:1330,635.07,648.95,158.4,7.44,62.19,21.83,2.41,0.0
20230220:1430,652.2,661.43,173.99,7.87,74.08,22.86,2.48,0.0
20230220:1530,698.82,754.6,157.1,8.81,78.02,23.92,2.21,0.0
20230220:1630,616.09,668.33,130.01,7.97,68.92,24.67,1.86,0.0
20230220:1730,481.75,507.3,108.8,6.44,56.02,24.93,1.52,0.0
20230220:1830,348.97,346.12,102.8,5.02,42.36,24.96,1.24,0.0
20230220:1930,181.22,179.68,74.21,3.26,28.52,24.71,1.17,0.0
20230220:2030,28.77,33.37,35.6,1.41,14.68,23.22,0.76,0.0
20230220:2130,1.1,0.0,8.53,0.09,0.98,22.04,0.41,0.0
20230220:2230,0.0,0.0,0.0,0.0,0.0,20.54,0.41,0.0
20230220:2330,0.0,0.0,0.0,0.0,0.0,19.21,0.28,0.0
20230221:0030,0.0,0.0,0.0,0.0,0.0,18.61,0.14,0.0
20230221:0130,0.0,0.0,0.0,0.0,0.0,17.78,0.21,0.0
20230221:0230,0.0,0.0,0.0,0.0,0.0,17.28,0.28,0.0
20230221:0330,0.0,0.0,0.0,0.0,0.0,17.27,0.48,0.0
20230221:0430,0.0,0.0,0.0,0.0,0.0,16.78,0.62,0.0
20230221:0530,0.0,0.0,0.0,0.0,0.0,16.29,0.97,0.0
20230221:0630,0.0,0.0,0.0,0.0,0.0,16.26,1.1,0.0
20230221:0730,0.0,0.0,0.0,0.0,0.0,16.67,1.1,0.0
20230221:0830,0.0,0.0,0.0,0.0,-6.38,16.56,1.03,0.0
20230221:0930,48.76,61.35,32.95,0.75,7.21,16.59,0.97,0.0
20230221:1030,249.07,232.16,90.09,2.76,21.0,17.63,1.17,0.0
20230221:1130,439.67,394.43,153.73,4.84,34.86,19.47,1.86,0.0
20230221:1230,571.66,533.15,187.9,6.5,48.65,20.97,2.21,0.0
20230221:1330,654.15,612.83,231.09,7.77,62.04,22.34,2.07,0.0
20230221:1430,737.4,805.74,166.46,9.13,73.83,23.55,2.0,0.0
20230221:1530,733.36,812.14,161.6,9.38,77.67,24.72,1.93,0.0
20230221:1630,615.85,602.18,201.11,7.98,68.69,25.64,2.0,0.0
20230221:1730,520.24,513.61,156.77,6.96,55.85,25.54,1.79,0.0
20230221:1830,347.03,299.39,148.23,4.93,42.22,25.33,1.31,0.0
20230221:1930,188.88,151.61,110.25,3.24,28.37,25.11,1.03,0.0
20230221:2030,36.46,8.91,56.65,0.85,14.53,23.11,0.9,0.0
20230221:2130,0.0,0.0,3.5,0.04,0.82,20.99,1.03,0.0
20230221:2230,0.0,0.0,0.0,0.0,0.0,19.45,0.76,0.0
20230221:2330,0.0,0.0,0.0,0.0,0.0,18.8,0.76,0.0
20230222:0030,0.0,0.0,0.0,0.0,0.0,18.4,0.55,0.0
20230222:0130,0.0,0.0,0.0,0.0,0.0,18.03,0.41,0.0
20230222:0230,0.0,0.0,0.0,0.0,0.0,17.87,0.28,0.0
20230222:0330,0.0,0.0,0.0,0.0,0.0,17.73,0.41,0.0
20230222:0430,0.0,0.0,0.0,0.0,0.0,17.43,0.55,0.0
20230222:0530,0.0,0.0,0.0,0.0,0.0,17.05,0.69,0.0
20230222:0630,0.0,0.0,0.0,0.0,0.0,16.96,0.62,0.0
20230222:0730,0.0,0.0,0.0,0.0,0.0,17.43,0.48,0.0
20230222:0830,0.0,0.0,0.0,0.0,-6.5,17.22,0.48,0.0
20230222:0930,31.67,45.69,22.18,0.53,7.1,16.95,0.48,0.0
20230222:1030,170.89,127.9,97.97,1.99,20.9,17.98,0.34,0.0
20230222:1130,278.3,172.18,180.2,3.22,34.76,19.77,0.28,0.0
20230222:1230,364.66,242.13,219.69,4.26,48.53,20.97,0.34,0.0
20230222:1330,418.74,231.36,305.19,5.07,61.88,21.88,0.41,0.0
20230222:1430,484.15,243.88,385.22,6.03,73.57,22.71,0.55,0.0
20230222:1530,580.77,350.32,414.44,7.39,77.31,23.48,0.97,0.0
20230222:1630,526.23,309.95,378.68,6.8,68.45,24.25,0.97,0.0
20230222:1730,415.55,236.68,300.48,5.46,55.68,24.82,0.97,0.0
20230222:1830,263.48,100.83,242.89,3.59,42.06,24.68,0.41,0.0
20230222:1930,137.25,103.97,88.53,2.33,28.23,23.01,1.38,0.0
20230222:2030,21.79,16.62,33.47,0.84,14.38,21.71,1.66,0.0
20230222:2130,0.0,0.0,2.72,0.03,0.65,20.85,1.31,0.0
20230222:2230,0.0,0.0,0.0,0.0,0.0,20.12,1.1,0.0
20230222:2330,0.0,0.0,0.0,0.0,0.0,19.44,1.03,0.0
20230223:0030,0.0,0.0,0.0,0.0,0.0,18.73,0.9,0.0
20230223:0130,0.0,0.0,0.0,0.0,0.0,17.94,0.9,0.0
20230223:0230,0.0,0.0,0.0,0.0,0.0,17.53,0.83,0.0
20230223:0330,0.0,0.0,0.0,0.0,0.0,17.35,0.76,0.0
20230223:0430,0.0,0.0,0.0,0.0,0.0,17.55,0.41,0.0
20230223:0530,0.0,0.0,0.0,0.0,0.0,17.7,0.21,0.0
20230223:0630,0.0,0.0,0.0,0.0,0.0,17.5,0.14,0.0
20230223:0730,0.0,0.0,0.0,0.0,0.0,17.76,0.28,0.0
20230223:0830,0.0,0.0,0.0,0.0,-6.63,17.84,0.21,0.0
20230223:0930,53.74,61.73,39.0,0.78,6.99,17.59,0.07,0.0
20230223:1030,246.48,213.98,107.63,2.74,20.8,18.3,0.14,0.0
20230223:1130,437.65,414.94,141.75,4.87,34.66,20.66,0.62,0.0
20230223:1230,587.23,604.71,155.45,6.79,48.42,22.19,1.03,0.0
20230223:1330,642.44,605.88,241.55,7.76,61.73,23.69,1.17,0.0
20230223:1430,537.33,437.31,264.11,6.61,73.31,24.72,0.97,0.0
20230223:1530,574.21,435.69,318.06,7.25,76.95,24.26,1.03,0.0
20230223:1630,380.12,197.46,292.28,4.84,68.21,24.51,0.76,0.0
20230223:1730,337.11,184.86,244.97,4.36,55.5,23.43,1.03,0.0
20230223:1830,244.49,102.27,212.54,3.29,41.9,23.1,1.38,0.0
20230223:1930,134.15,21.9,161.53,1.92,28.07,23.01,0.14,0.0
20230223:2030,30.32,0.33,52.23,0.53,14.22,21.95,1.1,0.0
20230223:2130,0.0,0.0,5.07,0.05,0.49,20.79,0.9,0.0
20230223:2230,0.0,0.0,0.0,0.0,0.0,19.73,0.62,0.0
20230223:2330,0.0,0.0,0.0,0.0,0.0,19.08,0.76,0.0
20230224:0030,0.0,0.0,0.0,0.0,0.0,18.83,0.62,0.0
20230224:0130,0.0,0.0,0.0,0.0,0.0,18.29,0.69,0.0
20230224:0230,0.0,0.0,0.0,0.0,0.0,18.26,0.21,0.0
20230224:0330,0.0,0.0,0.0,0.0,0.0,18.15,0.28,0.0
20230224:0430,0.0,0.0,0.0,0.0,0.0,17.83,0.62,0.0
20230224:0530,0.0,0.0,0.0,0.0,0.0,17.44,0.69,0.0
20230224:0630,0.0,0.0,0.0,0.0,0.0,17.2,0.69,0.0
20230224:0730,0.0,0.0,0.0,0.0,0.0,17.12,0.97,0.0
20230224:0830,0.0,0.0,0.0,0.0,0.0,16.89,0.97,0.0
20230224:0930,39.64,35.46,38.97,0.61,6.89,16.74,0.97,0.0
20230224:1030,167.5,118.05,102.8,1.94,20.7,17.98,0.83,0.0
20230224:1130,380.86,303.16,173.06,4.21,34.56,19.71,1.38,0.0
20230224:1230,500.34,427.05,201.3,5.65,48.3,20.98,1.86,0.0
20230224:1330,536.39,398.81,281.24,6.29,61.57,22.16,2.14,0.0
20230224:1430,625.7,549.42,256.41,7.54,73.04,23.04,2.14,0.0
20230224:1530,585.37,530.66,221.38,7.2,76.59,24.12,2.14,0.0
20230224:1630,521.37,371.13,298.54,6.59,67.96,24.49,2.0,0.0
20230224:1730,339.84,225.97,206.14,4.4,55.31,24.92,1.86,0.0
20230224:1830,391.06,366.0,136.45,5.53,41.74,24.49,1.45,0.0
20230224:1930,160.19,102.8,119.45,2.62,27.92,25.31,1.72,0.0
20230224:2030,42.91,7.94,65.51,0.91,14.07,23.52,0.97,0.0
20230224:2130,0.72,0.0,7.65,0.08,0.32,22.23,0.41,0.0
20230224:2230,0.0,0.0,0.0,0.0,0.0,21.27,0.28,0.0
20230224:2330,0.0,0.0,0.0,0.0,0.0,20.57,0.41,0.0
20230225:0030,0.0,0.0,0.0,0.0,0.0,19.6,0.69,0.0
20230225:0130,0.0,0.0,0.0,0.0,0.0,19.23,0.69,0.0
20230225:0230,0.0,0.0,0.0,0.0,0.0,18.72,0.76,0.0
20230225:0330,0.0,0.0,0.0,0.0,0.0,18.76,0.97,0.0
20230225:0430,0.0,0.0,0.0,0.0,0.0,18.74,1.31,0.0
20230225:0530,0.0,0.0,0.0,0.0,0.0,18.62,1.38,0.0
20230225:0630,0.0,0.0,0.0,0.0,0.0,18.42,1.38,0.0
20230225:0730,0.0,0.0,0.0,0.0,0.0,17.99,1.1,0.0
20230225:0830,0.0,0.0,0.0,0.0,0.0,17.68,1.17,0.0
20230225:0930,48.87,66.86,29.05,0.7,6.78,17.43,1.31,0.0
20230225:1030,222.1,204.24,84.72,2.43,20.6,18.66,1.59,0.0
20230225:1130,408.66,391.14,116.3,4.4,34.46,20.32,2.34,0.0
20230225:1230,499.52,467.89,155.53,5.57,48.18,21.71,2.55,0.0
20230225:1330,619.64,592.57,194.68,7.17,61.41,22.99,2.9,0.0
20230225:1430,672.2,678.01,188.94,8.07,72.77,24.21,2.83,0.0
20230225:1530,702.01,731.29,185.96,8.75,76.22,25.23,2.69,0.0
20230225:1630,523.13,436.78,231.2,6.56,67.7,25.92,2.9,0.0
20230225:1730,493.02,478.44,151.23,6.46,55.11,25.66,2.28,0.0
20230225:1830,392.8,343.47,159.78,5.49,41.57,24.66,1.93,0.0
20230225:1930,193.92,189.22,81.49,3.4,27.76,25.75,1.86,0.0
20230225:2030,29.38,7.54,48.19,0.71,13.9,23.94,1.31,0.0
20230225:2130,0.0,0.0,5.16,0.05,0.14,22.01,0.76,0.0
20230225:2230,0.0,0.0,0.0,0.0,0.0,21.29,0.55,0.0
20230225:2330,0.0,0.0,0.0,0.0,0.0,20.83,0.69,0.0
20230226:0030,0.0,0.0,0.0,0.0,0.0,20.2,0.83,0.0
20230226:0130,0.0,0.0,0.0,0.0,0.0,19.97,0.76,0.0
20230226:0230,0.0,0.0,0.0,0.0,0.0,19.41,0.83,0.0
20230226:0330,0.0,0.0,0.0,0.0,0.0,19.24,0.83,0.0
20230226:0430,0.0,0.0,0.0,0.0,0.0,18.81,0.83,0.0
20230226:0530,0.0,0.0,0.0,0.0,0.0,18.5,0.9,0.0
20230226:0630,0.0,0.0,0.0,0.0,0.0,18.37,0.83,0.0
20230226:0730,0.0,0.0,0.0,0.0,0.0,18.34,0.83,0.0
20230226:0830,0.0,0.0,0.0,0.0,0.0,17.98,0.97,0.0
20230226:0930,40.57,29.45,44.42,0.61,6.67,17.96,1.03,0.0
20230226:1030,242.58,199.32,115.34,2.65,20.5,18.94,1.17,0.0
20230226:1130,427.51,394.17,143.44,4.65,34.35,21.13,1.66,0.0
20230226:1230,523.33,478.7,181.36,5.88,48.06,22.7,2.41,0.0
20230226:1330,582.15,529.22,213.66,6.77,61.25,24.03,2.62,0.0
20230226:1430,698.75,699.11,213.03,8.46,72.5,24.77,2.62,0.0
20230226:1530,734.25,759.15,216.8,9.28,75.85,25.84,2.34,0.0
20230226:1630,655.24,684.63,181.28,8.5,67.44,26.77,2.0,0.0
20230226:1730,507.76,472.41,187.1,6.73,54.91,27.23,1.86,0.0
20230226:1830,334.86,281.46,153.29,4.7,41.4,27.03,1.52,0.0
20230226:1930,126.18,42.12,133.57,1.91,27.59,24.78,1.52,0.0
20230226:2030,33.04,7.51,53.01,0.76,13.73,23.63,0.55,0.0
20230226:2130,0.0,0.0,0.0,0.0,-0.03,23.21,0.34,0.0
20230226:2230,0.0,0.0,0.0,0.0,0.0,22.34,0.62,0.0
20230226:2330,0.0,0.0,0.0,0.0,0.0,21.69,0.69,0.0
20230227:0030,0.0,0.0,0.0,0.0,0.0,21.08,0.83,0.0
20230227:0130,0.0,0.0,0.0,0.0,0.0,20.05,0.97,0.0
20230227:0230,0.0,0.0,0.0,0.0,0.0,19.5,0.83,0.0
20230227:0330,0.0,0.0,0.0,0.0,0.0,19.32,0.69,0.0
20230227:0430,0.0,0.0,0.0,0.0,0.0,18.9,0.55,0.0
20230227:0530,0.0,0.0,0.0,0.0,0.0,18.91,0.41,0.0
20230227:0630,0.0,0.0,0.0,0.0,0.0,18.88,0.34,0.0
20230227:0730,0.0,0.0,0.0,0.0,0.0,19.19,0.41,0.0
20230227:0830,0.0,0.0,0.0,0.0,0.0,19.28,0.34,0.0
20230227:0930,41.06,45.08,34.51,0.6,6.57,18.88,0.48,0.0
20230227:1030,197.62,168.71,91.93,2.19,20.4,19.52,0.48,0.0
20230227:1130,419.87,393.36,142.03,4.62,34.25,21.61,0.62,0.0
20230227:1230,594.74,651.74,126.95,6.85,47.94,23.18,0.76,0.0
20230227:1330,661.76,729.68,157.99,8.01,61.08,24.44,0.69,0.0
20230227:1430,612.48,609.38,216.45,7.66,72.22,25.62,0.34,0.0
20230227:1530,616.4,677.01,159.51,7.94,75.48,26.34,0.21,0.0
20230227:1630,583.05,614.99,171.4,7.7,67.17,26.59,0.21,0.0
20230227:1730,484.5,469.43,171.57,6.53,54.71,26.58,0.21,0.0
20230227:1830,236.74,151.11,157.46,3.27,41.22,24.95,0.62,0.0
20230227:1930,85.99,22.13,101.76,1.32,27.42,22.64,1.24,0.0
20230227:2030,27.25,4.19,46.44,0.59,13.56,21.87,1.45,0.0
20230227:2130,0.0,0.0,0.0,0.0,-0.21,20.87,1.1,0.0
20230227:2230,0.0,0.0,0.0,0.0,0.0,20.32,1.31,0.0
20230227:2330,0.0,0.0,0.0,0.0,0.0,20.03,1.31,0.0
20230228:0030,0.0,0.0,0.0,0.0,0.0,19.84,1.31,0.0
20230228:0130,0.0,0.0,0.0,0.0,0.0,19.74,1.45,0.0
20230228:0230,0.0,0.0,0.0,0.0,0.0,19.64,1.31,0.0
20230228:0330,0.0,0.0,0.0,0.0,0.0,19.51,1.1,0.0
20230228:0430,0.0,0.0,0.0,0.0,0.0,19.39,1.03,0.0
20230228:0530,0.0,0.0,0.0,0.0,0.0,19.21,0.9,0.0
20230228:0630,0.0,0.0,0.0,0.0,0.0,18.91,0.83,0.0
20230228:0730,0.0,0.0,0.0,0.0,0.0,18.91,1.03,0.0
20230228:0830,0.0,0.0,0.0,0.0,0.0,18.84,0.76,0.0
20230228:0930,32.2,44.74,23.25,0.49,6.47,18.54,0.83,0.0
20230228:1030,144.43,92.11,100.82,1.69,20.31,18.95,1.1,0.0
20230228:1130,350.56,272.86,167.71,3.85,34.15,20.09,0.9,0.0
20230228:1230,486.53,425.97,194.16,5.51,47.82,21.77,0.9,0.0
20230228:1330,622.32,606.21,215.66,7.43,60.91,23.03,0.69,0.0
20230228:1430,659.15,684.14,202.65,8.19,71.94,24.23,0.55,0.0
20230228:1530,647.41,672.97,199.07,8.26,75.1,24.99,0.55,0.0
20230228:1630,533.33,509.76,189.15,6.82,66.89,25.51,0.76,0.0
20230228:1730,415.52,334.85,202.87,5.44,54.5,25.16,0.55,0.0
20230228:1830,323.25,283.5,132.8,4.49,41.04,23.91,0.62,0.0
20230228:1930,166.3,94.47,134.92,2.63,27.25,24.72,0.83,0.0
20230228:2030,34.13,13.97,51.44,0.94,13.39,23.03,0.97,0.0
20230228:2130,0.0,0.0,0.0,0.0,-0.4,21.3,1.17,0.0
20230228:2230,0.0,0.0,0.0,0.0,0.0,20.01,1.03,0.0
20230228:2330,0.0,0.0,0.0,0.0,0.0,19.64,0.83,0.0
20230301:0030,0.0,0.0,0.0,0.0,0.0,19.15,0.97,0.0
20230301:0130,0.0,0.0,0.0,0.0,0.0,18.83,0.9,0.0
20230301:0230,0.0,0.0,0.0,0.0,0.0,18.35,0.76,0.0
20230301:0330,0.0,0.0,0.0,0.0,0.0,18.03,0.41,0.0
20230301:0430,0.0,0.0,0.0,0.0,0.0,18.03,0.14,0.0
20230301:0530,0.0,0.0,0.0,0.0,0.0,17.73,0.07,0.0
20230301:0630,0.0,0.0,0.0,0.0,0.0,17.62,0.14,0.0
20230301:0730,0.0,0.0,0.0,0.0,0.0,17.4,0.55,0.0
20230301:0830,0.0,0.0,0.0,0.0,0.0,16.71,0.9,0.0
20230301:0930,52.72,67.98,32.05,0.69,6.37,16.28,0.97,0.0
20230301:1030,251.12,227.29,96.71,2.65,20.21,17.47,0.9,0.0
20230301:1130,451.17,457.41,109.39,4.81,34.05,20.08,1.31,0.0
20230301:1230,633.11,690.53,126.96,7.14,47.7,21.48,1.38,0.0
20230301:1330,738.47,849.87,128.39,8.77,60.74,22.94,1.59,0.0
20230301:1430,666.6,708.8,168.16,8.07,71.65,24.23,1.52,0.0
20230301:1530,702.53,717.72,225.4,8.9,74.72,24.8,1.24,0.0
20230301:1630,599.19,521.66,274.39,7.74,66.61,25.3,0.9,0.0
20230301:1730,517.7,476.6,207.14,6.92,54.28,25.53,0.41,0.0
20230301:1830,358.33,364.58,103.59,5.09,40.85,25.63,0.21,0.0
20230301:1930,182.86,191.27,67.62,3.22,27.07,25.29,0.14,0.0
20230301:2030,31.14,33.1,39.46,1.37,13.21,24.3,0.48,0.0
20230301:2130,0.0,0.0,0.0,0.0,-0.58,23.03,0.9,0.0
20230301:2230,0.0,0.0,0.0,0.0,0.0,21.75,1.17,0.0
20230301:2330,0.0,0.0,0.0,0.0,0.0,20.71,1.17,0.0
20230302:0030,0.0,0.0,0.0,0.0,0.0,19.91,1.1,0.0
20230302:0130,0.0,0.0,0.0,0.0,0.0,19.07,1.03,0.0
20230302:0230,0.0,0.0,0.0,0.0,0.0,18.53,0.9,0.0
20230302:0330,0.0,0.0,0.0,0.0,0.0,18.56,0.69,0.0
20230302:0430,0.0,0.0,0.0,0.0,0.0,18.65,0.41,0.0
20230302:0530,0.0,0.0,0.0,0.0,0.0,18.35,0.41,0.0
20230302:0630,0.0,0.0,0.0,0.0,0.0,17.79,0.55,0.0
20230302:0730,0.0,0.0,0.0,0.0,0.0,17.68,0.97,0.0
20230302:0830,0.0,0.0,0.0,0.0,0.0,17.67,0.9,0.0
20230302:0930,53.15,73.44,29.01,0.68,6.27,17.47,0.9,0.0
20230302:1030,275.64,285.51,71.75,2.85,20.12,18.22,0.76,0.0
20230302:1130,488.62,532.68,87.01,5.21,33.95,21.36,1.38,0.0
20230302:1230,647.21,745.69,95.15,7.31,47.58,22.74,1.52,0.0
20230302:1330,714.64,804.87,140.92,8.45,60.57,23.92,1.66,0.0
20230302:1430,715.7,815.72,138.17,8.75,71.36,24.97,1.59,0.0
20230302:1530,744.62,891.01,113.54,9.46,74.34,25.68,1.52,0.0
20230302:1630,675.94,787.35,117.69,8.8,66.32,26.36,1.31,0.0
20230302:1730,542.25,569.72,140.57,7.2,54.06,26.75,1.31,0.0
20230302:1830,304.09,286.13,109.09,4.25,40.66,26.47,0.9,0.0
20230302:1930,151.67,99.45,112.69,2.45,26.89,24.98,0.69,0.0
20230302:2030,31.61,12.51,48.97,0.86,13.03,23.63,0.97,0.0
20230302:2130,0.0,0.0,0.0,0.0,-0.77,21.56,1.17,0.0
20230302:2230,0.0,0.0,0.0,0.0,0.0,20.22,0.97,0.0
20230302:2330,0.0,0.0,0.0,0.0,0.0,19.64,1.03,0.0
20230303:0030,0.0,0.0,0.0,0.0,0.0,19.24,0.69,0.0
20230303:0130,0.0,0.0,0.0,0.0,0.0,18.95,0.55,0.0
20230303:0230,0.0,0.0,0.0,0.0,0.0,18.65,0.48,0.0
20230303:0330,0.0,0.0,0.0,0.0,0.0,18.3,0.76,0.0
20230303:0430,0.0,0.0,0.0,0.0,0.0,17.99,0.9,0.0
20230303:0530,0.0,0.0,0.0,0.0,0.0,17.86,0.76,0.0
20230303:0630,0.0,0.0,0.0,0.0,0.0,17.71,0.69,0.0
20230303:0730,0.0,0.0,0.0,0.0,0.0,17.87,0.9,0.0
20230303:0830,0.0,0.0,0.0,0.0,0.0,17.91,0.83,0.0
20230303:0930,29.26,34.69,26.03,0.44,6.17,18.05,0.62,0.0
20230303:1030,181.38,127.94,109.96,2.01,20.02,18.45,0.76,0.0
20230303:1130,290.02,182.15,182.8,3.24,33.85,20.21,1.1,0.0
20230303:1230,426.89,348.36,186.81,4.75,47.46,21.13,1.38,0.0
20230303:1330,538.73,386.02,303.38,6.29,60.39,22.28,1.59,0.0
20230303:1430,684.46,619.81,284.54,8.31,71.07,23.41,1.52,0.0
20230303:1530,579.41,483.97,271.52,7.13,73.95,25.03,1.59,0.0
20230303:1630,369.15,224.84,247.15,4.61,66.03,25.55,1.66,0.0
20230303:1730,373.02,211.45,267.7,4.79,53.83,25.53,1.52,0.0
20230303:1830,312.14,251.6,151.02,4.28,40.46,25.22,1.24,0.0
20230303:1930,138.57,87.64,107.57,2.23,26.7,25.67,1.38,0.0
20230303:2030,36.67,18.14,53.36,1.07,12.84,24.42,0.97,0.0
20230303:2130,0.0,0.0,0.0,0.0,-0.96,23.24,0.62,0.0
20230303:2230,0.0,0.0,0.0,0.0,0.0,22.3,0.34,0.0
20230303:2330,0.0,0.0,0.0,0.0,0.0,21.88,0.21,0.0
20230304:0030,0.0,0.0,0.0,0.0,0.0,21.55,0.21,0.0
20230304:0130,0.0,0.0,0.0,0.0,0.0,20.55,0.69,0.0
20230304:0230,0.0,0.0,0.0,0.0,0.0,19.68,0.97,0.0
20230304:0330,0.0,0.0,0.0,0.0,0.0,19.49,1.03,0.0
20230304:0430,0.0,0.0,0.0,0.0,0.0,19.14,1.1,0.0
20230304:0530,0.0,0.0,0.0,0.0,0.0,18.99,1.03,0.0
20230304:0630,0.0,0.0,0.0,0.0,0.0,18.82,1.03,0.0
20230304:0730,0.0,0.0,0.0,0.0,0.0,17.74,1.03,0.0
20230304:0830,0.0,0.0,0.0,0.0,0.0,17.44,1.03,0.0
20230304:0930,51.38,73.69,26.26,0.64,6.07,17.4,0.97,0.0
20230304:1030,257.2,252.27,81.64,2.65,19.93,18.66,0.76,0.0
20230304:1130,453.71,470.91,105.03,4.82,33.75,21.62,1.1,0.0
20230304:1230,605.76,655.99,121.37,6.73,47.33,23.05,1.93,0.0
20230304:1330,653.0,681.96,166.6,7.56,60.21,23.99,2.0,0.0
20230304:1430,693.42,720.72,193.27,8.35,70.78,24.74,1.93,0.0
20230304:1530,671.32,739.74,144.41,8.28,73.57,25.58,1.86,0.0
20230304:1630,463.37,403.53,190.82,5.75,65.73,26.21,1.79,0.0
20230304:1730,332.03,238.71,184.2,4.24,53.6,24.91,1.45,0.0
20230304:1830,155.69,51.31,156.47,2.12,40.26,24.32,1.03,0.0
20230304:1930,130.57,38.2,142.03,1.92,26.51,23.23,0.48,0.0
20230304:2030,32.85,15.58,49.3,0.95,12.66,23.33,0.48,0.0
20230304:2130,0.0,0.0,0.0,0.0,-1.16,22.95,0.41,0.0
20230304:2230,0.0,0.0,0.0,0.0,0.0,22.22,0.14,0.0
20230304:2330,0.0,0.0,0.0,0.0,0.0,21.64,0.07,0.0
20230305:0030,0.0,0.0,0.0,0.0,0.0,21.2,0.34,0.0
20230305:0130,0.0,0.0,0.0,0.0,0.0,20.48,0.55,0.0
20230305:0230,0.0,0.0,0.0,0.0,0.0,20.02,0.83,0.0
20230305:0330,0.0,0.0,0.0,0.0,0.0,19.72,0.97,0.0
20230305:0430,0.0,0.0,0.0,0.0,0.0,19.44,0.9,0.0
20230305:0530,0.0,0.0,0.0,0.0,0.0,19.11,0.97,0.0
20230305:0630,0.0,0.0,0.0,0.0,0.0,18.89,0.97,0.0
20230305:0730,0.0,0.0,0.0,0.0,0.0,18.28,0.76,0.0
20230305:0830,0.0,0.0,0.0,0.0,0.0,17.92,0.83,0.0
20230305:0930,29.84,39.5,23.13,0.43,5.98,17.69,0.97,0.0
20230305:1030,153.53,118.89,85.2,1.7,19.83,18.49,0.83,0.0
20230305:1130,326.76,257.43,152.58,3.53,33.65,20.54,1.17,0.0
20230305:1230,497.83,438.13,190.4,5.5,47.21,21.72,1.66,0.0
20230305:1330,699.18,750.81,158.94,8.07,60.03,23.06,2.14,0.0
20230305:1430,663.11,620.67,243.14,7.89,70.48,24.19,2.21,0.0
20230305:1530,615.52,560.29,239.3,7.5,73.18,25.07,2.14,0.0
20230305:1630,478.22,335.47,275.84,5.92,65.43,25.38,2.34,0.0
20230305:1730,257.53,84.91,242.44,3.27,53.36,22.66,2.34,0.0
20230305:1830,166.36,46.02,172.41,2.22,40.05,21.64,0.9,0.0
20230305:1930,125.1,26.06,145.21,1.79,26.32,21.77,0.9,0.0
20230305:2030,36.5,18.25,52.46,1.06,12.46,21.43,0.69,0.0
20230305:2130,0.0,0.0,0.0,0.0,-1.36,21.16,0.76,0.0
20230305:2230,0.0,0.0,0.0,0.0,0.0,20.36,1.1,0.0
20230305:2330,0.0,0.0,0.0,0.0,0.0,19.67,1.17,0.0
20230306:0030,0.0,0.0,0.0,0.0,0.0,18.92,0.9,0.0
20230306:0130,0.0,0.0,0.0,0.0,0.0,18.05,0.97,0.0
20230306:0230,0.0,0.0,0.0,0.0,0.0,17.45,0.9,0.0
20230306:0330,0.0,0.0,0.0,0.0,0.0,17.09,0.97,0.0
20230306:0430,0.0,0.0,0.0,0.0,0.0,17.0,0.97,0.0
20230306:0530,0.0,0.0,0.0,0.0,0.0,16.93,0.97,0.0
20230306:0630,0.0,0.0,0.0,0.0,0.0,16.82,0.97,0.0
20230306:0730,0.0,0.0,0.0,0.0,0.0,16.88,0.83,0.0
20230306:0830,0.0,0.0,0.0,0.0,0.0,16.84,0.97,0.0
20230306:0930,25.43,25.53,27.01,0.39,5.88,16.93,0.97,0.0
20230306:1030,138.22,77.4,106.34,1.6,19.74,17.76,1.31,0.0
20230306:1130,344.21,272.78,153.65,3.64,33.54,18.98,1.79,0.0
20230306:1230,521.92,461.18,193.22,5.7,47.08,20.45,1.93,0.0
20230306:1330,526.89,468.46,194.6,5.94,59.85,22.05,2.21,0.0
20230306:1430,671.13,657.59,208.92,7.89,70.18,22.81,2.28,0.0
20230306:1530,648.62,672.41,160.61,7.77,72.79,24.08,2.69,0.0
20230306:1630,498.87,478.12,151.81,6.06,65.12,24.23,2.41,0.0
20230306:1730,433.67,385.47,160.46,5.45,53.12,23.42,2.07,0.0
20230306:1830,342.26,291.79,144.16,4.61,39.84,23.64,1.79,0.0
20230306:1930,193.25,185.48,81.48,3.21,26.12,23.27,2.0,0.0
20230306:2030,31.8,28.35,42.45,1.24,12.27,23.22,1.86,0.0
20230306:2130,0.0,0.0,0.0,0.0,-1.56,22.12,1.17,0.0
20230306:2230,0.0,0.0,0.0,0.0,0.0,20.39,0.62,0.0
20230306:2330,0.0,0.0,0.0,0.0,0.0,19.52,1.31,0.0
20230307:0030,0.0,0.0,0.0,0.0,0.0,18.75,1.1,0.0
20230307:0130,0.0,0.0,0.0,0.0,0.0,18.34,1.17,0.0
20230307:0230,0.0,0.0,0.0,0.0,0.0,18.16,1.17,0.0
20230307:0330,0.0,0.0,0.0,0.0,0.0,17.75,1.17,0.0
20230307:0430,0.0,0.0,0.0,0.0,0.0,17.36,0.97,0.0
20230307:0530,0.0,0.0,0.0,0.0,0.0,16.79,1.1,0.0
20230307:0630,0.0,0.0,0.0,0.0,0.0,16.54,1.17,0.0
20230307:0730,0.0,0.0,0.0,0.0,0.0,17.01,1.03,0.0
20230307:0830,0.0,0.0,0.0,0.0,0.0,16.82,1.1,0.0
20230307:0930,50.5,60.78,33.48,0.6,5.79,16.67,1.24,0.0
20230307:1030,190.34,158.67,89.31,2.0,19.65,17.73,1.1,0.0
20230307:1130,412.48,381.78,133.63,4.3,33.44,20.19,1.59,0.0
20230307:1230,369.24,273.97,186.58,4.09,46.95,21.72,2.0,0.0
20230307:1330,348.71,187.47,250.47,4.07,59.66,22.39,2.07,0.0
20230307:1430,374.76,163.86,309.35,4.5,69.87,22.75,2.07,0.0
20230307:1530,328.47,107.25,309.48,4.05,72.4,23.19,2.07,0.0
20230307:1630,255.37,64.53,262.64,3.23,64.81,23.46,1.86,0.0
20230307:1730,309.87,106.63,288.83,3.93,52.87,23.45,1.59,0.0
20230307:1830,241.98,107.06,205.75,3.21,39.62,23.81,1.31,0.0
20230307:1930,147.05,88.59,114.68,2.29,25.92,22.49,1.03,0.0
20230307:2030,33.05,17.52,48.63,0.99,12.07,22.41,0.9,0.0
20230307:2130,0.0,0.0,0.0,0.0,-1.76,21.99,0.9,0.0
20230307:2230,0.0,0.0,0.0,0.0,0.0,20.96,0.97,0.0
20230307:2330,0.0,0.0,0.0,0.0,0.0,20.23,0.76,0.0
20230308:0030,0.0,0.0,0.0,0.0,0.0,19.98,0.69,0.0
20230308:0130,0.0,0.0,0.0,0.0,0.0,19.21,0.83,0.0
20230308:0230,0.0,0.0,0.0,0.0,0.0,18.47,0.97,0.0
20230308:0330,0.0,0.0,0.0,0.0,0.0,18.2,0.9,0.0
20230308:0430,0.0,0.0,0.0,0.0,0.0,17.86,0.9,0.0
20230308:0530,0.0,0.0,0.0,0.0,0.0,17.45,0.97,0.0
20230308:0630,0.0,0.0,0.0,0.0,0.0,17.1,1.03,0.0
20230308:0730,0.0,0.0,0.0,0.0,0.0,16.64,1.03,0.0
20230308:0830,0.0,0.0,0.0,0.0,0.0,16.36,1.03,0.0
20230308:0930,29.47,27.21,30.76,0.45,5.7,16.2,1.03,0.0
20230308:1030,129.22,53.33,118.99,1.54,19.56,17.27,0.76,0.0
20230308:1130,194.73,113.17,135.41,2.22,33.34,19.65,0.97,0.0
20230308:1230,344.25,215.02,215.42,3.87,46.82,20.66,1.38,0.0
20230308:1330,423.55,297.06,234.09,4.83,59.47,21.8,1.79,0.0
20230308:1430,390.77,221.64,272.34,4.63,69.56,22.76,1.59,0.0
20230308:1530,579.95,518.41,229.9,6.97,72.0,23.29,1.52,0.0
20230308:1630,517.91,414.24,252.52,6.39,64.49,24.12,1.45,0.0
20230308:1730,482.48,469.63,149.44,6.15,52.62,24.58,1.31,0.0
20230308:1830,196.76,61.26,197.71,2.63,39.41,24.95,1.1,0.0
20230308:1930,132.86,85.19,101.33,2.1,25.72,23.25,0.9,0.0
20230308:2030,21.62,15.48,34.33,0.77,11.87,22.39,0.69,0.0
20230308:2130,0.0,0.0,0.0,0.0,-1.97,21.38,0.9,0.0
20230308:2230,0.0,0.0,0.0,0.0,0.0,20.36,0.34,0.0
20230308:2330,0.0,0.0,0.0,0.0,0.0,19.62,0.62,0.0
20230309:0030,0.0,0.0,0.0,0.0,0.0,19.17,0.62,0.0
20230309:0130,0.0,0.0,0.0,0.0,0.0,18.54,0.76,0.0
20230309:0230,0.0,0.0,0.0,0.0,0.0,18.1,0.83,0.0
20230309:0330,0.0,0.0,0.0,0.0,0.0,17.45,1.1,0.0
20230309:0430,0.0,0.0,0.0,0.0,0.0,17.25,1.1,0.0
20230309:0530,0.0,0.0,0.0,0.0,0.0,17.11,1.03,0.0
20230309:0630,0.0,0.0,0.0,0.0,0.0,16.98,0.97,0.0
20230309:0730,0.0,0.0,0.0,0.0,0.0,17.11,0.9,0.0
20230309:0830,0.0,0.0,0.0,0.0,0.0,17.04,0.83,0.0
20230309:0930,41.14,58.39,23.34,0.53,5.61,16.92,0.76,0.0
20230309:1030,253.9,244.65,83.81,2.53,19.47,17.79,0.41,0.0
20230309:1130,467.67,489.5,105.69,4.87,33.24,20.7,0.69,0.0
20230309:1230,605.61,673.41,111.49,6.67,46.69,22.37,1.1,0.0
20230309:1330,720.86,841.65,119.73,8.41,59.28,23.5,1.24,0.0
20230309:1430,698.07,752.07,181.58,8.41,69.25,24.65,1.24,0.0
20230309:1530,571.83,504.1,250.43,7.02,71.61,25.4,0.9,0.0
20230309:1630,503.55,462.33,193.99,6.27,64.17,24.98,0.62,0.0
20230309:1730,410.82,360.35,165.58,5.21,52.36,23.79,0.62,0.0
20230309:1830,191.99,83.63,168.49,2.58,39.18,23.71,0.48,0.0
20230309:1930,87.52,7.33,116.81,1.26,25.51,21.63,1.17,0.0
20230309:2030,17.2,0.0,34.51,0.34,11.67,21.17,1.03,0.0
20230309:2130,0.0,0.0,0.0,0.0,-2.17,20.28,0.83,0.0
20230309:2230,0.0,0.0,0.0,0.0,0.0,19.37,0.83,0.0
20230309:2330,0.0,0.0,0.0,0.0,0.0,18.74,0.76,0.0
20230310:0030,0.0,0.0,0.0,0.0,0.0,18.3,0.97,0.0
20230310:0130,0.0,0.0,0.0,0.0,0.0,17.79,0.55,0.0
20230310:0230,0.0,0.0,0.0,0.0,0.0,17.86,0.21,0.0
20230310:0330,0.0,0.0,0.0,0.0,0.0,17.53,0.14,0.0
20230310:0430,0.0,0.0,0.0,0.0,0.0,17.23,0.14,0.0
20230310:0530,0.0,0.0,0.0,0.0,0.0,16.91,0.14,0.0
20230310:0630,0.0,0.0,0.0,0.0,0.0,16.5,0.28,0.0
20230310:0730,0.0,0.0,0.0,0.0,0.0,17.3,0.41,0.0
20230310:0830,0.0,0.0,0.0,0.0,0.0,17.2,0.55,0.0
20230310:0930,46.03,63.48,25.72,0.57,5.52,17.26,0.55,0.0
20230310:1030,242.7,219.01,95.54,2.44,19.38,18.13,0.34,0.0
20230310:1130,431.36,385.9,162.16,4.53,33.14,21.02,0.76,0.0
20230310:1230,574.85,522.43,215.44,6.33,46.56,22.51,1.66,0.0
20230310:1330,628.82,624.68,188.85,7.15,59.09,23.43,1.86,0.0
20230310:1430,660.75,626.21,242.67,7.84,68.94,24.24,1.66,0.0
20230310:1530,521.58,408.06,267.0,6.3,71.21,25.15,1.52,0.0
20230310:1630,625.71,586.52,239.57,7.85,63.84,25.2,1.38,0.0
20230310:1730,369.07,296.92,176.14,4.67,52.1,25.87,1.24,0.0
20230310:1830,220.37,128.82,159.36,2.96,38.96,25.05,0.76,0.0
20230310:1930,79.92,17.75,99.29,1.22,25.3,23.79,0.28,0.0
20230310:2030,11.58,1.76,25.76,0.3,11.46,22.04,0.69,0.0
20230310:2130,0.0,0.0,0.0,0.0,-2.38,20.64,0.34,0.0
20230310:2230,0.0,0.0,0.0,0.0,0.0,19.74,0.28,0.0
20230310:2330,0.0,0.0,0.0,0.0,0.0,19.68,0.21,0.0
20230311:0030,0.0,0.0,0.0,0.0,0.0,19.21,0.28,0.0
20230311:0130,0.0,0.0,0.0,0.0,0.0,18.83,0.07,0.0
20230311:0230,0.0,0.0,0.0,0.0,0.0,18.46,0.55,0.0
20230311:0330,0.0,0.0,0.0,0.0,0.0,18.22,0.69,0.0
20230311:0430,0.0,0.0,0.0,0.0,0.0,17.96,0.76,0.0
20230311:0530,0.0,0.0,0.0,0.0,0.0,17.91,0.69,0.0
20230311:0630,0.0,0.0,0.0,0.0,0.0,17.73,0.76,0.0
20230311:0730,0.0,0.0,0.0,0.0,0.0,17.42,0.97,0.0
20230311:0830,0.0,0.0,0.0,0.0,0.0,17.33,0.83,0.0
20230311:0930,17.09,17.27,21.41,0.3,5.43,17.12,0.83,0.0
20230311:1030,124.95,57.59,110.01,1.47,19.29,17.68,0.69,0.0
20230311:1130,237.88,112.53,187.76,2.7,33.03,19.0,0.97,0.0
20230311:1230,394.88,221.41,273.02,4.45,46.43,19.76,1.24,0.0
20230311:1330,224.51,100.88,183.91,2.68,58.89,21.14,1.52,0.0
20230311:1430,285.98,79.64,280.57,3.48,68.63,20.02,1.31,0.0
20230311:1530,139.49,6.32,178.81,1.84,70.82,20.52,1.31,0.0
20230311:1630,136.88,12.52,168.72,1.8,63.51,19.82,1.24,0.0
20230311:1730,100.78,21.77,116.06,1.37,51.84,19.8,1.03,0.0
20230311:1830,83.03,0.22,117.06,1.17,38.73,19.84,0.9,0.0
20230311:1930,54.79,4.48,78.76,0.84,25.09,19.86,0.69,0.0
20230311:2030,9.43,0.0,23.04,0.23,11.26,19.8,0.14,0.0
20230311:2130,0.0,0.0,0.0,0.0,-2.59,19.17,0.0,0.0
20230311:2230,0.0,0.0,0.0,0.0,0.0,18.48,0.14,0.0
20230311:2330,0.0,0.0,0.0,0.0,0.0,18.09,0.28,0.0
20230312:0030,0.0,0.0,0.0,0.0,0.0,17.86,0.48,0.0
20230312:0130,0.0,0.0,0.0,0.0,0.0,17.85,0.34,0.0
20230312:0230,0.0,0.0,0.0,0.0,0.0,17.49,0.62,0.0
20230312:0330,0.0,0.0,0.0,0.0,0.0,17.12,0.9,0.0
20230312:0430,0.0,0.0,0.0,0.0,0.0,17.16,0.69,0.0
20230312:0530,0.0,0.0,0.0,0.0,0.0,17.03,0.69,0.0
20230312:0630,0.0,0.0,0.0,0.0,0.0,17.05,0.55,0.0
20230312:0730,0.0,0.0,0.0,0.0,0.0,17.4,0.55,0.0
20230312:0830,0.0,0.0,0.0,0.0,0.0,17.04,0.62,0.0
20230312:0930,5.48,0.79,16.0,0.16,5.34,17.19,0.76,0.0
20230312:1030,33.28,7.94,47.57,0.53,19.2,17.6,0.62,0.0
20230312:1130,207.1,64.19,199.3,2.46,32.93,18.33,0.76,0.0
20230312:1230,297.67,160.28,212.59,3.38,46.29,19.57,0.83,0.0
20230312:1330,403.66,215.77,294.93,4.7,58.69,20.46,0.69,0.0
20230312:1430,403.25,165.15,351.92,4.9,68.31,21.63,0.41,0.0
20230312:1530,282.78,46.83,317.94,3.59,70.42,22.37,0.28,0.0
20230312:1630,298.26,91.33,290.38,3.74,63.18,21.36,0.14,0.0
20230312:1730,127.94,0.63,171.87,1.72,51.57,21.29,0.62,0.0
20230312:1830,173.07,89.59,134.87,2.29,38.5,20.18,0.9,0.0
20230312:1930,38.88,12.28,51.76,0.67,24.87,20.3,1.24,0.0
20230312:2030,15.43,2.44,30.84,0.37,11.05,19.6,0.83,0.0
20230312:2130,0.0,0.0,0.0,0.0,-2.81,19.13,0.83,0.0
20230312:2230,0.0,0.0,0.0,0.0,0.0,18.43,1.03,0.0
20230312:2330,0.0,0.0,0.0,0.0,0.0,18.01,0.9,0.0
20230313:0030,0.0,0.0,0.0,0.0,0.0,17.84,0.69,0.0
20230313:0130,0.0,0.0,0.0,0.0,0.0,17.62,0.69,0.0
20230313:0230,0.0,0.0,0.0,0.0,0.0,17.39,0.55,0.0
20230313:0330,0.0,0.0,0.0,0.0,0.0,17.23,0.48,0.0
20230313:0430,0.0,0.0,0.0,0.0,0.0,16.96,0.48,0.0
20230313:0530,0.0,0.0,0.0,0.0,0.0,17.04,0.41,0.0
20230313:0630,0.0,0.0,0.0,0.0,0.0,17.15,0.34,0.0
20230313:0730,0.0,0.0,0.0,0.0,0.0,17.09,0.55,0.0
20230313:0830,0.0,0.0,0.0,0.0,0.0,17.11,0.41,0.0
20230313:0930,15.27,10.94,23.36,0.28,5.25,17.02,0.34,0.0
20230313:1030,113.48,65.85,87.94,1.31,19.11,17.32,0.83,0.0
20230313:1130,334.13,212.29,204.35,3.57,32.83,18.61,1.1,0.0
20230313:1230,522.46,442.56,217.53,5.65,46.16,20.28,1.38,0.0
20230313:1330,537.25,428.57,254.84,6.06,58.49,21.69,1.59,0.0
20230313:1430,593.55,418.79,352.99,7.04,67.99,22.24,1.24,0.0
20230313:1530,484.6,308.01,315.47,5.84,70.02,23.26,1.1,0.0
20230313:1630,456.37,393.86,186.23,5.5,62.84,22.67,0.97,0.0
20230313:1730,255.72,161.7,164.63,3.21,51.3,22.3,0.28,0.0
20230313:1830,183.15,105.18,133.06,2.43,38.26,21.69,0.76,0.0
20230313:1930,71.55,25.62,80.53,1.12,24.66,21.33,0.76,0.0
20230313:2030,13.1,1.23,28.0,0.31,10.84,19.77,1.03,0.0
20230313:2130,0.0,0.0,0.0,0.0,-3.02,19.02,0.62,0.0
20230313:2230,0.0,0.0,0.0,0.0,0.0,18.63,0.55,0.0
20230313:2330,0.0,0.0,0.0,0.0,0.0,18.58,0.55,0.0
20230314:0030,0.0,0.0,0.0,0.0,0.0,18.49,0.41,0.0
20230314:0130,0.0,0.0,0.0,0.0,0.0,18.27,0.34,0.0
20230314:0230,0.0,0.0,0.0,0.0,0.0,18.11,0.21,0.0
20230314:0330,0.0,0.0,0.0,0.0,0.0,17.75,0.34,0.0
20230314:0430,0.0,0.0,0.0,0.0,0.0,17.25,0.55,0.0
20230314:0530,0.0,0.0,0.0,0.0,0.0,16.82,0.69,0.0
20230314:0630,0.0,0.0,0.0,0.0,0.0,16.85,0.62,0.0
20230314:0730,0.0,0.0,0.0,0.0,0.0,17.7,0.14,0.0
20230314:0830,0.0,0.0,0.0,0.0,0.0,17.68,0.14,0.0
20230314:0930,24.14,27.91,23.12,0.35,5.17,17.61,0.28,0.0
20230314:1030,104.93,50.18,93.66,1.26,19.02,18.02,0.48,0.0
20230314:1130,323.87,230.29,175.39,3.42,32.72,19.1,0.69,0.0
20230314:1230,512.8,481.84,167.47,5.5,46.02,20.51,1.03,0.0
20230314:1330,661.4,734.62,131.59,7.48,58.29,22.02,1.03,0.0
20230314:1430,679.54,734.99,167.28,8.02,67.67,23.18,0.97,0.0
20230314:1530,697.0,779.38,157.95,8.55,69.62,24.02,0.83,0.0
20230314:1630,595.02,591.19,195.41,7.4,62.51,24.71,0.76,0.0
20230314:1730,442.25,397.21,177.08,5.61,51.03,24.82,0.34,0.0
20230314:1830,194.4,114.11,140.52,2.59,38.02,23.36,0.28,0.0
20230314:1930,79.59,6.14,108.32,1.16,24.43,21.69,1.17,0.0
20230314:2030,16.56,1.54,32.91,0.37,10.62,20.52,0.97,0.0
20230314:2130,0.0,0.0,0.0,0.0,-3.24,19.99,0.62,0.0
20230314:2230,0.0,0.0,0.0,0.0,0.0,19.61,0.76,0.0
20230314:2330,0.0,0.0,0.0,0.0,0.0,19.05,0.9,0.0
20230315:0030,0.0,0.0,0.0,0.0,0.0,18.77,0.97,0.0
20230315:0130,0.0,0.0,0.0,0.0,0.0,18.49,0.97,0.0
20230315:0230,0.0,0.0,0.0,0.0,0.0,18.11,0.9,0.0
20230315:0330,0.0,0.0,0.0,0.0,0.0,17.86,0.83,0.0
20230315:0430,0.0,0.0,0.0,0.0,0.0,17.81,0.76,0.0
20230315:0530,0.0,0.0,0.0,0.0,0.0,17.53,0.69,0.0
20230315:0630,0.0,0.0,0.0,0.0,0.0,17.13,0.69,0.0
20230315:0730,0.0,0.0,0.0,0.0,0.0,17.31,0.41,0.0
20230315:0830,0.0,0.0,0.0,0.0,0.0,17.29,0.28,0.0
20230315:0930,37.18,51.46,22.57,0.45,5.08,17.28,0.34,0.0
20230315:1030,224.77,194.24,96.46,2.21,18.93,17.72,0.41,0.0
20230315:1130,398.76,343.65,157.14,4.08,32.62,19.31,0.69,0.0
20230315:1230,564.0,558.23,166.33,6.08,45.88,20.66,0.76,0.0
20230315:1330,553.06,518.46,194.53,6.21,58.08,22.03,0.83,0.0
20230315:1430,667.44,693.5,195.95,7.9,67.34,22.61,0.62,0.0
20230315:1530,646.83,688.75,175.12,7.87,69.22,23.74,0.55,0.0
20230315:1630,498.8,490.69,153.55,6.06,62.16,24.32,0.76,0.0
20230315:1730,450.96,438.12,137.71,5.61,50.75,24.33,1.24,0.0
20230315:1830,325.3,315.95,99.62,4.28,37.78,23.74,1.38,0.0
20230315:1930,171.91,162.25,78.29,2.76,24.21,23.6,1.79,0.0
20230315:2030,21.57,27.25,30.11,1.03,10.41,23.1,1.79,0.0
20230315:2130,0.0,0.0,0.0,0.0,-3.45,22.21,1.45,0.0
20230315:2230,0.0,0.0,0.0,0.0,0.0,21.24,1.38,0.0
20230315:2330,0.0,0.0,0.0,0.0,0.0,20.21,1.38,0.0
20230316:0030,0.0,0.0,0.0,0.0,0.0,19.37,1.31,0.0
20230316:0130,0.0,0.0,0.0,0.0,0.0,18.89,1.24,0.0
20230316:0230,0.0,0.0,0.0,0.0,0.0,18.25,1.1,0.0
20230316:0330,0.0,0.0,0.0,0.0,0.0,17.82,1.1,0.0
20230316:0430,0.0,0.0,0.0,0.0,0.0,17.47,1.03,0.0
20230316:0530,0.0,0.0,0.0,0.0,0.0,17.32,0.9,0.0
20230316:0630,0.0,0.0,0.0,0.0,0.0,17.32,0.69,0.0
20230316:0730,0.0,0.0,0.0,0.0,0.0,17.21,0.55,0.0
20230316:0830,0.0,0.0,0.0,0.0,0.0,17.08,0.48,0.0
20230316:0930,40.93,57.32,22.76,0.47,5.0,17.06,0.48,0.0
20230316:1030,241.96,211.28,99.26,2.33,18.84,17.12,0.69,0.0
20230316:1130,430.98,383.6,157.58,4.37,32.51,18.87,0.76,0.0
20230316:1230,553.17,504.37,202.05,5.95,45.74,20.31,0.97,0.0
20230316:1330,662.45,686.81,179.19,7.46,57.87,21.56,1.1,0.0
20230316:1430,725.03,805.1,160.9,8.53,67.01,22.71,1.17,0.0
20230316:1530,721.14,803.69,158.12,8.72,68.81,23.64,1.31,0.0
20230316:1630,671.06,748.99,137.15,8.28,61.82,24.28,1.38,0.0
20230316:1730,539.15,568.7,127.48,6.76,50.47,24.68,1.45,0.0
20230316:1830,364.2,373.84,93.09,4.81,37.54,24.68,1.59,0.0
20230316:1930,195.99,210.87,64.44,3.19,23.99,24.55,1.79,0.0
20230316:2030,18.96,27.82,26.51,1.0,10.19,23.88,2.0,0.0
20230316:2130,0.0,0.0,0.0,0.0,-3.67,22.74,1.93,0.0
20230316:2230,0.0,0.0,0.0,0.0,0.0,21.17,2.0,0.0
20230316:2330,0.0,0.0,0.0,0.0,0.0,19.97,1.93,0.0
20230317:0030,0.0,0.0,0.0,0.0,0.0,18.99,1.59,0.0
20230317:0130,0.0,0.0,0.0,0.0,0.0,18.35,1.38,0.0
20230317:0230,0.0,0.0,0.0,0.0,0.0,17.71,1.24,0.0
20230317:0330,0.0,0.0,0.0,0.0,0.0,17.19,1.03,0.0
20230317:0430,0.0,0.0,0.0,0.0,0.0,16.67,0.9,0.0
20230317:0530,0.0,0.0,0.0,0.0,0.0,16.21,0.69,0.0
20230317:0630,0.0,0.0,0.0,0.0,0.0,15.89,0.48,0.0
20230317:0730,0.0,0.0,0.0,0.0,0.0,16.09,0.34,0.0
20230317:0830,0.0,0.0,0.0,0.0,0.0,15.69,0.14,0.0
20230317:0930,34.81,40.77,26.74,0.43,4.92,15.36,0.07,0.0
20230317:1030,190.55,131.76,113.92,1.94,18.75,15.63,0.21,0.0
20230317:1130,444.86,397.49,161.41,4.48,32.4,17.03,0.21,0.0
20230317:1230,643.76,693.31,145.6,6.94,45.59,19.1,0.48,0.0
20230317:1330,755.9,925.11,96.34,8.71,57.66,20.93,0.55,0.0
20230317:1430,781.12,957.32,111.36,9.38,66.69,22.39,0.69,0.0
20230317:1530,778.55,963.87,102.22,9.63,68.41,23.43,0.83,0.0
20230317:1630,663.18,719.12,165.79,8.24,61.47,24.29,0.9,0.0
20230317:1730,522.75,489.52,191.09,6.58,50.18,24.71,0.97,0.0
20230317:1830,352.28,278.47,175.36,4.61,37.29,24.81,1.38,0.0
20230317:1930,196.44,208.77,67.01,3.18,23.76,24.35,1.66,0.0
20230317:2030,22.24,33.78,28.83,1.18,9.97,23.56,1.79,0.0
20230317:2130,0.0,0.0,0.0,0.0,-3.89,22.3,1.59,0.0
20230317:2230,0.0,0.0,0.0,0.0,0.0,20.7,1.45,0.0
20230317:2330,0.0,0.0,0.0,0.0,0.0,19.54,1.38,0.0
20230318:0030,0.0,0.0,0.0,0.0,0.0,18.81,1.24,0.0
20230318:0130,0.0,0.0,0.0,0.0,0.0,17.99,1.17,0.0
20230318:0230,0.0,0.0,0.0,0.0,0.0,17.07,1.03,0.0
20230318:0330,0.0,0.0,0.0,0.0,0.0,16.39,0.9,0.0
20230318:0430,0.0,0.0,0.0,0.0,0.0,16.17,0.69,0.0
20230318:0530,0.0,0.0,0.0,0.0,0.0,16.2,0.48,0.0
20230318:0630,0.0,0.0,0.0,0.0,0.0,16.05,0.34,0.0
20230318:0730,0.0,0.0,0.0,0.0,0.0,16.14,0.34,0.0
20230318:0830,0.0,0.0,0.0,0.0,0.0,15.89,0.28,0.0
20230318:0930,56.55,85.43,20.47,0.54,4.83,15.7,0.14,0.0
20230318:1030,278.78,268.84,88.22,2.58,18.66,16.18,0.07,0.0
20230318:1130,488.86,529.48,95.74,4.89,32.3,18.85,0.0,0.0
20230318:1230,636.19,729.63,111.84,6.91,45.45,20.93,0.21,0.0
20230318:1330,657.87,753.77,123.77,7.48,57.44,22.32,0.34,0.0
20230318:1430,723.38,826.0,150.63,8.57,66.35,23.17,0.76,0.0
20230318:1530,562.49,563.02,170.12,6.65,68.01,24.03,0.83,0.0
20230318:1630,509.23,445.73,216.42,6.19,61.13,24.1,0.62,0.0
20230318:1730,450.54,424.03,160.4,5.64,49.9,24.32,0.28,0.0
20230318:1830,351.99,343.95,112.96,4.66,37.04,24.14,0.21,0.0
20230318:1930,158.94,160.2,66.57,2.57,23.53,24.29,0.48,0.0
20230318:2030,17.23,26.48,24.85,0.94,9.75,23.8,0.69,0.0
20230318:2130,0.0,0.0,0.0,0.0,-4.11,22.77,1.1,0.0
20230318:2230,0.0,0.0,0.0,0.0,0.0,21.31,1.1,0.0
20230318:2330,0.0,0.0,0.0,0.0,0.0,20.18,1.03,0.0
20230319:0030,0.0,0.0,0.0,0.0,0.0,19.23,0.97,0.0
20230319:0130,0.0,0.0,0.0,0.0,0.0,18.51,0.9,0.0
20230319:0230,0.0,0.0,0.0,0.0,0.0,18.16,0.83,0.0
20230319:0330,0.0,0.0,0.0,0.0,0.0,17.72,0.69,0.0
20230319:0430,0.0,0.0,0.0,0.0,0.0,17.43,0.62,0.0
20230319:0530,0.0,0.0,0.0,0.0,0.0,17.44,0.48,0.0
20230319:0630,0.0,0.0,0.0,0.0,0.0,17.23,0.14,0.0
20230319:0730,0.0,0.0,0.0,0.0,0.0,16.93,0.07,0.0
20230319:0830,0.0,0.0,0.0,0.0,0.0,16.61,0.21,0.0
20230319:0930,37.5,43.21,28.24,0.44,4.75,16.18,0.41,0.0
20230319:1030,210.46,158.54,112.4,2.07,18.57,16.72,0.41,0.0
20230319:1130,446.9,423.38,140.7,4.46,32.19,19.13,0.55,0.0
20230319:1230,627.68,694.89,119.98,6.68,45.3,21.27,0.97,0.0
20230319:1330,621.14,651.12,159.61,6.92,57.23,22.8,1.03,0.0
20230319:1430,643.77,670.53,181.41,7.49,66.02,23.71,0.9,0.0
20230319:1530,644.51,687.24,172.75,7.75,67.61,24.3,0.69,0.0
20230319:1630,588.15,637.67,147.52,7.28,60.78,24.77,0.21,0.0
20230319:1730,469.4,492.94,119.38,5.89,49.61,24.95,0.21,0.0
20230319:1830,381.66,407.37,90.03,5.06,36.79,25.04,0.41,0.0
20230319:1930,179.35,184.7,70.15,2.89,23.3,24.53,0.28,0.0
20230319:2030,15.95,26.3,23.13,0.91,9.53,23.22,1.03,0.0
20230319:2130,0.0,0.0,0.0,0.0,-4.33,21.67,0.97,0.0
20230319:2230,0.0,0.0,0.0,0.0,0.0,20.83,0.83,0.0
20230319:2330,0.0,0.0,0.0,0.0,0.0,19.95,0.76,0.0
20230320:0030,0.0,0.0,0.0,0.0,0.0,19.53,0.41,0.0
20230320:0130,0.0,0.0,0.0,0.0,0.0,19.34,0.14,0.0
20230320:0230,0.0,0.0,0.0,0.0,0.0,18.87,0.21,0.0
20230320:0330,0.0,0.0,0.0,0.0,0.0,18.3,0.41,0.0
20230320:0430,0.0,0.0,0.0,0.0,0.0,17.69,0.48,0.0
20230320:0530,0.0,0.0,0.0,0.0,0.0,17.32,0.41,0.0
20230320:0630,0.0,0.0,0.0,0.0,0.0,16.76,0.69,0.0
20230320:0730,0.0,0.0,0.0,0.0,0.0,16.63,0.69,0.0
20230320:0830,0.0,0.0,0.0,0.0,0.0,16.56,0.69,0.0
20230320:0930,56.97,83.19,22.23,0.53,4.67,16.16,0.83,0.0
20230320:1030,278.73,290.66,66.17,2.51,18.48,16.94,0.55,0.0
20230320:1130,477.57,511.51,93.12,4.69,32.08,20.11,0.83,0.0
20230320:1230,634.6,728.18,95.99,6.72,45.16,21.76,1.1,0.0
20230320:1330,704.45,814.28,115.89,7.87,57.01,23.08,1.38,0.0
20230320:1430,713.55,806.53,144.18,8.3,65.69,24.14,1.38,0.0
20230320:1530,688.93,764.31,155.9,8.26,67.2,24.97,1.24,0.0
20230320:1630,606.37,645.32,155.74,7.41,60.42,25.73,1.1,0.0
20230320:1730,484.65,483.21,148.44,6.06,49.32,25.82,0.76,0.0
20230320:1830,356.15,339.14,122.23,4.66,36.53,24.26,0.48,0.0
20230320:1930,119.93,82.77,88.58,1.86,23.07,23.28,0.83,0.0
20230320:2030,17.0,10.26,30.56,0.57,9.3,22.14,1.17,0.0
20230320:2130,0.0,0.0,0.0,0.0,-4.55,21.07,0.28,0.0
20230320:2230,0.0,0.0,0.0,0.0,0.0,20.16,0.55,0.0
20230320:2330,0.0,0.0,0.0,0.0,0.0,19.72,0.14,0.0
20230321:0030,0.0,0.0,0.0,0.0,0.0,19.54,0.21,0.0
20230321:0130,0.0,0.0,0.0,0.0,0.0,19.23,0.28,0.0
20230321:0230,0.0,0.0,0.0,0.0,0.0,18.59,0.48,0.0
20230321:0330,0.0,0.0,0.0,0.0,0.0,18.23,0.34,0.0
20230321:0430,0.0,0.0,0.0,0.0,0.0,17.57,0.21,0.0
20230321:0530,0.0,0.0,0.0,0.0,0.0,16.6,0.07,0.0
20230321:0630,0.0,0.0,0.0,0.0,0.0,16.01,0.21,0.0
20230321:0730,0.0,0.0,0.0,0.0,0.0,16.48,0.34,0.0
20230321:0830,0.0,0.0,0.0,0.0,0.0,16.36,0.34,0.0
20230321:0930,42.72,60.99,21.17,0.43,4.59,16.05,0.34,0.0
20230321:1030,195.2,163.67,89.33,1.88,18.39,16.89,0.21,0.0
20230321:1130,428.92,393.19,151.31,4.29,31.97,19.14,0.07,0.0
20230321:1230,583.29,585.08,184.4,6.32,45.01,21.65,0.07,0.0
20230321:1330,681.42,773.72,148.0,7.79,56.78,22.96,0.28,0.0
20230321:1430,693.74,816.07,123.31,8.17,65.35,23.88,0.48,0.0
20230321:1530,685.79,784.0,147.74,8.33,66.8,24.64,0.48,0.0
20230321:1630,642.46,728.86,134.32,7.95,60.07,25.08,0.55,0.0
20230321:1730,425.35,377.47,171.71,5.26,49.02,25.53,0.83,0.0
20230321:1830,291.69,283.11,93.09,3.79,36.28,25.28,1.31,0.0
20230321:1930,183.29,198.01,62.57,2.94,22.83,24.88,1.1,0.0
20230321:2030,13.5,20.08,22.17,0.73,9.08,23.65,1.24,0.0
20230321:2130,0.0,0.0,0.0,0.0,-4.78,22.6,1.1,0.0
20230321:2230,0.0,0.0,0.0,0.0,0.0,21.27,1.24,0.0
20230321:2330,0.0,0.0,0.0,0.0,0.0,19.94,1.17,0.0
20230322:0030,0.0,0.0,0.0,0.0,0.0,19.3,1.17,0.0
20230322:0130,0.0,0.0,0.0,0.0,0.0,18.3,1.17,0.0
20230322:0230,0.0,0.0,0.0,0.0,0.0,18.1,0.97,0.0
20230322:0330,0.0,0.0,0.0,0.0,0.0,18.31,0.76,0.0
20230322:0430,0.0,0.0,0.0,0.0,0.0,17.87,0.76,0.0
20230322:0530,0.0,0.0,0.0,0.0,0.0,17.49,0.69,0.0
20230322:0630,0.0,0.0,0.0,0.0,0.0,17.24,0.34,0.0
20230322:0730,0.0,0.0,0.0,0.0,0.0,16.77,0.34,0.0
20230322:0830,0.0,0.0,0.0,0.0,0.0,16.63,0.14,0.0
20230322:0930,7.99,0.0,20.55,0.21,4.51,16.49,0.07,0.0
20230322:1030,188.24,126.49,117.83,1.9,18.31,17.01,0.0,0.0
20230322:1130,406.21,324.95,188.85,4.12,31.86,18.83,0.14,0.0
20230322:1230,586.25,578.49,187.5,6.28,44.86,21.05,0.34,0.0
20230322:1330,739.91,898.0,106.02,8.43,56.56,22.67,0.62,0.0
20230322:1430,766.76,939.17,119.99,9.17,65.02,24.17,0.62,0.0
20230322:1530,715.91,875.6,107.29,8.75,66.4,25.11,0.48,0.0
20230322:1630,638.91,749.13,110.29,7.89,59.72,25.61,0.55,0.0
20230322:1730,503.91,543.43,116.25,6.28,48.73,25.86,0.62,0.0
20230322:1830,325.23,334.39,87.52,4.24,36.02,25.86,0.9,0.0
20230322:1930,155.76,167.28,57.11,2.51,22.6,25.05,0.9,0.0
20230322:2030,14.58,22.41,23.11,0.8,8.86,24.59,1.24,0.0
20230322:2130,0.0,0.0,0.0,0.0,-5.0,23.52,1.03,0.0
20230322:2230,0.0,0.0,0.0,0.0,0.0,21.76,1.17,0.0
20230322:2330,0.0,0.0,0.0,0.0,0.0,20.84,1.31,0.0
20230323:0030,0.0,0.0,0.0,0.0,0.0,19.97,1.45,0.0
20230323:0130,0.0,0.0,0.0,0.0,0.0,19.24,1.45,0.0
20230323:0230,0.0,0.0,0.0,0.0,0.0,18.72,1.31,0.0
20230323:0330,0.0,0.0,0.0,0.0,0.0,18.16,1.17,0.0
20230323:0430,0.0,0.0,0.0,0.0,0.0,17.72,1.03,0.0
20230323:0530,0.0,0.0,0.0,0.0,0.0,17.15,0.9,0.0
20230323:0630,0.0,0.0,0.0,0.0,0.0,17.01,0.62,0.0
20230323:0730,0.0,0.0,0.0,0.0,0.0,16.86,0.55,0.0
20230323:0830,0.0,0.0,0.0,0.0,0.0,16.74,0.41,0.0
20230323:0930,7.6,0.0,19.96,0.21,4.43,16.48,0.28,0.0
20230323:1030,244.94,214.63,99.53,2.25,18.22,16.56,0.07,0.0
20230323:1130,493.03,524.38,102.81,4.8,31.75,18.49,0.21,0.0
20230323:1230,657.19,763.11,102.54,6.98,44.7,20.96,0.55,0.0
20230323:1330,749.81,912.93,103.69,8.51,56.33,22.77,0.76,0.0
20230323:1430,788.3,988.02,102.4,9.41,64.68,24.14,0.76,0.0
20230323:1530,754.15,932.84,113.59,9.29,66.0,25.17,0.55,0.0
20230323:1630,661.32,781.95,110.82,8.17,59.36,25.8,0.69,0.0
20230323:1730,574.33,666.63,90.53,7.19,48.43,25.94,0.97,0.0
20230323:1830,389.83,411.09,95.81,5.08,35.76,25.95,1.1,0.0
20230323:1930,181.25,185.45,72.73,2.86,22.36,25.59,1.03,0.0
20230323:2030,17.19,26.38,25.64,0.92,8.63,25.05,1.1,0.0
20230323:2130,0.0,0.0,0.0,0.0,-5.22,23.82,0.97,0.0
20230323:2230,0.0,0.0,0.0,0.0,0.0,21.89,0.97,0.0
20230323:2330,0.0,0.0,0.0,0.0,0.0,20.54,1.03,0.0
20230324:0030,0.0,0.0,0.0,0.0,0.0,19.68,1.03,0.0
20230324:0130,0.0,0.0,0.0,0.0,0.0,19.09,0.83,0.0
20230324:0230,0.0,0.0,0.0,0.0,0.0,19.18,0.55,0.0
20230324:0330,0.0,0.0,0.0,0.0,0.0,18.93,0.34,0.0
20230324:0430,0.0,0.0,0.0,0.0,0.0,18.41,0.69,0.0
20230324:0530,0.0,0.0,0.0,0.0,0.0,17.94,0.9,0.0
20230324:0630,0.0,0.0,0.0,0.0,0.0,17.94,0.9,0.0
20230324:0730,0.0,0.0,0.0,0.0,0.0,17.47,0.97,0.0
20230324:0830,0.0,0.0,0.0,0.0,0.0,17.3,0.97,0.0
20230324:0930,6.84,0.0,18.8,0.19,4.35,17.28,0.83,0.0
20230324:1030,283.72,279.5,83.38,2.5,18.13,17.52,0.69,0.0
20230324:1130,504.64,549.15,91.87,4.87,31.64,20.4,0.97,0.0
20230324:1230,652.2,747.31,103.62,6.84,44.55,22.06,1.17,0.0
20230324:1330,741.93,885.24,107.3,8.28,56.1,23.44,1.31,0.0
20230324:1430,748.82,890.49,124.55,8.74,64.34,24.7,1.17,0.0
20230324:1530,725.03,851.24,143.28,8.81,65.59,25.68,0.76,0.0
20230324:1630,576.36,653.58,111.77,6.99,59.0,26.1,0.55,0.0
20230324:1730,459.38,463.23,133.38,5.65,48.13,26.01,0.76,0.0
20230324:1830,341.87,357.05,86.12,4.42,35.5,25.82,1.03,0.0
20230324:1930,134.73,129.01,66.76,2.14,22.12,25.74,1.1,0.0
20230324:2030,16.82,24.46,25.94,0.87,8.41,25.12,0.9,0.0
20230324:2130,0.0,0.0,0.0,0.0,-5.44,23.84,0.76,0.0
20230324:2230,0.0,0.0,0.0,0.0,0.0,22.53,0.76,0.0
20230324:2330,0.0,0.0,0.0,0.0,0.0,21.43,0.97,0.0
20230325:0030,0.0,0.0,0.0,0.0,0.0,20.54,1.03,0.0
20230325:0130,0.0,0.0,0.0,0.0,0.0,19.81,1.03,0.0
20230325:0230,0.0,0.0,0.0,0.0,0.0,19.39,0.9,0.0
20230325:0330,0.0,0.0,0.0,0.0,0.0,19.07,0.83,0.0
20230325:0430,0.0,0.0,0.0,0.0,0.0,19.05,0.69,0.0
20230325:0530,0.0,0.0,0.0,0.0,0.0,18.93,0.55,0.0
20230325:0630,0.0,0.0,0.0,0.0,0.0,18.66,0.41,0.0
20230325:0730,0.0,0.0,0.0,0.0,0.0,18.05,0.28,0.0
20230325:0830,0.0,0.0,0.0,0.0,0.0,17.76,0.21,0.0
20230325:0930,5.75,0.0,17.05,0.18,4.27,17.56,0.28,0.0
20230325:1030,241.65,225.96,85.61,2.18,18.04,17.71,0.14,0.0
20230325:1130,469.63,495.83,106.27,4.58,31.52,20.71,0.21,0.0
20230325:1230,622.06,697.13,118.89,6.55,44.39,22.79,0.83,0.0
20230325:1330,687.12,762.45,148.68,7.61,55.87,24.0,1.31,0.0
20230325:1430,678.64,777.7,122.32,7.74,64.0,24.94,1.38,0.0
20230325:1530,709.3,811.22,145.07,8.45,65.19,25.72,1.24,0.0
20230325:1630,641.87,718.32,139.11,7.8,58.64,26.35,1.1,0.0
20230325:1730,503.71,511.36,147.17,6.21,47.83,26.6,1.03,0.0
20230325:1830,374.3,395.1,94.08,4.86,35.24,26.19,0.69,0.0
20230325:1930,155.99,172.54,54.2,2.5,21.89,26.1,0.83,0.0
20230325:2030,14.43,17.58,24.91,0.69,8.18,24.45,0.55,0.0
20230325:2130,0.0,0.0,0.0,0.0,-5.67,23.3,0.62,0.0
20230325:2230,0.0,0.0,0.0,0.0,0.0,22.12,0.76,0.0
20230325:2330,0.0,0.0,0.0,0.0,0.0,21.28,0.76,0.0
20230326:0030,0.0,0.0,0.0,0.0,0.0,20.81,0.62,0.0
20230326:0130,0.0,0.0,0.0,0.0,0.0,20.57,0.41,0.0
20230326:0230,0.0,0.0,0.0,0.0,0.0,20.06,0.28,0.0
20230326:0330,0.0,0.0,0.0,0.0,0.0,19.64,0.41,0.0
20230326:0430,0.0,0.0,0.0,0.0,0.0,19.09,0.55,0.0
20230326:0530,0.0,0.0,0.0,0.0,0.0,18.74,0.62,0.0
20230326:0630,0.0,0.0,0.0,0.0,0.0,18.54,0.55,0.0
20230326:0730,0.0,0.0,0.0,0.0,0.0,18.36,0.9,0.0
20230326:0830,0.0,0.0,0.0,0.0,0.0,17.99,0.9,0.0
20230326:0930,6.21,0.0,17.79,0.18,4.19,17.4,1.03,0.0
20230326:1030,286.89,292.58,74.57,2.48,17.95,17.98,0.83,0.0
20230326:1130,494.93,535.46,93.94,4.74,31.41,21.48,1.17,0.0
20230326:1230,643.95,728.86,105.18,6.66,44.23,22.95,1.72,0.0
20230326:1330,738.22,859.85,108.14,8.03,55.64,24.14,2.41,0.0
20230326:1430,735.17,852.78,112.56,8.27,63.66,25.2,2.62,0.0
20230326:1530,592.16,588.43,174.44,6.77,64.79,25.65,2.48,0.0
20230326:1630,582.73,639.31,110.73,6.81,58.29,25.86,2.34,0.0
20230326:1730,513.56,557.61,102.52,6.2,47.53,26.41,2.14,0.0
20230326:1830,346.67,356.65,91.91,4.43,34.98,26.77,1.86,0.0
20230326:1930,163.45,178.3,58.51,2.59,21.65,26.98,1.72,0.0
20230326:2030,12.29,18.88,21.57,0.68,7.95,26.07,0.83,0.0
20230326:2130,0.0,0.0,0.0,0.0,-5.89,24.64,0.55,0.0
20230326:2230,0.0,0.0,0.0,0.0,0.0,23.43,0.69,0.0
20230326:2330,0.0,0.0,0.0,0.0,0.0,23.02,0.62,0.0
20230327:0030,0.0,0.0,0.0,0.0,0.0,22.5,0.62,0.0
20230327:0130,0.0,0.0,0.0,0.0,0.0,22.11,0.48,0.0
20230327:0230,0.0,0.0,0.0,0.0,0.0,21.74,0.48,0.0
20230327:0330,0.0,0.0,0.0,0.0,0.0,20.85,0.62,0.0
20230327:0430,0.0,0.0,0.0,0.0,0.0,20.06,0.69,0.0
20230327:0530,0.0,0.0,0.0,0.0,0.0,19.5,0.76,0.0
20230327:0630,0.0,0.0,0.0,0.0,0.0,19.64,0.48,0.0
20230327:0730,0.0,0.0,0.0,0.0,0.0,19.06,0.34,0.0
20230327:0830,0.0,0.0,0.0,0.0,0.0,18.72,0.21,0.0
20230327:0930,6.94,0.0,19.03,0.2,4.12,18.45,0.14,0.0
20230327:1030,270.62,255.17,93.64,2.39,17.86,18.44,0.21,0.0
20230327:1130,447.24,462.75,106.05,4.3,31.29,21.17,0.62,0.0
20230327:1230,586.93,594.33,167.89,6.13,44.07,22.49,0.97,0.0
20230327:1330,540.46,464.91,234.67,5.96,55.41,23.65,1.1,0.0
20230327:1430,548.4,517.88,189.76,6.14,63.32,24.01,1.31,0.0
20230327:1530,400.74,258.77,249.07,4.65,64.39,23.12,1.38,0.0
20230327:1630,376.35,256.05,216.4,4.39,57.93,22.26,1.66,0.0
20230327:1730,320.04,216.19,186.38,3.83,47.23,22.69,1.86,0.0
20230327:1830,254.76,220.18,104.66,3.2,34.72,22.34,1.66,0.0
20230327:1930,88.37,47.65,81.44,1.34,21.41,21.89,1.72,0.0
20230327:2030,9.66,1.57,22.96,0.27,7.73,21.03,1.66,0.0
20230327:2130,0.0,0.0,0.0,0.0,0.0,20.27,1.52,0.0
20230327:2230,0.0,0.0,0.0,0.0,0.0,19.69,1.59,0.0
20230327:2330,0.0,0.0,0.0,0.0,0.0,19.23,1.38,0.0
20230328:0030,0.0,0.0,0.0,0.0,0.0,18.93,1.38,0.0
20230328:0130,0.0,0.0,0.0,0.0,0.0,18.21,1.24,0.0
20230328:0230,0.0,0.0,0.0,0.0,0.0,18.11,1.17,0.0
20230328:0330,0.0,0.0,0.0,0.0,0.0,17.92,1.03,0.0
20230328:0430,0.0,0.0,0.0,0.0,0.0,17.88,1.03,0.0
20230328:0530,0.0,0.0,0.0,0.0,0.0,17.82,0.97,0.0
20230328:0630,0.0,0.0,0.0,0.0,0.0,17.62,0.97,0.0
20230328:0730,0.0,0.0,0.0,0.0,0.0,17.59,0.76,0.0
20230328:0830,0.0,0.0,0.0,0.0,0.0,17.51,0.76,0.0
20230328:0930,2.86,0.0,11.98,0.12,4.04,17.28,0.76,0.0
20230328:1030,145.55,111.18,80.87,1.43,17.77,17.45,0.97,0.0
20230328:1130,315.87,248.51,144.14,3.12,31.18,18.55,0.97,0.0
20230328:1230,372.68,260.97,205.82,3.96,43.91,20.23,0.9,0.0
20230328:1330,461.86,327.78,260.54,5.11,55.17,21.63,0.83,0.0
20230328:1430,430.18,357.03,188.8,4.8,62.98,22.56,0.83,0.0
20230328:1530,545.77,396.09,320.49,6.46,63.99,23.2,0.48,0.0
20230328:1630,438.11,383.09,184.29,5.19,57.57,24.39,0.21,0.0
20230328:1730,453.53,372.79,216.57,5.53,46.93,23.88,0.28,0.0
20230328:1830,279.38,235.55,123.16,3.52,34.45,23.21,0.97,0.0
20230328:1930,84.4,57.03,68.73,1.32,21.17,22.47,0.76,0.0
20230328:2030,11.65,5.37,24.76,0.38,7.5,21.28,0.9,0.0
20230328:2130,0.0,0.0,0.0,0.0,0.0,19.83,0.83,0.0
20230328:2230,0.0,0.0,0.0,0.0,0.0,19.34,0.69,0.0
20230328:2330,0.0,0.0,0.0,0.0,0.0,19.03,0.69,0.0
20230329:0030,0.0,0.0,0.0,0.0,0.0,18.82,0.55,0.0
20230329:0130,0.0,0.0,0.0,0.0,0.0,18.77,0.34,0.0
20230329:0230,0.0,0.0,0.0,0.0,0.0,18.45,0.69,0.0
20230329:0330,0.0,0.0,0.0,0.0,0.0,18.1,0.83,0.0
20230329:0430,0.0,0.0,0.0,0.0,0.0,17.75,0.76,0.0
20230329:0530,0.0,0.0,0.0,0.0,0.0,17.32,0.76,0.0
20230329:0630,0.0,0.0,0.0,0.0,0.0,17.07,0.76,0.0
20230329:0730,0.0,0.0,0.0,0.0,0.0,17.32,0.9,0.0
20230329:0830,0.0,0.0,0.0,0.0,0.0,17.2,1.03,0.0
20230329:0930,8.91,0.0,22.03,0.23,3.96,17.22,1.03,0.0
20230329:1030,73.54,6.15,98.81,1.02,17.67,17.72,0.9,0.0
20230329:1130,141.73,22.14,164.07,1.78,31.06,18.93,1.24,0.0
20230329:1230,229.04,42.65,247.62,2.78,43.75,19.38,1.59,0.0
20230329:1330,342.63,195.21,231.8,3.81,54.93,20.52,1.72,0.0
20230329:1430,391.3,173.91,319.55,4.56,62.63,21.49,1.59,0.0
20230329:1530,428.36,255.52,287.96,4.98,63.59,22.51,1.38,0.0
20230329:1630,397.81,245.56,260.5,4.71,57.21,23.33,1.24,0.0
20230329:1730,475.1,413.93,196.19,5.7,46.62,23.74,1.1,0.0
20230329:1830,275.14,247.13,108.85,3.48,34.19,24.33,0.69,0.0
20230329:1930,89.95,66.5,67.36,1.4,20.93,22.86,0.41,0.0
20230329:2030,10.52,4.23,23.5,0.34,7.27,21.56,0.55,0.0
20230329:2130,0.0,0.0,0.0,0.0,0.0,20.41,0.28,0.0
20230329:2230,0.0,0.0,0.0,0.0,0.0,19.57,0.62,0.0
20230329:2330,0.0,0.0,0.0,0.0,0.0,19.13,0.69,0.0
20230330:0030,0.0,0.0,0.0,0.0,0.0,18.9,0.48,0.0
20230330:0130,0.0,0.0,0.0,0.0,0.0,18.69,0.34,0.0
20230330:0230,0.0,0.0,0.0,0.0,0.0,18.47,0.21,0.0
20230330:0330,0.0,0.0,0.0,0.0,0.0,18.09,0.21,0.0
20230330:0430,0.0,0.0,0.0,0.0,0.0,17.6,0.41,0.0
20230330:0530,0.0,0.0,0.0,0.0,0.0,17.2,0.62,0.0
20230330:0630,0.0,0.0,0.0,0.0,0.0,16.95,0.69,0.0
20230330:0730,0.0,0.0,0.0,0.0,0.0,17.56,0.55,0.0
20230330:0830,0.0,0.0,0.0,0.0,0.0,17.63,0.48,0.0
20230330:0930,5.09,0.0,15.95,0.16,3.88,17.47,0.55,0.0
20230330:1030,164.39,135.01,80.81,1.55,17.58,17.91,0.28,0.0
20230330:1130,406.43,404.89,108.61,3.86,30.94,20.1,0.34,0.0
20230330:1230,541.05,538.62,158.47,5.57,43.58,21.58,0.62,0.0
20230330:1330,632.46,653.98,174.08,6.85,54.69,22.76,1.03,0.0
20230330:1430,669.47,675.01,212.09,7.58,62.29,23.7,1.17,0.0
20230330:1530,466.24,353.24,245.39,5.38,63.2,24.6,1.31,0.0
20230330:1630,397.02,257.56,247.82,4.68,56.85,23.5,1.17,0.0
20230330:1730,325.61,277.95,132.91,3.85,46.32,23.15,1.17,0.0
20230330:1830,275.64,196.6,155.43,3.43,33.93,22.06,1.17,0.0
20230330:1930,97.45,57.32,84.38,1.47,20.69,22.22,0.76,0.0
20230330:2030,6.56,3.5,17.5,0.26,7.05,21.22,0.41,0.0
20230330:2130,0.0,0.0,0.0,0.0,0.0,20.43,0.62,0.0
20230330:2230,0.0,0.0,0.0,0.0,0.0,19.56,0.83,0.0
20230330:2330,0.0,0.0,0.0,0.0,0.0,19.2,0.55,0.0
20230331:0030,0.0,0.0,0.0,0.0,0.0,18.75,0.21,0.0
20230331:0130,0.0,0.0,0.0,0.0,0.0,18.2,0.34,0.0
20230331:0230,0.0,0.0,0.0,0.0,0.0,17.83,0.34,0.0
20230331:0330,0.0,0.0,0.0,0.0,0.0,17.54,0.41,0.0
20230331:0430,0.0,0.0,0.0,0.0,0.0,17.27,0.41,0.0
20230331:0530,0.0,0.0,0.0,0.0,0.0,16.79,0.41,0.0
20230331:0630,0.0,0.0,0.0,0.0,0.0,16.31,0.34,0.0
20230331:0730,0.0,0.0,0.0,0.0,0.0,16.18,0.62,0.0
20230331:0830,0.0,0.0,0.0,0.0,0.0,15.83,0.69,0.0
20230331:0930,5.41,0.0,16.36,0.17,3.8,15.53,0.76,0.0
20230331:1030,272.21,273.59,72.54,2.27,17.49,16.35,0.55,0.0
20230331:1130,479.31,516.72,89.18,4.46,30.82,19.92,0.83,0.0
20230331:1230,610.3,685.45,100.96,6.17,43.42,21.74,1.24,0.0
20230331:1330,718.06,839.71,108.11,7.75,54.45,23.01,1.52,0.0
20230331:1430,744.38,872.7,120.07,8.38,61.95,24.21,1.66,0.0
20230331:1530,687.22,762.04,146.19,7.9,62.8,25.26,1.79,0.0
20230331:1630,602.55,646.5,136.58,7.01,56.49,25.66,1.93,0.0
20230331:1730,389.28,356.23,138.86,4.6,46.01,25.28,1.66,0.0
20230331:1830,283.71,230.72,135.18,3.55,33.66,24.44,1.24,0.0
20230331:1930,106.2,84.84,71.0,1.62,20.45,23.63,1.24,0.0
20230331:2030,8.67,4.18,20.75,0.3,6.82,22.24,1.1,0.0
20230331:2130,0.0,0.0,0.0,0.0,0.0,20.84,0.21,0.0
20230331:2230,0.0,0.0,0.0,0.0,0.0,20.0,0.48,0.0
20230331:2330,0.0,0.0,0.0,0.0,0.0,19.77,0.28,0.0
20230401:0030,0.0,0.0,0.0,0.0,0.0,19.34,0.34,0.0
20230401:0130,0.0,0.0,0.0,0.0,0.0,18.87,0.48,0.0
20230401:0230,0.0,0.0,0.0,0.0,0.0,18.26,0.55,0.0
20230401:0330,0.0,0.0,0.0,0.0,0.0,17.78,0.55,0.0
20230401:0430,0.0,0.0,0.0,0.0,0.0,17.38,0.55,0.0
20230401:0530,0.0,0.0,0.0,0.0,0.0,17.27,0.48,0.0
20230401:0630,0.0,0.0,0.0,0.0,0.0,17.16,0.28,0.0
20230401:0730,0.0,0.0,0.0,0.0,0.0,15.99,0.34,0.0
20230401:0830,0.0,0.0,0.0,0.0,0.0,16.02,0.34,0.0
20230401:0930,7.16,0.0,19.22,0.2,3.73,15.97,0.34,0.0
20230401:1030,203.45,153.42,107.81,1.87,17.4,16.49,0.41,0.0
20230401:1130,422.83,382.66,148.49,4.01,30.7,18.42,0.41,0.0
20230401:1230,591.51,575.94,195.86,6.13,43.25,20.81,0.41,0.0
20230401:1330,692.11,809.87,108.51,7.49,54.2,22.5,0.9,0.0
20230401:1430,742.56,868.13,124.61,8.36,61.6,23.85,1.45,0.0
20230401:1530,719.76,828.39,126.27,8.27,62.41,24.98,1.86,0.0
20230401:1630,681.22,768.66,125.32,7.96,56.14,25.54,2.21,0.0
20230401:1730,552.61,598.59,112.63,6.55,45.71,25.89,2.34,0.0
20230401:1830,390.68,411.07,91.28,4.84,33.4,25.7,2.34,0.0
20230401:1930,163.62,178.89,57.05,2.49,20.21,25.01,2.28,0.0
20230401:2030,10.11,22.16,17.69,0.69,6.6,24.11,1.79,0.0
20230401:2130,0.0,0.0,0.0,0.0,0.0,22.71,1.38,0.0
20230401:2230,0.0,0.0,0.0,0.0,0.0,20.89,1.31,0.0
20230401:2330,0.0,0.0,0.0,0.0,0.0,19.78,1.38,0.0
20230402:0030,0.0,0.0,0.0,0.0,0.0,18.87,1.45,0.0
20230402:0130,0.0,0.0,0.0,0.0,0.0,17.94,1.45,0.0
20230402:0230,0.0,0.0,0.0,0.0,0.0,17.46,1.38,0.0
20230402:0330,0.0,0.0,0.0,0.0,0.0,17.45,1.38,0.0
20230402:0430,0.0,0.0,0.0,0.0,0.0,17.34,1.38,0.0
20230402:0530,0.0,0.0,0.0,0.0,0.0,17.19,1.24,0.0
20230402:0630,0.0,0.0,0.0,0.0,0.0,17.04,1.24,0.0
20230402:0730,0.0,0.0,0.0,0.0,0.0,16.87,1.38,0.0
20230402:0830,0.0,0.0,0.0,0.0,0.0,16.77,1.38,0.0
20230402:0930,0.92,0.0,7.97,0.08,3.65,16.42,1.31,0.0
20230402:1030,103.51,86.83,54.18,1.03,17.3,16.71,1.52,0.0
20230402:1130,272.07,183.3,152.63,2.71,30.57,17.32,1.72,0.0
20230402:1230,388.67,288.29,190.27,3.96,43.08,18.4,1.66,0.0
20230402:1330,467.37,384.97,198.15,4.92,53.96,19.69,1.38,0.0
20230402:1430,464.49,316.08,269.71,5.17,61.26,20.69,1.24,0.0
20230402:1530,449.08,337.38,228.04,5.05,62.01,21.35,1.31,0.0
20230402:1630,490.79,426.41,192.27,5.57,55.78,21.53,1.52,0.0
20230402:1730,377.35,307.26,166.1,4.39,45.41,21.98,1.52,0.0
20230402:1830,252.51,227.75,93.49,3.09,33.13,21.72,1.72,0.0
20230402:1930,101.95,63.54,83.31,1.51,19.97,21.06,2.07,0.0
20230402:2030,7.87,8.44,18.11,0.37,6.37,20.16,2.21,0.0
20230402:2130,0.0,0.0,0.0,0.0,0.0,19.11,2.07,0.0
20230402:2230,0.0,0.0,0.0,0.0,0.0,18.38,2.0,0.0
20230402:2330,0.0,0.0,0.0,0.0,0.0,17.94,1.86,0.0
20230403:0030,0.0,0.0,0.0,0.0,0.0,17.58,1.72,0.0
20230403:0130,0.0,0.0,0.0,0.0,0.0,17.17,1.59,0.0
20230403:0230,0.0,0.0,0.0,0.0,0.0,16.87,1.45,0.0
20230403:0330,0.0,0.0,0.0,0.0,0.0,16.5,1.31,0.0
20230403:0430,0.0,0.0,0.0,0.0,0.0,16.15,1.17,0.0
20230403:0530,0.0,0.0,0.0,0.0,0.0,15.81,1.17,0.0
20230403:0630,0.0,0.0,0.0,0.0,0.0,15.49,1.03,0.0
20230403:0730,0.0,0.0,0.0,0.0,0.0,15.09,0.9,0.0
20230403:0830,0.0,0.0,0.0,0.0,0.0,14.77,0.76,0.0
20230403:0930,4.94,0.0,15.53,0.16,3.57,14.52,0.62,0.0
20230403:1030,185.8,153.27,84.4,1.65,17.21,14.88,0.83,0.0
20230403:1130,413.01,375.71,133.76,3.81,30.45,15.94,0.69,0.0
20230403:1230,581.08,570.52,170.88,5.84,42.91,17.99,0.55,0.0
20230403:1330,567.89,474.96,251.65,6.08,53.71,20.03,0.97,0.0
20230403:1430,454.6,214.03,367.44,5.3,60.92,21.29,0.83,0.0
20230403:1530,310.9,65.72,332.98,3.85,61.62,22.06,0.55,0.0
20230403:1630,517.41,441.51,228.43,6.02,55.42,22.14,0.41,0.0
20230403:1730,475.63,481.15,128.7,5.59,45.1,22.67,0.62,0.0
20230403:1830,298.93,263.91,120.53,3.68,32.87,22.91,0.62,0.0
20230403:1930,158.76,154.3,72.83,2.35,19.73,22.51,0.34,0.0
20230403:2030,8.84,12.88,18.52,0.48,6.15,21.94,0.48,0.0
20230403:2130,0.0,0.0,0.0,0.0,0.0,21.0,0.76,0.0
20230403:2230,0.0,0.0,0.0,0.0,0.0,19.57,0.9,0.0
20230403:2330,0.0,0.0,0.0,0.0,0.0,18.81,1.03,0.0
20230404:0030,0.0,0.0,0.0,0.0,0.0,17.95,1.1,0.0
20230404:0130,0.0,0.0,0.0,0.0,0.0,17.11,0.97,0.0
20230404:0230,0.0,0.0,0.0,0.0,0.0,16.47,0.76,0.0
20230404:0330,0.0,0.0,0.0,0.0,0.0,16.5,0.55,0.0
20230404:0430,0.0,0.0,0.0,0.0,0.0,16.1,0.62,0.0
20230404:0530,0.0,0.0,0.0,0.0,0.0,15.81,0.83,0.0
20230404:0630,0.0,0.0,0.0,0.0,0.0,15.16,0.9,0.0
20230404:0730,0.0,0.0,0.0,0.0,0.0,15.11,1.03,0.0
20230404:0830,0.0,0.0,0.0,0.0,0.0,14.86,0.97,0.0
20230404:0930,5.16,0.0,15.9,0.16,3.49,14.68,0.97,0.0
20230404:1030,271.46,263.98,78.96,2.2,17.11,15.48,0.69,0.0
20230404:1130,508.87,544.66,94.68,4.62,30.33,18.08,0.9,0.0
20230404:1230,650.11,733.5,106.28,6.49,42.74,19.86,1.03,0.0
20230404:1330,675.08,709.11,174.14,7.18,53.46,21.46,1.17,0.0
20230404:1430,594.14,582.85,188.72,6.53,60.57,22.49,0.97,0.0
20230404:1530,641.42,674.55,172.23,7.31,61.23,22.85,0.76,0.0
20230404:1630,532.04,562.78,126.61,6.11,55.07,23.52,0.62,0.0
20230404:1730,412.06,397.8,130.1,4.84,44.8,23.73,0.48,0.0
20230404:1830,301.18,310.41,78.15,3.7,32.6,23.48,0.48,0.0
20230404:1930,128.76,125.01,63.25,1.94,19.49,23.41,0.41,0.0
20230404:2030,6.36,16.0,13.78,0.49,5.93,22.66,0.69,0.0
20230404:2130,0.0,0.0,0.0,0.0,0.0,21.58,0.97,0.0
20230404:2230,0.0,0.0,0.0,0.0,0.0,20.23,0.9,0.0
20230404:2330,0.0,0.0,0.0,0.0,0.0,19.49,0.9,0.0
20230405:0030,0.0,0.0,0.0,0.0,0.0,18.58,0.97,0.0
20230405:0130,0.0,0.0,0.0,0.0,0.0,17.99,0.9,0.0
20230405:0230,0.0,0.0,0.0,0.0,0.0,17.72,0.76,0.0
20230405:0330,0.0,0.0,0.0,0.0,0.0,17.98,0.34,0.0
20230405:0430,0.0,0.0,0.0,0.0,0.0,17.53,0.07,0.0
20230405:0530,0.0,0.0,0.0,0.0,0.0,17.03,0.14,0.0
20230405:0630,0.0,0.0,0.0,0.0,0.0,16.62,0.21,0.0
20230405:0730,0.0,0.0,0.0,0.0,0.0,16.86,0.48,0.0
20230405:0830,0.0,0.0,0.0,0.0,0.0,16.24,0.55,0.0
20230405:0930,4.66,0.0,15.12,0.16,3.41,15.87,0.55,0.0
20230405:1030,293.11,298.15,73.86,2.34,17.02,16.05,0.34,0.0
20230405:1130,498.84,543.96,94.1,4.59,30.2,19.48,0.21,0.0
20230405:1230,607.06,681.13,116.22,6.16,42.56,21.34,0.28,0.0
20230405:1330,655.16,724.3,143.55,7.02,53.21,22.36,0.62,0.0
20230405:1430,594.89,608.89,168.38,6.54,60.23,22.96,0.76,0.0
20230405:1530,598.26,638.56,144.26,6.74,60.84,23.29,0.76,0.0
20230405:1630,444.99,397.55,171.05,5.08,54.71,23.64,0.83,0.0
20230405:1730,470.71,468.35,135.23,5.5,44.5,23.54,0.9,0.0
20230405:1830,324.36,328.48,88.24,3.95,32.34,23.58,1.03,0.0
20230405:1930,121.89,110.71,66.89,1.81,19.26,22.79,1.17,0.0
20230405:2030,7.3,8.85,17.31,0.4,5.71,21.44,1.17,0.0
20230405:2130,0.0,0.0,0.0,0.0,0.0,20.36,1.03,0.0
20230405:2230,0.0,0.0,0.0,0.0,0.0,19.37,1.03,0.0
20230405:2330,0.0,0.0,0.0,0.0,0.0,18.33,1.17,0.0
20230406:0030,0.0,0.0,0.0,0.0,0.0,17.83,1.31,0.0
20230406:0130,0.0,0.0,0.0,0.0,0.0,17.53,1.24,0.0
20230406:0230,0.0,0.0,0.0,0.0,0.0,16.89,1.17,0.0
20230406:0330,0.0,0.0,0.0,0.0,0.0,16.35,1.17,0.0
20230406:0430,0.0,0.0,0.0,0.0,0.0,15.97,1.1,0.0
20230406:0530,0.0,0.0,0.0,0.0,0.0,15.52,0.9,0.0
20230406:0630,0.0,0.0,0.0,0.0,0.0,15.29,0.83,0.0
20230406:0730,0.0,0.0,0.0,0.0,0.0,15.05,0.83,0.0
20230406:0830,0.0,0.0,0.0,0.0,0.0,15.16,0.69,0.0
20230406:0930,5.03,0.0,15.72,0.16,3.34,15.24,0.62,0.0
20230406:1030,98.77,46.16,88.21,1.11,16.92,15.67,1.03,0.0
20230406:1130,300.05,208.12,161.9,2.92,30.07,16.7,1.1,0.0
20230406:1230,481.16,395.55,204.56,4.81,42.38,18.22,1.1,0.0
20230406:1330,634.83,623.37,193.75,6.65,52.96,19.99,1.17,0.0
20230406:1430,661.64,642.5,226.22,7.31,59.89,21.5,0.97,0.0
20230406:1530,536.32,489.69,203.04,6.02,60.46,22.43,0.69,0.0
20230406:1630,585.3,604.26,160.47,6.74,54.36,22.95,0.69,0.0
20230406:1730,455.52,428.83,154.22,5.3,44.19,23.19,0.83,0.0
20230406:1830,312.16,273.4,125.77,3.78,32.08,22.02,0.83,0.0
20230406:1930,135.73,130.54,64.91,1.99,19.02,21.35,1.24,0.0
20230406:2030,5.93,14.07,13.62,0.49,5.49,20.75,1.45,0.0
20230406:2130,0.0,0.0,0.0,0.0,0.0,19.89,1.45,0.0
20230406:2230,0.0,0.0,0.0,0.0,0.0,19.0,1.38,0.0
20230406:2330,0.0,0.0,0.0,0.0,0.0,18.21,1.31,0.0
20230407:0030,0.0,0.0,0.0,0.0,0.0,17.78,1.31,0.0
20230407:0130,0.0,0.0,0.0,0.0,0.0,17.45,1.17,0.0
20230407:0230,0.0,0.0,0.0,0.0,0.0,16.83,1.1,0.0
20230407:0330,0.0,0.0,0.0,0.0,0.0,16.74,0.83,0.0
20230407:0430,0.0,0.0,0.0,0.0,0.0,16.44,0.9,0.0
20230407:0530,0.0,0.0,0.0,0.0,0.0,16.36,0.69,0.0
20230407:0630,0.0,0.0,0.0,0.0,0.0,16.42,0.55,0.0
20230407:0730,0.0,0.0,0.0,0.0,0.0,16.58,0.48,0.0
20230407:0830,0.0,0.0,0.0,0.0,0.0,16.73,0.48,0.0
20230407:0930,2.82,0.0,11.89,0.12,3.26,16.81,0.62,0.0
20230407:1030,80.43,32.43,80.79,0.97,16.82,17.06,0.83,0.0
20230407:1130,136.22,47.84,130.4,1.6,29.94,17.94,1.1,0.0
20230407:1230,239.08,109.44,189.9,2.66,42.21,18.54,1.31,0.0
20230407:1330,239.82,68.6,232.98,2.83,52.71,19.42,2.07,0.0
20230407:1430,285.13,90.73,266.6,3.36,59.55,20.27,2.14,0.0
20230407:1530,228.82,77.22,212.64,2.75,60.07,20.69,1.86,0.0
20230407:1630,218.92,51.86,227.51,2.7,54.01,20.71,1.52,0.0
20230407:1730,247.13,84.01,228.87,3.0,43.89,20.43,1.45,0.0
20230407:1830,88.42,20.66,103.33,1.22,31.82,20.59,0.9,0.0
20230407:1930,54.53,18.0,66.41,0.85,18.79,19.73,1.03,0.0
20230407:2030,9.26,1.78,22.26,0.27,5.27,19.46,0.76,0.0
20230407:2130,0.0,0.0,0.0,0.0,0.0,18.61,0.41,0.0
20230407:2230,0.0,0.0,0.0,0.0,0.0,18.23,0.07,0.0
20230407:2330,0.0,0.0,0.0,0.0,0.0,17.78,0.55,0.0
20230408:0030,0.0,0.0,0.0,0.0,0.0,17.76,0.48,0.0
20230408:0130,0.0,0.0,0.0,0.0,0.0,17.67,0.28,0.0
20230408:0230,0.0,0.0,0.0,0.0,0.0,17.3,0.48,0.0
20230408:0330,0.0,0.0,0.0,0.0,0.0,17.11,0.55,0.0
20230408:0430,0.0,0.0,0.0,0.0,0.0,16.93,0.62,0.0
20230408:0530,0.0,0.0,0.0,0.0,0.0,16.86,0.55,0.0
20230408:0630,0.0,0.0,0.0,0.0,0.0,16.7,0.55,0.0
20230408:0730,0.0,0.0,0.0,0.0,0.0,16.74,0.28,0.0
20230408:0830,0.0,0.0,0.0,0.0,0.0,16.53,0.28,0.0
20230408:0930,4.75,0.0,15.3,0.16,3.18,16.37,0.48,0.0
20230408:1030,92.0,48.91,78.19,1.02,16.72,16.7,0.55,0.0
20230408:1130,231.53,174.42,114.84,2.26,29.81,17.92,0.9,0.0
20230408:1230,237.2,172.77,123.29,2.47,42.03,19.03,0.97,0.0
20230408:1330,238.77,91.92,209.64,2.77,52.46,19.84,1.1,0.0
20230408:1430,306.49,188.02,195.06,3.41,59.2,20.42,1.1,0.0
20230408:1530,506.93,443.14,194.62,5.54,59.69,20.53,1.38,0.0
20230408:1630,228.15,113.31,175.78,2.7,53.66,21.29,1.52,0.0
20230408:1730,308.55,209.73,173.86,3.55,43.59,20.33,2.0,0.0
20230408:1830,177.79,96.45,133.27,2.21,31.56,20.36,2.14,0.0
20230408:1930,43.88,11.92,58.59,0.71,18.55,19.89,1.79,0.0
20230408:2030,3.37,0.0,13.0,0.13,5.05,19.22,1.45,0.0
20230408:2130,0.0,0.0,0.0,0.0,0.0,18.41,1.31,0.0
20230408:2230,0.0,0.0,0.0,0.0,0.0,17.91,1.31,0.0
20230408:2330,0.0,0.0,0.0,0.0,0.0,17.62,1.31,0.0
20230409:0030,0.0,0.0,0.0,0.0,0.0,17.42,1.24,0.0
20230409:0130,0.0,0.0,0.0,0.0,0.0,17.21,1.1,0.0
20230409:0230,0.0,0.0,0.0,0.0,0.0,17.07,1.1,0.0
20230409:0330,0.0,0.0,0.0,0.0,0.0,17.0,1.1,0.0
20230409:0430,0.0,0.0,0.0,0.0,0.0,16.82,1.03,0.0
20230409:0530,0.0,0.0,0.0,0.0,0.0,16.54,1.17,0.0
20230409:0630,0.0,0.0,0.0,0.0,0.0,16.45,1.03,0.0
20230409:0730,0.0,0.0,0.0,0.0,0.0,16.39,1.1,0.0
20230409:0830,0.0,0.0,0.0,0.0,0.0,16.26,1.17,0.0
20230409:0930,1.75,0.0,9.77,0.1,3.1,16.25,1.17,0.0
20230409:1030,21.54,0.0,39.75,0.4,16.62,16.28,1.1,0.0
20230409:1130,73.67,6.85,97.45,1.02,29.68,16.58,1.03,0.0
20230409:1230,74.93,0.0,106.16,1.06,41.85,16.97,1.03,0.0
20230409:1330,182.85,87.28,143.5,2.09,52.2,17.18,1.17,0.0
20230409:1430,233.22,77.56,214.69,2.74,58.86,17.92,1.31,0.0
20230409:1530,126.19,21.72,145.19,1.63,59.31,18.28,1.31,0.0
20230409:1630,238.64,102.92,195.17,2.8,53.31,18.09,1.38,0.0
20230409:1730,93.78,3.14,126.1,1.29,43.3,18.51,1.45,0.0
20230409:1830,24.05,0.0,43.37,0.43,31.3,18.1,1.59,0.0
20230409:1930,27.01,3.63,43.83,0.47,18.32,16.93,1.52,0.0
20230409:2030,5.25,1.89,15.67,0.2,4.84,16.78,1.52,0.0
20230409:2130,0.0,0.0,0.0,0.0,0.0,16.37,1.59,0.0
20230409:2230,0.0,0.0,0.0,0.0,0.0,15.86,1.45,0.0
20230409:2330,0.0,0.0,0.0,0.0,0.0,15.59,1.38,0.0
20230410:0030,0.0,0.0,0.0,0.0,0.0,15.52,1.31,0.0
20230410:0130,0.0,0.0,0.0,0.0,0.0,15.23,1.24,0.0
20230410:0230,0.0,0.0,0.0,0.0,0.0,14.92,1.24,0.0
20230410:0330,0.0,0.0,0.0,0.0,0.0,14.9,1.1,0.0
20230410:0430,0.0,0.0,0.0,0.0,0.0,14.58,1.17,0.0
20230410:0530,0.0,0.0,0.0,0.0,0.0,14.42,1.03,0.0
20230410:0630,0.0,0.0,0.0,0.0,0.0,14.18,0.97,0.0
20230410:0730,0.0,0.0,0.0,0.0,0.0,14.51,1.17,0.0
20230410:0830,0.0,0.0,0.0,0.0,0.0,14.28,1.24,0.0
20230410:0930,5.04,0.0,15.67,0.16,3.02,14.05,1.17,0.0
20230410:1030,198.87,167.5,83.78,1.66,16.52,14.16,1.59,0.0
20230410:1130,405.31,377.03,113.94,3.54,29.55,14.84,1.72,0.0
20230410:1230,549.54,520.67,159.75,5.25,41.67,16.46,1.45,0.0
20230410:1330,701.44,754.08,146.15,7.17,51.95,18.3,1.45,0.0
20230410:1430,736.43,802.35,158.71,7.91,58.52,19.8,1.45,0.0
20230410:1530,733.55,818.8,147.32,8.16,58.93,20.99,1.31,0.0
20230410:1630,625.46,679.6,131.25,7.04,52.96,22.02,1.17,0.0
20230410:1730,420.58,381.74,149.95,4.79,43.0,22.4,1.17,0.0
20230410:1830,151.3,38.2,162.5,1.96,31.04,22.19,1.38,0.0
20230410:1930,43.59,0.0,69.22,0.69,18.09,21.11,1.45,0.0
20230410:2030,4.92,3.6,14.9,0.23,4.63,20.51,1.52,0.0
20230410:2130,0.0,0.0,0.0,0.0,0.0,19.87,1.31,0.0
20230410:2230,0.0,0.0,0.0,0.0,0.0,18.92,1.31,0.0
20230410:2330,0.0,0.0,0.0,0.0,0.0,17.99,1.31,0.0
20230411:0030,0.0,0.0,0.0,0.0,0.0,17.29,1.31,0.0
20230411:0130,0.0,0.0,0.0,0.0,0.0,16.55,1.24,0.0
20230411:0230,0.0,0.0,0.0,0.0,0.0,15.81,1.17,0.0
20230411:0330,0.0,0.0,0.0,0.0,0.0,15.19,0.97,0.0
20230411:0430,0.0,0.0,0.0,0.0,0.0,14.41,0.9,0.0
20230411:0530,0.0,0.0,0.0,0.0,0.0,14.37,0.83,0.0
20230411:0630,0.0,0.0,0.0,0.0,0.0,13.75,0.76,0.0
20230411:0730,0.0,0.0,0.0,0.0,0.0,13.92,0.62,0.0
20230411:0830,0.0,0.0,0.0,0.0,0.0,13.93,0.48,0.0
20230411:0930,3.91,0.0,13.73,0.14,2.94,13.89,0.41,0.0
20230411:1030,215.97,180.52,92.26,1.78,16.42,14.0,0.55,0.0
20230411:1130,418.19,369.59,145.89,3.74,29.42,15.77,0.76,0.0
20230411:1230,618.13,648.53,135.91,5.95,41.48,17.7,1.03,0.0
20230411:1330,705.08,740.74,180.06,7.33,51.69,19.3,1.03,0.0
20230411:1430,711.78,716.73,222.02,7.75,58.19,20.78,1.1,0.0
20230411:1530,648.32,588.38,261.05,7.26,58.56,22.14,1.17,0.0
20230411:1630,408.81,212.37,309.31,4.79,52.62,22.64,1.03,0.0
20230411:1730,259.86,100.54,232.18,3.16,42.7,22.57,0.9,0.0
20230411:1830,161.06,57.76,155.16,2.06,30.78,22.18,0.76,0.0
20230411:1930,95.82,58.26,81.71,1.38,17.86,21.12,0.97,0.0
20230411:2030,4.82,11.3,12.84,0.38,4.42,20.64,0.83,0.0
20230411:2130,0.0,0.0,0.0,0.0,0.0,19.89,0.48,0.0
20230411:2230,0.0,0.0,0.0,0.0,0.0,18.8,0.62,0.0
20230411:2330,0.0,0.0,0.0,0.0,0.0,18.11,0.69,0.0
20230412:0030,0.0,0.0,0.0,0.0,0.0,17.76,0.69,0.0
20230412:0130,0.0,0.0,0.0,0.0,0.0,17.69,0.62,0.0
20230412:0230,0.0,0.0,0.0,0.0,0.0,16.79,0.83,0.0
20230412:0330,0.0,0.0,0.0,0.0,0.0,15.94,1.1,0.0
20230412:0430,0.0,0.0,0.0,0.0,0.0,15.39,1.1,0.0
20230412:0530,0.0,0.0,0.0,0.0,0.0,14.94,1.03,0.0
20230412:0630,0.0,0.0,0.0,0.0,0.0,14.7,0.97,0.0
20230412:0730,0.0,0.0,0.0,0.0,0.0,14.82,0.9,0.0
20230412:0830,0.0,0.0,0.0,0.0,0.0,14.32,1.03,0.0
20230412:0930,7.54,0.0,19.68,0.2,2.86,14.11,1.03,0.0
20230412:1030,217.17,176.5,98.47,1.8,16.32,14.94,0.76,0.0
20230412:1130,337.97,293.03,124.59,3.07,29.28,17.73,0.97,0.0
20230412:1230,515.04,460.04,185.05,5.01,41.3,19.13,1.38,0.0
20230412:1330,614.3,578.35,203.05,6.28,51.44,20.63,1.86,0.0
20230412:1430,629.6,599.05,205.43,6.67,57.85,21.63,2.07,0.0
20230412:1530,511.14,405.06,240.99,5.6,58.18,22.42,2.07,0.0
20230412:1630,576.31,485.04,251.59,6.45,52.28,22.13,1.86,0.0
20230412:1730,314.64,171.13,226.81,3.69,42.41,22.72,1.72,0.0
20230412:1830,192.23,117.77,131.87,2.36,30.53,21.99,1.38,0.0
20230412:1930,74.37,30.44,80.14,1.09,17.63,20.51,0.9,0.0
20230412:2030,4.63,5.37,13.96,0.26,4.21,19.6,0.41,0.0
20230412:2130,0.0,0.0,0.0,0.0,0.0,19.1,0.55,0.0
20230412:2230,0.0,0.0,0.0,0.0,0.0,18.32,0.55,0.0
20230412:2330,0.0,0.0,0.0,0.0,0.0,17.8,0.55,0.0
20230413:0030,0.0,0.0,0.0,0.0,0.0,17.2,0.62,0.0
20230413:0130,0.0,0.0,0.0,0.0,0.0,16.35,0.83,0.0
20230413:0230,0.0,0.0,0.0,0.0,0.0,16.14,0.83,0.0
20230413:0330,0.0,0.0,0.0,0.0,0.0,15.75,0.9,0.0
20230413:0430,0.0,0.0,0.0,0.0,0.0,15.54,0.9,0.0
20230413:0530,0.0,0.0,0.0,0.0,0.0,15.37,0.83,0.0
20230413:0630,0.0,0.0,0.0,0.0,0.0,15.25,0.83,0.0
20230413:0730,0.0,0.0,0.0,0.0,0.0,15.66,0.83,0.0
20230413:0830,0.0,0.0,0.0,0.0,0.0,15.66,0.76,0.0
20230413:0930,4.27,0.0,14.43,0.15,2.78,15.38,0.76,0.0
20230413:1030,248.21,217.53,96.35,1.97,16.22,15.71,0.69,0.0
20230413:1130,435.65,393.72,151.22,3.91,29.15,18.27,0.76,0.0
20230413:1230,620.69,680.94,111.65,5.95,41.11,20.08,1.38,0.0
20230413:1330,646.44,690.43,143.26,6.6,51.18,21.7,1.59,0.0
20230413:1430,705.18,785.76,138.76,7.54,57.51,22.48,1.59,0.0
20230413:1530,682.68,767.56,127.13,7.5,57.81,23.37,1.59,0.0
20230413:1630,584.91,644.54,109.5,6.49,51.94,23.96,1.59,0.0
20230413:1730,484.71,495.93,123.94,5.49,42.12,24.28,1.52,0.0
20230413:1830,337.99,355.84,79.24,3.98,30.27,24.17,1.38,0.0
20230413:1930,132.04,138.35,56.46,1.9,17.41,23.35,0.97,0.0
20230413:2030,3.16,6.23,11.27,0.24,4.0,22.58,0.34,0.0
20230413:2130,0.0,0.0,0.0,0.0,0.0,21.36,0.21,0.0
20230413:2230,0.0,0.0,0.0,0.0,0.0,19.72,0.69,0.0
20230413:2330,0.0,0.0,0.0,0.0,0.0,19.21,0.62,0.0
20230414:0030,0.0,0.0,0.0,0.0,0.0,19.3,0.28,0.0
20230414:0130,0.0,0.0,0.0,0.0,0.0,18.95,0.28,0.0
20230414:0230,0.0,0.0,0.0,0.0,0.0,18.45,0.48,0.0
20230414:0330,0.0,0.0,0.0,0.0,0.0,17.51,0.83,0.0
20230414:0430,0.0,0.0,0.0,0.0,0.0,16.97,0.9,0.0
20230414:0530,0.0,0.0,0.0,0.0,0.0,16.83,0.76,0.0
20230414:0630,0.0,0.0,0.0,0.0,0.0,16.52,0.62,0.0
20230414:0730,0.0,0.0,0.0,0.0,0.0,16.34,0.62,0.0
20230414:0830,0.0,0.0,0.0,0.0,0.0,16.09,0.69,0.0
20230414:0930,5.39,0.0,16.36,0.17,2.69,16.04,0.69,0.0
20230414:1030,228.24,181.24,109.16,1.89,16.12,16.4,0.62,0.0
20230414:1130,437.01,412.61,139.08,3.91,29.01,19.58,0.55,0.0
20230414:1230,531.05,531.92,146.49,5.15,40.93,21.36,0.9,0.0
20230414:1330,593.86,608.65,157.87,6.09,50.92,22.48,1.24,0.0
20230414:1430,660.8,684.07,182.35,7.1,57.18,23.4,1.45,0.0
20230414:1530,554.88,549.76,165.15,6.04,57.45,23.9,1.38,0.0
20230414:1630,445.27,380.25,186.63,4.97,51.6,23.56,1.17,0.0
20230414:1730,255.74,147.68,178.01,3.01,41.83,22.55,1.03,0.0
20230414:1830,83.25,17.31,101.06,1.16,30.02,21.85,1.17,0.0
20230414:1930,16.94,2.01,32.15,0.34,17.19,19.53,0.97,0.0
20230414:2030,1.86,1.34,9.77,0.12,3.79,19.15,0.34,0.0
20230414:2130,0.0,0.0,0.0,0.0,0.0,18.88,0.28,0.0
20230414:2230,0.0,0.0,0.0,0.0,0.0,18.59,0.34,0.0
20230414:2330,0.0,0.0,0.0,0.0,0.0,18.35,0.48,0.0
20230415:0030,0.0,0.0,0.0,0.0,0.0,18.27,0.62,0.0
20230415:0130,0.0,0.0,0.0,0.0,0.0,18.17,0.76,0.0
20230415:0230,0.0,0.0,0.0,0.0,0.0,17.97,0.69,0.0
20230415:0330,0.0,0.0,0.0,0.0,0.0,17.56,0.83,0.0
20230415:0430,0.0,0.0,0.0,0.0,0.0,16.88,0.97,0.0
20230415:0530,0.0,0.0,0.0,0.0,0.0,16.6,0.9,0.0
20230415:0630,0.0,0.0,0.0,0.0,0.0,16.69,0.83,0.0
20230415:0730,0.0,0.0,0.0,0.0,0.0,16.34,0.83,0.0
20230415:0830,0.0,0.0,0.0,0.0,0.0,16.35,0.76,0.0
20230415:0930,3.03,0.0,12.26,0.13,2.61,16.39,0.9,0.0
20230415:1030,178.49,141.11,89.23,1.53,16.01,17.02,1.1,0.0
20230415:1130,356.34,313.32,126.8,3.18,28.87,18.22,1.31,0.0
20230415:1230,425.98,339.37,189.95,4.18,40.74,19.9,1.66,0.0
20230415:1330,337.71,171.19,250.02,3.71,50.67,21.05,2.28,0.0
20230415:1430,426.55,294.5,235.24,4.56,56.85,21.15,2.55,0.0
20230415:1530,585.01,597.54,136.25,6.16,57.08,21.33,2.55,0.0
20230415:1630,547.96,514.8,176.75,5.97,51.27,22.07,2.21,0.0
20230415:1730,386.4,331.1,150.26,4.29,41.54,22.16,2.48,0.0
20230415:1830,258.43,240.22,88.38,3.0,29.77,21.65,2.14,0.0
20230415:1930,97.42,94.25,51.2,1.4,16.96,20.17,2.48,0.0
20230415:2030,1.51,8.21,7.52,0.23,3.59,19.67,2.28,0.0
20230415:2130,0.0,0.0,0.0,0.0,0.0,18.67,1.72,0.0
20230415:2230,0.0,0.0,0.0,0.0,0.0,17.97,1.59,0.0
20230415:2330,0.0,0.0,0.0,0.0,0.0,17.49,1.59,0.0
20230416:0030,0.0,0.0,0.0,0.0,0.0,17.02,1.52,0.0
20230416:0130,0.0,0.0,0.0,0.0,0.0,16.54,1.31,0.0
20230416:0230,0.0,0.0,0.0,0.0,0.0,16.09,1.31,0.0
20230416:0330,0.0,0.0,0.0,0.0,0.0,15.71,1.24,0.0
20230416:0430,0.0,0.0,0.0,0.0,0.0,15.51,1.24,0.0
20230416:0530,0.0,0.0,0.0,0.0,0.0,15.27,1.17,0.0
20230416:0630,0.0,0.0,0.0,0.0,0.0,15.11,1.1,0.0
20230416:0730,0.0,0.0,0.0,0.0,0.0,15.22,1.03,0.0
20230416:0830,0.0,0.0,0.0,0.0,0.0,15.13,0.97,0.0
20230416:0930,2.11,0.0,10.46,0.11,2.53,15.18,0.97,0.0
20230416:1030,57.91,8.89,76.3,0.8,15.91,15.3,0.83,0.0
20230416:1130,324.46,238.0,161.14,3.0,28.74,15.73,0.69,0.0
20230416:1230,440.45,299.82,249.98,4.43,40.55,17.55,0.69,0.0
20230416:1330,536.0,407.12,276.88,5.62,50.41,19.34,0.69,0.0
20230416:1430,562.15,431.87,294.62,6.13,56.51,20.73,0.69,0.0
20230416:1530,546.63,413.34,295.15,6.11,56.72,21.76,0.69,0.0
20230416:1630,485.41,338.47,289.1,5.55,50.94,22.36,0.48,0.0
20230416:1730,382.38,251.02,239.82,4.44,41.25,22.77,0.34,0.0
20230416:1830,290.46,268.42,107.18,3.41,29.53,22.78,0.28,0.0
20230416:1930,111.91,110.26,56.75,1.6,16.75,22.16,0.28,0.0
20230416:2030,2.23,11.06,8.48,0.3,3.39,21.74,0.41,0.0
20230416:2130,0.0,0.0,0.0,0.0,0.0,20.77,0.34,0.0
20230416:2230,0.0,0.0,0.0,0.0,0.0,20.07,0.34,0.0
20230416:2330,0.0,0.0,0.0,0.0,0.0,19.29,0.55,0.0
20230417:0030,0.0,0.0,0.0,0.0,0.0,18.3,0.76,0.0
20230417:0130,0.0,0.0,0.0,0.0,0.0,17.77,0.83,0.0
20230417:0230,0.0,0.0,0.0,0.0,0.0,16.94,1.03,0.0
20230417:0330,0.0,0.0,0.0,0.0,0.0,16.35,1.1,0.0
20230417:0430,0.0,0.0,0.0,0.0,0.0,15.89,1.1,0.0
20230417:0530,0.0,0.0,0.0,0.0,0.0,15.42,1.1,0.0
20230417:0630,0.0,0.0,0.0,0.0,0.0,14.79,1.17,0.0
20230417:0730,0.0,0.0,0.0,0.0,0.0,14.97,1.1,0.0
20230417:0830,0.0,0.0,0.0,0.0,0.0,14.73,1.1,0.0
20230417:0930,3.54,0.0,13.09,0.14,2.44,14.2,1.17,0.0
20230417:1030,274.66,266.5,76.93,2.02,15.8,14.49,1.1,0.0
20230417:1130,500.64,527.71,94.39,4.24,28.6,17.74,1.45,0.0
20230417:1230,647.45,714.75,105.66,6.06,40.36,19.68,2.0,0.0
20230417:1330,735.93,829.97,113.64,7.32,50.15,21.21,2.76,0.0
20230417:1430,668.55,653.24,198.89,6.94,56.18,22.46,3.03,0.0
20230417:1530,662.71,675.95,170.09,7.05,56.36,23.15,3.03,0.0
20230417:1630,588.85,591.14,152.59,6.35,50.61,23.84,3.38,0.0
20230417:1730,452.2,401.53,167.06,5.0,40.97,24.26,3.17,0.0
20230417:1830,320.22,311.67,97.36,3.68,29.28,24.33,2.83,0.0
20230417:1930,124.34,132.15,52.89,1.75,16.53,23.73,2.28,0.0
20230417:2030,3.74,6.93,12.35,0.26,3.2,23.04,1.59,0.0
20230417:2130,0.0,0.0,0.0,0.0,0.0,21.79,1.31,0.0
20230417:2230,0.0,0.0,0.0,0.0,0.0,20.68,1.31,0.0
20230417:2330,0.0,0.0,0.0,0.0,0.0,19.85,1.31,0.0
20230418:0030,0.0,0.0,0.0,0.0,0.0,19.42,1.52,0.0
20230418:0130,0.0,0.0,0.0,0.0,0.0,19.15,1.52,0.0
20230418:0230,0.0,0.0,0.0,0.0,0.0,18.73,1.45,0.0
20230418:0330,0.0,0.0,0.0,0.0,0.0,18.4,1.38,0.0
20230418:0430,0.0,0.0,0.0,0.0,0.0,17.94,1.31,0.0
20230418:0530,0.0,0.0,0.0,0.0,0.0,17.49,1.31,0.0
20230418:0630,0.0,0.0,0.0,0.0,0.0,17.15,1.38,0.0
20230418:0730,0.0,0.0,0.0,0.0,0.0,16.99,1.38,0.0
20230418:0830,0.0,0.0,0.0,0.0,0.0,16.88,1.45,0.0
20230418:0930,3.51,0.0,13.13,0.14,2.36,16.63,1.45,0.0
20230418:1030,108.84,79.47,67.68,1.04,15.69,17.06,1.38,0.0
20230418:1130,122.93,38.78,124.56,1.47,28.45,19.06,1.45,0.0
20230418:1230,320.18,227.45,169.23,3.2,40.17,20.05,1.86,0.0
20230418:1330,606.46,567.78,194.57,6.03,49.9,21.54,3.03,0.0
20230418:1430,613.99,528.18,254.01,6.46,55.86,23.25,2.97,0.0
20230418:1530,490.05,318.9,300.74,5.42,56.01,24.21,3.17,0.0
20230418:1630,258.39,69.23,258.21,3.12,50.28,22.9,3.59,0.0
20230418:1730,253.83,126.86,192.96,2.96,40.69,21.53,2.48,0.0
20230418:1830,297.48,245.39,132.26,3.41,29.04,22.23,2.48,0.0
20230418:1930,59.85,14.19,77.24,0.9,16.31,22.18,3.17,0.0
20230418:2030,1.03,0.34,8.26,0.09,3.0,20.32,2.14,0.0
20230418:2130,0.0,0.0,0.0,0.0,0.0,19.19,2.28,0.0
20230418:2230,0.0,0.0,0.0,0.0,0.0,18.97,2.34,0.0
20230418:2330,0.0,0.0,0.0,0.0,0.0,18.68,2.41,0.0
20230419:0030,0.0,0.0,0.0,0.0,0.0,18.7,2.76,0.0
20230419:0130,0.0,0.0,0.0,0.0,0.0,18.63,2.55,0.0
20230419:0230,0.0,0.0,0.0,0.0,0.0,18.44,2.21,0.0
20230419:0330,0.0,0.0,0.0,0.0,0.0,18.39,2.28,0.0
20230419:0430,0.0,0.0,0.0,0.0,0.0,18.39,2.21,0.0
20230419:0530,0.0,0.0,0.0,0.0,0.0,18.42,2.55,0.0
20230419:0630,0.0,0.0,0.0,0.0,0.0,18.71,3.1,0.0
20230419:0730,0.0,0.0,0.0,0.0,0.0,18.03,1.52,0.0
20230419:0830,0.0,0.0,0.0,0.0,0.0,18.05,1.17,0.0
20230419:0930,0.0,0.0,2.03,0.02,2.27,18.06,1.24,0.0
20230419:1030,22.55,4.51,36.9,0.39,15.58,18.02,1.24,0.0
20230419:1130,120.57,50.83,109.03,1.39,28.31,18.39,1.17,0.0
20230419:1230,360.13,239.96,207.63,3.63,39.98,19.3,1.24,0.0
20230419:1330,414.78,308.77,205.44,4.24,49.64,20.75,2.28,0.0
20230419:1430,320.9,175.54,224.01,3.54,55.53,21.46,2.69,0.0
20230419:1530,392.93,240.21,250.23,4.33,55.66,21.6,2.28,0.0
20230419:1630,440.3,343.92,206.93,4.8,49.96,22.22,2.28,0.0
20230419:1730,410.51,350.65,163.81,4.52,40.41,22.88,2.41,0.0
20230419:1830,311.68,284.06,113.4,3.56,28.8,23.1,2.28,0.0
20230419:1930,140.43,131.13,72.68,1.9,16.1,22.76,2.55,0.0
20230419:2030,2.74,12.26,9.4,0.31,2.81,21.92,2.0,0.0
20230419:2130,0.0,0.0,0.0,0.0,0.0,20.46,1.72,0.0
20230419:2230,0.0,0.0,0.0,0.0,0.0,19.04,1.52,0.0
20230419:2330,0.0,0.0,0.0,0.0,0.0,17.87,1.45,0.0
20230420:0030,0.0,0.0,0.0,0.0,0.0,16.83,1.45,0.0
20230420:0130,0.0,0.0,0.0,0.0,0.0,16.02,1.52,0.0
20230420:0230,0.0,0.0,0.0,0.0,0.0,15.37,1.52,0.0
20230420:0330,0.0,0.0,0.0,0.0,0.0,14.8,1.45,0.0
20230420:0430,0.0,0.0,0.0,0.0,0.0,14.21,1.45,0.0
20230420:0530,0.0,0.0,0.0,0.0,0.0,13.69,1.38,0.0
20230420:0630,0.0,0.0,0.0,0.0,0.0,13.2,1.24,0.0
20230420:0730,0.0,0.0,0.0,0.0,0.0,12.57,1.38,0.0
20230420:0830,0.0,0.0,0.0,0.0,0.0,12.02,1.17,0.0
20230420:0930,6.05,0.0,17.19,0.18,2.19,11.7,1.03,0.0
20230420:1030,253.09,203.53,110.38,1.93,15.48,12.01,0.76,0.0
20230420:1130,484.64,457.24,141.03,4.1,28.17,14.42,0.69,0.0
20230420:1230,658.79,687.8,142.27,6.09,39.79,16.03,1.38,0.0
20230420:1330,764.78,855.41,131.19,7.59,49.38,17.25,1.59,0.0
20230420:1430,756.49,820.81,153.67,7.79,55.21,18.54,1.93,0.0
20230420:1530,722.28,743.04,183.4,7.64,55.31,19.51,2.14,0.0
20230420:1630,636.43,611.85,195.0,6.83,49.64,20.19,2.21,0.0
20230420:1730,508.07,464.11,172.0,5.52,40.14,20.51,2.14,0.0
20230420:1830,336.57,316.26,107.69,3.76,28.56,20.37,2.07,0.0
20230420:1930,153.76,162.65,59.05,2.05,15.9,19.6,1.52,0.0
20230420:2030,2.73,10.37,9.69,0.27,2.62,18.76,1.38,0.0
20230420:2130,0.0,0.0,0.0,0.0,0.0,17.27,1.38,0.0
20230420:2230,0.0,0.0,0.0,0.0,0.0,15.91,1.45,0.0
20230420:2330,0.0,0.0,0.0,0.0,0.0,14.88,1.59,0.0
20230421:0030,0.0,0.0,0.0,0.0,0.0,14.12,1.66,0.0
20230421:0130,0.0,0.0,0.0,0.0,0.0,13.49,1.59,0.0
20230421:0230,0.0,0.0,0.0,0.0,0.0,13.01,1.52,0.0
20230421:0330,0.0,0.0,0.0,0.0,0.0,12.69,1.59,0.0
20230421:0430,0.0,0.0,0.0,0.0,0.0,12.26,1.59,0.0
20230421:0530,0.0,0.0,0.0,0.0,0.0,12.09,1.66,0.0
20230421:0630,0.0,0.0,0.0,0.0,0.0,11.79,1.59,0.0
20230421:0730,0.0,0.0,0.0,0.0,0.0,11.63,1.45,0.0
20230421:0830,0.0,0.0,0.0,0.0,0.0,11.32,1.45,0.0
20230421:0930,3.51,0.0,12.9,0.13,2.1,11.03,1.45,0.0
20230421:1030,229.98,194.72,89.29,1.72,15.37,11.1,1.52,0.0
20230421:1130,350.22,275.92,144.2,3.03,28.03,12.48,1.66,0.0
20230421:1230,572.93,540.51,158.16,5.19,39.6,13.8,1.79,0.0
20230421:1330,690.75,679.62,185.82,6.72,49.13,15.25,1.79,0.0
20230421:1430,757.64,809.24,159.18,7.73,54.89,16.63,1.79,0.0
20230421:1530,757.2,843.78,132.21,7.98,54.96,17.75,1.66,0.0
20230421:1630,664.56,706.25,141.38,7.11,49.32,18.7,1.52,0.0
20230421:1730,523.25,503.52,154.17,5.67,39.87,19.23,1.38,0.0
20230421:1830,319.7,279.29,124.57,3.59,28.33,19.57,1.24,0.0
20230421:1930,139.39,136.12,65.26,1.85,15.69,19.45,1.38,0.0
20230421:2030,2.26,12.27,8.47,0.28,2.44,18.7,1.24,0.0
20230421:2130,0.0,0.0,0.0,0.0,0.0,17.23,1.31,0.0
20230421:2230,0.0,0.0,0.0,0.0,0.0,15.72,1.38,0.0
20230421:2330,0.0,0.0,0.0,0.0,0.0,14.6,1.38,0.0
20230422:0030,0.0,0.0,0.0,0.0,0.0,13.45,1.24,0.0
20230422:0130,0.0,0.0,0.0,0.0,0.0,12.82,1.03,0.0
20230422:0230,0.0,0.0,0.0,0.0,0.0,12.33,0.9,0.0
20230422:0330,0.0,0.0,0.0,0.0,0.0,12.05,0.76,0.0
20230422:0430,0.0,0.0,0.0,0.0,0.0,12.09,0.62,0.0
20230422:0530,0.0,0.0,0.0,0.0,0.0,11.98,0.48,0.0
20230422:0630,0.0,0.0,0.0,0.0,0.0,11.62,0.41,0.0
20230422:0730,0.0,0.0,0.0,0.0,0.0,11.46,0.48,0.0
20230422:0830,0.0,0.0,0.0,0.0,0.0,11.13,0.55,0.0
20230422:0930,3.18,0.0,12.31,0.13,2.02,10.9,0.48,0.0
20230422:1030,309.61,305.62,76.76,2.13,15.26,11.13,0.41,0.0
20230422:1130,487.94,486.71,114.48,4.04,27.88,13.77,0.55,0.0
20230422:1230,655.57,730.21,105.65,6.06,39.41,16.22,0.76,0.0
20230422:1330,725.97,817.41,133.97,7.28,48.87,18.04,0.76,0.0
20230422:1430,714.06,775.74,173.82,7.57,54.57,19.51,0.48,0.0
20230422:1530,601.4,570.37,215.82,6.53,54.62,20.62,0.34,0.0
20230422:1630,495.08,373.24,263.51,5.52,49.01,21.12,0.41,0.0
20230422:1730,444.31,410.11,154.02,4.88,39.6,21.3,0.69,0.0
20230422:1830,313.36,276.75,123.9,3.55,28.1,21.26,0.83,0.0
20230422:1930,119.67,113.74,62.88,1.62,15.49,21.05,0.76,0.0
20230422:2030,2.42,0.0,11.23,0.11,2.25,20.25,0.9,0.0
20230422:2130,0.0,0.0,0.0,0.0,0.0,18.69,1.03,0.0
20230422:2230,0.0,0.0,0.0,0.0,0.0,17.12,1.17,0.0
20230422:2330,0.0,0.0,0.0,0.0,0.0,16.02,1.24,0.0
20230423:0030,0.0,0.0,0.0,0.0,0.0,15.15,1.17,0.0
20230423:0130,0.0,0.0,0.0,0.0,0.0,14.9,1.17,0.0
20230423:0230,0.0,0.0,0.0,0.0,0.0,14.4,1.17,0.0
20230423:0330,0.0,0.0,0.0,0.0,0.0,14.15,1.1,0.0
20230423:0430,0.0,0.0,0.0,0.0,0.0,13.57,1.03,0.0
20230423:0530,0.0,0.0,0.0,0.0,0.0,13.11,0.9,0.0
20230423:0630,0.0,0.0,0.0,0.0,0.0,12.86,0.76,0.0
20230423:0730,0.0,0.0,0.0,0.0,0.0,13.75,0.41,0.0
20230423:0830,0.0,0.0,0.0,0.0,0.0,13.51,0.34,0.0
20230423:0930,2.41,0.0,10.97,0.11,1.93,13.32,0.34,0.0
20230423:1030,198.8,168.9,83.1,1.54,15.14,13.57,0.21,0.0
20230423:1130,370.18,322.37,131.36,3.17,27.74,15.1,0.62,0.0
20230423:1230,550.68,518.67,175.22,5.15,39.21,16.7,0.55,0.0
20230423:1330,644.93,666.49,162.23,6.39,48.62,18.21,0.83,0.0
20230423:1430,591.96,534.03,222.16,6.14,54.25,19.47,1.03,0.0
20230423:1530,470.52,347.87,244.85,5.07,54.28,20.23,1.1,0.0
20230423:1630,484.27,371.04,240.25,5.27,48.7,20.38,1.17,0.0
20230423:1730,349.78,246.35,192.03,3.88,39.33,20.73,1.24,0.0
20230423:1830,214.43,131.65,143.72,2.51,27.87,20.41,1.24,0.0
20230423:1930,57.41,27.83,61.96,0.86,15.29,20.38,1.1,0.0
20230423:2030,1.65,0.0,9.66,0.1,2.08,19.54,0.9,0.0
20230423:2130,0.0,0.0,0.0,0.0,0.0,18.31,0.9,0.0
20230423:2230,0.0,0.0,0.0,0.0,0.0,16.97,1.1,0.0
20230423:2330,0.0,0.0,0.0,0.0,0.0,15.86,1.24,0.0
20230424:0030,0.0,0.0,0.0,0.0,0.0,15.48,1.24,0.0
20230424:0130,0.0,0.0,0.0,0.0,0.0,15.26,1.17,0.0
20230424:0230,0.0,0.0,0.0,0.0,0.0,14.82,1.17,0.0
20230424:0330,0.0,0.0,0.0,0.0,0.0,14.08,1.03,0.0
20230424:0430,0.0,0.0,0.0,0.0,0.0,13.37,0.9,0.0
20230424:0530,0.0,0.0,0.0,0.0,0.0,13.14,0.76,0.0
20230424:0630,0.0,0.0,0.0,0.0,0.0,12.95,0.69,0.0
20230424:0730,0.0,0.0,0.0,0.0,0.0,12.61,0.76,0.0
20230424:0830,0.0,0.0,0.0,0.0,0.0,12.57,0.62,0.0
20230424:0930,2.79,0.0,11.66,0.12,1.84,12.46,0.48,0.0
20230424:1030,236.5,210.61,84.7,1.73,15.03,12.36,0.41,0.0
20230424:1130,475.81,469.62,118.27,3.93,27.59,13.96,0.34,0.0
20230424:1230,620.5,673.7,114.33,5.69,39.02,16.03,0.55,0.0
20230424:1330,717.69,820.97,115.86,7.12,48.36,17.55,0.69,0.0
20230424:1430,744.86,851.91,132.35,7.77,53.94,18.99,0.83,0.0
20230424:1530,673.84,707.05,177.3,7.22,53.95,20.04,0.69,0.0
20230424:1630,518.56,476.96,187.73,5.62,48.4,20.77,0.48,0.0
20230424:1730,383.02,302.91,180.24,4.22,39.07,20.82,0.69,0.0
20230424:1830,265.17,177.9,161.45,3.05,27.65,20.71,0.76,0.0
20230424:1930,113.76,97.75,69.61,1.53,15.09,20.75,1.03,0.0
20230424:2030,2.21,0.0,10.81,0.11,1.9,19.94,1.03,0.0
20230424:2130,0.0,0.0,0.0,0.0,0.0,18.45,1.17,0.0
20230424:2230,0.0,0.0,0.0,0.0,0.0,17.28,1.31,0.0
20230424:2330,0.0,0.0,0.0,0.0,0.0,16.42,1.31,0.0
20230425:0030,0.0,0.0,0.0,0.0,0.0,15.57,1.24,0.0
20230425:0130,0.0,0.0,0.0,0.0,0.0,15.14,1.03,0.0
20230425:0230,0.0,0.0,0.0,0.0,0.0,14.22,0.97,0.0
20230425:0330,0.0,0.0,0.0,0.0,0.0,13.74,0.83,0.0
20230425:0430,0.0,0.0,0.0,0.0,0.0,13.5,0.69,0.0
20230425:0530,0.0,0.0,0.0,0.0,0.0,13.66,0.41,0.0
20230425:0630,0.0,0.0,0.0,0.0,0.0,13.18,0.21,0.0
20230425:0730,0.0,0.0,0.0,0.0,0.0,12.97,0.07,0.0
20230425:0830,0.0,0.0,0.0,0.0,0.0,12.57,0.28,0.0
20230425:0930,2.77,0.0,11.61,0.12,1.75,12.23,0.34,0.0
20230425:1030,298.0,295.9,74.04,2.02,14.92,12.06,0.34,0.0
20230425:1130,496.01,509.57,105.65,4.06,27.44,15.09,0.62,0.0
20230425:1230,650.9,725.73,104.23,5.95,38.83,17.49,1.03,0.0
20230425:1330,732.79,846.93,110.68,7.25,48.11,18.94,1.1,0.0
20230425:1430,758.68,891.77,113.35,7.89,53.63,20.17,1.1,0.0
20230425:1530,732.09,854.36,118.0,7.86,53.62,21.11,0.97,0.0
20230425:1630,622.79,662.95,146.74,6.72,48.09,21.89,1.03,0.0
20230425:1730,466.42,441.54,153.81,5.08,38.81,22.29,0.9,0.0
20230425:1830,274.67,220.84,133.97,3.13,27.42,22.23,0.41,0.0
20230425:1930,128.56,123.82,66.25,1.7,14.9,22.01,0.34,0.0
20230425:2030,2.28,0.0,11.0,0.11,1.73,21.3,0.34,0.0
20230425:2130,0.0,0.0,0.0,0.0,0.0,19.95,0.34,0.0
20230425:2230,0.0,0.0,0.0,0.0,0.0,19.47,0.21,0.0
20230425:2330,0.0,0.0,0.0,0.0,0.0,18.8,0.55,0.0
20230426:0030,0.0,0.0,0.0,0.0,0.0,17.98,0.62,0.0
20230426:0130,0.0,0.0,0.0,0.0,0.0,17.49,0.55,0.0
20230426:0230,0.0,0.0,0.0,0.0,0.0,16.86,0.48,0.0
20230426:0330,0.0,0.0,0.0,0.0,0.0,16.29,0.41,0.0
20230426:0430,0.0,0.0,0.0,0.0,0.0,15.82,0.48,0.0
20230426:0530,0.0,0.0,0.0,0.0,0.0,15.15,0.62,0.0
20230426:0630,0.0,0.0,0.0,0.0,0.0,14.52,0.76,0.0
20230426:0730,0.0,0.0,0.0,0.0,0.0,13.81,1.03,0.0
20230426:0830,0.0,0.0,0.0,0.0,0.0,13.37,1.03,0.0
20230426:0930,3.31,0.0,12.63,0.13,1.66,13.15,1.03,0.0
20230426:1030,248.44,223.23,86.42,1.77,14.81,13.25,1.03,0.0
20230426:1130,445.77,429.18,121.72,3.69,27.3,16.64,1.03,0.0
20230426:1230,576.29,580.65,143.78,5.26,38.63,18.98,1.59,0.0
20230426:1330,563.17,482.61,226.68,5.57,47.86,20.35,2.0,0.0
20230426:1430,621.84,589.48,198.01,6.3,53.32,21.13,2.41,0.0
20230426:1530,527.07,410.08,252.6,5.57,53.29,22.03,2.62,0.0
20230426:1630,403.82,270.87,234.09,4.41,47.8,22.53,2.62,0.0
20230426:1730,423.89,343.52,187.78,4.58,38.55,22.5,2.48,0.0
20230426:1830,164.96,84.32,132.89,2.01,27.21,22.72,2.21,0.0
20230426:1930,29.17,11.71,40.29,0.5,14.71,20.07,1.72,0.0
20230426:2030,0.0,0.0,4.95,0.05,1.56,18.93,0.9,0.0
20230426:2130,0.0,0.0,0.0,0.0,0.0,17.9,0.9,0.0
20230426:2230,0.0,0.0,0.0,0.0,0.0,17.41,0.9,0.0
20230426:2330,0.0,0.0,0.0,0.0,0.0,16.93,1.03,0.0
20230427:0030,0.0,0.0,0.0,0.0,0.0,16.32,1.17,0.0
20230427:0130,0.0,0.0,0.0,0.0,0.0,15.75,1.1,0.0
20230427:0230,0.0,0.0,0.0,0.0,0.0,15.33,1.17,0.0
20230427:0330,0.0,0.0,0.0,0.0,0.0,15.23,1.24,0.0
20230427:0430,0.0,0.0,0.0,0.0,0.0,15.12,1.1,0.0
20230427:0530,0.0,0.0,0.0,0.0,0.0,14.75,1.03,0.0
20230427:0630,0.0,0.0,0.0,0.0,0.0,14.35,0.97,0.0
20230427:0730,0.0,0.0,0.0,0.0,0.0,14.44,1.03,0.0
20230427:0830,0.0,0.0,0.0,0.0,0.0,14.55,0.97,0.0
20230427:0930,1.79,0.0,9.82,0.1,1.57,15.03,1.03,0.0
20230427:1030,135.19,103.89,73.36,1.15,14.69,15.34,1.1,0.0
20230427:1130,299.36,239.12,128.52,2.62,27.15,16.83,1.45,0.0
20230427:1230,546.28,548.35,131.37,4.93,38.44,18.06,1.59,0.0
20230427:1330,580.32,559.12,172.52,5.64,47.6,19.68,1.66,0.0
20230427:1430,633.08,646.29,162.22,6.4,53.01,20.53,1.66,0.0
20230427:1530,575.78,576.05,152.84,5.94,52.97,21.41,1.86,0.0
20230427:1630,469.57,432.53,153.71,4.92,47.5,21.59,2.07,0.0
20230427:1730,399.29,387.31,109.86,4.22,38.3,21.52,2.0,0.0
20230427:1830,263.48,221.85,114.11,2.93,26.99,21.33,1.79,0.0
20230427:1930,86.92,82.13,51.24,1.19,14.52,21.2,1.45,0.0
20230427:2030,0.61,0.0,7.33,0.08,1.39,20.61,0.48,0.0
20230427:2130,0.0,0.0,0.0,0.0,0.0,19.72,0.14,0.0
20230427:2230,0.0,0.0,0.0,0.0,0.0,18.94,0.28,0.0
20230427:2330,0.0,0.0,0.0,0.0,0.0,18.35,0.41,0.0
20230428:0030,0.0,0.0,0.0,0.0,0.0,17.5,0.69,0.0
20230428:0130,0.0,0.0,0.0,0.0,0.0,16.97,0.69,0.0
20230428:0230,0.0,0.0,0.0,0.0,0.0,16.71,0.62,0.0
20230428:0330,0.0,0.0,0.0,0.0,0.0,16.44,0.69,0.0
20230428:0430,0.0,0.0,0.0,0.0,0.0,16.18,0.62,0.0
20230428:0530,0.0,0.0,0.0,0.0,0.0,16.01,0.62,0.0
20230428:0630,0.0,0.0,0.0,0.0,0.0,16.12,0.55,0.0
20230428:0730,0.0,0.0,0.0,0.0,0.0,15.82,0.62,0.0
20230428:0830,0.0,0.0,0.0,0.0,0.0,15.66,0.62,0.0
20230428:0930,0.4,0.0,6.73,0.07,1.48,15.53,0.69,0.0
20230428:1030,93.07,83.73,44.15,0.81,14.58,15.6,0.69,0.0
20230428:1130,177.78,124.62,100.27,1.71,27.0,16.78,0.69,0.0
20230428:1230,340.55,300.42,119.16,3.16,38.25,17.72,0.62,0.0
20230428:1330,479.71,403.39,200.94,4.77,47.35,18.67,0.48,0.0
20230428:1430,516.9,436.81,225.03,5.39,52.71,20.44,0.48,0.0
20230428:1530,430.09,361.66,182.89,4.55,52.65,21.15,0.48,0.0
20230428:1630,461.31,423.96,159.1,4.89,47.21,20.96,0.76,0.0
20230428:1730,232.77,171.56,122.79,2.59,38.05,21.13,1.1,0.0
20230428:1830,113.64,84.01,69.87,1.38,26.78,20.13,1.38,0.0
20230428:1930,36.79,34.07,30.51,0.59,14.34,18.98,1.45,0.0
20230428:2030,0.0,0.0,3.73,0.04,1.23,18.14,1.72,0.0
20230428:2130,0.0,0.0,0.0,0.0,0.0,17.3,1.59,0.0
20230428:2230,0.0,0.0,0.0,0.0,0.0,16.74,1.52,0.0
20230428:2330,0.0,0.0,0.0,0.0,0.0,16.3,1.45,0.0
20230429:0030,0.0,0.0,0.0,0.0,0.0,15.8,1.31,0.0
20230429:0130,0.0,0.0,0.0,0.0,0.0,15.51,1.17,0.0
20230429:0230,0.0,0.0,0.0,0.0,0.0,15.18,1.03,0.0
20230429:0330,0.0,0.0,0.0,0.0,0.0,15.18,1.1,0.0
20230429:0430,0.0,0.0,0.0,0.0,0.0,14.92,0.97,0.0
20230429:0530,0.0,0.0,0.0,0.0,0.0,14.77,0.83,0.0
20230429:0630,0.0,0.0,0.0,0.0,0.0,14.61,0.76,0.0
20230429:0730,0.0,0.0,0.0,0.0,0.0,14.3,0.83,0.0
20230429:0830,0.0,0.0,0.0,0.0,0.0,14.02,0.83,0.0
20230429:0930,0.92,0.0,7.93,0.08,1.39,13.88,0.69,0.0
20230429:1030,153.74,130.82,67.64,1.2,14.46,14.06,0.69,0.0
20230429:1130,335.4,301.52,108.38,2.79,26.85,15.21,0.76,0.0
20230429:1230,458.83,406.33,162.82,4.22,38.06,16.95,0.69,0.0
20230429:1330,419.18,283.37,236.72,4.26,47.11,18.56,1.31,0.0
20230429:1430,272.98,84.39,259.21,3.18,52.41,19.71,1.24,0.0
20230429:1530,377.12,226.11,245.18,4.11,52.34,19.96,1.17,0.0
20230429:1630,516.97,465.67,186.7,5.45,46.93,20.61,1.38,0.0
20230429:1730,332.72,256.7,160.47,3.61,37.81,21.38,1.38,0.0
20230429:1830,218.49,184.98,96.86,2.45,26.57,21.14,0.97,0.0
20230429:1930,98.88,99.45,50.8,1.31,14.16,20.42,0.34,0.0
20230429:2030,0.41,0.0,6.82,0.07,1.07,19.8,0.62,0.0
20230429:2130,0.0,0.0,0.0,0.0,0.0,18.63,1.03,0.0
20230429:2230,0.0,0.0,0.0,0.0,0.0,17.27,1.1,0.0
20230429:2330,0.0,0.0,0.0,0.0,0.0,16.21,1.17,0.0
20230430:0030,0.0,0.0,0.0,0.0,0.0,15.72,1.1,0.0
20230430:0130,0.0,0.0,0.0,0.0,0.0,15.8,1.03,0.0
20230430:0230,0.0,0.0,0.0,0.0,0.0,15.49,0.97,0.0
20230430:0330,0.0,0.0,0.0,0.0,0.0,15.41,0.83,0.0
20230430:0430,0.0,0.0,0.0,0.0,0.0,15.12,0.69,0.0
20230430:0530,0.0,0.0,0.0,0.0,0.0,14.89,0.69,0.0
20230430:0630,0.0,0.0,0.0,0.0,0.0,14.93,0.62,0.0
20230430:0730,0.0,0.0,0.0,0.0,0.0,15.38,0.55,0.0
20230430:0830,0.0,0.0,0.0,0.0,0.0,15.41,0.28,0.0
20230430:0930,0.86,0.0,7.83,0.08,1.3,15.45,0.28,0.0
20230430:1030,128.09,95.3,74.15,1.11,14.35,15.29,0.07,0.0
20230430:1130,345.66,320.04,106.49,2.87,26.71,16.76,0.55,0.0
20230430:1230,445.1,392.19,158.55,4.08,37.86,18.05,1.17,0.0
20230430:1330,588.67,573.96,170.9,5.68,46.86,19.29,1.38,0.0
20230430:1430,649.49,716.03,116.84,6.49,52.11,20.38,1.45,0.0
20230430:1530,558.17,535.25,173.43,5.76,52.03,21.33,1.52,0.0
20230430:1630,492.44,458.48,163.34,5.17,46.65,21.78,1.45,0.0
20230430:1730,445.11,444.57,116.49,4.69,37.57,21.88,1.38,0.0
20230430:1830,241.87,204.78,106.28,2.69,26.37,21.9,1.38,0.0
20230430:1930,94.57,94.26,50.31,1.26,13.98,21.21,1.17,0.0
20230430:2030,0.55,0.0,7.19,0.07,0.92,20.5,0.62,0.0
20230430:2130,0.0,0.0,0.0,0.0,0.0,19.15,0.41,0.0
20230430:2230,0.0,0.0,0.0,0.0,0.0,18.87,0.14,0.0
20230430:2330,0.0,0.0,0.0,0.0,0.0,18.32,0.34,0.0
20230501:0030,0.0,0.0,0.0,0.0,0.0,17.62,0.55,0.0
20230501:0130,0.0,0.0,0.0,0.0,0.0,16.98,0.55,0.0
20230501:0230,0.0,0.0,0.0,0.0,0.0,16.41,0.34,0.0
20230501:0330,0.0,0.0,0.0,0.0,0.0,15.99,0.34,0.0
20230501:0430,0.0,0.0,0.0,0.0,0.0,15.34,0.55,0.0
20230501:0530,0.0,0.0,0.0,0.0,0.0,14.84,0.69,0.0
20230501:0630,0.0,0.0,0.0,0.0,0.0,14.67,0.62,0.0
20230501:0730,0.0,0.0,0.0,0.0,0.0,14.68,0.62,0.0
20230501:0830,0.0,0.0,0.0,0.0,0.0,14.18,0.69,0.0
20230501:0930,1.9,0.0,10.0,0.1,1.2,13.66,0.9,0.0
20230501:1030,225.85,218.78,64.32,1.54,14.23,13.44,0.97,0.0
20230501:1130,447.89,440.45,114.13,3.62,26.56,16.3,0.76,0.0
20230501:1230,487.05,457.65,149.82,4.42,37.67,18.6,1.1,0.0
20230501:1330,667.02,721.43,136.57,6.43,46.61,19.51,1.31,0.0
20230501:1430,600.21,579.7,188.04,6.06,51.82,20.39,1.24,0.0
20230501:1530,452.0,376.54,192.9,4.72,51.73,21.07,1.03,0.0
20230501:1630,493.61,469.13,158.13,5.19,46.37,21.1,0.76,0.0
20230501:1730,328.82,263.23,151.22,3.56,37.33,21.28,0.69,0.0
20230501:1830,268.51,222.95,121.22,2.96,26.17,20.91,0.76,0.0
20230501:1930,113.86,116.89,53.43,1.46,13.81,19.96,0.83,0.0
20230501:2030,1.05,0.0,8.34,0.09,0.77,19.6,0.48,0.0
20230501:2130,0.0,0.0,0.0,0.0,0.0,18.47,0.62,0.0
20230501:2230,0.0,0.0,0.0,0.0,0.0,17.37,0.69,0.0
20230501:2330,0.0,0.0,0.0,0.0,0.0,17.3,0.62,0.0
20230502:0030,0.0,0.0,0.0,0.0,0.0,16.49,0.69,0.0
20230502:0130,0.0,0.0,0.0,0.0,0.0,16.42,0.62,0.0
20230502:0230,0.0,0.0,0.0,0.0,0.0,16.14,0.55,0.0
20230502:0330,0.0,0.0,0.0,0.0,0.0,15.75,0.34,0.0
20230502:0430,0.0,0.0,0.0,0.0,0.0,15.34,0.21,0.0
20230502:0530,0.0,0.0,0.0,0.0,0.0,14.93,0.21,0.0
20230502:0630,0.0,0.0,0.0,0.0,0.0,14.51,0.21,0.0
20230502:0730,0.0,0.0,0.0,0.0,0.0,14.01,0.21,0.0
20230502:0830,0.0,0.0,0.0,0.0,0.0,13.54,0.41,0.0
20230502:0930,1.64,0.0,9.45,0.1,1.11,13.13,0.41,0.0
20230502:1030,238.64,217.3,82.27,1.65,14.11,13.22,0.21,0.0
20230502:1130,399.85,375.0,119.94,3.27,26.41,16.05,0.34,0.0
20230502:1230,599.2,636.44,129.35,5.41,37.48,18.36,0.69,0.0
20230502:1330,695.21,784.41,122.7,6.75,46.37,19.88,1.03,0.0
20230502:1430,683.32,778.59,113.45,6.89,51.53,20.92,1.1,0.0
20230502:1530,612.17,665.25,125.24,6.31,51.43,21.47,1.03,0.0
20230502:1630,530.18,541.33,136.1,5.55,46.1,21.64,0.9,0.0
20230502:1730,408.34,421.41,95.07,4.29,37.1,21.83,0.69,0.0
20230502:1830,271.1,271.39,77.84,2.94,25.97,21.65,0.55,0.0
20230502:1930,114.43,124.43,48.71,1.46,13.64,21.54,0.97,0.0
20230502:2030,0.55,0.0,7.19,0.07,0.62,20.72,0.55,0.0
20230502:2130,0.0,0.0,0.0,0.0,0.0,19.68,0.34,0.0
20230502:2230,0.0,0.0,0.0,0.0,0.0,19.08,0.34,0.0
20230502:2330,0.0,0.0,0.0,0.0,0.0,18.39,0.62,0.0
20230503:0030,0.0,0.0,0.0,0.0,0.0,17.12,0.76,0.0
20230503:0130,0.0,0.0,0.0,0.0,0.0,16.5,0.83,0.0
20230503:0230,0.0,0.0,0.0,0.0,0.0,16.22,0.76,0.0
20230503:0330,0.0,0.0,0.0,0.0,0.0,16.16,0.62,0.0
20230503:0430,0.0,0.0,0.0,0.0,0.0,15.78,0.41,0.0
20230503:0530,0.0,0.0,0.0,0.0,0.0,15.42,0.21,0.0
20230503:0630,0.0,0.0,0.0,0.0,0.0,15.03,0.07,0.0
20230503:0730,0.0,0.0,0.0,0.0,0.0,14.82,0.07,0.0
20230503:0830,0.0,0.0,0.0,0.0,0.0,14.72,0.07,0.0
20230503:0930,1.64,0.0,9.49,0.1,1.02,14.61,0.14,0.0
20230503:1030,228.37,222.21,66.87,1.55,14.0,14.59,0.21,0.0
20230503:1130,429.59,441.23,94.22,3.44,26.26,17.04,0.34,0.0
20230503:1230,571.93,596.92,133.68,5.17,37.29,19.26,0.69,0.0
20230503:1330,608.22,611.76,175.11,5.93,46.13,20.42,0.76,0.0
20230503:1430,549.69,550.82,153.18,5.52,51.25,21.3,0.83,0.0
20230503:1530,589.74,634.3,129.0,6.09,51.13,21.69,0.76,0.0
20230503:1630,555.12,565.3,154.71,5.88,45.83,22.38,0.62,0.0
20230503:1730,439.47,451.0,112.18,4.66,36.87,22.64,0.41,0.0
20230503:1830,271.41,256.16,96.07,2.97,25.78,22.61,0.28,0.0
20230503:1930,115.32,124.27,51.1,1.47,13.48,22.54,0.28,0.0
20230503:2030,0.56,0.0,7.24,0.07,0.48,21.67,0.21,0.0
20230503:2130,0.0,0.0,0.0,0.0,0.0,20.76,0.21,0.0
20230503:2230,0.0,0.0,0.0,0.0,0.0,19.98,0.14,0.0
20230503:2330,0.0,0.0,0.0,0.0,0.0,19.36,0.34,0.0
20230504:0030,0.0,0.0,0.0,0.0,0.0,18.82,0.41,0.0
20230504:0130,0.0,0.0,0.0,0.0,0.0,18.28,0.41,0.0
20230504:0230,0.0,0.0,0.0,0.0,0.0,17.72,0.34,0.0
20230504:0330,0.0,0.0,0.0,0.0,0.0,17.26,0.28,0.0
20230504:0430,0.0,0.0,0.0,0.0,0.0,16.86,0.21,0.0
20230504:0530,0.0,0.0,0.0,0.0,0.0,16.58,0.07,0.0
20230504:0630,0.0,0.0,0.0,0.0,0.0,16.43,0.07,0.0
20230504:0730,0.0,0.0,0.0,0.0,0.0,15.94,0.14,0.0
20230504:0830,0.0,0.0,0.0,0.0,0.0,15.84,0.34,0.0
20230504:0930,1.5,0.0,9.22,0.1,0.92,15.36,0.62,0.0
20230504:1030,248.86,240.63,73.25,1.66,13.88,15.13,0.62,0.0
20230504:1130,467.45,488.31,96.97,3.72,26.11,17.5,0.55,0.0
20230504:1230,619.03,685.86,110.0,5.55,37.1,19.83,0.97,0.0
20230504:1330,698.57,797.54,120.11,6.78,45.89,21.17,1.1,0.0
20230504:1430,736.55,865.81,113.14,7.51,50.96,22.23,1.24,0.0
20230504:1530,706.39,818.66,119.74,7.4,50.84,23.09,1.17,0.0
20230504:1630,598.43,637.24,142.86,6.32,45.57,23.72,1.17,0.0
20230504:1730,426.93,405.28,140.54,4.54,36.65,24.03,1.1,0.0
20230504:1830,243.07,186.36,130.56,2.73,25.59,24.01,0.9,0.0
20230504:1930,98.3,87.39,62.69,1.29,13.32,23.73,0.83,0.0
20230504:2030,0.63,0.0,7.42,0.08,0.34,22.8,0.48,0.0
20230504:2130,0.0,0.0,0.0,0.0,0.0,21.74,0.28,0.0
20230504:2230,0.0,0.0,0.0,0.0,0.0,21.04,0.07,0.0
20230504:2330,0.0,0.0,0.0,0.0,0.0,20.45,0.41,0.0
20230505:0030,0.0,0.0,0.0,0.0,0.0,19.93,0.55,0.0
20230505:0130,0.0,0.0,0.0,0.0,0.0,19.32,0.55,0.0
20230505:0230,0.0,0.0,0.0,0.0,0.0,18.72,0.55,0.0
20230505:0330,0.0,0.0,0.0,0.0,0.0,18.11,0.55,0.0
20230505:0430,0.0,0.0,0.0,0.0,0.0,17.6,0.48,0.0
20230505:0530,0.0,0.0,0.0,0.0,0.0,17.1,0.41,0.0
20230505:0630,0.0,0.0,0.0,0.0,0.0,16.75,0.28,0.0
20230505:0730,0.0,0.0,0.0,0.0,0.0,16.31,0.28,0.0
20230505:0830,0.0,0.0,0.0,0.0,0.0,16.22,0.28,0.0
20230505:0930,1.8,0.0,9.86,0.1,0.83,16.03,0.14,0.0
20230505:1030,229.05,202.71,89.15,1.61,13.76,15.89,0.07,0.0
20230505:1130,432.53,414.05,132.09,3.54,25.96,17.99,0.0,0.0
20230505:1230,586.27,633.42,131.05,5.35,36.91,20.72,0.28,0.0
20230505:1330,686.73,804.48,116.87,6.79,45.65,22.13,0.41,0.0
20230505:1430,691.4,814.6,119.37,7.16,50.69,23.11,0.41,0.0
20230505:1530,653.6,727.3,147.72,6.92,50.56,23.83,0.55,0.0
20230505:1630,466.82,425.66,175.27,4.96,45.31,24.44,0.9,0.0
20230505:1730,320.06,228.54,180.4,3.52,36.43,24.46,1.17,0.0
20230505:1830,177.22,122.33,112.18,2.06,25.4,24.13,1.38,0.0
20230505:1930,54.19,47.12,42.84,0.79,13.16,23.65,0.9,0.0
20230505:2030,0.23,0.0,6.41,0.07,0.2,22.72,0.62,0.0
20230505:2130,0.0,0.0,0.0,0.0,0.0,21.3,0.69,0.0
20230505:2230,0.0,0.0,0.0,0.0,0.0,19.92,0.9,0.0
20230505:2330,0.0,0.0,0.0,0.0,0.0,19.0,1.1,0.0
20230506:0030,0.0,0.0,0.0,0.0,0.0,18.15,1.17,0.0
20230506:0130,0.0,0.0,0.0,0.0,0.0,17.59,1.17,0.0
20230506:0230,0.0,0.0,0.0,0.0,0.0,17.14,1.1,0.0
20230506:0330,0.0,0.0,0.0,0.0,0.0,16.49,1.03,0.0
20230506:0430,0.0,0.0,0.0,0.0,0.0,16.23,0.9,0.0
20230506:0530,0.0,0.0,0.0,0.0,0.0,16.11,0.69,0.0
20230506:0630,0.0,0.0,0.0,0.0,0.0,16.22,0.41,0.0
20230506:0730,0.0,0.0,0.0,0.0,0.0,16.38,0.34,0.0
20230506:0830,0.0,0.0,0.0,0.0,0.0,16.3,0.34,0.0
20230506:0930,0.78,0.0,7.65,0.08,0.73,16.08,0.48,0.0
20230506:1030,128.65,100.4,70.2,1.06,13.64,16.15,0.41,0.0
20230506:1130,363.4,314.27,135.97,3.01,25.81,17.18,0.62,0.0
20230506:1230,496.81,452.04,178.87,4.56,36.72,19.08,0.34,0.0
20230506:1330,498.05,404.05,235.04,4.99,45.42,20.71,0.34,0.0
20230506:1430,567.26,489.87,247.59,5.86,50.41,21.74,0.62,0.0
20230506:1530,605.87,591.36,202.34,6.35,50.28,22.81,0.83,0.0
20230506:1630,511.05,464.1,194.63,5.41,45.05,23.65,1.03,0.0
20230506:1730,453.62,436.42,143.46,4.77,36.21,23.88,1.31,0.0
20230506:1830,287.8,267.42,104.67,3.1,25.22,23.94,1.52,0.0
20230506:1930,83.94,59.53,68.97,1.12,13.01,23.57,1.31,0.0
20230506:2030,0.3,0.0,6.59,0.07,0.07,22.71,1.1,0.0
20230506:2130,0.0,0.0,0.0,0.0,0.0,21.46,1.1,0.0
20230506:2230,0.0,0.0,0.0,0.0,0.0,20.35,1.17,0.0
20230506:2330,0.0,0.0,0.0,0.0,0.0,19.39,1.24,0.0
20230507:0030,0.0,0.0,0.0,0.0,0.0,18.36,1.17,0.0
20230507:0130,0.0,0.0,0.0,0.0,0.0,17.27,1.1,0.0
20230507:0230,0.0,0.0,0.0,0.0,0.0,16.65,1.03,0.0
20230507:0330,0.0,0.0,0.0,0.0,0.0,16.02,0.97,0.0
20230507:0430,0.0,0.0,0.0,0.0,0.0,15.64,0.97,0.0
20230507:0530,0.0,0.0,0.0,0.0,0.0,15.31,0.9,0.0
20230507:0630,0.0,0.0,0.0,0.0,0.0,15.16,0.69,0.0
20230507:0730,0.0,0.0,0.0,0.0,0.0,15.37,0.62,0.0
20230507:0830,0.0,0.0,0.0,0.0,0.0,15.49,0.28,0.0
20230507:0930,1.56,0.0,9.36,0.1,0.64,15.23,0.34,0.0
20230507:1030,225.93,203.34,82.76,1.54,13.52,15.03,0.48,0.0
20230507:1130,425.54,398.5,129.69,3.41,25.66,17.04,0.76,0.0
20230507:1230,568.89,588.15,131.56,5.03,36.53,18.78,1.03,0.0
20230507:1330,647.29,652.84,189.03,6.27,45.19,20.22,0.9,0.0
20230507:1430,623.97,536.44,283.71,6.49,50.14,21.5,0.69,0.0
20230507:1530,597.43,503.43,286.29,6.41,50.0,22.35,0.41,0.0
20230507:1630,543.57,478.83,235.24,5.86,44.81,23.01,0.28,0.0
20230507:1730,404.08,320.63,200.13,4.38,36.0,23.38,0.34,0.0
20230507:1830,278.92,224.37,138.42,3.06,25.05,23.36,0.48,0.0
20230507:1930,96.69,70.41,75.41,1.26,12.86,23.4,0.62,0.0
20230507:2030,0.0,0.0,0.0,0.0,-0.06,22.42,0.28,0.0
20230507:2130,0.0,0.0,0.0,0.0,0.0,21.15,0.28,0.0
20230507:2230,0.0,0.0,0.0,0.0,0.0,20.51,0.28,0.0
20230507:2330,0.0,0.0,0.0,0.0,0.0,19.83,0.28,0.0
20230508:0030,0.0,0.0,0.0,0.0,0.0,19.18,0.28,0.0
20230508:0130,0.0,0.0,0.0,0.0,0.0,18.64,0.28,0.0
20230508:0230,0.0,0.0,0.0,0.0,0.0,18.13,0.34,0.0
20230508:0330,0.0,0.0,0.0,0.0,0.0,17.59,0.48,0.0
20230508:0430,0.0,0.0,0.0,0.0,0.0,17.06,0.41,0.0
20230508:0530,0.0,0.0,0.0,0.0,0.0,16.65,0.34,0.0
20230508:0630,0.0,0.0,0.0,0.0,0.0,16.27,0.41,0.0
20230508:0730,0.0,0.0,0.0,0.0,0.0,15.36,0.76,0.0
20230508:0830,0.0,0.0,0.0,0.0,0.0,14.86,0.83,0.0
20230508:0930,1.16,0.0,8.48,0.09,0.54,14.39,0.83,0.0
20230508:1030,252.66,238.82,78.44,1.64,13.41,14.33,0.69,0.0
20230508:1130,469.49,484.89,100.49,3.66,25.52,16.77,0.62,0.0
20230508:1230,612.31,673.55,109.91,5.4,36.35,19.21,0.97,0.0
20230508:1330,693.49,795.79,114.22,6.65,44.96,20.66,0.97,0.0
20230508:1430,718.21,842.57,115.65,7.28,49.88,21.83,0.83,0.0
20230508:1530,692.39,812.91,114.88,7.24,49.73,22.74,0.62,0.0
20230508:1630,614.24,692.87,121.2,6.5,44.56,23.48,0.48,0.0
20230508:1730,457.77,475.12,117.12,4.82,35.8,24.0,0.48,0.0
20230508:1830,266.13,217.28,130.88,2.93,24.88,24.0,0.28,0.0
20230508:1930,99.14,89.63,62.18,1.26,12.71,23.56,0.28,0.0
20230508:2030,0.0,0.0,0.0,0.0,-0.18,22.61,0.34,0.0
20230508:2130,0.0,0.0,0.0,0.0,0.0,21.13,0.41,0.0
20230508:2230,0.0,0.0,0.0,0.0,0.0,20.21,0.55,0.0
20230508:2330,0.0,0.0,0.0,0.0,0.0,19.82,0.48,0.0
20230509:0030,0.0,0.0,0.0,0.0,0.0,19.38,0.41,0.0
20230509:0130,0.0,0.0,0.0,0.0,0.0,18.94,0.48,0.0
20230509:0230,0.0,0.0,0.0,0.0,0.0,18.61,0.41,0.0
20230509:0330,0.0,0.0,0.0,0.0,0.0,18.43,0.14,0.0
20230509:0430,0.0,0.0,0.0,0.0,0.0,18.14,0.21,0.0
20230509:0530,0.0,0.0,0.0,0.0,0.0,17.79,0.34,0.0
20230509:0630,0.0,0.0,0.0,0.0,0.0,17.4,0.41,0.0
20230509:0730,0.0,0.0,0.0,0.0,0.0,16.26,0.69,0.0
20230509:0830,0.0,0.0,0.0,0.0,0.0,15.99,0.62,0.0
20230509:0930,1.17,0.0,8.53,0.09,0.45,15.87,0.41,0.0
20230509:1030,237.94,220.94,81.07,1.58,13.29,15.79,0.41,0.0
20230509:1130,401.46,360.74,142.54,3.28,25.37,17.82,0.21,0.0
20230509:1230,449.31,331.56,241.12,4.31,36.16,20.4,0.34,0.0
20230509:1330,539.31,458.41,238.58,5.34,44.73,21.37,0.55,0.0
20230509:1430,609.46,546.91,258.08,6.31,49.61,22.27,0.48,0.0
20230509:1530,553.84,502.21,227.7,5.87,49.46,23.18,0.21,0.0
20230509:1630,460.95,358.64,240.3,4.99,44.32,23.69,0.28,0.0
20230509:1730,337.42,248.27,184.54,3.67,35.6,23.95,0.55,0.0
20230509:1830,172.14,120.81,107.92,1.98,24.71,23.7,0.62,0.0
20230509:1930,35.54,1.92,57.77,0.59,12.57,22.72,0.34,0.0
20230509:2030,0.0,0.0,0.0,0.0,-0.3,21.83,0.34,0.0
20230509:2130,0.0,0.0,0.0,0.0,0.0,20.48,0.69,0.0
20230509:2230,0.0,0.0,0.0,0.0,0.0,19.65,0.83,0.0
20230509:2330,0.0,0.0,0.0,0.0,0.0,18.79,0.9,0.0
20230510:0030,0.0,0.0,0.0,0.0,0.0,18.2,0.83,0.0
20230510:0130,0.0,0.0,0.0,0.0,0.0,17.43,0.83,0.0
20230510:0230,0.0,0.0,0.0,0.0,0.0,16.82,0.83,0.0
20230510:0330,0.0,0.0,0.0,0.0,0.0,16.65,0.76,0.0
20230510:0430,0.0,0.0,0.0,0.0,0.0,16.34,0.76,0.0
20230510:0530,0.0,0.0,0.0,0.0,0.0,16.19,0.76,0.0
20230510:0630,0.0,0.0,0.0,0.0,0.0,16.17,0.76,0.0
20230510:0730,0.0,0.0,0.0,0.0,0.0,15.89,0.69,0.0
20230510:0830,0.0,0.0,0.0,0.0,0.0,16.02,0.55,0.0
20230510:0930,0.38,0.0,6.68,0.07,0.35,16.2,0.41,0.0
20230510:1030,86.79,50.59,70.13,0.87,13.17,16.43,0.48,0.0
20230510:1130,165.98,85.2,127.67,1.7,25.22,17.63,0.62,0.0
20230510:1230,334.83,198.54,220.72,3.34,35.98,18.79,0.41,0.0
20230510:1330,431.97,269.1,275.88,4.43,44.5,19.99,0.83,0.0
20230510:1430,470.31,346.21,249.23,4.84,49.36,21.1,1.1,0.0
20230510:1530,497.55,352.12,280.44,5.25,49.2,21.63,1.38,0.0
20230510:1630,370.64,264.42,201.76,3.94,44.09,22.13,1.38,0.0
20230510:1730,311.66,211.57,179.12,3.34,35.4,21.36,1.79,0.0
20230510:1830,121.0,73.14,90.58,1.45,24.55,21.22,1.38,0.0
20230510:1930,60.74,53.98,43.9,0.83,12.44,19.95,0.97,0.0
20230510:2030,0.0,0.0,0.0,0.0,-0.41,19.45,0.76,0.0
20230510:2130,0.0,0.0,0.0,0.0,0.0,18.68,0.41,0.0
20230510:2230,0.0,0.0,0.0,0.0,0.0,17.82,0.69,0.0
20230510:2330,0.0,0.0,0.0,0.0,0.0,17.07,0.76,0.0
20230511:0030,0.0,0.0,0.0,0.0,0.0,16.57,0.69,0.0
20230511:0130,0.0,0.0,0.0,0.0,0.0,16.27,0.55,0.0
20230511:0230,0.0,0.0,0.0,0.0,0.0,15.77,0.55,0.0
20230511:0330,0.0,0.0,0.0,0.0,0.0,15.55,0.48,0.0
20230511:0430,0.0,0.0,0.0,0.0,0.0,15.25,0.55,0.0
20230511:0530,0.0,0.0,0.0,0.0,0.0,15.22,0.48,0.0
20230511:0630,0.0,0.0,0.0,0.0,0.0,15.16,0.48,0.0
20230511:0730,0.0,0.0,0.0,0.0,0.0,15.03,0.76,0.0
20230511:0830,0.0,0.0,0.0,0.0,0.0,14.95,0.69,0.0
20230511:0930,0.0,0.0,5.07,0.05,0.26,14.88,0.55,0.0
20230511:1030,141.72,117.9,67.56,1.08,13.05,15.17,0.48,0.0
20230511:1130,374.77,339.9,121.0,2.97,25.07,16.31,0.9,0.0
20230511:1230,444.58,429.66,117.45,3.85,35.8,17.75,1.31,0.0
20230511:1330,515.84,473.94,169.2,4.83,44.28,18.98,1.52,0.0
20230511:1430,648.96,696.61,130.97,6.28,49.1,19.91,1.66,0.0
20230511:1530,696.73,766.39,134.36,7.0,48.95,20.97,1.79,0.0
20230511:1630,573.09,575.93,152.29,5.81,43.86,21.84,1.86,0.0
20230511:1730,516.01,546.16,105.68,5.22,35.21,21.99,2.0,0.0
20230511:1830,289.51,289.33,80.32,2.99,24.39,21.91,2.07,0.0
20230511:1930,117.34,121.93,54.54,1.4,12.31,21.26,1.86,0.0
20230511:2030,0.0,0.0,0.0,0.0,-0.52,20.23,1.31,0.0
20230511:2130,0.0,0.0,0.0,0.0,0.0,18.53,1.03,0.0
20230511:2230,0.0,0.0,0.0,0.0,0.0,17.01,1.1,0.0
20230511:2330,0.0,0.0,0.0,0.0,0.0,15.99,1.17,0.0
20230512:0030,0.0,0.0,0.0,0.0,0.0,14.84,1.17,0.0
20230512:0130,0.0,0.0,0.0,0.0,0.0,13.94,1.17,0.0
20230512:0230,0.0,0.0,0.0,0.0,0.0,13.41,1.1,0.0
20230512:0330,0.0,0.0,0.0,0.0,0.0,13.16,1.03,0.0
20230512:0430,0.0,0.0,0.0,0.0,0.0,13.01,1.24,0.0
20230512:0530,0.0,0.0,0.0,0.0,0.0,12.77,1.1,0.0
20230512:0630,0.0,0.0,0.0,0.0,0.0,12.94,1.1,0.0
20230512:0730,0.0,0.0,0.0,0.0,0.0,13.01,1.03,0.0
20230512:0830,0.0,0.0,0.0,0.0,0.0,13.23,1.03,0.0
20230512:0930,0.05,0.0,5.76,0.06,0.16,13.27,1.03,0.0
20230512:1030,114.76,89.32,62.74,0.93,12.93,13.41,1.03,0.0
20230512:1130,293.61,233.54,122.86,2.41,24.93,13.98,1.31,0.0
20230512:1230,489.55,450.29,148.1,4.22,35.62,14.76,1.17,0.0
20230512:1330,527.21,480.08,175.62,4.92,44.06,16.19,0.83,0.0
20230512:1430,640.33,648.74,174.87,6.29,48.85,17.05,0.48,0.0
20230512:1530,572.48,511.91,217.9,5.81,48.7,18.24,0.62,0.0
20230512:1630,528.65,494.94,168.94,5.33,43.64,18.89,1.17,0.0
20230512:1730,355.12,268.06,172.31,3.68,35.02,19.18,1.59,0.0
20230512:1830,235.21,201.08,97.64,2.47,24.23,18.92,1.72,0.0
20230512:1930,81.88,76.45,49.39,1.03,12.18,18.2,1.72,0.0
20230512:2030,0.0,0.0,0.0,0.0,-0.63,17.21,1.38,0.0
20230512:2130,0.0,0.0,0.0,0.0,0.0,16.14,1.52,0.0
20230512:2230,0.0,0.0,0.0,0.0,0.0,15.21,1.66,0.0
20230512:2330,0.0,0.0,0.0,0.0,0.0,14.45,1.59,0.0
20230513:0030,0.0,0.0,0.0,0.0,0.0,13.86,1.52,0.0
20230513:0130,0.0,0.0,0.0,0.0,0.0,13.35,1.45,0.0
20230513:0230,0.0,0.0,0.0,0.0,0.0,12.84,1.38,0.0
20230513:0330,0.0,0.0,0.0,0.0,0.0,12.44,1.38,0.0
20230513:0430,0.0,0.0,0.0,0.0,0.0,12.0,1.31,0.0
20230513:0530,0.0,0.0,0.0,0.0,0.0,11.79,1.24,0.0
20230513:0630,0.0,0.0,0.0,0.0,0.0,11.69,1.17,0.0
20230513:0730,0.0,0.0,0.0,0.0,0.0,11.31,1.1,0.0
20230513:0830,0.0,0.0,0.0,0.0,0.0,11.24,0.97,0.0
20230513:0930,0.53,0.0,6.96,0.07,0.06,11.0,0.9,0.0
20230513:1030,135.76,111.45,63.58,1.01,12.81,11.15,0.97,0.0
20230513:1130,304.9,240.01,126.29,2.47,24.78,11.69,1.17,0.0
20230513:1230,427.73,366.28,151.29,3.71,35.44,13.26,0.9,0.0
20230513:1330,324.77,150.18,248.87,3.42,43.85,14.8,0.55,0.0
20230513:1430,347.34,149.35,282.3,3.8,48.61,16.01,0.21,0.0
20230513:1530,394.26,222.57,266.67,4.19,48.45,16.64,0.55,0.0
20230513:1630,430.35,324.42,209.49,4.43,43.42,17.43,0.83,0.0
20230513:1730,441.07,401.9,146.75,4.44,34.84,18.06,1.03,0.0
20230513:1830,213.39,145.31,127.4,2.32,24.08,18.31,0.9,0.0
20230513:1930,103.94,98.49,57.01,1.24,12.05,17.98,0.76,0.0
20230513:2030,0.0,0.0,0.0,0.0,-0.73,17.37,0.62,0.0
20230513:2130,0.0,0.0,0.0,0.0,0.0,15.89,0.9,0.0
20230513:2230,0.0,0.0,0.0,0.0,0.0,14.58,1.17,0.0
20230513:2330,0.0,0.0,0.0,0.0,0.0,13.86,1.24,0.0
20230514:0030,0.0,0.0,0.0,0.0,0.0,12.9,1.17,0.0
20230514:0130,0.0,0.0,0.0,0.0,0.0,12.0,1.17,0.0
20230514:0230,0.0,0.0,0.0,0.0,0.0,11.56,1.17,0.0
20230514:0330,0.0,0.0,0.0,0.0,0.0,11.55,1.03,0.0
20230514:0430,0.0,0.0,0.0,0.0,0.0,10.97,0.97,0.0
20230514:0530,0.0,0.0,0.0,0.0,0.0,10.97,0.83,0.0
20230514:0630,0.0,0.0,0.0,0.0,0.0,10.69,0.9,0.0
20230514:0730,0.0,0.0,0.0,0.0,0.0,10.93,0.55,0.0
20230514:0830,0.0,0.0,0.0,0.0,0.0,10.96,0.14,0.0
20230514:0930,0.0,0.0,0.0,0.0,-0.03,10.81,0.21,0.0
20230514:1030,216.11,198.91,71.04,1.38,12.7,10.85,0.14,0.0
20230514:1130,449.6,441.86,107.23,3.39,24.64,12.72,0.48,0.0
20230514:1230,623.7,670.88,113.22,5.31,35.26,14.79,0.76,0.0
20230514:1330,712.16,796.03,120.18,6.59,43.63,16.43,0.97,0.0
20230514:1430,705.84,748.4,161.91,6.86,48.37,17.77,1.17,0.0
20230514:1530,699.32,757.56,145.95,6.98,48.21,18.69,1.24,0.0
20230514:1630,640.42,709.88,110.4,6.43,43.21,19.46,1.24,0.0
20230514:1730,497.84,505.15,121.44,4.99,34.66,19.92,1.31,0.0
20230514:1830,339.9,349.86,82.48,3.43,23.94,20.02,1.24,0.0
20230514:1930,128.94,141.29,51.37,1.48,11.94,19.67,0.83,0.0
20230514:2030,0.0,0.0,0.0,0.0,-0.83,18.9,0.41,0.0
20230514:2130,0.0,0.0,0.0,0.0,0.0,17.6,0.34,0.0
20230514:2230,0.0,0.0,0.0,0.0,0.0,17.04,0.34,0.0
20230514:2330,0.0,0.0,0.0,0.0,0.0,16.34,0.28,0.0
20230515:0030,0.0,0.0,0.0,0.0,0.0,15.74,0.55,0.0
20230515:0130,0.0,0.0,0.0,0.0,0.0,14.61,0.83,0.0
20230515:0230,0.0,0.0,0.0,0.0,0.0,13.62,0.83,0.0
20230515:0330,0.0,0.0,0.0,0.0,0.0,12.66,0.9,0.0
20230515:0430,0.0,0.0,0.0,0.0,0.0,12.36,0.76,0.0
20230515:0530,0.0,0.0,0.0,0.0,0.0,11.92,0.69,0.0
20230515:0630,0.0,0.0,0.0,0.0,0.0,11.39,0.69,0.0
20230515:0730,0.0,0.0,0.0,0.0,0.0,11.37,0.48,0.0
20230515:0830,0.0,0.0,0.0,0.0,0.0,10.99,0.48,0.0
20230515:0930,0.0,0.0,0.0,0.0,-0.13,10.68,0.48,0.0
20230515:1030,262.66,248.16,76.34,1.58,12.58,10.54,0.48,0.0
20230515:1130,479.78,478.09,110.83,3.59,24.5,12.21,0.28,0.0
20230515:1230,626.95,667.73,124.68,5.36,35.09,15.52,0.76,0.0
20230515:1330,716.92,809.44,117.67,6.65,43.42,17.12,0.97,0.0
20230515:1430,749.36,860.9,119.24,7.31,48.13,18.33,1.1,0.0
20230515:1530,727.03,832.83,114.79,7.27,47.98,19.27,1.24,0.0
20230515:1630,652.01,724.32,113.08,6.55,43.0,19.95,1.38,0.0
20230515:1730,526.77,562.3,102.31,5.25,34.49,20.27,1.52,0.0
20230515:1830,339.62,343.76,87.07,3.41,23.8,20.15,1.66,0.0
20230515:1930,129.01,138.28,53.27,1.46,11.82,19.24,1.72,0.0
20230515:2030,0.0,0.0,0.0,0.0,-0.93,18.05,1.31,0.0
20230515:2130,0.0,0.0,0.0,0.0,0.0,16.25,1.24,0.0
20230515:2230,0.0,0.0,0.0,0.0,0.0,14.22,1.17,0.0
20230515:2330,0.0,0.0,0.0,0.0,0.0,13.09,1.1,0.0
20230516:0030,0.0,0.0,0.0,0.0,0.0,12.45,1.03,0.0
20230516:0130,0.0,0.0,0.0,0.0,0.0,12.25,0.83,0.0
20230516:0230,0.0,0.0,0.0,0.0,0.0,12.04,0.69,0.0
20230516:0330,0.0,0.0,0.0,0.0,0.0,11.78,0.48,0.0
20230516:0430,0.0,0.0,0.0,0.0,0.0,11.38,0.34,0.0
20230516:0530,0.0,0.0,0.0,0.0,0.0,10.81,0.28,0.0
20230516:0630,0.0,0.0,0.0,0.0,0.0,10.3,0.28,0.0
20230516:0730,0.0,0.0,0.0,0.0,0.0,10.08,0.48,0.0
20230516:0830,0.0,0.0,0.0,0.0,0.0,9.79,0.48,0.0
20230516:0930,0.0,0.0,0.0,0.0,-0.23,9.58,0.41,0.0
20230516:1030,299.01,293.03,74.16,1.72,12.46,9.56,0.41,0.0
20230516:1130,513.29,531.19,96.57,3.77,24.35,10.34,0.21,0.0
20230516:1230,649.29,718.04,106.66,5.53,34.91,15.64,0.76,0.0
20230516:1330,733.85,832.82,114.46,6.77,43.22,17.53,1.31,0.0
20230516:1430,764.13,878.65,115.4,7.39,47.9,18.79,1.59,0.0
20230516:1530,740.67,847.77,112.71,7.35,47.75,19.69,1.72,0.0
20230516:1630,664.37,744.14,106.38,6.63,42.8,20.32,1.79,0.0
20230516:1730,535.88,577.9,95.84,5.3,34.32,20.58,2.0,0.0
20230516:1830,351.41,365.2,79.43,3.49,23.66,20.29,2.14,0.0
20230516:1930,132.51,145.86,50.68,1.48,11.71,19.09,2.14,0.0
20230516:2030,0.0,0.0,0.0,0.0,-1.02,17.7,1.79,0.0
20230516:2130,0.0,0.0,0.0,0.0,0.0,15.82,1.66,0.0
20230516:2230,0.0,0.0,0.0,0.0,0.0,14.32,1.59,0.0
20230516:2330,0.0,0.0,0.0,0.0,0.0,12.96,1.52,0.0
20230517:0030,0.0,0.0,0.0,0.0,0.0,11.85,1.52,0.0
20230517:0130,0.0,0.0,0.0,0.0,0.0,10.58,1.45,0.0
20230517:0230,0.0,0.0,0.0,0.0,0.0,9.82,1.38,0.0
20230517:0330,0.0,0.0,0.0,0.0,0.0,9.33,1.31,0.0
20230517:0430,0.0,0.0,0.0,0.0,0.0,9.03,1.24,0.0
20230517:0530,0.0,0.0,0.0,0.0,0.0,8.7,1.17,0.0
20230517:0630,0.0,0.0,0.0,0.0,0.0,8.46,1.17,0.0
20230517:0730,0.0,0.0,0.0,0.0,0.0,8.29,1.1,0.0
20230517:0830,0.0,0.0,0.0,0.0,0.0,8.16,1.1,0.0
20230517:0930,0.0,0.0,0.0,0.0,-0.32,8.14,0.97,0.0
20230517:1030,235.82,222.42,66.47,1.4,12.35,8.36,0.9,0.0
20230517:1130,428.19,391.22,122.77,3.19,24.21,10.92,1.03,0.0
20230517:1230,616.01,624.69,132.41,5.12,34.74,13.09,1.45,0.0
20230517:1330,617.34,586.69,178.12,5.59,43.01,14.94,1.59,0.0
20230517:1430,686.27,661.5,203.75,6.55,47.68,16.16,1.72,0.0
20230517:1530,663.23,629.99,205.97,6.5,47.53,17.27,1.86,0.0
20230517:1630,596.3,575.44,168.69,5.86,42.6,17.96,2.0,0.0
20230517:1730,529.11,552.65,102.75,5.15,34.16,18.16,2.14,0.0
20230517:1830,308.23,288.44,97.59,3.06,23.53,18.01,2.14,0.0
20230517:1930,123.14,128.71,52.82,1.37,11.61,17.01,2.07,0.0
20230517:2030,0.0,0.0,0.0,0.0,-1.1,16.08,1.79,0.0
20230517:2130,0.0,0.0,0.0,0.0,0.0,14.73,1.52,0.0
20230517:2230,0.0,0.0,0.0,0.0,0.0,13.57,1.38,0.0
20230517:2330,0.0,0.0,0.0,0.0,0.0,12.48,1.38,0.0
20230518:0030,0.0,0.0,0.0,0.0,0.0,11.48,1.38,0.0
20230518:0130,0.0,0.0,0.0,0.0,0.0,10.69,1.24,0.0
20230518:0230,0.0,0.0,0.0,0.0,0.0,10.08,1.1,0.0
20230518:0330,0.0,0.0,0.0,0.0,0.0,9.48,1.1,0.0
20230518:0430,0.0,0.0,0.0,0.0,0.0,9.0,1.03,0.0
20230518:0530,0.0,0.0,0.0,0.0,0.0,8.7,0.97,0.0
20230518:0630,0.0,0.0,0.0,0.0,0.0,8.39,0.97,0.0
20230518:0730,0.0,0.0,0.0,0.0,0.0,8.24,0.83,0.0
20230518:0830,0.0,0.0,0.0,0.0,0.0,7.97,0.83,0.0
20230518:0930,0.0,0.0,0.0,0.0,-0.42,7.69,0.76,0.0
20230518:1030,168.06,121.12,88.38,1.21,12.23,7.53,0.62,0.0
20230518:1130,342.8,259.74,149.52,2.72,24.07,9.41,0.69,0.0
20230518:1230,497.57,426.05,176.96,4.24,34.57,11.98,0.97,0.0
20230518:1330,643.67,612.67,192.26,5.86,42.82,13.83,1.03,0.0
20230518:1430,723.58,768.02,160.14,6.93,47.46,15.55,1.03,0.0
20230518:1530,709.79,780.4,132.84,6.98,47.31,17.08,1.1,0.0
20230518:1630,643.26,688.98,129.75,6.37,42.41,18.29,1.31,0.0
20230518:1730,520.17,546.28,104.41,5.1,34.01,18.78,1.52,0.0
20230518:1830,330.88,334.45,82.62,3.26,23.41,18.76,1.66,0.0
20230518:1930,116.4,122.35,50.93,1.31,11.5,17.7,1.79,0.0
20230518:2030,0.0,0.0,0.0,0.0,-1.18,16.59,1.38,0.0
20230518:2130,0.0,0.0,0.0,0.0,0.0,15.02,1.24,0.0
20230518:2230,0.0,0.0,0.0,0.0,0.0,13.52,1.17,0.0
20230518:2330,0.0,0.0,0.0,0.0,0.0,12.34,1.1,0.0
20230519:0030,0.0,0.0,0.0,0.0,0.0,11.54,0.97,0.0
20230519:0130,0.0,0.0,0.0,0.0,0.0,11.41,0.83,0.0
20230519:0230,0.0,0.0,0.0,0.0,0.0,10.95,0.76,0.0
20230519:0330,0.0,0.0,0.0,0.0,0.0,10.6,0.69,0.0
20230519:0430,0.0,0.0,0.0,0.0,0.0,10.31,0.62,0.0
20230519:0530,0.0,0.0,0.0,0.0,0.0,10.04,0.48,0.0
20230519:0630,0.0,0.0,0.0,0.0,0.0,9.62,0.41,0.0
20230519:0730,0.0,0.0,0.0,0.0,0.0,9.28,0.28,0.0
20230519:0830,0.0,0.0,0.0,0.0,0.0,9.01,0.28,0.0
20230519:0930,0.0,0.0,0.0,0.0,-0.51,8.81,0.28,0.0
20230519:1030,232.69,209.58,77.32,1.41,12.12,8.66,0.21,0.0
20230519:1130,459.3,453.5,104.47,3.36,23.94,10.1,0.07,0.0
20230519:1230,596.36,605.18,145.07,5.06,34.41,13.74,0.28,0.0
20230519:1330,714.64,818.61,115.11,6.62,42.62,16.03,0.34,0.0
20230519:1430,739.48,869.29,115.98,7.28,47.24,17.75,0.28,0.0
20230519:1530,715.44,830.06,117.99,7.21,47.1,19.08,0.48,0.0
20230519:1630,645.48,728.07,111.24,6.5,42.23,20.03,0.76,0.0
20230519:1730,521.74,564.07,99.26,5.18,33.85,20.49,1.03,0.0
20230519:1830,340.59,353.78,80.63,3.37,23.28,20.45,1.24,0.0
20230519:1930,125.63,137.72,50.18,1.39,11.41,19.56,1.52,0.0
20230519:2030,0.0,0.0,0.0,0.0,-1.26,18.31,1.17,0.0
20230519:2130,0.0,0.0,0.0,0.0,0.0,16.49,1.24,0.0
20230519:2230,0.0,0.0,0.0,0.0,0.0,14.51,1.24,0.0
20230519:2330,0.0,0.0,0.0,0.0,0.0,13.08,1.17,0.0
20230520:0030,0.0,0.0,0.0,0.0,0.0,12.22,1.03,0.0
20230520:0130,0.0,0.0,0.0,0.0,0.0,11.73,0.97,0.0
20230520:0230,0.0,0.0,0.0,0.0,0.0,11.39,0.83,0.0
20230520:0330,0.0,0.0,0.0,0.0,0.0,11.01,0.69,0.0
20230520:0430,0.0,0.0,0.0,0.0,0.0,10.78,0.48,0.0
20230520:0530,0.0,0.0,0.0,0.0,0.0,10.44,0.34,0.0
20230520:0630,0.0,0.0,0.0,0.0,0.0,9.73,0.14,0.0
20230520:0730,0.0,0.0,0.0,0.0,0.0,9.12,0.07,0.0
20230520:0830,0.0,0.0,0.0,0.0,0.0,8.11,0.21,0.0
20230520:0930,0.0,0.0,0.0,0.0,-0.61,7.83,0.21,0.0
20230520:1030,80.74,28.75,80.63,0.88,12.0,7.71,0.28,0.0
20230520:1130,230.19,118.4,160.4,2.13,23.8,9.17,0.41,0.0
20230520:1230,528.1,456.85,187.46,4.48,34.24,11.74,0.76,0.0
20230520:1330,714.21,772.99,137.19,6.47,42.43,14.85,1.03,0.0
20230520:1430,754.34,859.19,119.01,7.22,47.03,17.24,1.24,0.0
20230520:1530,734.02,838.97,115.53,7.24,46.89,18.83,1.31,0.0
20230520:1630,655.63,736.09,108.69,6.52,42.05,19.9,1.24,0.0
20230520:1730,527.13,570.69,97.61,5.2,33.71,20.4,1.24,0.0
20230520:1830,344.15,357.96,81.26,3.4,23.17,20.41,1.17,0.0
20230520:1930,127.94,140.52,50.98,1.41,11.31,19.85,1.1,0.0
20230520:2030,0.0,0.0,0.0,0.0,-1.33,18.65,0.83,0.0
20230520:2130,0.0,0.0,0.0,0.0,0.0,16.54,0.9,0.0
20230520:2230,0.0,0.0,0.0,0.0,0.0,15.72,0.76,0.0
20230520:2330,0.0,0.0,0.0,0.0,0.0,15.64,0.48,0.0
20230521:0030,0.0,0.0,0.0,0.0,0.0,14.91,0.28,0.0
20230521:0130,0.0,0.0,0.0,0.0,0.0,14.28,0.21,0.0
20230521:0230,0.0,0.0,0.0,0.0,0.0,13.66,0.34,0.0
20230521:0330,0.0,0.0,0.0,0.0,0.0,13.18,0.41,0.0
20230521:0430,0.0,0.0,0.0,0.0,0.0,12.65,0.62,0.0
20230521:0530,0.0,0.0,0.0,0.0,0.0,11.68,0.76,0.0
20230521:0630,0.0,0.0,0.0,0.0,0.0,10.94,0.76,0.0
20230521:0730,0.0,0.0,0.0,0.0,0.0,10.23,0.69,0.0
20230521:0830,0.0,0.0,0.0,0.0,0.0,9.43,0.83,0.0
20230521:0930,0.0,0.0,0.0,0.0,-0.71,8.88,0.83,0.0
20230521:1030,272.37,253.98,78.79,1.55,11.89,8.66,0.83,0.0
20230521:1130,494.4,499.0,102.44,3.56,23.66,11.13,0.62,0.0
20230521:1230,627.52,657.71,129.03,5.24,34.08,15.22,1.1,0.0
20230521:1330,708.37,756.25,148.31,6.43,42.24,17.19,1.52,0.0
20230521:1430,732.77,780.94,163.6,7.0,46.83,18.63,1.72,0.0
20230521:1530,717.34,782.04,143.41,7.03,46.69,19.71,1.79,0.0
20230521:1630,642.46,686.62,132.2,6.33,41.88,20.47,1.93,0.0
20230521:1730,502.18,495.35,135.85,4.94,33.57,20.83,1.93,0.0
20230521:1830,323.76,312.53,99.41,3.21,23.06,20.74,1.72,0.0
20230521:1930,122.66,129.14,54.35,1.35,11.23,20.1,1.59,0.0
20230521:2030,0.0,0.0,0.0,0.0,-1.4,18.93,1.1,0.0
20230521:2130,0.0,0.0,0.0,0.0,0.0,16.75,1.1,0.0
20230521:2230,0.0,0.0,0.0,0.0,0.0,15.71,0.9,0.0
20230521:2330,0.0,0.0,0.0,0.0,0.0,15.83,0.69,0.0
20230522:0030,0.0,0.0,0.0,0.0,0.0,15.33,0.62,0.0
20230522:0130,0.0,0.0,0.0,0.0,0.0,14.58,0.83,0.0
20230522:0230,0.0,0.0,0.0,0.0,0.0,13.59,0.97,0.0
20230522:0330,0.0,0.0,0.0,0.0,0.0,13.04,1.03,0.0
20230522:0430,0.0,0.0,0.0,0.0,0.0,13.05,0.97,0.0
20230522:0530,0.0,0.0,0.0,0.0,0.0,12.55,0.97,0.0
20230522:0630,0.0,0.0,0.0,0.0,0.0,11.93,0.97,0.0
20230522:0730,0.0,0.0,0.0,0.0,0.0,11.3,0.9,0.0
20230522:0830,0.0,0.0,0.0,0.0,0.0,10.89,0.9,0.0
20230522:0930,0.0,0.0,0.0,0.0,-0.8,10.58,0.9,0.0
20230522:1030,211.04,175.48,87.01,1.34,11.78,10.41,0.83,0.0
20230522:1130,449.79,431.55,117.7,3.3,23.53,12.66,0.55,0.0
20230522:1230,579.9,553.34,172.28,4.91,33.92,16.13,1.1,0.0
20230522:1330,643.7,611.45,202.7,5.88,42.06,17.63,1.59,0.0
20230522:1430,669.94,625.64,228.22,6.43,46.63,18.67,1.79,0.0
20230522:1530,628.84,566.45,231.01,6.19,46.5,19.46,1.93,0.0
20230522:1630,537.38,443.27,230.6,5.38,41.71,19.99,2.07,0.0
20230522:1730,411.28,336.29,175.27,4.11,33.43,20.21,2.07,0.0
20230522:1830,282.54,242.32,116.41,2.84,22.95,20.12,1.86,0.0
20230522:1930,94.61,83.43,59.48,1.1,11.14,19.51,1.72,0.0
20230522:2030,0.0,0.0,0.0,0.0,-1.47,18.6,1.03,0.0
20230522:2130,0.0,0.0,0.0,0.0,0.0,16.93,0.83,0.0
20230522:2230,0.0,0.0,0.0,0.0,0.0,16.0,0.83,0.0
20230522:2330,0.0,0.0,0.0,0.0,0.0,16.01,0.62,0.0
20230523:0030,0.0,0.0,0.0,0.0,0.0,15.87,0.48,0.0
20230523:0130,0.0,0.0,0.0,0.0,0.0,15.83,0.41,0.0
20230523:0230,0.0,0.0,0.0,0.0,0.0,15.61,0.28,0.0
20230523:0330,0.0,0.0,0.0,0.0,0.0,15.37,0.14,0.0
20230523:0430,0.0,0.0,0.0,0.0,0.0,14.99,0.21,0.0
20230523:0530,0.0,0.0,0.0,0.0,0.0,14.65,0.34,0.0
20230523:0630,0.0,0.0,0.0,0.0,0.0,14.38,0.41,0.0
20230523:0730,0.0,0.0,0.0,0.0,0.0,12.87,0.41,0.0
20230523:0830,0.0,0.0,0.0,0.0,0.0,12.52,0.41,0.0
20230523:0930,0.0,0.0,0.0,0.0,-0.89,12.2,0.41,0.0
20230523:1030,257.27,247.88,72.86,1.47,11.67,11.92,0.41,0.0
20230523:1130,463.55,472.3,98.93,3.37,23.4,13.19,0.21,0.0
20230523:1230,589.59,639.49,112.6,4.98,33.77,16.73,0.28,0.0
20230523:1330,688.84,783.44,116.9,6.34,41.88,18.27,0.55,0.0
20230523:1430,722.46,836.68,116.41,6.99,46.44,19.39,0.76,0.0
20230523:1530,701.05,812.66,111.48,6.97,46.31,20.22,0.76,0.0
20230523:1630,604.09,666.12,116.91,6.03,41.55,20.83,0.69,0.0
20230523:1730,463.51,464.71,125.92,4.61,33.3,21.14,0.62,0.0
20230523:1830,264.13,234.94,105.32,2.68,22.85,21.15,0.69,0.0
20230523:1930,98.53,96.99,53.53,1.13,11.06,20.9,1.24,0.0
20230523:2030,0.0,0.0,0.0,0.0,-1.53,19.82,0.83,0.0
20230523:2130,0.0,0.0,0.0,0.0,0.0,18.07,0.76,0.0
20230523:2230,0.0,0.0,0.0,0.0,0.0,17.47,0.69,0.0
20230523:2330,0.0,0.0,0.0,0.0,0.0,16.96,0.69,0.0
20230524:0030,0.0,0.0,0.0,0.0,0.0,16.68,0.69,0.0
20230524:0130,0.0,0.0,0.0,0.0,0.0,16.0,0.62,0.0
20230524:0230,0.0,0.0,0.0,0.0,0.0,15.32,0.55,0.0
20230524:0330,0.0,0.0,0.0,0.0,0.0,14.85,0.55,0.0
20230524:0430,0.0,0.0,0.0,0.0,0.0,14.4,0.55,0.0
20230524:0530,0.0,0.0,0.0,0.0,0.0,13.98,0.48,0.0
20230524:0630,0.0,0.0,0.0,0.0,0.0,13.54,0.41,0.0
20230524:0730,0.0,0.0,0.0,0.0,0.0,12.54,0.28,0.0
20230524:0830,0.0,0.0,0.0,0.0,0.0,12.18,0.28,0.0
20230524:0930,0.0,0.0,0.0,0.0,-0.99,11.95,0.34,0.0
20230524:1030,226.41,212.55,70.89,1.33,11.56,11.7,0.34,0.0
20230524:1130,389.28,374.58,101.34,2.87,23.27,13.3,0.21,0.0
20230524:1230,544.51,531.34,149.41,4.58,33.62,16.2,0.76,0.0
20230524:1330,670.57,726.06,132.62,6.06,41.7,17.99,1.17,0.0
20230524:1430,661.56,667.07,178.62,6.29,46.25,19.45,1.66,0.0
20230524:1530,623.95,621.69,167.76,6.03,46.13,20.48,2.21,0.0
20230524:1630,501.06,429.39,198.18,4.98,41.39,21.19,2.21,0.0
20230524:1730,364.35,325.98,128.54,3.61,33.18,21.4,1.93,0.0
20230524:1830,200.32,147.27,112.28,2.13,22.75,21.22,1.72,0.0
20230524:1930,88.16,89.27,47.36,1.02,10.99,20.6,1.52,0.0
20230524:2030,0.0,0.0,0.0,0.0,-1.59,19.56,0.83,0.0
20230524:2130,0.0,0.0,0.0,0.0,0.0,18.53,0.28,0.0
20230524:2230,0.0,0.0,0.0,0.0,0.0,17.73,0.55,0.0
20230524:2330,0.0,0.0,0.0,0.0,0.0,16.55,0.76,0.0
20230525:0030,0.0,0.0,0.0,0.0,0.0,15.78,0.83,0.0
20230525:0130,0.0,0.0,0.0,0.0,0.0,15.38,0.76,0.0
20230525:0230,0.0,0.0,0.0,0.0,0.0,15.05,0.69,0.0
20230525:0330,0.0,0.0,0.0,0.0,0.0,14.89,0.62,0.0
20230525:0430,0.0,0.0,0.0,0.0,0.0,14.35,0.62,0.0
20230525:0530,0.0,0.0,0.0,0.0,0.0,13.94,0.62,0.0
20230525:0630,0.0,0.0,0.0,0.0,0.0,13.52,0.62,0.0
20230525:0730,0.0,0.0,0.0,0.0,0.0,13.36,0.62,0.0
20230525:0830,0.0,0.0,0.0,0.0,0.0,13.07,0.55,0.0
20230525:0930,0.0,0.0,0.0,0.0,-1.08,12.78,0.48,0.0
20230525:1030,227.72,216.3,69.76,1.33,11.45,12.55,0.41,0.0
20230525:1130,428.54,420.93,105.83,3.13,23.14,13.92,0.34,0.0
20230525:1230,597.02,640.98,113.54,4.97,33.47,16.66,0.76,0.0
20230525:1330,686.11,769.99,118.11,6.23,41.53,18.53,0.97,0.0
20230525:1430,715.46,818.83,119.95,6.87,46.06,19.99,1.03,0.0
20230525:1530,694.82,794.14,115.79,6.84,45.96,21.09,1.17,0.0
20230525:1630,610.15,679.73,108.68,6.03,41.24,21.86,1.17,0.0
20230525:1730,486.91,517.63,103.49,4.79,33.06,22.25,1.1,0.0
20230525:1830,274.03,249.51,104.74,2.77,22.66,22.23,0.83,0.0
20230525:1930,89.48,89.26,49.75,1.04,10.92,21.58,0.62,0.0
20230525:2030,0.0,0.0,0.0,0.0,-1.64,20.66,0.14,0.0
20230525:2130,0.0,0.0,0.0,0.0,0.0,19.31,0.21,0.0
20230525:2230,0.0,0.0,0.0,0.0,0.0,18.27,0.55,0.0
20230525:2330,0.0,0.0,0.0,0.0,0.0,17.07,0.83,0.0
20230526:0030,0.0,0.0,0.0,0.0,0.0,15.91,0.97,0.0
20230526:0130,0.0,0.0,0.0,0.0,0.0,15.19,0.9,0.0
20230526:0230,0.0,0.0,0.0,0.0,0.0,15.03,0.83,0.0
20230526:0330,0.0,0.0,0.0,0.0,0.0,14.69,0.76,0.0
20230526:0430,0.0,0.0,0.0,0.0,0.0,14.06,0.83,0.0
20230526:0530,0.0,0.0,0.0,0.0,0.0,13.36,0.83,0.0
20230526:0630,0.0,0.0,0.0,0.0,0.0,12.72,0.83,0.0
20230526:0730,0.0,0.0,0.0,0.0,0.0,12.25,0.9,0.0
20230526:0830,0.0,0.0,0.0,0.0,0.0,11.62,0.9,0.0
20230526:0930,0.0,0.0,0.0,0.0,-1.17,11.02,0.9,0.0
20230526:1030,235.66,224.24,67.95,1.33,11.34,10.61,0.9,0.0
20230526:1130,452.85,444.91,106.95,3.25,23.02,12.79,0.76,0.0
20230526:1230,611.6,643.53,119.93,5.02,33.32,15.93,1.38,0.0
20230526:1330,710.42,788.68,116.32,6.33,41.36,17.62,1.72,0.0
20230526:1430,743.02,836.59,117.85,6.96,45.89,19.11,2.07,0.0
20230526:1530,717.67,804.29,116.45,6.91,45.79,20.23,2.21,0.0
20230526:1630,641.69,704.72,109.63,6.21,41.1,21.01,2.34,0.0
20230526:1730,513.04,546.8,97.41,4.94,32.94,21.41,2.28,0.0
20230526:1830,316.58,319.49,83.9,3.07,22.57,21.42,2.07,0.0
20230526:1930,105.79,113.51,47.91,1.16,10.85,21.0,1.93,0.0
20230526:2030,0.0,0.0,0.0,0.0,-1.69,19.88,1.1,0.0
20230526:2130,0.0,0.0,0.0,0.0,0.0,17.94,0.83,0.0
20230526:2230,0.0,0.0,0.0,0.0,0.0,17.93,0.55,0.0
20230526:2330,0.0,0.0,0.0,0.0,0.0,17.69,0.34,0.0
20230527:0030,0.0,0.0,0.0,0.0,0.0,17.04,0.41,0.0
20230527:0130,0.0,0.0,0.0,0.0,0.0,16.53,0.76,0.0
20230527:0230,0.0,0.0,0.0,0.0,0.0,14.89,1.1,0.0
20230527:0330,0.0,0.0,0.0,0.0,0.0,13.88,1.24,0.0
20230527:0430,0.0,0.0,0.0,0.0,0.0,13.57,1.17,0.0
20230527:0530,0.0,0.0,0.0,0.0,0.0,13.42,1.03,0.0
20230527:0630,0.0,0.0,0.0,0.0,0.0,12.98,0.9,0.0
20230527:0730,0.0,0.0,0.0,0.0,0.0,12.41,0.9,0.0
20230527:0830,0.0,0.0,0.0,0.0,0.0,11.98,0.9,0.0
20230527:0930,0.0,0.0,0.0,0.0,-1.26,11.58,0.97,0.0
20230527:1030,249.11,239.91,69.31,1.38,11.24,11.38,0.97,0.0
20230527:1130,451.34,449.16,103.79,3.24,22.89,13.88,0.76,0.0
20230527:1230,599.19,635.96,114.65,4.92,33.18,16.82,1.31,0.0
20230527:1330,679.88,742.4,126.99,6.09,41.2,18.41,1.45,0.0
20230527:1430,707.0,777.92,134.18,6.67,45.71,19.71,1.66,0.0
20230527:1530,652.74,668.44,168.34,6.34,45.63,20.73,1.79,0.0
20230527:1630,574.82,592.51,136.16,5.6,40.96,21.39,1.86,0.0
20230527:1730,442.96,427.85,129.06,4.33,32.84,21.7,1.72,0.0
20230527:1830,279.3,249.4,109.1,2.79,22.49,21.75,1.45,0.0
20230527:1930,106.83,111.39,51.39,1.18,10.79,21.41,1.45,0.0
20230527:2030,0.0,0.0,0.0,0.0,-1.73,20.45,0.69,0.0
20230527:2130,0.0,0.0,0.0,0.0,0.0,18.77,0.62,0.0
20230527:2230,0.0,0.0,0.0,0.0,0.0,18.42,0.48,0.0
20230527:2330,0.0,0.0,0.0,0.0,0.0,17.96,0.34,0.0
20230528:0030,0.0,0.0,0.0,0.0,0.0,17.47,0.28,0.0
20230528:0130,0.0,0.0,0.0,0.0,0.0,17.18,0.21,0.0
20230528:0230,0.0,0.0,0.0,0.0,0.0,16.72,0.14,0.0
20230528:0330,0.0,0.0,0.0,0.0,0.0,16.24,0.14,0.0
20230528:0430,0.0,0.0,0.0,0.0,0.0,15.68,0.21,0.0
20230528:0530,0.0,0.0,0.0,0.0,0.0,15.22,0.28,0.0
20230528:0630,0.0,0.0,0.0,0.0,0.0,14.86,0.28,0.0
20230528:0730,0.0,0.0,0.0,0.0,0.0,14.69,0.28,0.0
20230528:0830,0.0,0.0,0.0,0.0,0.0,14.12,0.34,0.0
20230528:0930,0.0,0.0,0.0,0.0,-1.35,13.76,0.34,0.0
20230528:1030,197.6,185.01,66.46,1.18,11.13,13.7,0.41,0.0
20230528:1130,374.8,345.59,116.52,2.8,22.77,15.16,0.28,0.0
20230528:1230,492.25,469.2,149.39,4.17,33.04,18.52,0.69,0.0
20230528:1330,605.98,622.52,153.1,5.49,41.04,19.91,1.1,0.0
20230528:1430,665.61,739.45,124.44,6.31,45.55,20.96,1.24,0.0
20230528:1530,552.19,527.76,177.51,5.41,45.47,21.84,1.31,0.0
20230528:1630,412.16,324.11,196.48,4.19,40.83,22.01,1.1,0.0
20230528:1730,250.68,136.71,182.77,2.75,32.73,21.93,0.97,0.0
20230528:1830,180.93,156.99,80.23,1.89,22.41,21.54,0.97,0.0
20230528:1930,43.42,35.11,38.72,0.6,10.73,20.27,1.24,0.0
20230528:2030,0.0,0.0,0.0,0.0,-1.77,19.41,0.97,0.0
20230528:2130,0.0,0.0,0.0,0.0,0.0,18.54,0.9,0.0
20230528:2230,0.0,0.0,0.0,0.0,0.0,17.62,0.76,0.0
20230528:2330,0.0,0.0,0.0,0.0,0.0,16.86,0.76,0.0
20230529:0030,0.0,0.0,0.0,0.0,0.0,16.38,0.83,0.0
20230529:0130,0.0,0.0,0.0,0.0,0.0,16.13,1.1,0.0
20230529:0230,0.0,0.0,0.0,0.0,0.0,15.65,1.17,0.0
20230529:0330,0.0,0.0,0.0,0.0,0.0,15.36,1.31,0.0
20230529:0430,0.0,0.0,0.0,0.0,0.0,14.99,1.45,0.0
20230529:0530,0.0,0.0,0.0,0.0,0.0,14.55,1.59,0.0
20230529:0630,0.0,0.0,0.0,0.0,0.0,14.13,1.66,0.0
20230529:0730,0.0,0.0,0.0,0.0,0.0,14.22,1.93,0.0
20230529:0830,0.0,0.0,0.0,0.0,0.0,13.86,1.79,0.0
20230529:0930,0.0,0.0,0.0,0.0,-1.44,13.56,1.66,0.0
20230529:1030,10.08,3.4,20.13,0.21,11.03,13.38,1.66,0.0
20230529:1130,49.74,6.24,68.17,0.71,22.65,13.5,1.79,0.0
20230529:1230,147.59,58.13,128.85,1.61,32.9,13.77,2.07,0.0
20230529:1330,239.98,102.57,191.32,2.53,40.89,14.74,2.28,0.0
20230529:1430,283.23,126.15,219.68,3.0,45.39,15.79,2.41,0.0
20230529:1530,257.36,109.8,207.5,2.81,45.32,16.73,2.14,0.0
20230529:1630,199.03,69.52,180.67,2.28,40.71,17.21,1.93,0.0
20230529:1730,127.05,45.25,121.25,1.53,32.63,17.21,1.86,0.0
20230529:1830,82.92,36.93,78.73,1.04,22.34,16.99,1.79,0.0
20230529:1930,27.36,10.93,38.07,0.45,10.68,16.56,1.86,0.0
20230529:2030,0.0,0.0,0.0,0.0,-1.81,16.0,1.79,0.0
20230529:2130,0.0,0.0,0.0,0.0,0.0,15.47,1.52,0.0
20230529:2230,0.0,0.0,0.0,0.0,0.0,15.13,1.52,0.0
20230529:2330,0.0,0.0,0.0,0.0,0.0,14.81,1.52,0.0
20230530:0030,0.0,0.0,0.0,0.0,0.0,14.36,1.45,0.0
20230530:0130,0.0,0.0,0.0,0.0,0.0,14.04,1.52,0.0
20230530:0230,0.0,0.0,0.0,0.0,0.0,13.75,1.45,0.0
20230530:0330,0.0,0.0,0.0,0.0,0.0,13.53,1.31,0.0
20230530:0430,0.0,0.0,0.0,0.0,0.0,13.45,1.31,0.0
20230530:0530,0.0,0.0,0.0,0.0,0.0,13.34,1.31,0.0
20230530:0630,0.0,0.0,0.0,0.0,0.0,13.24,1.24,0.0
20230530:0730,0.0,0.0,0.0,0.0,0.0,12.63,1.31,0.0
20230530:0830,0.0,0.0,0.0,0.0,0.0,12.47,1.24,0.0
20230530:0930,0.0,0.0,0.0,0.0,-1.53,12.34,1.24,0.0
20230530:1030,73.34,56.31,46.7,0.62,10.93,12.18,1.24,0.0
20230530:1130,238.47,167.51,122.36,1.97,22.54,12.67,1.72,0.0
20230530:1230,321.62,215.73,172.39,2.9,32.77,14.1,1.79,0.0
20230530:1330,432.71,355.18,168.57,3.89,40.74,15.23,1.79,0.0
20230530:1430,330.39,154.86,250.24,3.47,45.23,16.57,1.79,0.0
20230530:1530,223.29,40.25,240.17,2.66,45.18,17.23,1.66,0.0
20230530:1630,204.47,20.98,238.03,2.52,40.59,17.36,1.52,0.0
20230530:1730,134.49,6.01,170.85,1.75,32.54,17.61,1.45,0.0
20230530:1830,57.09,3.82,81.0,0.84,22.27,17.47,1.31,0.0
20230530:1930,18.19,3.71,32.1,0.34,10.63,16.67,1.52,0.0
20230530:2030,0.0,0.0,0.0,0.0,-1.84,16.26,1.31,0.0
20230530:2130,0.0,0.0,0.0,0.0,0.0,15.71,0.97,0.0
20230530:2230,0.0,0.0,0.0,0.0,0.0,15.36,0.83,0.0
20230530:2330,0.0,0.0,0.0,0.0,0.0,14.95,0.83,0.0
20230531:0030,0.0,0.0,0.0,0.0,0.0,14.69,0.83,0.0
20230531:0130,0.0,0.0,0.0,0.0,0.0,14.3,0.62,0.0
20230531:0230,0.0,0.0,0.0,0.0,0.0,14.07,0.62,0.0
20230531:0330,0.0,0.0,0.0,0.0,0.0,13.88,0.69,0.0
20230531:0430,0.0,0.0,0.0,0.0,0.0,13.72,0.62,0.0
20230531:0530,0.0,0.0,0.0,0.0,0.0,13.55,0.55,0.0
20230531:0630,0.0,0.0,0.0,0.0,0.0,13.53,0.69,0.0
20230531:0730,0.0,0.0,0.0,0.0,0.0,13.5,0.48,0.0
20230531:0830,0.0,0.0,0.0,0.0,0.0,13.56,0.55,0.0
20230531:0930,0.0,0.0,0.0,0.0,-1.62,13.57,0.55,0.0
20230531:1030,2.92,0.0,11.95,0.12,10.83,13.67,0.76,0.0
20230531:1130,11.42,0.0,25.47,0.25,22.42,13.78,0.76,0.0
20230531:1230,25.34,0.07,44.32,0.44,32.64,14.07,0.97,0.0
20230531:1330,16.32,0.0,32.42,0.32,40.6,14.33,1.17,0.0
20230531:1430,26.05,0.07,45.27,0.45,45.09,14.32,1.45,0.0
20230531:1530,53.4,0.0,79.26,0.79,45.04,14.38,1.66,0.0
20230531:1630,88.06,10.03,110.06,1.17,40.47,14.65,1.79,0.0
20230531:1730,35.67,0.0,57.65,0.58,32.46,14.81,1.66,0.0
20230531:1830,20.66,0.0,38.32,0.38,22.21,14.58,1.31,0.0
20230531:1930,16.6,19.68,16.01,0.28,10.59,14.95,1.59,0.0
20230531:2030,0.0,0.0,0.0,0.0,-1.87,14.86,1.1,0.0
20230531:2130,0.0,0.0,0.0,0.0,0.0,14.56,0.97,0.0
20230531:2230,0.0,0.0,0.0,0.0,0.0,14.46,0.97,0.0
20230531:2330,0.0,0.0,0.0,0.0,0.0,14.63,0.69,0.0
20230601:0030,0.0,0.0,0.0,0.0,0.0,14.49,0.55,0.0
20230601:0130,0.0,0.0,0.0,0.0,0.0,14.45,0.48,0.0
20230601:0230,0.0,0.0,0.0,0.0,0.0,14.48,0.48,0.0
20230601:0330,0.0,0.0,0.0,0.0,0.0,14.24,0.62,0.0
20230601:0430,0.0,0.0,0.0,0.0,0.0,13.9,0.69,0.0
20230601:0530,0.0,0.0,0.0,0.0,0.0,13.68,0.69,0.0
20230601:0630,0.0,0.0,0.0,0.0,0.0,13.42,0.83,0.0
20230601:0730,0.0,0.0,0.0,0.0,0.0,13.46,0.9,0.0
20230601:0830,0.0,0.0,0.0,0.0,0.0,13.51,0.76,0.0
20230601:0930,0.0,0.0,0.0,0.0,-1.71,13.46,0.69,0.0
20230601:1030,68.32,49.69,47.97,0.61,10.73,13.46,0.69,0.0
20230601:1130,271.72,197.29,134.45,2.2,22.31,13.74,0.97,0.0
20230601:1230,379.67,277.4,182.06,3.31,32.51,14.56,1.59,0.0
20230601:1330,362.94,196.53,247.22,3.61,40.46,15.97,1.59,0.0
20230601:1430,255.04,48.4,269.78,2.99,44.94,17.04,1.59,0.0
20230601:1530,264.8,92.96,236.54,2.97,44.91,17.51,1.38,0.0
20230601:1630,192.85,43.69,201.46,2.31,40.37,17.94,1.38,0.0
20230601:1730,244.19,156.41,147.52,2.55,32.38,17.83,1.45,0.0
20230601:1830,167.97,120.4,96.86,1.77,22.15,17.89,1.52,0.0
20230601:1930,56.34,41.26,48.58,0.72,10.55,17.74,1.52,0.0
20230601:2030,0.0,0.0,0.0,0.0,-1.89,16.91,1.1,0.0
20230601:2130,0.0,0.0,0.0,0.0,0.0,15.92,1.03,0.0
20230601:2230,0.0,0.0,0.0,0.0,0.0,14.88,1.1,0.0
20230601:2330,0.0,0.0,0.0,0.0,0.0,13.7,1.17,0.0
20230602:0030,0.0,0.0,0.0,0.0,0.0,13.27,1.17,0.0
20230602:0130,0.0,0.0,0.0,0.0,0.0,12.73,1.17,0.0
20230602:0230,0.0,0.0,0.0,0.0,0.0,12.78,1.1,0.0
20230602:0330,0.0,0.0,0.0,0.0,0.0,12.58,1.1,0.0
20230602:0430,0.0,0.0,0.0,0.0,0.0,11.91,1.03,0.0
20230602:0530,0.0,0.0,0.0,0.0,0.0,11.65,0.97,0.0
20230602:0630,0.0,0.0,0.0,0.0,0.0,11.56,1.03,0.0
20230602:0730,0.0,0.0,0.0,0.0,0.0,11.12,0.83,0.0
20230602:0830,0.0,0.0,0.0,0.0,0.0,11.16,0.9,0.0
20230602:0930,0.0,0.0,0.0,0.0,-1.79,11.11,0.69,0.0
20230602:1030,93.24,71.49,54.67,0.73,10.63,11.23,0.69,0.0
20230602:1130,206.85,115.25,139.38,1.88,22.2,12.19,0.9,0.0
20230602:1230,378.42,254.3,205.18,3.38,32.39,13.57,0.9,0.0
20230602:1330,581.69,567.67,153.54,5.1,40.33,15.12,1.17,0.0
20230602:1430,606.38,567.01,193.98,5.65,44.81,16.52,1.24,0.0
20230602:1530,607.5,562.6,202.85,5.83,44.78,17.54,1.38,0.0
20230602:1630,575.9,579.54,143.37,5.51,40.27,18.31,1.45,0.0
20230602:1730,484.7,487.17,116.81,4.6,32.3,18.72,1.52,0.0
20230602:1830,295.12,281.25,91.34,2.82,22.1,18.76,1.66,0.0
20230602:1930,106.88,108.06,52.07,1.13,10.52,18.43,1.79,0.0
20230602:2030,0.0,0.0,0.0,0.0,-1.91,17.53,1.52,0.0
20230602:2130,0.0,0.0,0.0,0.0,0.0,16.26,1.38,0.0
20230602:2230,0.0,0.0,0.0,0.0,0.0,14.86,1.24,0.0
20230602:2330,0.0,0.0,0.0,0.0,0.0,13.44,1.03,0.0
20230603:0030,0.0,0.0,0.0,0.0,0.0,12.67,0.97,0.0
20230603:0130,0.0,0.0,0.0,0.0,0.0,11.78,0.97,0.0
20230603:0230,0.0,0.0,0.0,0.0,0.0,11.37,0.9,0.0
20230603:0330,0.0,0.0,0.0,0.0,0.0,11.12,0.76,0.0
20230603:0430,0.0,0.0,0.0,0.0,0.0,10.99,0.62,0.0
20230603:0530,0.0,0.0,0.0,0.0,0.0,10.88,0.48,0.0
20230603:0630,0.0,0.0,0.0,0.0,0.0,10.61,0.28,0.0
20230603:0730,0.0,0.0,0.0,0.0,0.0,10.27,0.34,0.0
20230603:0830,0.0,0.0,0.0,0.0,0.0,9.95,0.28,0.0
20230603:0930,0.0,0.0,0.0,0.0,-1.87,9.45,0.28,0.0
20230603:1030,143.96,108.42,75.21,0.99,10.54,8.76,0.34,0.0
20230603:1130,324.85,236.68,154.81,2.53,22.1,10.48,0.41,0.0
20230603:1230,490.81,417.28,184.79,4.1,32.27,13.31,0.62,0.0
20230603:1330,695.12,764.89,124.69,6.15,40.2,15.53,0.83,0.0
20230603:1430,724.5,821.42,122.08,6.8,44.68,17.38,0.83,0.0
20230603:1530,701.57,793.28,120.22,6.77,44.67,18.63,0.9,0.0
20230603:1630,630.1,696.71,113.78,6.1,40.17,19.48,0.97,0.0
20230603:1730,506.18,540.06,101.72,4.85,32.23,19.92,0.9,0.0
20230603:1830,330.02,338.55,83.52,3.14,22.05,20.04,0.76,0.0
20230603:1930,120.74,130.16,50.83,1.25,10.48,19.56,0.62,0.0
20230603:2030,0.0,0.0,0.0,0.0,-1.93,18.55,0.41,0.0
20230603:2130,0.0,0.0,0.0,0.0,0.0,17.49,0.41,0.0
20230603:2230,0.0,0.0,0.0,0.0,0.0,16.6,0.55,0.0
20230603:2330,0.0,0.0,0.0,0.0,0.0,15.84,0.55,0.0
20230604:0030,0.0,0.0,0.0,0.0,0.0,15.12,0.62,0.0
20230604:0130,0.0,0.0,0.0,0.0,0.0,13.99,0.69,0.0
20230604:0230,0.0,0.0,0.0,0.0,0.0,13.0,0.76,0.0
20230604:0330,0.0,0.0,0.0,0.0,0.0,11.98,0.9,0.0
20230604:0430,0.0,0.0,0.0,0.0,0.0,11.21,0.97,0.0
20230604:0530,0.0,0.0,0.0,0.0,0.0,10.68,0.9,0.0
20230604:0630,0.0,0.0,0.0,0.0,0.0,10.36,0.83,0.0
20230604:0730,0.0,0.0,0.0,0.0,0.0,10.16,0.76,0.0
20230604:0830,0.0,0.0,0.0,0.0,0.0,9.86,0.62,0.0
20230604:0930,0.0,0.0,0.0,0.0,-1.96,9.51,0.62,0.0
20230604:1030,250.39,239.04,69.84,1.31,10.45,9.23,0.69,0.0
20230604:1130,467.02,466.92,100.12,3.22,21.99,11.06,0.55,0.0
20230604:1230,608.44,650.79,113.43,4.91,32.16,15.3,0.83,0.0
20230604:1330,692.04,769.39,121.33,6.14,40.08,17.24,0.97,0.0
20230604:1430,720.64,818.04,123.06,6.77,44.55,18.62,0.97,0.0
20230604:1530,696.43,792.81,120.28,6.76,44.55,19.72,0.83,0.0
20230604:1630,623.23,696.39,113.42,6.09,40.08,20.46,0.69,0.0
20230604:1730,499.09,538.68,101.8,4.83,32.17,20.84,0.41,0.0
20230604:1830,323.19,334.42,83.58,3.11,22.0,20.83,0.07,0.0
20230604:1930,118.46,127.88,50.69,1.23,10.46,20.16,0.14,0.0
20230604:2030,0.0,0.0,0.0,0.0,-1.94,19.09,0.07,0.0
20230604:2130,0.0,0.0,0.0,0.0,0.0,17.99,0.0,0.0
20230604:2230,0.0,0.0,0.0,0.0,0.0,17.1,0.21,0.0
20230604:2330,0.0,0.0,0.0,0.0,0.0,16.33,0.34,0.0
20230605:0030,0.0,0.0,0.0,0.0,0.0,15.56,0.28,0.0
20230605:0130,0.0,0.0,0.0,0.0,0.0,14.99,0.21,0.0
20230605:0230,0.0,0.0,0.0,0.0,0.0,14.18,0.21,0.0
20230605:0330,0.0,0.0,0.0,0.0,0.0,13.33,0.21,0.0
20230605:0430,0.0,0.0,0.0,0.0,0.0,12.59,0.21,0.0
20230605:0530,0.0,0.0,0.0,0.0,0.0,12.06,0.21,0.0
20230605:0630,0.0,0.0,0.0,0.0,0.0,11.62,0.28,0.0
20230605:0730,0.0,0.0,0.0,0.0,0.0,11.16,0.28,0.0
20230605:0830,0.0,0.0,0.0,0.0,0.0,10.76,0.28,0.0
20230605:0930,0.0,0.0,0.0,0.0,-2.04,10.44,0.28,0.0
20230605:1030,239.27,227.51,70.32,1.27,10.36,10.28,0.34,0.0
20230605:1130,455.81,455.15,101.76,3.17,21.89,11.5,0.21,0.0
20230605:1230,597.31,640.23,115.74,4.86,32.05,15.75,0.48,0.0
20230605:1330,683.15,762.78,122.28,6.1,39.96,17.56,0.69,0.0
20230605:1430,712.59,812.65,123.85,6.73,44.43,18.79,0.69,0.0
20230605:1530,688.82,787.41,121.05,6.72,44.45,19.79,0.55,0.0
20230605:1630,618.5,691.4,113.83,6.05,40.0,20.42,0.55,0.0
20230605:1730,497.9,533.73,102.29,4.8,32.11,20.71,0.62,0.0
20230605:1830,319.09,324.3,84.48,3.04,21.97,20.57,0.83,0.0
20230605:1930,118.86,126.67,51.44,1.22,10.44,19.88,1.03,0.0
20230605:2030,0.0,0.0,0.0,0.0,-1.95,18.68,0.83,0.0
20230605:2130,0.0,0.0,0.0,0.0,0.0,16.58,0.97,0.0
20230605:2230,0.0,0.0,0.0,0.0,0.0,14.9,1.17,0.0
20230605:2330,0.0,0.0,0.0,0.0,0.0,13.86,1.17,0.0
20230606:0030,0.0,0.0,0.0,0.0,0.0,13.22,1.03,0.0
20230606:0130,0.0,0.0,0.0,0.0,0.0,12.54,1.1,0.0
20230606:0230,0.0,0.0,0.0,0.0,0.0,11.67,1.24,0.0
20230606:0330,0.0,0.0,0.0,0.0,0.0,11.24,1.24,0.0
20230606:0430,0.0,0.0,0.0,0.0,0.0,10.85,1.1,0.0
20230606:0530,0.0,0.0,0.0,0.0,0.0,10.8,0.97,0.0
20230606:0630,0.0,0.0,0.0,0.0,0.0,10.78,0.9,0.0
20230606:0730,0.0,0.0,0.0,0.0,0.0,11.04,0.97,0.0
20230606:0830,0.0,0.0,0.0,0.0,0.0,11.2,0.83,0.0
20230606:0930,0.0,0.0,0.0,0.0,-2.12,11.61,0.76,0.0
20230606:1030,21.41,1.67,37.31,0.38,10.27,12.04,1.1,0.0
20230606:1130,86.56,7.89,109.75,1.13,21.8,12.46,0.9,0.0
20230606:1230,298.0,173.54,188.7,2.79,31.94,13.14,0.69,0.0
20230606:1330,527.81,429.99,223.07,4.77,39.85,14.99,0.97,0.0
20230606:1430,679.4,705.03,168.61,6.34,44.32,16.52,0.76,0.0
20230606:1530,670.09,723.15,147.28,6.46,44.35,17.87,0.55,0.0
20230606:1630,604.37,668.73,113.02,5.87,39.92,18.71,0.28,0.0
20230606:1730,471.37,491.5,108.2,4.53,32.05,19.14,0.14,0.0
20230606:1830,294.28,294.33,82.34,2.81,21.93,19.17,0.21,0.0
20230606:1930,106.76,106.17,53.8,1.12,10.42,18.55,0.69,0.0
20230606:2030,0.0,0.0,0.0,0.0,-1.96,17.69,0.48,0.0
20230606:2130,0.0,0.0,0.0,0.0,0.0,16.34,0.48,0.0
20230606:2230,0.0,0.0,0.0,0.0,0.0,15.74,0.48,0.0
20230606:2330,0.0,0.0,0.0,0.0,0.0,15.19,0.48,0.0
20230607:0030,0.0,0.0,0.0,0.0,0.0,14.58,0.48,0.0
20230607:0130,0.0,0.0,0.0,0.0,0.0,13.85,0.34,0.0
20230607:0230,0.0,0.0,0.0,0.0,0.0,13.33,0.28,0.0
20230607:0330,0.0,0.0,0.0,0.0,0.0,12.92,0.21,0.0
20230607:0430,0.0,0.0,0.0,0.0,0.0,12.5,0.34,0.0
20230607:0530,0.0,0.0,0.0,0.0,0.0,12.16,0.41,0.0
20230607:0630,0.0,0.0,0.0,0.0,0.0,11.7,0.48,0.0
20230607:0730,0.0,0.0,0.0,0.0,0.0,10.89,0.41,0.0
20230607:0830,0.0,0.0,0.0,0.0,0.0,10.43,0.41,0.0
20230607:0930,0.0,0.0,0.0,0.0,-2.19,10.02,0.48,0.0
20230607:1030,162.16,145.71,60.13,0.96,10.18,9.66,0.55,0.0
20230607:1130,320.33,238.93,147.04,2.46,21.7,10.6,0.48,0.0
20230607:1230,554.93,522.21,163.6,4.51,31.84,13.7,0.83,0.0
20230607:1330,681.16,730.79,130.93,5.94,39.74,15.65,1.24,0.0
20230607:1430,722.16,799.93,126.89,6.65,44.22,16.97,1.31,0.0
20230607:1530,702.59,780.78,122.08,6.66,44.26,17.97,1.31,0.0
20230607:1630,630.18,686.61,115.04,6.01,39.85,18.7,1.31,0.0
20230607:1730,506.11,532.22,102.91,4.78,32.01,19.13,1.31,0.0
20230607:1830,329.48,333.37,84.28,3.09,21.9,19.16,1.24,0.0
20230607:1930,119.87,127.64,50.88,1.22,10.4,18.73,0.97,0.0
20230607:2030,0.0,0.0,0.0,0.0,-1.96,17.71,0.48,0.0
20230607:2130,0.0,0.0,0.0,0.0,0.0,16.42,0.55,0.0
20230607:2230,0.0,0.0,0.0,0.0,0.0,15.86,0.48,0.0
20230607:2330,0.0,0.0,0.0,0.0,0.0,15.16,0.34,0.0
20230608:0030,0.0,0.0,0.0,0.0,0.0,14.56,0.28,0.0
20230608:0130,0.0,0.0,0.0,0.0,0.0,14.02,0.21,0.0
20230608:0230,0.0,0.0,0.0,0.0,0.0,13.38,0.14,0.0
20230608:0330,0.0,0.0,0.0,0.0,0.0,12.76,0.28,0.0
20230608:0430,0.0,0.0,0.0,0.0,0.0,12.09,0.41,0.0
20230608:0530,0.0,0.0,0.0,0.0,0.0,11.07,0.55,0.0
20230608:0630,0.0,0.0,0.0,0.0,0.0,10.3,0.55,0.0
20230608:0730,0.0,0.0,0.0,0.0,0.0,10.38,0.55,0.0
20230608:0830,0.0,0.0,0.0,0.0,0.0,10.08,0.48,0.0
20230608:0930,0.0,0.0,0.0,0.0,-2.27,9.9,0.41,0.0
20230608:1030,234.01,221.97,69.05,1.23,10.1,9.82,0.41,0.0
20230608:1130,450.39,447.0,101.54,3.1,21.61,10.97,0.21,0.0
20230608:1230,591.89,631.66,115.62,4.78,31.74,15.23,0.41,0.0
20230608:1330,678.27,752.91,122.45,6.01,39.64,17.1,0.69,0.0
20230608:1430,711.27,802.32,124.24,6.64,44.12,18.29,0.9,0.0
20230608:1530,689.38,777.86,121.62,6.63,44.17,19.19,0.83,0.0
20230608:1630,617.94,682.97,114.8,5.98,39.79,19.8,0.76,0.0
20230608:1730,496.23,528.05,102.87,4.74,31.96,20.1,0.69,0.0
20230608:1830,323.13,329.33,84.36,3.05,21.88,20.06,0.62,0.0
20230608:1930,118.28,126.22,50.77,1.21,10.39,19.51,0.76,0.0
20230608:2030,0.0,0.0,0.0,0.0,-1.96,18.36,0.55,0.0
20230608:2130,0.0,0.0,0.0,0.0,0.0,16.92,0.69,0.0
20230608:2230,0.0,0.0,0.0,0.0,0.0,15.82,0.76,0.0
20230608:2330,0.0,0.0,0.0,0.0,0.0,15.33,0.69,0.0
20230609:0030,0.0,0.0,0.0,0.0,0.0,14.72,0.69,0.0
20230609:0130,0.0,0.0,0.0,0.0,0.0,13.87,0.83,0.0
20230609:0230,0.0,0.0,0.0,0.0,0.0,12.98,0.9,0.0
20230609:0330,0.0,0.0,0.0,0.0,0.0,12.14,0.97,0.0
20230609:0430,0.0,0.0,0.0,0.0,0.0,11.37,0.97,0.0
20230609:0530,0.0,0.0,0.0,0.0,0.0,10.79,0.97,0.0
20230609:0630,0.0,0.0,0.0,0.0,0.0,10.49,0.83,0.0
20230609:0730,0.0,0.0,0.0,0.0,0.0,9.93,0.83,0.0
20230609:0830,0.0,0.0,0.0,0.0,0.0,9.65,0.69,0.0
20230609:0930,0.0,0.0,0.0,0.0,-2.34,9.37,0.62,0.0
20230609:1030,233.08,219.77,68.61,1.21,10.02,9.09,0.76,0.0
20230609:1130,450.85,443.15,101.42,3.07,21.53,10.89,0.76,0.0
20230609:1230,595.09,626.34,115.66,4.74,31.65,15.34,1.1,0.0
20230609:1330,685.18,745.46,122.7,5.95,39.54,17.27,1.66,0.0
20230609:1430,719.87,793.78,124.41,6.58,44.03,18.42,2.0,0.0
20230609:1530,699.54,769.0,121.9,6.56,44.1,19.29,2.14,0.0
20230609:1630,625.98,675.42,114.8,5.92,39.73,19.91,2.14,0.0
20230609:1730,499.8,522.02,102.87,4.69,31.93,20.22,2.0,0.0
20230609:1830,323.96,326.62,84.26,3.03,21.86,20.17,1.79,0.0
20230609:1930,117.29,124.74,50.59,1.19,10.39,19.71,1.45,0.0
20230609:2030,0.0,0.0,0.0,0.0,-1.96,18.49,1.31,0.0
20230609:2130,0.0,0.0,0.0,0.0,0.0,16.7,1.52,0.0
20230609:2230,0.0,0.0,0.0,0.0,0.0,14.77,1.38,0.0
20230609:2330,0.0,0.0,0.0,0.0,0.0,13.56,1.24,0.0
20230610:0030,0.0,0.0,0.0,0.0,0.0,12.79,1.17,0.0
20230610:0130,0.0,0.0,0.0,0.0,0.0,12.67,1.03,0.0
20230610:0230,0.0,0.0,0.0,0.0,0.0,12.57,0.9,0.0
20230610:0330,0.0,0.0,0.0,0.0,0.0,12.28,0.9,0.0
20230610:0430,0.0,0.0,0.0,0.0,0.0,11.86,0.97,0.0
20230610:0530,0.0,0.0,0.0,0.0,0.0,11.49,0.97,0.0
20230610:0630,0.0,0.0,0.0,0.0,0.0,11.16,1.03,0.0
20230610:0730,0.0,0.0,0.0,0.0,0.0,10.52,0.9,0.0
20230610:0830,0.0,0.0,0.0,0.0,0.0,10.09,0.9,0.0
20230610:0930,0.0,0.0,0.0,0.0,-2.42,9.74,0.9,0.0
20230610:1030,229.16,216.18,67.99,1.19,9.94,9.54,0.9,0.0
20230610:1130,446.05,439.15,101.27,3.05,21.44,11.4,0.69,0.0
20230610:1230,589.46,623.16,115.74,4.72,31.56,15.81,0.9,0.0
20230610:1330,679.15,744.49,122.73,5.94,39.45,17.92,1.38,0.0
20230610:1430,715.62,794.78,124.61,6.58,43.94,19.16,1.79,0.0
20230610:1530,697.3,771.76,121.95,6.58,44.02,20.07,2.0,0.0
20230610:1630,625.75,678.4,114.97,5.93,39.68,20.71,2.14,0.0
20230610:1730,500.97,524.99,103.1,4.71,31.9,21.02,2.14,0.0
20230610:1830,322.35,325.57,84.45,3.02,21.85,20.98,1.93,0.0
20230610:1930,116.95,124.75,50.69,1.19,10.39,20.74,1.72,0.0
20230610:2030,0.0,0.0,0.0,0.0,-1.95,19.42,1.17,0.0
20230610:2130,0.0,0.0,0.0,0.0,0.0,17.18,1.24,0.0
20230610:2230,0.0,0.0,0.0,0.0,0.0,15.53,1.17,0.0
20230610:2330,0.0,0.0,0.0,0.0,0.0,14.69,1.1,0.0
20230611:0030,0.0,0.0,0.0,0.0,0.0,14.06,1.03,0.0
20230611:0130,0.0,0.0,0.0,0.0,0.0,13.88,1.03,0.0
20230611:0230,0.0,0.0,0.0,0.0,0.0,13.29,1.03,0.0
20230611:0330,0.0,0.0,0.0,0.0,0.0,12.85,1.03,0.0
20230611:0430,0.0,0.0,0.0,0.0,0.0,12.5,1.03,0.0
20230611:0530,0.0,0.0,0.0,0.0,0.0,12.24,1.03,0.0
20230611:0630,0.0,0.0,0.0,0.0,0.0,12.0,0.97,0.0
20230611:0730,0.0,0.0,0.0,0.0,0.0,11.22,0.97,0.0
20230611:0830,0.0,0.0,0.0,0.0,0.0,10.86,0.9,0.0
20230611:0930,0.0,0.0,0.0,0.0,-2.49,10.57,0.97,0.0
20230611:1030,224.26,212.11,67.37,1.17,9.87,10.36,0.9,0.0
20230611:1130,440.01,433.47,101.06,3.01,21.36,12.23,0.76,0.0
20230611:1230,584.56,616.78,115.71,4.67,31.48,16.6,1.1,0.0
20230611:1330,674.82,737.39,122.91,5.89,39.36,18.73,1.66,0.0
20230611:1430,710.96,786.51,124.39,6.52,43.86,19.96,2.14,0.0
20230611:1530,696.79,763.55,121.87,6.51,43.96,20.88,2.83,0.0
20230611:1630,626.42,673.29,114.0,5.88,39.64,21.52,3.17,0.0
20230611:1730,485.69,489.19,115.47,4.55,31.87,21.84,3.24,0.0
20230611:1830,302.58,290.88,93.82,2.86,21.84,21.92,2.9,0.0
20230611:1930,113.54,119.07,51.86,1.17,10.39,21.63,2.14,0.0
20230611:2030,0.0,0.0,0.0,0.0,-1.94,20.4,1.38,0.0
20230611:2130,0.0,0.0,0.0,0.0,0.0,17.86,1.1,0.0
20230611:2230,0.0,0.0,0.0,0.0,0.0,16.77,1.03,0.0
20230611:2330,0.0,0.0,0.0,0.0,0.0,15.77,1.1,0.0
20230612:0030,0.0,0.0,0.0,0.0,0.0,15.05,1.03,0.0
20230612:0130,0.0,0.0,0.0,0.0,0.0,14.67,0.97,0.0
20230612:0230,0.0,0.0,0.0,0.0,0.0,14.06,0.97,0.0
20230612:0330,0.0,0.0,0.0,0.0,0.0,13.64,0.97,0.0
20230612:0430,0.0,0.0,0.0,0.0,0.0,13.34,0.97,0.0
20230612:0530,0.0,0.0,0.0,0.0,0.0,13.12,0.9,0.0
20230612:0630,0.0,0.0,0.0,0.0,0.0,12.86,0.83,0.0
20230612:0730,0.0,0.0,0.0,0.0,0.0,12.49,0.76,0.0
20230612:0830,0.0,0.0,0.0,0.0,0.0,11.99,0.69,0.0
20230612:0930,0.0,0.0,0.0,0.0,-2.55,11.59,0.76,0.0
20230612:1030,221.1,210.86,66.46,1.16,9.8,11.47,0.83,0.0
20230612:1130,428.63,425.13,98.56,2.95,21.29,13.25,0.62,0.0
20230612:1230,580.6,622.03,112.32,4.68,31.4,17.54,0.83,0.0
20230612:1330,670.77,743.08,120.23,5.9,39.28,19.88,1.45,0.0
20230612:1430,703.59,789.14,118.5,6.48,43.79,21.04,2.0,0.0
20230612:1530,689.76,765.75,119.83,6.51,43.9,21.87,2.41,0.0
20230612:1630,620.66,676.56,111.0,5.88,39.6,22.42,2.69,0.0
20230612:1730,496.75,521.06,104.04,4.68,31.85,22.64,2.55,0.0
20230612:1830,259.21,220.81,112.17,2.55,21.83,22.54,2.21,0.0
20230612:1930,77.71,74.19,47.55,0.88,10.4,21.82,1.45,0.0
20230612:2030,0.0,0.0,0.0,0.0,-1.92,20.38,0.9,0.0
20230612:2130,0.0,0.0,0.0,0.0,0.0,18.77,0.83,0.0
20230612:2230,0.0,0.0,0.0,0.0,0.0,18.49,0.76,0.0
20230612:2330,0.0,0.0,0.0,0.0,0.0,18.15,0.62,0.0
20230613:0030,0.0,0.0,0.0,0.0,0.0,18.02,0.48,0.0
20230613:0130,0.0,0.0,0.0,0.0,0.0,17.49,0.28,0.0
20230613:0230,0.0,0.0,0.0,0.0,0.0,16.9,0.07,0.0
20230613:0330,0.0,0.0,0.0,0.0,0.0,16.05,0.28,0.0
20230613:0430,0.0,0.0,0.0,0.0,0.0,15.43,0.41,0.0
20230613:0530,0.0,0.0,0.0,0.0,0.0,14.88,0.62,0.0
20230613:0630,0.0,0.0,0.0,0.0,0.0,14.35,0.76,0.0
20230613:0730,0.0,0.0,0.0,0.0,0.0,13.45,0.83,0.0
20230613:0830,0.0,0.0,0.0,0.0,0.0,13.49,0.76,0.0
20230613:0930,0.0,0.0,0.0,0.0,-2.62,13.36,0.83,0.0
20230613:1030,22.74,21.07,20.26,0.26,9.73,13.58,0.83,0.0
20230613:1130,54.25,27.36,52.31,0.65,21.21,14.15,0.9,0.0
20230613:1230,118.41,92.96,60.19,1.14,31.32,14.73,0.97,0.0
20230613:1330,170.75,98.72,115.74,1.77,39.21,15.38,1.1,0.0
20230613:1430,186.34,91.56,142.06,2.01,43.72,16.08,1.24,0.0
20230613:1530,200.57,95.14,156.03,2.19,43.85,16.69,1.17,0.0
20230613:1630,199.25,125.13,124.09,2.1,39.57,17.12,1.17,0.0
20230613:1730,204.67,163.33,92.52,2.06,31.84,17.41,1.24,0.0
20230613:1830,49.67,26.56,49.28,0.67,21.83,17.64,1.38,0.0
20230613:1930,21.41,22.4,20.25,0.33,10.41,16.65,1.17,0.0
20230613:2030,0.0,0.0,0.0,0.0,-1.9,16.22,1.03,0.0
20230613:2130,0.0,0.0,0.0,0.0,0.0,15.71,1.03,0.0
20230613:2230,0.0,0.0,0.0,0.0,0.0,15.3,1.03,0.0
20230613:2330,0.0,0.0,0.0,0.0,0.0,14.97,1.1,0.0
20230614:0030,0.0,0.0,0.0,0.0,0.0,14.76,1.1,0.0
20230614:0130,0.0,0.0,0.0,0.0,0.0,14.48,1.03,0.0
20230614:0230,0.0,0.0,0.0,0.0,0.0,14.25,0.97,0.0
20230614:0330,0.0,0.0,0.0,0.0,0.0,14.06,0.9,0.0
20230614:0430,0.0,0.0,0.0,0.0,0.0,13.9,0.76,0.0
20230614:0530,0.0,0.0,0.0,0.0,0.0,13.86,0.55,0.0
20230614:0630,0.0,0.0,0.0,0.0,0.0,13.84,0.41,0.0
20230614:0730,0.0,0.0,0.0,0.0,0.0,13.95,0.83,0.0
20230614:0830,0.0,0.0,0.0,0.0,0.0,13.64,0.83,0.0
20230614:0930,0.0,0.0,0.0,0.0,-2.68,13.52,0.76,0.0
20230614:1030,26.2,10.86,34.78,0.37,9.66,13.46,0.62,0.0
20230614:1130,191.41,134.28,104.34,1.62,21.14,14.14,0.69,0.0
20230614:1230,246.91,180.08,124.22,2.23,31.25,15.62,0.48,0.0
20230614:1330,313.43,222.23,164.44,2.98,39.14,16.63,0.34,0.0
20230614:1430,337.35,241.94,174.94,3.3,43.66,17.62,0.62,0.0
20230614:1530,253.53,150.7,165.22,2.65,43.81,18.49,0.97,0.0
20230614:1630,176.04,91.4,133.6,1.96,39.54,19.22,1.1,0.0
20230614:1730,99.61,53.43,82.05,1.19,31.83,19.03,0.41,0.0
20230614:1830,11.83,0.73,25.82,0.26,21.83,18.76,0.21,0.0
20230614:1930,4.47,0.99,13.97,0.15,10.42,16.42,0.41,0.0
20230614:2030,0.0,0.0,0.0,0.0,-1.88,16.13,0.48,0.0
20230614:2130,0.0,0.0,0.0,0.0,0.0,15.7,0.48,0.0
20230614:2230,0.0,0.0,0.0,0.0,0.0,15.4,0.69,0.0
20230614:2330,0.0,0.0,0.0,0.0,0.0,15.17,0.62,0.0
20230615:0030,0.0,0.0,0.0,0.0,0.0,15.03,0.62,0.0
20230615:0130,0.0,0.0,0.0,0.0,0.0,14.86,0.62,0.0
20230615:0230,0.0,0.0,0.0,0.0,0.0,14.74,0.48,0.0
20230615:0330,0.0,0.0,0.0,0.0,0.0,14.74,0.34,0.0
20230615:0430,0.0,0.0,0.0,0.0,0.0,14.75,0.21,0.0
20230615:0530,0.0,0.0,0.0,0.0,0.0,14.67,0.0,0.0
20230615:0630,0.0,0.0,0.0,0.0,0.0,14.73,0.14,0.0
20230615:0730,0.0,0.0,0.0,0.0,0.0,14.56,0.48,0.0
20230615:0830,0.0,0.0,0.0,0.0,0.0,14.47,0.34,0.0
20230615:0930,0.0,0.0,0.0,0.0,-2.75,14.39,0.62,0.0
20230615:1030,17.38,9.16,24.9,0.27,9.6,14.34,0.97,0.0
20230615:1130,89.81,57.42,64.05,0.91,21.08,14.77,1.03,0.0
20230615:1230,123.2,59.17,101.55,1.34,31.18,15.98,1.1,0.0
20230615:1330,185.28,114.46,117.63,1.88,39.08,16.53,1.24,0.0
20230615:1430,114.67,27.95,124.19,1.42,43.61,17.05,1.52,0.0
20230615:1530,190.1,80.05,159.34,2.12,43.77,16.87,1.24,0.0
20230615:1630,302.74,219.06,152.82,3.02,39.52,17.51,1.38,0.0
20230615:1730,259.66,196.72,125.94,2.59,31.82,18.6,1.52,0.0
20230615:1830,53.0,12.0,68.3,0.76,21.84,18.96,1.52,0.0
20230615:1930,8.7,0.31,21.44,0.22,10.44,17.1,1.1,0.0
20230615:2030,0.0,0.0,0.0,0.0,-1.86,16.6,0.97,0.0
20230615:2130,0.0,0.0,0.0,0.0,0.0,15.91,1.03,0.0
20230615:2230,0.0,0.0,0.0,0.0,0.0,15.63,1.03,0.0
20230615:2330,0.0,0.0,0.0,0.0,0.0,15.34,1.1,0.0
20230616:0030,0.0,0.0,0.0,0.0,0.0,15.14,1.17,0.0
20230616:0130,0.0,0.0,0.0,0.0,0.0,14.93,1.24,0.0
20230616:0230,0.0,0.0,0.0,0.0,0.0,14.71,1.24,0.0
20230616:0330,0.0,0.0,0.0,0.0,0.0,14.69,1.24,0.0
20230616:0430,0.0,0.0,0.0,0.0,0.0,14.5,1.24,0.0
20230616:0530,0.0,0.0,0.0,0.0,0.0,14.33,1.24,0.0
20230616:0630,0.0,0.0,0.0,0.0,0.0,14.21,1.31,0.0
20230616:0730,0.0,0.0,0.0,0.0,0.0,14.1,1.52,0.0
20230616:0830,0.0,0.0,0.0,0.0,0.0,13.79,1.45,0.0
20230616:0930,0.0,0.0,0.0,0.0,-2.8,13.41,1.45,0.0
20230616:1030,28.43,11.36,37.08,0.4,9.53,13.2,1.38,0.0
20230616:1130,98.44,19.98,112.04,1.2,21.02,14.07,1.17,0.0
20230616:1230,248.34,115.99,190.84,2.49,31.12,16.09,1.52,0.0
20230616:1330,310.78,128.71,253.64,3.25,39.02,17.51,2.41,0.0
20230616:1430,381.21,209.68,258.25,3.85,43.56,18.35,2.62,0.0
20230616:1530,286.44,140.18,213.46,3.04,43.74,19.06,3.03,0.0
20230616:1630,352.74,216.4,216.31,3.58,39.51,19.06,3.1,0.0
20230616:1730,312.13,215.26,169.25,3.11,31.83,19.37,3.24,0.0
20230616:1830,215.82,173.91,100.77,2.13,21.86,19.51,3.03,0.0
20230616:1930,79.47,73.05,48.71,0.88,10.46,18.45,2.07,0.0
20230616:2030,0.0,0.0,0.0,0.0,-1.83,17.41,1.38,0.0
20230616:2130,0.0,0.0,0.0,0.0,0.0,16.54,1.17,0.0
20230616:2230,0.0,0.0,0.0,0.0,0.0,15.67,1.17,0.0
20230616:2330,0.0,0.0,0.0,0.0,0.0,14.78,1.17,0.0
20230617:0030,0.0,0.0,0.0,0.0,0.0,13.87,1.17,0.0
20230617:0130,0.0,0.0,0.0,0.0,0.0,13.23,1.1,0.0
20230617:0230,0.0,0.0,0.0,0.0,0.0,12.77,1.03,0.0
20230617:0330,0.0,0.0,0.0,0.0,0.0,12.31,1.1,0.0
20230617:0430,0.0,0.0,0.0,0.0,0.0,11.85,1.1,0.0
20230617:0530,0.0,0.0,0.0,0.0,0.0,11.84,1.03,0.0
20230617:0630,0.0,0.0,0.0,0.0,0.0,11.3,1.03,0.0
20230617:0730,0.0,0.0,0.0,0.0,0.0,10.65,1.03,0.0
20230617:0830,0.0,0.0,0.0,0.0,0.0,9.92,1.03,0.0
20230617:0930,0.0,0.0,0.0,0.0,-2.86,9.85,0.9,0.0
20230617:1030,91.4,70.23,53.31,0.68,9.48,9.64,0.76,0.0
20230617:1130,185.08,114.12,114.5,1.62,20.96,11.15,0.62,0.0
20230617:1230,379.22,306.53,148.58,3.13,31.07,12.08,0.97,0.0
20230617:1330,555.18,507.44,176.15,4.82,38.97,13.52,0.9,0.0
20230617:1430,602.81,542.91,210.01,5.55,43.52,14.91,1.03,0.0
20230617:1530,616.37,571.73,208.71,5.86,43.71,16.17,0.83,0.0
20230617:1630,537.27,461.61,211.44,5.18,39.5,17.01,0.97,0.0
20230617:1730,443.48,377.71,173.1,4.24,31.83,17.29,1.03,0.0
20230617:1830,272.94,218.58,124.88,2.63,21.87,17.21,1.1,0.0
20230617:1930,108.82,99.14,60.27,1.12,10.48,16.78,0.97,0.0
20230617:2030,0.0,0.0,0.0,0.0,-1.8,15.83,0.62,0.0
20230617:2130,0.0,0.0,0.0,0.0,0.0,13.84,0.83,0.0
20230617:2230,0.0,0.0,0.0,0.0,0.0,12.35,1.17,0.0
20230617:2330,0.0,0.0,0.0,0.0,0.0,11.07,1.24,0.0
20230618:0030,0.0,0.0,0.0,0.0,0.0,9.91,1.31,0.0
20230618:0130,0.0,0.0,0.0,0.0,0.0,9.1,1.31,0.0
20230618:0230,0.0,0.0,0.0,0.0,0.0,8.5,1.24,0.0
20230618:0330,0.0,0.0,0.0,0.0,0.0,8.2,1.1,0.0
20230618:0430,0.0,0.0,0.0,0.0,0.0,8.28,0.9,0.0
20230618:0530,0.0,0.0,0.0,0.0,0.0,8.4,0.83,0.0
20230618:0630,0.0,0.0,0.0,0.0,0.0,8.33,0.69,0.0
20230618:0730,0.0,0.0,0.0,0.0,0.0,8.11,0.69,0.0
20230618:0830,0.0,0.0,0.0,0.0,0.0,8.05,0.62,0.0
20230618:0930,0.0,0.0,0.0,0.0,-2.92,7.99,0.55,0.0
20230618:1030,163.03,152.18,53.7,0.89,9.42,7.84,0.55,0.0
20230618:1130,370.79,328.79,113.64,2.57,20.9,8.57,0.41,0.0
20230618:1230,505.55,474.65,138.57,3.99,31.02,11.37,0.69,0.0
20230618:1330,626.28,628.19,153.69,5.4,38.92,13.36,0.76,0.0
20230618:1430,688.99,735.36,152.38,6.36,43.48,14.99,0.41,0.0
20230618:1530,671.91,737.24,139.77,6.44,43.69,16.28,0.07,0.0
20230618:1630,609.88,663.72,121.26,5.85,39.5,17.23,0.21,0.0
20230618:1730,487.56,495.91,119.22,4.61,31.84,17.7,0.34,0.0
20230618:1830,326.29,325.21,88.29,3.03,21.89,17.75,0.41,0.0
20230618:1930,124.55,129.59,52.95,1.23,10.51,17.43,0.62,0.0
20230618:2030,0.0,0.0,0.0,0.0,-1.76,16.48,0.62,0.0
20230618:2130,0.0,0.0,0.0,0.0,0.0,14.58,0.9,0.0
20230618:2230,0.0,0.0,0.0,0.0,0.0,12.75,1.17,0.0
20230618:2330,0.0,0.0,0.0,0.0,0.0,11.29,1.31,0.0
20230619:0030,0.0,0.0,0.0,0.0,0.0,10.21,1.31,0.0
20230619:0130,0.0,0.0,0.0,0.0,0.0,9.41,1.24,0.0
20230619:0230,0.0,0.0,0.0,0.0,0.0,8.93,1.17,0.0
20230619:0330,0.0,0.0,0.0,0.0,0.0,8.63,1.1,0.0
20230619:0430,0.0,0.0,0.0,0.0,0.0,8.63,1.1,0.0
20230619:0530,0.0,0.0,0.0,0.0,0.0,8.63,1.03,0.0
20230619:0630,0.0,0.0,0.0,0.0,0.0,8.53,1.03,0.0
20230619:0730,0.0,0.0,0.0,0.0,0.0,8.28,1.1,0.0
20230619:0830,0.0,0.0,0.0,0.0,0.0,8.08,1.1,0.0
20230619:0930,0.0,0.0,0.0,0.0,-2.97,8.18,1.1,0.0
20230619:1030,105.88,89.1,50.43,0.7,9.37,7.98,1.03,0.0
20230619:1130,189.55,103.07,129.19,1.7,20.85,9.78,0.97,0.0
20230619:1230,406.06,322.44,162.42,3.33,30.97,10.91,1.1,0.0
20230619:1330,542.7,493.95,167.23,4.66,38.88,12.59,1.1,0.0
20230619:1430,633.08,584.04,207.04,5.79,43.46,13.97,1.03,0.0
20230619:1530,631.3,628.38,166.04,5.9,43.68,15.38,0.97,0.0
20230619:1630,572.84,559.88,159.23,5.42,39.5,16.31,0.83,0.0
20230619:1730,492.38,504.24,110.21,4.6,31.86,16.88,0.76,0.0
20230619:1830,317.73,304.23,95.59,2.95,21.92,17.06,0.76,0.0
20230619:1930,115.01,115.6,53.46,1.16,10.55,17.21,0.76,0.0
20230619:2030,0.0,0.0,0.0,0.0,-1.73,16.38,0.41,0.0
20230619:2130,0.0,0.0,0.0,0.0,0.0,15.12,0.48,0.0
20230619:2230,0.0,0.0,0.0,0.0,0.0,13.72,0.76,0.0
20230619:2330,0.0,0.0,0.0,0.0,0.0,12.38,0.97,0.0
20230620:0030,0.0,0.0,0.0,0.0,0.0,11.31,1.03,0.0
20230620:0130,0.0,0.0,0.0,0.0,0.0,10.65,0.9,0.0
20230620:0230,0.0,0.0,0.0,0.0,0.0,10.39,0.83,0.0
20230620:0330,0.0,0.0,0.0,0.0,0.0,10.11,0.69,0.0
20230620:0430,0.0,0.0,0.0,0.0,0.0,9.76,0.62,0.0
20230620:0530,0.0,0.0,0.0,0.0,0.0,9.21,0.62,0.0
20230620:0630,0.0,0.0,0.0,0.0,0.0,8.78,0.62,0.0
20230620:0730,0.0,0.0,0.0,0.0,0.0,9.38,0.55,0.0
20230620:0830,0.0,0.0,0.0,0.0,0.0,9.17,0.48,0.0
20230620:0930,0.0,0.0,0.0,0.0,-3.02,8.95,0.55,0.0
20230620:1030,123.58,105.74,55.0,0.77,9.32,8.68,0.48,0.0
20230620:1130,268.39,189.34,133.55,2.1,20.81,9.23,0.34,0.0
20230620:1230,523.81,506.65,134.72,4.14,30.93,11.77,0.41,0.0
20230620:1330,666.08,704.12,136.72,5.74,38.85,14.2,0.83,0.0
20230620:1430,711.7,778.9,132.75,6.5,43.44,15.91,1.03,0.0
20230620:1530,696.93,767.76,126.56,6.55,43.68,17.11,1.1,0.0
20230620:1630,630.59,683.09,117.74,5.96,39.51,17.89,1.17,0.0
20230620:1730,506.44,529.37,105.82,4.74,31.88,18.28,1.03,0.0
20230620:1830,331.82,333.03,86.21,3.07,21.95,18.28,0.97,0.0
20230620:1930,125.17,130.56,52.96,1.24,10.58,17.94,0.69,0.0
20230620:2030,0.0,0.0,0.0,0.0,-1.69,16.88,0.55,0.0
20230620:2130,0.0,0.0,0.0,0.0,0.0,15.36,0.62,0.0
20230620:2230,0.0,0.0,0.0,0.0,0.0,14.88,0.69,0.0
20230620:2330,0.0,0.0,0.0,0.0,0.0,14.41,0.62,0.0
20230621:0030,0.0,0.0,0.0,0.0,0.0,13.83,0.55,0.0
20230621:0130,0.0,0.0,0.0,0.0,0.0,13.32,0.55,0.0
20230621:0230,0.0,0.0,0.0,0.0,0.0,12.91,0.62,0.0
20230621:0330,0.0,0.0,0.0,0.0,0.0,12.47,0.55,0.0
20230621:0430,0.0,0.0,0.0,0.0,0.0,11.87,0.48,0.0
20230621:0530,0.0,0.0,0.0,0.0,0.0,11.14,0.41,0.0
20230621:0630,0.0,0.0,0.0,0.0,0.0,10.55,0.41,0.0
20230621:0730,0.0,0.0,0.0,0.0,0.0,9.77,0.55,0.0
20230621:0830,0.0,0.0,0.0,0.0,0.0,9.21,0.62,0.0
20230621:0930,0.0,0.0,0.0,0.0,-3.06,8.84,0.62,0.0
20230621:1030,215.86,202.07,66.09,1.09,9.28,8.42,0.69,0.0
20230621:1130,438.69,425.35,102.03,2.93,20.77,9.48,0.55,0.0
20230621:1230,588.92,611.62,117.98,4.62,30.89,13.6,0.9,0.0
20230621:1330,684.0,736.0,125.58,5.86,38.82,15.52,1.45,0.0
20230621:1430,722.18,791.63,127.54,6.54,43.42,16.77,1.66,0.0
20230621:1530,699.94,766.35,126.34,6.54,43.68,17.71,1.59,0.0
20230621:1630,628.07,678.56,117.79,5.92,39.53,18.39,1.38,0.0
20230621:1730,500.75,520.97,106.83,4.69,31.91,18.74,1.17,0.0
20230621:1830,330.0,330.65,86.84,3.06,21.99,18.72,1.03,0.0
20230621:1930,123.96,128.92,52.84,1.23,10.62,18.17,0.97,0.0
20230621:2030,0.0,0.0,0.0,0.0,-1.64,17.08,0.76,0.0
20230621:2130,0.0,0.0,0.0,0.0,0.0,15.01,1.03,0.0
20230621:2230,0.0,0.0,0.0,0.0,0.0,13.82,0.97,0.0
20230621:2330,0.0,0.0,0.0,0.0,0.0,13.85,0.83,0.0
20230622:0030,0.0,0.0,0.0,0.0,0.0,13.46,0.69,0.0
20230622:0130,0.0,0.0,0.0,0.0,0.0,12.56,0.83,0.0
20230622:0230,0.0,0.0,0.0,0.0,0.0,11.58,1.03,0.0
20230622:0330,0.0,0.0,0.0,0.0,0.0,10.41,1.1,0.0
20230622:0430,0.0,0.0,0.0,0.0,0.0,9.53,1.17,0.0
20230622:0530,0.0,0.0,0.0,0.0,0.0,8.84,1.24,0.0
20230622:0630,0.0,0.0,0.0,0.0,0.0,8.4,1.31,0.0
20230622:0730,0.0,0.0,0.0,0.0,0.0,8.2,1.31,0.0
20230622:0830,0.0,0.0,0.0,0.0,0.0,7.77,1.45,0.0
20230622:0930,0.0,0.0,0.0,0.0,-3.11,7.55,1.45,0.0
20230622:1030,192.5,170.86,68.07,1.02,9.24,7.49,1.38,0.0
20230622:1130,418.4,392.13,106.79,2.81,20.73,9.32,1.03,0.0
20230622:1230,573.83,581.46,120.72,4.46,30.86,13.26,1.38,0.0
20230622:1330,664.82,699.34,129.82,5.66,38.8,15.08,1.66,0.0
20230622:1430,705.88,764.45,127.74,6.36,43.41,16.39,1.72,0.0
20230622:1530,684.21,743.66,126.21,6.38,43.69,17.51,1.52,0.0
20230622:1630,612.69,657.08,118.28,5.78,39.55,18.36,1.31,0.0
20230622:1730,486.06,502.61,106.71,4.56,31.95,18.94,1.1,0.0
20230622:1830,320.41,320.16,85.81,2.98,22.03,19.07,1.03,0.0
20230622:1930,119.58,124.49,51.87,1.2,10.66,18.78,0.83,0.0
20230622:2030,0.0,0.0,0.0,0.0,-1.6,17.84,0.55,0.0
20230622:2130,0.0,0.0,0.0,0.0,0.0,16.66,0.55,0.0
20230622:2230,0.0,0.0,0.0,0.0,0.0,15.98,0.55,0.0
20230622:2330,0.0,0.0,0.0,0.0,0.0,15.29,0.55,0.0
20230623:0030,0.0,0.0,0.0,0.0,0.0,14.55,0.55,0.0
20230623:0130,0.0,0.0,0.0,0.0,0.0,13.45,0.69,0.0
20230623:0230,0.0,0.0,0.0,0.0,0.0,12.38,0.83,0.0
20230623:0330,0.0,0.0,0.0,0.0,0.0,11.5,0.97,0.0
20230623:0430,0.0,0.0,0.0,0.0,0.0,10.95,0.97,0.0
20230623:0530,0.0,0.0,0.0,0.0,0.0,10.6,1.03,0.0
20230623:0630,0.0,0.0,0.0,0.0,0.0,10.32,1.03,0.0
20230623:0730,0.0,0.0,0.0,0.0,0.0,10.27,0.97,0.0
20230623:0830,0.0,0.0,0.0,0.0,0.0,9.97,1.03,0.0
20230623:0930,0.0,0.0,0.0,0.0,-3.15,9.76,1.03,0.0
20230623:1030,134.96,100.11,73.89,0.89,9.2,9.49,1.03,0.0
20230623:1130,348.27,277.22,141.79,2.53,20.7,10.92,0.83,0.0
20230623:1230,539.0,516.67,148.96,4.3,30.83,14.76,1.03,0.0
20230623:1330,653.76,691.39,134.56,5.64,38.79,16.86,1.38,0.0
20230623:1430,659.15,656.06,184.69,6.08,43.41,18.35,1.45,0.0
20230623:1530,624.72,584.08,213.09,5.98,43.7,19.37,1.45,0.0
20230623:1630,533.95,472.2,201.71,5.17,39.58,20.0,1.45,0.0
20230623:1730,406.93,316.91,193.07,4.0,31.98,20.25,1.38,0.0
20230623:1830,259.79,197.19,133.8,2.57,22.07,20.09,1.38,0.0
20230623:1930,84.8,52.23,73.39,0.99,10.71,19.23,1.38,0.0
20230623:2030,0.0,0.0,0.0,0.0,-1.55,18.1,1.1,0.0
20230623:2130,0.0,0.0,0.0,0.0,0.0,16.39,1.1,0.0
20230623:2230,0.0,0.0,0.0,0.0,0.0,14.77,0.97,0.0
20230623:2330,0.0,0.0,0.0,0.0,0.0,13.97,0.9,0.0
20230624:0030,0.0,0.0,0.0,0.0,0.0,13.4,0.83,0.0
20230624:0130,0.0,0.0,0.0,0.0,0.0,12.95,0.76,0.0
20230624:0230,0.0,0.0,0.0,0.0,0.0,12.61,0.76,0.0
20230624:0330,0.0,0.0,0.0,0.0,0.0,12.3,0.76,0.0
20230624:0430,0.0,0.0,0.0,0.0,0.0,11.97,0.76,0.0
20230624:0530,0.0,0.0,0.0,0.0,0.0,11.61,0.69,0.0
20230624:0630,0.0,0.0,0.0,0.0,0.0,11.3,0.69,0.0
20230624:0730,0.0,0.0,0.0,0.0,0.0,10.89,0.9,0.0
20230624:0830,0.0,0.0,0.0,0.0,0.0,10.57,0.9,0.0
20230624:0930,0.0,0.0,0.0,0.0,-3.19,10.42,0.9,0.0
20230624:1030,124.19,88.25,73.79,0.87,9.16,10.25,0.9,0.0
20230624:1130,344.9,270.85,145.21,2.53,20.67,11.43,0.83,0.0
20230624:1230,485.24,400.75,196.63,4.02,30.81,15.28,1.1,0.0
20230624:1330,558.28,453.14,244.19,5.03,38.78,17.09,1.45,0.0
20230624:1430,636.12,595.87,213.51,5.91,43.42,18.26,1.38,0.0
20230624:1530,632.73,615.95,194.87,6.05,43.73,19.32,1.24,0.0
20230624:1630,560.96,534.15,180.41,5.42,39.62,20.11,1.1,0.0
20230624:1730,450.27,414.04,154.26,4.33,32.03,20.51,1.03,0.0
20230624:1830,305.39,290.66,99.27,2.89,22.12,20.56,0.97,0.0
20230624:1930,108.11,99.42,60.95,1.14,10.76,20.37,0.76,0.0
20230624:2030,0.0,0.0,0.0,0.0,-1.5,19.26,0.69,0.0
20230624:2130,0.0,0.0,0.0,0.0,0.0,17.67,0.69,0.0
20230624:2230,0.0,0.0,0.0,0.0,0.0,16.96,0.69,0.0
20230624:2330,0.0,0.0,0.0,0.0,0.0,16.21,0.69,0.0
20230625:0030,0.0,0.0,0.0,0.0,0.0,15.58,0.62,0.0
20230625:0130,0.0,0.0,0.0,0.0,0.0,15.12,0.55,0.0
20230625:0230,0.0,0.0,0.0,0.0,0.0,14.42,0.55,0.0
20230625:0330,0.0,0.0,0.0,0.0,0.0,13.64,0.55,0.0
20230625:0430,0.0,0.0,0.0,0.0,0.0,13.0,0.48,0.0
20230625:0530,0.0,0.0,0.0,0.0,0.0,12.54,0.48,0.0
20230625:0630,0.0,0.0,0.0,0.0,0.0,12.25,0.48,0.0
20230625:0730,0.0,0.0,0.0,0.0,0.0,11.96,0.62,0.0
20230625:0830,0.0,0.0,0.0,0.0,0.0,11.48,0.62,0.0
20230625:0930,0.0,0.0,0.0,0.0,-3.22,11.22,0.69,0.0
20230625:1030,191.14,175.15,67.0,1.02,9.13,11.12,0.69,0.0
20230625:1130,403.04,381.12,110.6,2.78,20.64,12.63,0.41,0.0
20230625:1230,543.65,544.61,140.19,4.39,30.8,16.33,0.41,0.0
20230625:1330,636.52,682.76,142.69,5.65,38.77,18.63,0.48,0.0
20230625:1430,662.14,728.15,150.13,6.29,43.43,20.1,0.21,0.0
20230625:1530,633.9,676.92,166.78,6.24,43.76,21.15,0.07,0.0
20230625:1630,581.61,625.92,137.74,5.71,39.66,21.79,0.21,0.0
20230625:1730,466.86,471.09,129.2,4.52,32.07,22.08,0.41,0.0
20230625:1830,293.27,267.54,111.16,2.84,22.17,21.97,0.48,0.0
20230625:1930,114.96,112.24,58.73,1.19,10.81,21.41,0.48,0.0
20230625:2030,0.0,0.0,0.0,0.0,-1.45,20.27,0.14,0.0
20230625:2130,0.0,0.0,0.0,0.0,0.0,19.27,0.41,0.0
20230625:2230,0.0,0.0,0.0,0.0,0.0,18.37,0.28,0.0
20230625:2330,0.0,0.0,0.0,0.0,0.0,17.73,0.34,0.0
20230626:0030,0.0,0.0,0.0,0.0,0.0,17.13,0.34,0.0
20230626:0130,0.0,0.0,0.0,0.0,0.0,16.46,0.07,0.0
20230626:0230,0.0,0.0,0.0,0.0,0.0,15.68,0.34,0.0
20230626:0330,0.0,0.0,0.0,0.0,0.0,15.04,0.41,0.0
20230626:0430,0.0,0.0,0.0,0.0,0.0,14.52,0.34,0.0
20230626:0530,0.0,0.0,0.0,0.0,0.0,13.91,0.34,0.0
20230626:0630,0.0,0.0,0.0,0.0,0.0,13.44,0.41,0.0
20230626:0730,0.0,0.0,0.0,0.0,0.0,12.47,0.69,0.0
20230626:0830,0.0,0.0,0.0,0.0,0.0,11.85,0.76,0.0
20230626:0930,0.0,0.0,0.0,0.0,-3.25,11.62,0.69,0.0
20230626:1030,203.29,193.64,63.7,1.04,9.11,11.55,0.62,0.0
20230626:1130,419.33,412.25,100.58,2.85,20.62,12.7,0.34,0.0
20230626:1230,566.42,597.33,116.82,4.52,30.79,16.14,0.48,0.0
20230626:1330,653.02,722.02,124.71,5.77,38.78,18.34,0.55,0.0
20230626:1430,684.44,777.87,127.03,6.45,43.45,19.71,0.41,0.0
20230626:1530,672.18,761.51,124.68,6.49,43.79,20.76,0.62,0.0
20230626:1630,611.11,675.1,117.76,5.9,39.71,21.45,0.9,0.0
20230626:1730,496.32,527.19,105.81,4.73,32.13,21.77,1.03,0.0
20230626:1830,327.34,333.06,87.07,3.08,22.22,21.69,0.97,0.0
20230626:1930,125.58,132.12,53.75,1.26,10.87,21.26,0.83,0.0
20230626:2030,0.0,0.0,0.0,0.0,-1.39,20.01,0.62,0.0
20230626:2130,0.0,0.0,0.0,0.0,0.0,17.66,0.9,0.0
20230626:2230,0.0,0.0,0.0,0.0,0.0,16.52,1.03,0.0
20230626:2330,0.0,0.0,0.0,0.0,0.0,15.79,1.03,0.0
20230627:0030,0.0,0.0,0.0,0.0,0.0,15.16,0.97,0.0
20230627:0130,0.0,0.0,0.0,0.0,0.0,14.37,0.83,0.0
20230627:0230,0.0,0.0,0.0,0.0,0.0,13.84,0.76,0.0
20230627:0330,0.0,0.0,0.0,0.0,0.0,13.3,0.76,0.0
20230627:0430,0.0,0.0,0.0,0.0,0.0,12.81,0.69,0.0
20230627:0530,0.0,0.0,0.0,0.0,0.0,12.42,0.69,0.0
20230627:0630,0.0,0.0,0.0,0.0,0.0,12.02,0.76,0.0
20230627:0730,0.0,0.0,0.0,0.0,0.0,11.31,1.03,0.0
20230627:0830,0.0,0.0,0.0,0.0,0.0,11.06,0.9,0.0
20230627:0930,0.0,0.0,0.0,0.0,-3.28,10.96,0.76,0.0
20230627:1030,207.32,196.64,64.49,1.06,9.08,10.73,0.69,0.0
20230627:1130,426.72,417.23,101.54,2.88,20.61,11.91,0.55,0.0
20230627:1230,575.42,603.63,117.73,4.57,30.78,16.0,0.83,0.0
20230627:1330,671.41,728.67,125.46,5.82,38.79,18.21,1.59,0.0
20230627:1430,709.12,782.46,127.95,6.49,43.48,19.25,1.79,0.0
20230627:1530,693.17,765.27,124.75,6.52,43.83,20.08,1.86,0.0
20230627:1630,623.13,675.6,118.15,5.91,39.76,20.68,1.79,0.0
20230627:1730,503.42,526.96,106.11,4.73,32.19,21.01,1.86,0.0
20230627:1830,330.67,332.35,87.44,3.09,22.28,20.98,1.86,0.0
20230627:1930,126.48,131.57,54.09,1.26,10.93,20.49,1.86,0.0
20230627:2030,0.0,0.0,0.0,0.0,-1.33,19.3,1.17,0.0
20230627:2130,0.0,0.0,0.0,0.0,0.0,17.27,1.24,0.0
20230627:2230,0.0,0.0,0.0,0.0,0.0,15.45,1.24,0.0
20230627:2330,0.0,0.0,0.0,0.0,0.0,14.59,1.1,0.0
20230628:0030,0.0,0.0,0.0,0.0,0.0,14.33,0.97,0.0
20230628:0130,0.0,0.0,0.0,0.0,0.0,13.7,0.9,0.0
20230628:0230,0.0,0.0,0.0,0.0,0.0,13.21,0.9,0.0
20230628:0330,0.0,0.0,0.0,0.0,0.0,12.88,0.83,0.0
20230628:0430,0.0,0.0,0.0,0.0,0.0,12.51,0.76,0.0
20230628:0530,0.0,0.0,0.0,0.0,0.0,12.11,0.69,0.0
20230628:0630,0.0,0.0,0.0,0.0,0.0,11.79,0.69,0.0
20230628:0730,0.0,0.0,0.0,0.0,0.0,11.46,0.97,0.0
20230628:0830,0.0,0.0,0.0,0.0,0.0,11.05,0.97,0.0
20230628:0930,0.0,0.0,0.0,0.0,-3.31,10.78,0.97,0.0
20230628:1030,206.34,195.82,63.65,1.05,9.06,10.57,0.97,0.0
20230628:1130,428.57,418.43,101.01,2.89,20.6,11.97,0.83,0.0
20230628:1230,575.77,603.38,117.77,4.57,30.78,16.29,0.97,0.0
20230628:1330,671.37,727.73,125.84,5.81,38.8,18.33,1.66,0.0
20230628:1430,708.14,781.71,128.14,6.48,43.51,19.42,1.79,0.0
20230628:1530,690.67,762.86,125.49,6.52,43.88,20.25,1.79,0.0
20230628:1630,620.74,673.33,118.74,5.91,39.82,20.87,1.72,0.0
20230628:1730,499.38,523.77,106.65,4.72,32.25,21.21,1.59,0.0
20230628:1830,326.43,328.55,87.6,3.06,22.35,21.23,1.45,0.0
20230628:1930,124.19,129.26,54.01,1.25,10.99,21.0,1.1,0.0
20230628:2030,0.0,0.0,0.0,0.0,-1.27,19.87,0.55,0.0
20230628:2130,0.0,0.0,0.0,0.0,0.0,18.42,0.62,0.0
20230628:2230,0.0,0.0,0.0,0.0,0.0,17.99,0.62,0.0
20230628:2330,0.0,0.0,0.0,0.0,0.0,17.21,0.62,0.0
20230629:0030,0.0,0.0,0.0,0.0,0.0,16.55,0.62,0.0
20230629:0130,0.0,0.0,0.0,0.0,0.0,16.15,0.69,0.0
20230629:0230,0.0,0.0,0.0,0.0,0.0,15.58,0.69,0.0
20230629:0330,0.0,0.0,0.0,0.0,0.0,14.91,0.69,0.0
20230629:0430,0.0,0.0,0.0,0.0,0.0,14.2,0.62,0.0
20230629:0530,0.0,0.0,0.0,0.0,0.0,13.51,0.55,0.0
20230629:0630,0.0,0.0,0.0,0.0,0.0,12.99,0.48,0.0
20230629:0730,0.0,0.0,0.0,0.0,0.0,12.97,0.55,0.0
20230629:0830,0.0,0.0,0.0,0.0,0.0,12.78,0.48,0.0
20230629:0930,0.0,0.0,0.0,0.0,-3.33,12.74,0.48,0.0
20230629:1030,184.1,173.99,62.0,0.98,9.05,12.81,0.55,0.0
20230629:1130,354.61,335.42,97.44,2.47,20.59,13.62,0.48,0.0
20230629:1230,511.43,519.31,114.35,4.06,30.79,16.12,0.9,0.0
20230629:1330,557.15,538.5,157.01,4.86,38.82,17.68,1.38,0.0
20230629:1430,675.35,724.2,139.09,6.18,43.55,18.5,1.45,0.0
20230629:1530,563.47,508.31,203.75,5.4,43.94,19.44,1.38,0.0
20230629:1630,552.42,561.86,135.61,5.25,39.88,19.8,1.31,0.0
20230629:1730,459.73,454.51,122.22,4.36,32.32,20.16,1.31,0.0
20230629:1830,291.9,280.69,90.12,2.76,22.41,20.25,1.38,0.0
20230629:1930,92.36,89.34,49.87,1.0,11.05,19.87,1.45,0.0
20230629:2030,0.0,0.0,0.0,0.0,-1.21,18.63,1.24,0.0
20230629:2130,0.0,0.0,0.0,0.0,0.0,17.06,1.45,0.0
20230629:2230,0.0,0.0,0.0,0.0,0.0,15.85,1.59,0.0
20230629:2330,0.0,0.0,0.0,0.0,0.0,15.0,1.59,0.0
20230630:0030,0.0,0.0,0.0,0.0,0.0,14.33,1.59,0.0
20230630:0130,0.0,0.0,0.0,0.0,0.0,13.83,1.52,0.0
20230630:0230,0.0,0.0,0.0,0.0,0.0,13.44,1.38,0.0
20230630:0330,0.0,0.0,0.0,0.0,0.0,13.26,1.17,0.0
20230630:0430,0.0,0.0,0.0,0.0,0.0,13.0,1.17,0.0
20230630:0530,0.0,0.0,0.0,0.0,0.0,12.78,1.24,0.0
20230630:0630,0.0,0.0,0.0,0.0,0.0,12.14,1.1,0.0
20230630:0730,0.0,0.0,0.0,0.0,0.0,12.32,0.97,0.0
20230630:0830,0.0,0.0,0.0,0.0,0.0,12.07,0.9,0.0
20230630:0930,0.0,0.0,0.0,0.0,-3.35,11.86,0.69,0.0
20230630:1030,115.29,96.84,56.48,0.75,9.04,11.83,0.55,0.0
20230630:1130,297.31,250.61,110.3,2.17,20.59,12.47,0.62,0.0
20230630:1230,513.7,506.04,127.84,4.08,30.8,14.07,0.55,0.0
20230630:1330,629.84,661.18,136.71,5.48,38.85,15.98,0.76,0.0
20230630:1430,644.2,653.45,171.75,5.97,43.6,17.52,0.83,0.0
20230630:1530,649.68,694.11,143.04,6.18,44.0,18.54,0.83,0.0
20230630:1630,553.06,565.88,138.42,5.31,39.95,19.36,0.69,0.0
20230630:1730,448.47,442.07,126.5,4.31,32.39,19.8,0.34,0.0
20230630:1830,240.85,199.23,110.61,2.4,22.48,19.85,0.07,0.0
20230630:1930,94.01,91.01,50.59,1.01,11.12,19.58,0.14,0.0
20230630:2030,0.0,0.0,0.0,0.0,-1.15,18.81,0.14,0.0
20230630:2130,0.0,0.0,0.0,0.0,0.0,17.6,0.21,0.0
20230630:2230,0.0,0.0,0.0,0.0,0.0,16.34,0.62,0.0
20230630:2330,0.0,0.0,0.0,0.0,0.0,15.0,0.9,0.0
20230701:0030,0.0,0.0,0.0,0.0,0.0,14.08,0.9,0.0
20230701:0130,0.0,0.0,0.0,0.0,0.0,13.73,0.76,0.0
20230701:0230,0.0,0.0,0.0,0.0,0.0,13.68,0.62,0.0
20230701:0330,0.0,0.0,0.0,0.0,0.0,13.14,0.48,0.0
20230701:0430,0.0,0.0,0.0,0.0,0.0,12.79,0.41,0.0
20230701:0530,0.0,0.0,0.0,0.0,0.0,12.49,0.34,0.0
20230701:0630,0.0,0.0,0.0,0.0,0.0,12.17,0.21,0.0
20230701:0730,0.0,0.0,0.0,0.0,0.0,11.83,0.21,0.0
20230701:0830,0.0,0.0,0.0,0.0,0.0,11.67,0.41,0.0
20230701:0930,0.0,0.0,0.0,0.0,-3.37,11.33,0.55,0.0
20230701:1030,167.43,159.44,55.15,0.9,9.03,11.09,0.55,0.0
20230701:1130,358.64,325.4,109.21,2.51,20.59,11.8,0.41,0.0
20230701:1230,534.05,546.23,115.04,4.22,30.82,14.88,0.76,0.0
20230701:1330,650.36,704.47,124.76,5.67,38.89,16.68,0.83,0.0
20230701:1430,687.45,763.71,125.75,6.35,43.65,18.13,0.9,0.0
20230701:1530,653.54,704.74,139.52,6.23,44.07,19.13,0.9,0.0
20230701:1630,574.67,607.75,126.98,5.52,40.03,19.9,0.83,0.0
20230701:1730,442.1,441.39,115.26,4.22,32.46,20.33,0.9,0.0
20230701:1830,233.79,202.26,97.73,2.31,22.56,20.34,0.83,0.0
20230701:1930,91.19,88.91,48.82,0.99,11.19,19.8,0.83,0.0
20230701:2030,0.0,0.0,0.0,0.0,-1.08,18.74,0.41,0.0
20230701:2130,0.0,0.0,0.0,0.0,0.0,17.44,0.48,0.0
20230701:2230,0.0,0.0,0.0,0.0,0.0,15.91,0.9,0.0
20230701:2330,0.0,0.0,0.0,0.0,0.0,14.9,0.97,0.0
20230702:0030,0.0,0.0,0.0,0.0,0.0,14.0,1.03,0.0
20230702:0130,0.0,0.0,0.0,0.0,0.0,13.35,0.97,0.0
20230702:0230,0.0,0.0,0.0,0.0,0.0,12.86,0.9,0.0
20230702:0330,0.0,0.0,0.0,0.0,0.0,12.59,0.83,0.0
20230702:0430,0.0,0.0,0.0,0.0,0.0,12.28,0.76,0.0
20230702:0530,0.0,0.0,0.0,0.0,0.0,11.77,0.83,0.0
20230702:0630,0.0,0.0,0.0,0.0,0.0,11.4,0.83,0.0
20230702:0730,0.0,0.0,0.0,0.0,0.0,11.74,0.62,0.0
20230702:0830,0.0,0.0,0.0,0.0,0.0,11.35,0.69,0.0
20230702:0930,0.0,0.0,0.0,0.0,-3.38,11.09,0.76,0.0
20230702:1030,112.92,97.3,52.29,0.72,9.02,10.38,0.83,0.0
20230702:1130,359.33,311.81,122.35,2.54,20.6,11.65,0.69,0.0
20230702:1230,541.6,550.15,118.62,4.27,30.84,14.74,0.97,0.0
20230702:1330,661.08,703.94,131.94,5.72,38.93,16.28,1.24,0.0
20230702:1430,710.41,779.26,126.54,6.47,43.71,17.78,1.72,0.0
20230702:1530,681.54,723.36,140.02,6.37,44.14,18.63,2.07,0.0
20230702:1630,629.45,670.83,119.34,5.91,40.11,18.96,2.21,0.0
20230702:1730,494.22,502.53,109.65,4.61,32.55,19.06,2.21,0.0
20230702:1830,328.48,320.92,90.27,3.05,22.63,18.81,2.28,0.0
20230702:1930,119.21,116.34,56.48,1.21,11.26,18.09,2.14,0.0
20230702:2030,0.0,0.0,0.0,0.0,-1.01,17.03,1.79,0.0
20230702:2130,0.0,0.0,0.0,0.0,0.0,15.53,1.66,0.0
20230702:2230,0.0,0.0,0.0,0.0,0.0,14.26,1.59,0.0
20230702:2330,0.0,0.0,0.0,0.0,0.0,13.4,1.52,0.0
20230703:0030,0.0,0.0,0.0,0.0,0.0,12.56,1.45,0.0
20230703:0130,0.0,0.0,0.0,0.0,0.0,11.64,1.38,0.0
20230703:0230,0.0,0.0,0.0,0.0,0.0,10.88,1.38,0.0
20230703:0330,0.0,0.0,0.0,0.0,0.0,10.27,1.38,0.0
20230703:0430,0.0,0.0,0.0,0.0,0.0,9.63,1.31,0.0
20230703:0530,0.0,0.0,0.0,0.0,0.0,9.09,1.24,0.0
20230703:0630,0.0,0.0,0.0,0.0,0.0,8.98,1.24,0.0
20230703:0730,0.0,0.0,0.0,0.0,0.0,9.16,1.17,0.0
20230703:0830,0.0,0.0,0.0,0.0,0.0,9.3,1.31,0.0
20230703:0930,0.0,0.0,0.0,0.0,-3.39,9.26,1.45,0.0
20230703:1030,28.68,8.91,39.07,0.41,9.02,9.18,1.45,0.0
20230703:1130,111.6,26.2,118.2,1.28,20.61,9.6,1.38,0.0
20230703:1230,232.07,101.3,179.35,2.3,30.87,10.54,1.45,0.0
20230703:1330,492.45,415.6,174.74,4.25,38.97,11.95,1.66,0.0
20230703:1430,594.05,536.14,187.4,5.33,43.78,13.49,2.0,0.0
20230703:1530,456.14,349.2,202.08,4.32,44.23,14.77,2.07,0.0
20230703:1630,469.97,394.8,174.76,4.43,40.2,15.11,2.0,0.0
20230703:1730,415.58,335.97,169.66,3.95,32.63,15.59,1.93,0.0
20230703:1830,250.94,203.97,108.39,2.42,22.72,15.81,1.93,0.0
20230703:1930,89.57,76.82,54.92,0.98,11.34,15.7,2.07,0.0
20230703:2030,0.0,0.0,0.0,0.0,-0.94,14.81,1.79,0.0
20230703:2130,0.0,0.0,0.0,0.0,0.0,13.61,1.52,0.0
20230703:2230,0.0,0.0,0.0,0.0,0.0,12.53,1.38,0.0
20230703:2330,0.0,0.0,0.0,0.0,0.0,11.52,1.24,0.0
20230704:0030,0.0,0.0,0.0,0.0,0.0,10.45,1.24,0.0
20230704:0130,0.0,0.0,0.0,0.0,0.0,9.48,1.17,0.0
20230704:0230,0.0,0.0,0.0,0.0,0.0,8.98,1.1,0.0
20230704:0330,0.0,0.0,0.0,0.0,0.0,8.73,0.97,0.0
20230704:0430,0.0,0.0,0.0,0.0,0.0,8.56,0.9,0.0
20230704:0530,0.0,0.0,0.0,0.0,0.0,8.44,0.9,0.0
20230704:0630,0.0,0.0,0.0,0.0,0.0,8.21,0.9,0.0
20230704:0730,0.0,0.0,0.0,0.0,0.0,7.81,0.83,0.0
20230704:0830,0.0,0.0,0.0,0.0,0.0,7.75,0.83,0.0
20230704:0930,0.0,0.0,0.0,0.0,-3.4,7.61,0.76,0.0
20230704:1030,108.38,88.71,53.85,0.71,9.03,7.53,0.69,0.0
20230704:1130,302.05,226.91,133.55,2.26,20.63,8.56,0.62,0.0
20230704:1230,550.75,529.63,139.38,4.32,30.9,10.5,0.76,0.0
20230704:1330,685.71,735.65,126.62,5.89,39.03,12.81,0.83,0.0
20230704:1430,711.96,779.27,130.7,6.51,43.85,14.67,0.83,0.0
20230704:1530,702.08,776.16,127.33,6.65,44.31,15.96,0.76,0.0
20230704:1630,627.65,676.79,122.31,5.99,40.29,16.94,0.76,0.0
20230704:1730,518.68,544.69,105.93,4.89,32.72,17.45,0.83,0.0
20230704:1830,339.27,338.9,87.94,3.16,22.8,17.6,0.83,0.0
20230704:1930,136.12,138.9,56.55,1.35,11.42,17.59,0.97,0.0
20230704:2030,0.0,0.0,0.0,0.0,-0.87,16.62,0.55,0.0
20230704:2130,0.0,0.0,0.0,0.0,0.0,15.01,0.55,0.0
20230704:2230,0.0,0.0,0.0,0.0,0.0,14.49,0.55,0.0
20230704:2330,0.0,0.0,0.0,0.0,0.0,14.01,0.48,0.0
20230705:0030,0.0,0.0,0.0,0.0,0.0,13.38,0.62,0.0
20230705:0130,0.0,0.0,0.0,0.0,0.0,12.66,0.69,0.0
20230705:0230,0.0,0.0,0.0,0.0,0.0,12.07,0.69,0.0
20230705:0330,0.0,0.0,0.0,0.0,0.0,11.49,0.76,0.0
20230705:0430,0.0,0.0,0.0,0.0,0.0,10.51,0.9,0.0
20230705:0530,0.0,0.0,0.0,0.0,0.0,9.49,0.97,0.0
20230705:0630,0.0,0.0,0.0,0.0,0.0,8.82,0.97,0.0
20230705:0730,0.0,0.0,0.0,0.0,0.0,8.44,0.9,0.0
20230705:0830,0.0,0.0,0.0,0.0,0.0,7.61,0.9,0.0
20230705:0930,0.0,0.0,0.0,0.0,-3.4,6.78,1.03,0.0
20230705:1030,204.51,189.59,63.1,1.03,9.04,6.37,1.03,0.0
20230705:1130,409.03,376.99,109.26,2.76,20.65,8.09,0.76,0.0
20230705:1230,593.46,607.79,118.81,4.62,30.94,11.92,1.1,0.0
20230705:1330,685.35,725.44,132.37,5.87,39.08,14.05,1.38,0.0
20230705:1430,727.08,790.02,129.97,6.58,43.93,15.55,1.66,0.0
20230705:1530,712.59,773.09,127.69,6.64,44.41,16.61,1.86,0.0
20230705:1630,642.6,685.59,120.8,6.04,40.39,17.32,1.79,0.0
20230705:1730,516.42,528.59,112.88,4.83,32.82,17.7,1.59,0.0
20230705:1830,347.79,345.22,89.78,3.23,22.89,17.76,1.59,0.0
20230705:1930,138.5,140.98,56.91,1.37,11.5,17.37,1.52,0.0
20230705:2030,0.0,0.0,0.0,0.0,-0.8,16.34,1.31,0.0
20230705:2130,0.0,0.0,0.0,0.0,0.0,14.66,1.38,0.0
20230705:2230,0.0,0.0,0.0,0.0,0.0,12.71,1.24,0.0
20230705:2330,0.0,0.0,0.0,0.0,0.0,11.59,1.03,0.0
20230706:0030,0.0,0.0,0.0,0.0,0.0,11.16,0.97,0.0
20230706:0130,0.0,0.0,0.0,0.0,0.0,10.6,0.83,0.0
20230706:0230,0.0,0.0,0.0,0.0,0.0,10.14,0.83,0.0
20230706:0330,0.0,0.0,0.0,0.0,0.0,9.77,0.83,0.0
20230706:0430,0.0,0.0,0.0,0.0,0.0,9.44,0.83,0.0
20230706:0530,0.0,0.0,0.0,0.0,0.0,9.05,0.83,0.0
20230706:0630,0.0,0.0,0.0,0.0,0.0,8.58,0.83,0.0
20230706:0730,0.0,0.0,0.0,0.0,0.0,8.51,0.83,0.0
20230706:0830,0.0,0.0,0.0,0.0,0.0,8.0,0.9,0.0
20230706:0930,0.0,0.0,0.0,0.0,-3.4,7.38,1.03,0.0
20230706:1030,209.99,194.58,64.81,1.06,9.05,6.72,1.1,0.0
20230706:1130,436.14,417.0,102.82,2.91,20.67,8.4,0.83,0.0
20230706:1230,591.8,605.73,119.41,4.62,30.98,12.55,1.24,0.0
20230706:1330,690.38,733.4,127.49,5.9,39.15,14.4,1.72,0.0
20230706:1430,729.75,790.68,129.76,6.59,44.02,15.6,1.86,0.0
20230706:1530,713.91,773.56,127.84,6.65,44.51,16.58,1.93,0.0
20230706:1630,643.45,686.74,120.72,6.06,40.49,17.3,1.79,0.0
20230706:1730,521.48,538.04,108.55,4.87,32.92,17.77,1.79,0.0
20230706:1830,347.18,344.45,89.62,3.23,22.98,17.83,1.66,0.0
20230706:1930,138.29,140.43,56.85,1.37,11.58,17.34,1.79,0.0
20230706:2030,0.0,0.0,0.0,0.0,-0.72,16.37,1.31,0.0
20230706:2130,0.0,0.0,0.0,0.0,0.0,14.65,1.24,0.0
20230706:2230,0.0,0.0,0.0,0.0,0.0,12.67,1.17,0.0
20230706:2330,0.0,0.0,0.0,0.0,0.0,11.64,1.17,0.0
20230707:0030,0.0,0.0,0.0,0.0,0.0,10.77,1.17,0.0
20230707:0130,0.0,0.0,0.0,0.0,0.0,10.19,1.17,0.0
20230707:0230,0.0,0.0,0.0,0.0,0.0,9.64,1.17,0.0
20230707:0330,0.0,0.0,0.0,0.0,0.0,9.46,1.17,0.0
20230707:0430,0.0,0.0,0.0,0.0,0.0,9.28,1.1,0.0
20230707:0530,0.0,0.0,0.0,0.0,0.0,9.18,1.1,0.0
20230707:0630,0.0,0.0,0.0,0.0,0.0,8.87,1.1,0.0
20230707:0730,0.0,0.0,0.0,0.0,0.0,8.33,1.17,0.0
20230707:0830,0.0,0.0,0.0,0.0,0.0,8.04,1.1,0.0
20230707:0930,0.0,0.0,0.0,0.0,-3.39,7.78,1.1,0.0
20230707:1030,207.89,193.66,64.45,1.05,9.07,7.64,1.03,0.0
20230707:1130,432.43,415.36,102.24,2.9,20.71,9.17,0.76,0.0
20230707:1230,586.91,603.76,118.87,4.61,31.03,13.19,1.1,0.0
20230707:1330,683.84,731.48,127.0,5.89,39.22,15.16,1.52,0.0
20230707:1430,722.26,788.59,129.65,6.58,44.11,16.57,1.66,0.0
20230707:1530,704.18,772.74,127.22,6.64,44.62,17.69,1.52,0.0
20230707:1630,634.74,686.37,120.0,6.06,40.6,18.54,1.38,0.0
20230707:1730,512.71,534.56,109.95,4.87,33.02,19.04,1.17,0.0
20230707:1830,338.22,332.9,94.78,3.2,23.07,19.14,1.03,0.0
20230707:1930,136.1,138.04,57.7,1.37,11.66,18.77,1.24,0.0
20230707:2030,0.0,0.0,0.0,0.0,-0.65,17.69,0.9,0.0
20230707:2130,0.0,0.0,0.0,0.0,0.0,15.58,1.03,0.0
20230707:2230,0.0,0.0,0.0,0.0,0.0,14.13,1.03,0.0
20230707:2330,0.0,0.0,0.0,0.0,0.0,13.65,0.97,0.0
20230708:0030,0.0,0.0,0.0,0.0,0.0,13.05,0.97,0.0
20230708:0130,0.0,0.0,0.0,0.0,0.0,12.54,1.03,0.0
20230708:0230,0.0,0.0,0.0,0.0,0.0,11.8,1.03,0.0
20230708:0330,0.0,0.0,0.0,0.0,0.0,11.0,1.17,0.0
20230708:0430,0.0,0.0,0.0,0.0,0.0,10.71,1.17,0.0
20230708:0530,0.0,0.0,0.0,0.0,0.0,10.63,0.97,0.0
20230708:0630,0.0,0.0,0.0,0.0,0.0,10.49,0.9,0.0
20230708:0730,0.0,0.0,0.0,0.0,0.0,10.06,0.83,0.0
20230708:0830,0.0,0.0,0.0,0.0,0.0,9.57,0.83,0.0
20230708:0930,0.0,0.0,0.0,0.0,-3.38,9.12,0.9,0.0
20230708:1030,199.06,185.52,63.6,1.03,9.09,8.82,1.03,0.0
20230708:1130,421.45,403.82,102.59,2.85,20.74,10.47,0.9,0.0
20230708:1230,573.03,590.2,120.24,4.55,31.09,14.92,1.1,0.0
20230708:1330,671.45,719.15,127.36,5.81,39.3,17.26,1.79,0.0
20230708:1430,713.13,777.45,129.24,6.51,44.21,18.71,2.21,0.0
20230708:1530,697.05,760.27,126.2,6.55,44.73,19.91,2.41,0.0
20230708:1630,629.91,672.32,119.17,5.95,40.72,20.81,2.9,0.0
20230708:1730,507.27,524.46,107.21,4.78,33.13,21.33,2.97,0.0
20230708:1830,332.57,328.82,90.81,3.14,23.17,21.46,2.9,0.0
20230708:1930,122.75,115.66,62.87,1.29,11.75,21.3,2.48,0.0
20230708:2030,0.0,0.0,0.0,0.0,-0.57,20.21,1.66,0.0
20230708:2130,0.0,0.0,0.0,0.0,0.0,18.39,1.38,0.0
20230708:2230,0.0,0.0,0.0,0.0,0.0,16.78,1.31,0.0
20230708:2330,0.0,0.0,0.0,0.0,0.0,15.98,1.24,0.0
20230709:0030,0.0,0.0,0.0,0.0,0.0,15.78,1.17,0.0
20230709:0130,0.0,0.0,0.0,0.0,0.0,15.69,1.1,0.0
20230709:0230,0.0,0.0,0.0,0.0,0.0,15.74,0.97,0.0
20230709:0330,0.0,0.0,0.0,0.0,0.0,15.35,0.69,0.0
20230709:0430,0.0,0.0,0.0,0.0,0.0,14.61,0.55,0.0
20230709:0530,0.0,0.0,0.0,0.0,0.0,14.07,0.48,0.0
20230709:0630,0.0,0.0,0.0,0.0,0.0,13.92,0.41,0.0
20230709:0730,0.0,0.0,0.0,0.0,0.0,14.1,0.69,0.0
20230709:0830,0.0,0.0,0.0,0.0,0.0,14.16,0.55,0.0
20230709:0930,0.0,0.0,0.0,0.0,-3.37,13.95,0.48,0.0
20230709:1030,40.5,32.53,31.65,0.4,9.11,13.34,0.76,0.0
20230709:1130,96.95,52.47,77.39,1.01,20.78,14.03,0.34,0.0
20230709:1230,172.68,98.68,118.55,1.73,31.15,14.8,0.41,0.0
20230709:1330,259.67,166.76,152.87,2.54,39.38,15.66,0.55,0.0
20230709:1430,278.55,180.87,161.65,2.79,44.32,16.63,0.97,0.0
20230709:1530,366.24,298.49,150.62,3.54,44.85,17.69,1.24,0.0
20230709:1630,416.8,350.34,163.47,4.05,40.84,18.48,1.52,0.0
20230709:1730,428.26,385.93,146.99,4.13,33.24,19.34,1.45,0.0
20230709:1830,158.24,120.81,86.15,1.68,23.27,19.84,1.24,0.0
20230709:1930,29.89,25.83,28.08,0.44,11.84,17.87,0.83,0.0
20230709:2030,0.0,0.0,0.0,0.0,-0.49,17.05,0.69,0.0
20230709:2130,0.0,0.0,0.0,0.0,0.0,16.17,0.62,0.0
20230709:2230,0.0,0.0,0.0,0.0,0.0,15.23,0.55,0.0
20230709:2330,0.0,0.0,0.0,0.0,0.0,14.95,0.34,0.0
20230710:0030,0.0,0.0,0.0,0.0,0.0,14.46,0.14,0.0
20230710:0130,0.0,0.0,0.0,0.0,0.0,13.84,0.21,0.0
20230710:0230,0.0,0.0,0.0,0.0,0.0,13.38,0.28,0.0
20230710:0330,0.0,0.0,0.0,0.0,0.0,13.05,0.21,0.0
20230710:0430,0.0,0.0,0.0,0.0,0.0,12.67,0.21,0.0
20230710:0530,0.0,0.0,0.0,0.0,0.0,12.23,0.28,0.0
20230710:0630,0.0,0.0,0.0,0.0,0.0,11.38,0.28,0.0
20230710:0730,0.0,0.0,0.0,0.0,0.0,12.46,0.14,0.0
20230710:0830,0.0,0.0,0.0,0.0,0.0,11.92,0.28,0.0
20230710:0930,0.0,0.0,0.0,0.0,-3.36,11.04,0.41,0.0
20230710:1030,84.11,67.29,48.72,0.63,9.14,10.78,0.55,0.0
20230710:1130,227.73,167.15,111.83,1.83,20.83,12.42,0.69,0.0
20230710:1230,429.91,348.4,178.96,3.63,31.21,15.19,0.83,0.0
20230710:1330,600.12,592.09,165.2,5.31,39.47,17.84,1.24,0.0
20230710:1430,616.61,640.77,141.37,5.69,44.43,19.46,1.52,0.0
20230710:1530,551.38,551.36,141.53,5.22,44.97,20.69,1.86,0.0
20230710:1630,554.96,565.75,133.56,5.32,40.96,21.26,2.0,0.0
20230710:1730,375.04,333.59,134.59,3.66,33.35,21.82,2.07,0.0
20230710:1830,181.91,130.59,106.05,1.93,23.37,21.69,2.0,0.0
20230710:1930,86.88,77.8,52.55,0.98,11.93,19.57,1.45,0.0
20230710:2030,0.0,0.0,0.0,0.0,-0.41,19.17,1.1,0.0
20230710:2130,0.0,0.0,0.0,0.0,0.0,18.03,0.97,0.0
20230710:2230,0.0,0.0,0.0,0.0,0.0,16.96,0.76,0.0
20230710:2330,0.0,0.0,0.0,0.0,0.0,16.28,0.69,0.0
20230711:0030,0.0,0.0,0.0,0.0,0.0,15.76,0.69,0.0
20230711:0130,0.0,0.0,0.0,0.0,0.0,15.47,0.69,0.0
20230711:0230,0.0,0.0,0.0,0.0,0.0,15.11,0.69,0.0
20230711:0330,0.0,0.0,0.0,0.0,0.0,14.67,0.76,0.0
20230711:0430,0.0,0.0,0.0,0.0,0.0,14.25,0.69,0.0
20230711:0530,0.0,0.0,0.0,0.0,0.0,13.76,0.76,0.0
20230711:0630,0.0,0.0,0.0,0.0,0.0,13.57,0.83,0.0
20230711:0730,0.0,0.0,0.0,0.0,0.0,13.63,0.83,0.0
20230711:0830,0.0,0.0,0.0,0.0,0.0,13.42,0.83,0.0
20230711:0930,0.0,0.0,0.0,0.0,-3.34,13.21,0.83,0.0
20230711:1030,184.59,175.56,61.4,1.0,9.17,13.17,0.83,0.0
20230711:1130,402.43,395.76,98.83,2.8,20.88,14.7,0.62,0.0
20230711:1230,544.52,570.67,118.86,4.44,31.28,18.92,0.83,0.0
20230711:1330,638.09,699.74,125.36,5.7,39.57,21.19,1.24,0.0
20230711:1430,677.5,754.42,130.26,6.39,44.55,22.47,1.52,0.0
20230711:1530,647.44,716.66,125.32,6.26,45.1,23.37,1.66,0.0
20230711:1630,598.7,647.11,125.85,5.85,41.09,23.93,1.79,0.0
20230711:1730,436.42,427.18,126.51,4.26,33.47,24.36,2.0,0.0
20230711:1830,291.44,290.4,85.26,2.85,23.48,24.19,1.72,0.0
20230711:1930,108.66,120.29,43.38,1.17,12.03,23.52,1.45,0.0
20230711:2030,0.0,0.0,0.0,0.0,-0.33,22.25,0.83,0.0
20230711:2130,0.0,0.0,0.0,0.0,0.0,20.13,0.9,0.0
20230711:2230,0.0,0.0,0.0,0.0,0.0,19.46,0.83,0.0
20230711:2330,0.0,0.0,0.0,0.0,0.0,19.16,0.83,0.0
20230712:0030,0.0,0.0,0.0,0.0,0.0,18.97,0.62,0.0
20230712:0130,0.0,0.0,0.0,0.0,0.0,18.88,0.48,0.0
20230712:0230,0.0,0.0,0.0,0.0,0.0,18.7,0.41,0.0
20230712:0330,0.0,0.0,0.0,0.0,0.0,18.33,0.41,0.0
20230712:0430,0.0,0.0,0.0,0.0,0.0,17.92,0.41,0.0
20230712:0530,0.0,0.0,0.0,0.0,0.0,17.48,0.48,0.0
20230712:0630,0.0,0.0,0.0,0.0,0.0,16.79,0.69,0.0
20230712:0730,0.0,0.0,0.0,0.0,0.0,16.29,0.55,0.0
20230712:0830,0.0,0.0,0.0,0.0,0.0,15.89,0.69,0.0
20230712:0930,0.0,0.0,0.0,0.0,-3.31,15.49,0.76,0.0
20230712:1030,173.81,164.48,61.39,0.97,9.21,14.99,0.83,0.0
20230712:1130,375.05,355.38,106.89,2.67,20.93,15.76,0.69,0.0
20230712:1230,532.46,552.51,119.91,4.35,31.36,19.24,0.97,0.0
20230712:1330,616.94,650.78,139.12,5.49,39.67,21.42,1.66,0.0
20230712:1430,685.42,747.3,138.33,6.41,44.67,22.48,2.21,0.0
20230712:1530,662.32,714.35,135.02,6.33,45.24,23.4,2.76,0.0
20230712:1630,604.19,629.57,135.96,5.82,41.22,23.94,3.38,0.0
20230712:1730,484.28,480.19,127.55,4.66,33.59,24.1,3.59,0.0
20230712:1830,279.56,257.29,99.9,2.75,23.59,23.95,3.38,0.0
20230712:1930,97.56,94.57,52.27,1.09,12.12,23.53,2.9,0.0
20230712:2030,0.0,0.0,0.0,0.0,-0.24,22.34,2.21,0.0
20230712:2130,0.0,0.0,0.0,0.0,0.0,20.71,1.86,0.0
20230712:2230,0.0,0.0,0.0,0.0,0.0,19.28,1.79,0.0
20230712:2330,0.0,0.0,0.0,0.0,0.0,17.93,1.86,0.0
20230713:0030,0.0,0.0,0.0,0.0,0.0,17.11,1.86,0.0
20230713:0130,0.0,0.0,0.0,0.0,0.0,16.42,2.0,0.0
20230713:0230,0.0,0.0,0.0,0.0,0.0,16.13,2.07,0.0
20230713:0330,0.0,0.0,0.0,0.0,0.0,15.71,2.14,0.0
20230713:0430,0.0,0.0,0.0,0.0,0.0,15.22,2.14,0.0
20230713:0530,0.0,0.0,0.0,0.0,0.0,14.77,2.14,0.0
20230713:0630,0.0,0.0,0.0,0.0,0.0,14.3,2.07,0.0
20230713:0730,0.0,0.0,0.0,0.0,0.0,14.27,2.21,0.0
20230713:0830,0.0,0.0,0.0,0.0,0.0,14.08,2.14,0.0
20230713:0930,0.0,0.0,0.0,0.0,-3.28,14.24,2.14,0.0
20230713:1030,121.73,112.68,49.77,0.76,9.25,14.5,2.14,0.0
20230713:1130,289.49,258.11,95.76,2.13,20.99,16.22,2.14,0.0
20230713:1230,470.01,448.02,128.56,3.81,31.44,18.26,2.28,0.0
20230713:1330,627.41,641.65,142.18,5.47,39.78,20.06,3.03,0.0
20230713:1430,712.83,769.34,128.85,6.5,44.8,21.51,4.0,0.0
20230713:1530,712.26,772.13,124.83,6.67,45.39,22.72,4.69,0.0
20230713:1630,569.21,544.38,162.42,5.43,41.36,23.4,5.17,0.0
20230713:1730,456.11,428.44,137.25,4.38,33.72,23.49,4.76,0.0
20230713:1830,328.67,324.98,90.18,3.15,23.7,23.2,4.28,0.0
20230713:1930,111.14,110.2,54.06,1.21,12.22,22.81,3.66,0.0
20230713:2030,0.0,0.0,0.0,0.0,-0.16,21.6,3.1,0.0
20230713:2130,0.0,0.0,0.0,0.0,0.0,20.16,2.48,0.0
20230713:2230,0.0,0.0,0.0,0.0,0.0,18.79,2.14,0.0
20230713:2330,0.0,0.0,0.0,0.0,0.0,17.65,2.07,0.0
20230714:0030,0.0,0.0,0.0,0.0,0.0,16.76,2.21,0.0
20230714:0130,0.0,0.0,0.0,0.0,0.0,16.13,2.0,0.0
20230714:0230,0.0,0.0,0.0,0.0,0.0,15.56,1.86,0.0
20230714:0330,0.0,0.0,0.0,0.0,0.0,14.74,1.79,0.0
20230714:0430,0.0,0.0,0.0,0.0,0.0,13.18,1.66,0.0
20230714:0530,0.0,0.0,0.0,0.0,0.0,11.46,1.38,0.0
20230714:0630,0.0,0.0,0.0,0.0,0.0,10.94,0.55,0.0
20230714:0730,0.0,0.0,0.0,0.0,0.0,10.72,0.76,0.0
20230714:0830,0.0,0.0,0.0,0.0,0.0,10.36,1.03,0.0
20230714:0930,0.0,0.0,0.0,0.0,-3.25,9.9,1.17,0.0
20230714:1030,98.21,82.7,49.41,0.68,9.3,9.94,1.03,0.0
20230714:1130,168.01,102.39,106.17,1.5,21.06,10.98,1.1,0.0
20230714:1230,378.68,293.87,158.14,3.18,31.53,11.74,1.45,0.0
20230714:1330,581.72,510.76,195.12,5.06,39.89,12.9,2.0,0.0
20230714:1430,690.99,688.32,170.44,6.28,44.94,13.83,1.79,0.0
20230714:1530,722.75,771.46,136.52,6.77,45.54,14.88,1.79,0.0
20230714:1630,658.97,694.52,125.32,6.22,41.51,15.62,1.93,0.0
20230714:1730,528.46,525.18,124.17,4.97,33.85,15.98,1.86,0.0
20230714:1830,357.61,345.72,95.89,3.35,23.81,15.85,1.86,0.0
20230714:1930,148.33,145.85,61.31,1.49,12.32,15.38,1.93,0.0
20230714:2030,0.0,0.0,0.0,0.0,-0.07,14.39,1.86,0.0
20230714:2130,0.0,0.0,0.0,0.0,0.0,13.05,1.79,0.0
20230714:2230,0.0,0.0,0.0,0.0,0.0,11.76,1.72,0.0
20230714:2330,0.0,0.0,0.0,0.0,0.0,10.69,1.52,0.0
20230715:0030,0.0,0.0,0.0,0.0,0.0,9.78,1.45,0.0
20230715:0130,0.0,0.0,0.0,0.0,0.0,8.77,1.38,0.0
20230715:0230,0.0,0.0,0.0,0.0,0.0,8.04,1.31,0.0
20230715:0330,0.0,0.0,0.0,0.0,0.0,7.43,1.17,0.0
20230715:0430,0.0,0.0,0.0,0.0,0.0,7.23,1.1,0.0
20230715:0530,0.0,0.0,0.0,0.0,0.0,6.81,1.1,0.0
20230715:0630,0.0,0.0,0.0,0.0,0.0,6.63,1.03,0.0
20230715:0730,0.0,0.0,0.0,0.0,0.0,6.68,0.97,0.0
20230715:0830,0.0,0.0,0.0,0.0,0.0,6.89,0.83,0.0
20230715:0930,0.0,0.0,0.0,0.0,-3.22,6.8,0.76,0.0
20230715:1030,161.41,146.32,57.07,0.91,9.35,6.61,0.76,0.0
20230715:1130,319.01,267.96,111.31,2.31,21.13,8.24,0.62,0.0
20230715:1230,563.47,551.88,133.2,4.47,31.62,10.13,0.69,0.0
20230715:1330,667.63,701.63,135.1,5.82,40.01,12.63,0.76,0.0
20230715:1430,731.03,804.56,127.46,6.75,45.09,14.66,1.1,0.0
20230715:1530,723.29,798.58,123.96,6.87,45.69,16.4,1.45,0.0
20230715:1630,652.65,702.67,119.94,6.24,41.66,17.63,1.72,0.0
20230715:1730,532.94,557.27,105.59,5.07,33.98,18.37,1.86,0.0
20230715:1830,359.23,358.02,91.13,3.41,23.93,18.56,1.93,0.0
20230715:1930,145.51,147.38,59.05,1.49,12.42,18.36,1.86,0.0
20230715:2030,0.59,0.0,7.24,0.07,0.01,17.34,1.24,0.0
20230715:2130,0.0,0.0,0.0,0.0,0.0,15.64,1.17,0.0
20230715:2230,0.0,0.0,0.0,0.0,0.0,14.05,1.03,0.0
20230715:2330,0.0,0.0,0.0,0.0,0.0,13.59,0.9,0.0
20230716:0030,0.0,0.0,0.0,0.0,0.0,13.72,0.76,0.0
20230716:0130,0.0,0.0,0.0,0.0,0.0,13.84,0.55,0.0
20230716:0230,0.0,0.0,0.0,0.0,0.0,13.31,0.34,0.0
20230716:0330,0.0,0.0,0.0,0.0,0.0,12.82,0.21,0.0
20230716:0430,0.0,0.0,0.0,0.0,0.0,12.5,0.41,0.0
20230716:0530,0.0,0.0,0.0,0.0,0.0,12.09,0.76,0.0
20230716:0630,0.0,0.0,0.0,0.0,0.0,11.08,0.9,0.0
20230716:0730,0.0,0.0,0.0,0.0,0.0,9.97,1.03,0.0
20230716:0830,0.0,0.0,0.0,0.0,0.0,9.62,1.17,0.0
20230716:0930,0.0,0.0,0.0,0.0,-3.18,9.5,1.24,0.0
20230716:1030,154.52,143.34,54.16,0.88,9.41,9.4,1.24,0.0
20230716:1130,358.97,325.49,105.71,2.54,21.21,11.34,1.03,0.0
20230716:1230,540.84,535.57,128.14,4.34,31.72,14.91,1.45,0.0
20230716:1330,637.17,639.83,155.26,5.58,40.14,16.94,2.0,0.0
20230716:1430,659.95,665.66,165.72,6.1,45.24,18.59,2.21,0.0
20230716:1530,644.87,654.55,162.41,6.17,45.85,19.73,2.07,0.0
20230716:1630,627.68,678.39,118.7,6.07,41.81,20.65,2.0,0.0
20230716:1730,488.71,496.71,117.49,4.73,34.12,21.36,1.86,0.0
20230716:1830,281.01,254.16,103.27,2.79,24.04,21.48,1.79,0.0
20230716:1930,124.95,122.77,57.91,1.33,12.52,19.83,1.31,0.0
20230716:2030,0.31,0.0,6.54,0.07,0.1,19.12,0.97,0.0
20230716:2130,0.0,0.0,0.0,0.0,0.0,17.78,1.03,0.0
20230716:2230,0.0,0.0,0.0,0.0,0.0,16.26,1.03,0.0
20230716:2330,0.0,0.0,0.0,0.0,0.0,15.36,0.9,0.0
20230717:0030,0.0,0.0,0.0,0.0,0.0,14.77,0.9,0.0
20230717:0130,0.0,0.0,0.0,0.0,0.0,14.57,0.9,0.0
20230717:0230,0.0,0.0,0.0,0.0,0.0,14.06,0.83,0.0
20230717:0330,0.0,0.0,0.0,0.0,0.0,13.57,0.76,0.0
20230717:0430,0.0,0.0,0.0,0.0,0.0,13.27,0.9,0.0
20230717:0530,0.0,0.0,0.0,0.0,0.0,13.13,0.9,0.0
20230717:0630,0.0,0.0,0.0,0.0,0.0,12.92,0.97,0.0
20230717:0730,0.0,0.0,0.0,0.0,0.0,12.98,0.9,0.0
20230717:0830,0.0,0.0,0.0,0.0,0.0,12.92,0.9,0.0
20230717:0930,0.0,0.0,0.0,0.0,-3.13,12.72,0.9,0.0
20230717:1030,187.43,176.48,63.22,1.04,9.47,12.65,0.9,0.0
20230717:1130,364.2,337.86,108.23,2.63,21.29,14.45,0.62,0.0
20230717:1230,542.69,559.27,122.33,4.45,31.83,17.68,0.9,0.0
20230717:1330,645.82,699.01,128.78,5.77,40.27,19.58,1.31,0.0
20230717:1430,671.16,734.9,128.51,6.29,45.39,20.83,1.72,0.0
20230717:1530,640.29,689.91,129.75,6.16,46.02,21.85,2.0,0.0
20230717:1630,309.31,248.81,136.57,3.13,41.97,22.27,2.28,0.0
20230717:1730,343.25,310.49,116.91,3.39,34.26,21.63,2.07,0.0
20230717:1830,208.74,170.67,97.82,2.16,24.16,21.58,2.14,0.0
20230717:1930,90.89,86.47,50.13,1.04,12.62,21.23,1.59,0.0
20230717:2030,0.0,0.0,5.12,0.05,0.19,20.39,0.55,0.0
20230717:2130,0.0,0.0,0.0,0.0,0.0,19.23,0.55,0.0
20230717:2230,0.0,0.0,0.0,0.0,0.0,18.71,0.55,0.0
20230717:2330,0.0,0.0,0.0,0.0,0.0,18.31,0.41,0.0
20230718:0030,0.0,0.0,0.0,0.0,0.0,17.84,0.41,0.0
20230718:0130,0.0,0.0,0.0,0.0,0.0,17.52,0.28,0.0
20230718:0230,0.0,0.0,0.0,0.0,0.0,17.06,0.14,0.0
20230718:0330,0.0,0.0,0.0,0.0,0.0,16.54,0.28,0.0
20230718:0430,0.0,0.0,0.0,0.0,0.0,15.87,0.55,0.0
20230718:0530,0.0,0.0,0.0,0.0,0.0,15.34,0.76,0.0
20230718:0630,0.0,0.0,0.0,0.0,0.0,14.86,0.9,0.0
20230718:0730,0.0,0.0,0.0,0.0,0.0,15.04,0.97,0.0
20230718:0830,0.0,0.0,0.0,0.0,0.0,14.67,0.97,0.0
20230718:0930,0.0,0.0,0.0,0.0,-3.08,14.48,1.03,0.0
20230718:1030,170.77,163.93,57.61,0.97,9.53,14.4,0.97,0.0
20230718:1130,322.02,290.15,106.37,2.39,21.37,15.59,0.55,0.0
20230718:1230,499.8,504.12,126.57,4.16,31.94,18.78,0.55,0.0
20230718:1330,624.89,676.17,131.79,5.66,40.41,20.66,0.97,0.0
20230718:1430,656.14,692.48,158.65,6.25,45.56,21.93,1.52,0.0
20230718:1530,600.09,607.58,159.75,5.83,46.19,22.69,2.0,0.0
20230718:1630,477.27,438.49,162.19,4.72,42.13,23.06,2.21,0.0
20230718:1730,314.43,290.3,102.69,3.12,34.4,22.71,2.28,0.0
20230718:1830,161.32,112.97,98.98,1.77,24.29,21.84,1.79,0.0
20230718:1930,58.3,46.0,46.03,0.75,12.72,19.89,1.52,0.0
20230718:2030,0.0,0.0,5.53,0.06,0.28,18.87,1.59,0.0
20230718:2130,0.0,0.0,0.0,0.0,0.0,17.77,1.59,0.0
20230718:2230,0.0,0.0,0.0,0.0,0.0,16.94,1.52,0.0
20230718:2330,0.0,0.0,0.0,0.0,0.0,16.34,1.45,0.0
20230719:0030,0.0,0.0,0.0,0.0,0.0,15.87,1.38,0.0
20230719:0130,0.0,0.0,0.0,0.0,0.0,15.18,1.38,0.0
20230719:0230,0.0,0.0,0.0,0.0,0.0,14.81,1.17,0.0
20230719:0330,0.0,0.0,0.0,0.0,0.0,14.5,1.1,0.0
20230719:0430,0.0,0.0,0.0,0.0,0.0,14.43,1.03,0.0
20230719:0530,0.0,0.0,0.0,0.0,0.0,14.27,1.1,0.0
20230719:0630,0.0,0.0,0.0,0.0,0.0,14.24,1.03,0.0
20230719:0730,0.0,0.0,0.0,0.0,0.0,14.07,1.17,0.0
20230719:0830,0.0,0.0,0.0,0.0,0.0,13.8,1.17,0.0
20230719:0930,0.0,0.0,0.0,0.0,-3.03,13.74,1.17,0.0
20230719:1030,22.85,9.5,31.83,0.34,9.6,13.68,1.1,0.0
20230719:1130,117.83,64.52,89.0,1.18,21.46,13.89,1.24,0.0
20230719:1230,223.45,101.84,173.91,2.28,32.05,14.67,1.45,0.0
20230719:1330,274.93,133.28,204.78,2.85,40.55,16.02,1.38,0.0
20230719:1430,350.06,232.12,197.01,3.48,45.73,17.21,1.45,0.0
20230719:1530,321.92,215.78,180.57,3.28,46.37,18.27,1.52,0.0
20230719:1630,199.99,78.4,174.25,2.29,42.3,18.42,1.66,0.0
20230719:1730,199.89,100.63,150.86,2.21,34.55,17.73,1.72,0.0
20230719:1830,122.82,80.69,81.74,1.39,24.41,17.32,1.86,0.0
20230719:1930,33.5,21.73,35.94,0.5,12.83,16.84,1.86,0.0
20230719:2030,0.0,0.0,4.75,0.05,0.37,16.02,1.86,0.0
20230719:2130,0.0,0.0,0.0,0.0,0.0,15.16,1.72,0.0
20230719:2230,0.0,0.0,0.0,0.0,0.0,14.49,1.66,0.0
20230719:2330,0.0,0.0,0.0,0.0,0.0,13.99,1.59,0.0
20230720:0030,0.0,0.0,0.0,0.0,0.0,13.66,1.66,0.0
20230720:0130,0.0,0.0,0.0,0.0,0.0,13.33,1.59,0.0
20230720:0230,0.0,0.0,0.0,0.0,0.0,13.26,1.66,0.0
20230720:0330,0.0,0.0,0.0,0.0,0.0,13.06,1.52,0.0
20230720:0430,0.0,0.0,0.0,0.0,0.0,12.89,1.45,0.0
20230720:0530,0.0,0.0,0.0,0.0,0.0,12.82,1.38,0.0
20230720:0630,0.0,0.0,0.0,0.0,0.0,12.73,1.24,0.0
20230720:0730,0.0,0.0,0.0,0.0,0.0,12.44,1.38,0.0
20230720:0830,0.0,0.0,0.0,0.0,0.0,12.32,1.38,0.0
20230720:0930,0.0,0.0,0.0,0.0,-2.97,12.04,1.38,0.0
20230720:1030,54.35,48.58,32.26,0.46,9.68,11.76,1.24,0.0
20230720:1130,155.11,127.12,66.52,1.28,21.56,12.08,1.72,0.0
20230720:1230,306.47,239.75,126.9,2.63,32.17,12.86,1.86,0.0
20230720:1330,450.36,362.75,179.47,4.04,40.7,13.91,1.86,0.0
20230720:1430,388.55,267.7,202.74,3.77,45.9,15.31,1.86,0.0
20230720:1530,396.02,226.23,258.4,4.08,46.55,16.37,1.72,0.0
20230720:1630,435.69,313.65,222.88,4.38,42.47,17.57,1.66,0.0
20230720:1730,223.68,95.47,186.15,2.52,34.7,18.67,1.52,0.0
20230720:1830,134.24,47.49,129.79,1.62,24.54,18.6,1.38,0.0
20230720:1930,69.69,42.83,61.97,0.89,12.93,18.09,1.45,0.0
20230720:2030,0.81,0.0,7.74,0.08,0.46,17.24,1.17,0.0
20230720:2130,0.0,0.0,0.0,0.0,0.0,16.14,1.03,0.0
20230720:2230,0.0,0.0,0.0,0.0,0.0,14.93,0.97,0.0
20230720:2330,0.0,0.0,0.0,0.0,0.0,13.96,0.97,0.0
20230721:0030,0.0,0.0,0.0,0.0,0.0,12.96,0.97,0.0
20230721:0130,0.0,0.0,0.0,0.0,0.0,12.58,0.83,0.0
20230721:0230,0.0,0.0,0.0,0.0,0.0,12.34,0.76,0.0
20230721:0330,0.0,0.0,0.0,0.0,0.0,12.14,0.76,0.0
20230721:0430,0.0,0.0,0.0,0.0,0.0,11.9,0.69,0.0
20230721:0530,0.0,0.0,0.0,0.0,0.0,11.86,0.55,0.0
20230721:0630,0.0,0.0,0.0,0.0,0.0,11.68,0.48,0.0
20230721:0730,0.0,0.0,0.0,0.0,0.0,11.96,0.41,0.0
20230721:0830,0.0,0.0,0.0,0.0,0.0,11.72,0.41,0.0
20230721:0930,0.0,0.0,0.0,0.0,-2.91,11.35,0.41,0.0
20230721:1030,151.57,136.45,59.31,0.92,9.75,10.94,0.48,0.0
20230721:1130,377.58,348.86,109.98,2.73,21.65,12.24,0.41,0.0
20230721:1230,545.83,530.67,144.76,4.49,32.3,14.83,0.97,0.0
20230721:1330,633.71,660.96,138.71,5.64,40.86,16.7,1.17,0.0
20230721:1430,649.68,666.26,161.02,6.12,46.08,18.18,1.31,0.0
20230721:1530,498.78,465.92,159.19,4.85,46.74,19.28,1.03,0.0
20230721:1630,519.7,470.2,189.32,5.2,42.65,19.66,0.76,0.0
20230721:1730,425.91,376.31,160.53,4.27,34.85,20.27,0.76,0.0
20230721:1830,271.6,230.3,115.74,2.76,24.67,20.27,0.76,0.0
20230721:1930,98.64,78.84,65.43,1.15,13.04,19.58,0.83,0.0
20230721:2030,0.91,0.0,8.02,0.08,0.55,18.79,0.62,0.0
20230721:2130,0.0,0.0,0.0,0.0,0.0,17.41,0.55,0.0
20230721:2230,0.0,0.0,0.0,0.0,0.0,16.45,0.62,0.0
20230721:2330,0.0,0.0,0.0,0.0,0.0,15.65,0.76,0.0
20230722:0030,0.0,0.0,0.0,0.0,0.0,14.94,0.76,0.0
20230722:0130,0.0,0.0,0.0,0.0,0.0,14.52,0.76,0.0
20230722:0230,0.0,0.0,0.0,0.0,0.0,13.98,0.76,0.0
20230722:0330,0.0,0.0,0.0,0.0,0.0,13.59,0.69,0.0
20230722:0430,0.0,0.0,0.0,0.0,0.0,13.09,0.69,0.0
20230722:0530,0.0,0.0,0.0,0.0,0.0,12.54,0.76,0.0
20230722:0630,0.0,0.0,0.0,0.0,0.0,11.87,0.83,0.0
20230722:0730,0.0,0.0,0.0,0.0,0.0,11.48,0.9,0.0
20230722:0830,0.0,0.0,0.0,0.0,0.0,11.05,0.97,0.0
20230722:0930,0.0,0.0,0.0,0.0,-2.85,10.38,1.03,0.0
20230722:1030,131.12,119.73,50.99,0.82,9.84,10.02,1.03,0.0
20230722:1130,303.61,255.38,110.7,2.29,21.76,11.66,0.9,0.0
20230722:1230,510.56,456.94,165.99,4.23,32.43,13.69,1.24,0.0
20230722:1330,687.71,743.94,125.26,6.1,41.02,15.31,1.24,0.0
20230722:1430,703.58,745.4,153.62,6.62,46.27,17.06,1.38,0.0
20230722:1530,699.27,762.97,133.66,6.78,46.94,18.22,1.45,0.0
20230722:1630,647.29,706.64,119.92,6.36,42.83,19.09,1.38,0.0
20230722:1730,529.48,561.95,105.35,5.18,35.0,19.64,1.31,0.0
20230722:1830,331.83,326.49,92.33,3.26,24.79,19.77,1.31,0.0
20230722:1930,143.86,145.91,58.82,1.54,13.15,19.3,1.52,0.0
20230722:2030,1.14,0.0,8.53,0.09,0.64,18.5,1.1,0.0
20230722:2130,0.0,0.0,0.0,0.0,0.0,16.82,0.9,0.0
20230722:2230,0.0,0.0,0.0,0.0,0.0,15.47,0.97,0.0
20230722:2330,0.0,0.0,0.0,0.0,0.0,15.02,0.9,0.0
20230723:0030,0.0,0.0,0.0,0.0,0.0,14.19,1.03,0.0
20230723:0130,0.0,0.0,0.0,0.0,0.0,13.08,1.17,0.0
20230723:0230,0.0,0.0,0.0,0.0,0.0,12.16,1.31,0.0
20230723:0330,0.0,0.0,0.0,0.0,0.0,11.45,1.38,0.0
20230723:0430,0.0,0.0,0.0,0.0,0.0,10.9,1.31,0.0
20230723:0530,0.0,0.0,0.0,0.0,0.0,10.48,1.24,0.0
20230723:0630,0.0,0.0,0.0,0.0,0.0,10.26,1.17,0.0
20230723:0730,0.0,0.0,0.0,0.0,0.0,9.81,1.1,0.0
20230723:0830,0.0,0.0,0.0,0.0,0.0,9.69,1.03,0.0
20230723:0930,0.0,0.0,0.0,0.0,-2.78,9.75,0.97,0.0
20230723:1030,211.33,197.28,67.27,1.17,9.92,9.6,0.9,0.0
20230723:1130,436.34,426.55,102.54,3.08,21.87,11.44,0.62,0.0
20230723:1230,586.79,615.64,119.46,4.83,32.57,15.54,0.83,0.0
20230723:1330,681.94,744.52,128.16,6.14,41.19,17.7,1.24,0.0
20230723:1430,721.53,803.62,130.93,6.87,46.46,19.12,1.45,0.0
20230723:1530,707.26,788.51,128.69,6.94,47.14,20.16,1.52,0.0
20230723:1630,639.02,701.14,121.79,6.35,43.01,20.89,1.38,0.0
20230723:1730,520.33,552.49,109.56,5.16,35.16,21.28,1.17,0.0
20230723:1830,348.0,353.57,91.12,3.46,24.93,21.32,0.83,0.0
20230723:1930,129.03,119.25,67.02,1.44,13.26,21.04,0.34,0.0
20230723:2030,1.1,0.0,8.48,0.09,0.73,20.05,0.07,0.0
20230723:2130,0.0,0.0,0.0,0.0,0.0,19.05,0.14,0.0
20230723:2230,0.0,0.0,0.0,0.0,0.0,18.15,0.14,0.0
20230723:2330,0.0,0.0,0.0,0.0,0.0,17.57,0.07,0.0
20230724:0030,0.0,0.0,0.0,0.0,0.0,17.0,0.28,0.0
20230724:0130,0.0,0.0,0.0,0.0,0.0,16.73,0.34,0.0
20230724:0230,0.0,0.0,0.0,0.0,0.0,16.06,0.28,0.0
20230724:0330,0.0,0.0,0.0,0.0,0.0,15.55,0.21,0.0
20230724:0430,0.0,0.0,0.0,0.0,0.0,15.1,0.14,0.0
20230724:0530,0.0,0.0,0.0,0.0,0.0,14.65,0.14,0.0
20230724:0630,0.0,0.0,0.0,0.0,0.0,14.24,0.21,0.0
20230724:0730,0.0,0.0,0.0,0.0,0.0,13.84,0.0,0.0
20230724:0830,0.0,0.0,0.0,0.0,0.0,13.34,0.07,0.0
20230724:0930,0.0,0.0,0.0,0.0,-2.71,13.02,0.07,0.0
20230724:1030,206.7,198.01,66.34,1.17,10.02,12.87,0.0,0.0
20230724:1130,406.9,404.64,96.44,2.94,21.98,13.65,0.07,0.0
20230724:1230,569.04,607.11,117.91,4.78,32.71,17.2,0.28,0.0
20230724:1330,656.43,734.65,126.65,6.08,41.36,19.32,0.34,0.0
20230724:1430,689.69,792.57,128.99,6.79,46.66,20.57,0.28,0.0
20230724:1530,661.09,727.73,146.0,6.65,47.34,21.6,0.62,0.0
20230724:1630,586.82,615.9,144.59,5.92,43.2,22.34,0.97,0.0
20230724:1730,407.53,365.31,151.25,4.14,35.32,22.67,1.1,0.0
20230724:1830,202.61,154.87,108.47,2.18,25.06,22.55,1.1,0.0
20230724:1930,103.06,84.13,67.11,1.22,13.37,21.79,1.17,0.0
20230724:2030,1.22,0.0,8.76,0.09,0.82,20.86,0.69,0.0
20230724:2130,0.0,0.0,0.0,0.0,0.0,18.91,0.69,0.0
20230724:2230,0.0,0.0,0.0,0.0,0.0,18.72,0.55,0.0
20230724:2330,0.0,0.0,0.0,0.0,0.0,18.27,0.41,0.0
20230725:0030,0.0,0.0,0.0,0.0,0.0,17.68,0.21,0.0
20230725:0130,0.0,0.0,0.0,0.0,0.0,17.19,0.14,0.0
20230725:0230,0.0,0.0,0.0,0.0,0.0,16.71,0.07,0.0
20230725:0330,0.0,0.0,0.0,0.0,0.0,16.21,0.28,0.0
20230725:0430,0.0,0.0,0.0,0.0,0.0,15.69,0.55,0.0
20230725:0530,0.0,0.0,0.0,0.0,0.0,14.77,0.76,0.0
20230725:0630,0.0,0.0,0.0,0.0,0.0,14.13,0.83,0.0
20230725:0730,0.0,0.0,0.0,0.0,0.0,13.89,0.83,0.0
20230725:0830,0.0,0.0,0.0,0.0,0.0,13.39,0.76,0.0
20230725:0930,0.0,0.0,0.0,0.0,-2.63,13.05,0.69,0.0
20230725:1030,169.21,155.11,63.15,1.03,10.11,12.91,0.62,0.0
20230725:1130,385.3,364.61,108.65,2.84,22.1,14.37,0.41,0.0
20230725:1230,510.9,509.79,128.34,4.28,32.86,17.41,0.83,0.0
20230725:1330,566.84,542.88,173.18,5.19,41.54,18.9,1.17,0.0
20230725:1430,607.69,638.0,133.61,5.75,46.87,19.86,1.45,0.0
20230725:1530,500.53,438.08,191.58,4.97,47.55,20.7,1.45,0.0
20230725:1630,469.02,438.57,151.24,4.68,43.39,20.75,1.1,0.0
20230725:1730,354.03,322.2,121.56,3.57,35.48,21.12,0.97,0.0
20230725:1830,211.96,166.42,106.89,2.26,25.19,21.08,0.83,0.0
20230725:1930,86.8,76.14,54.36,1.05,13.48,21.05,0.41,0.0
20230725:2030,0.0,0.0,5.67,0.06,0.91,20.22,0.28,0.0
20230725:2130,0.0,0.0,0.0,0.0,0.0,19.15,0.48,0.0
20230725:2230,0.0,0.0,0.0,0.0,0.0,17.97,0.62,0.0
20230725:2330,0.0,0.0,0.0,0.0,0.0,17.57,0.55,0.0
20230726:0030,0.0,0.0,0.0,0.0,0.0,17.21,0.41,0.0
20230726:0130,0.0,0.0,0.0,0.0,0.0,16.65,0.34,0.0
20230726:0230,0.0,0.0,0.0,0.0,0.0,16.12,0.21,0.0
20230726:0330,0.0,0.0,0.0,0.0,0.0,15.79,0.14,0.0
20230726:0430,0.0,0.0,0.0,0.0,0.0,15.38,0.34,0.0
20230726:0530,0.0,0.0,0.0,0.0,0.0,15.02,0.48,0.0
20230726:0630,0.0,0.0,0.0,0.0,0.0,14.65,0.62,0.0
20230726:0730,0.0,0.0,0.0,0.0,0.0,13.56,0.9,0.0
20230726:0830,0.0,0.0,0.0,0.0,0.0,12.72,0.97,0.0
20230726:0930,0.0,0.0,0.0,0.0,-2.55,12.07,0.97,0.0
20230726:1030,210.33,199.5,66.18,1.19,10.21,11.7,0.97,0.0
20230726:1130,422.41,415.81,101.19,3.06,22.23,13.63,0.62,0.0
20230726:1230,573.7,600.55,121.43,4.8,33.01,17.53,1.03,0.0
20230726:1330,629.82,671.03,130.04,5.71,41.72,19.05,1.38,0.0
20230726:1430,697.01,764.3,139.34,6.7,47.08,20.21,1.45,0.0
20230726:1530,673.83,744.61,129.94,6.67,47.77,21.36,1.45,0.0
20230726:1630,617.11,671.13,125.64,6.2,43.59,22.14,1.38,0.0
20230726:1730,432.24,446.06,99.96,4.32,35.65,22.63,1.31,0.0
20230726:1830,290.33,275.66,96.35,2.96,25.33,22.46,1.1,0.0
20230726:1930,114.75,110.02,58.26,1.32,13.59,22.04,0.9,0.0
20230726:2030,0.75,0.0,7.7,0.08,1.0,21.14,0.34,0.0
20230726:2130,0.0,0.0,0.0,0.0,0.0,20.03,0.41,0.0
20230726:2230,0.0,0.0,0.0,0.0,0.0,19.15,0.55,0.0
20230726:2330,0.0,0.0,0.0,0.0,0.0,18.4,0.55,0.0
20230727:0030,0.0,0.0,0.0,0.0,0.0,17.65,0.55,0.0
20230727:0130,0.0,0.0,0.0,0.0,0.0,16.93,0.69,0.0
20230727:0230,0.0,0.0,0.0,0.0,0.0,16.27,0.69,0.0
20230727:0330,0.0,0.0,0.0,0.0,0.0,15.64,0.69,0.0
20230727:0430,0.0,0.0,0.0,0.0,0.0,15.11,0.69,0.0
20230727:0530,0.0,0.0,0.0,0.0,0.0,14.67,0.69,0.0
20230727:0630,0.0,0.0,0.0,0.0,0.0,14.26,0.62,0.0
20230727:0730,0.0,0.0,0.0,0.0,0.0,14.44,0.55,0.0
20230727:0830,0.0,0.0,0.0,0.0,0.0,13.95,0.48,0.0
20230727:0930,0.0,0.0,0.0,0.0,-2.46,13.67,0.41,0.0
20230727:1030,190.07,185.01,59.24,1.11,10.32,13.5,0.41,0.0
20230727:1130,388.66,374.79,104.58,2.88,22.36,14.86,0.28,0.0
20230727:1230,563.26,595.94,121.51,4.78,33.17,18.69,0.62,0.0
20230727:1330,653.67,728.45,127.38,6.08,41.91,20.64,0.69,0.0
20230727:1430,669.95,754.18,137.47,6.63,47.29,21.83,0.48,0.0
20230727:1530,662.52,764.82,124.1,6.79,47.99,22.59,0.28,0.0
20230727:1630,583.04,640.62,124.08,5.97,43.78,23.26,0.55,0.0
20230727:1730,368.32,341.88,126.16,3.78,35.82,23.41,0.83,0.0
20230727:1830,247.59,238.88,81.19,2.57,25.46,23.1,0.76,0.0
20230727:1930,109.53,105.61,56.02,1.28,13.7,22.16,0.69,0.0
20230727:2030,0.73,0.0,7.65,0.08,1.09,21.15,0.83,0.0
20230727:2130,0.0,0.0,0.0,0.0,0.0,19.64,0.97,0.0
20230727:2230,0.0,0.0,0.0,0.0,0.0,18.09,1.03,0.0
20230727:2330,0.0,0.0,0.0,0.0,0.0,17.37,1.03,0.0
20230728:0030,0.0,0.0,0.0,0.0,0.0,16.54,1.03,0.0
20230728:0130,0.0,0.0,0.0,0.0,0.0,15.43,1.03,0.0
20230728:0230,0.0,0.0,0.0,0.0,0.0,14.96,0.97,0.0
20230728:0330,0.0,0.0,0.0,0.0,0.0,14.5,0.9,0.0
20230728:0430,0.0,0.0,0.0,0.0,0.0,14.47,0.62,0.0
20230728:0530,0.0,0.0,0.0,0.0,0.0,14.35,0.41,0.0
20230728:0630,0.0,0.0,0.0,0.0,0.0,14.13,0.21,0.0
20230728:0730,0.0,0.0,0.0,0.0,0.0,13.76,0.21,0.0
20230728:0830,0.0,0.0,0.0,0.0,0.0,13.45,0.21,0.0
20230728:0930,0.0,0.0,0.0,0.0,-2.37,13.2,0.28,0.0
20230728:1030,156.26,144.29,58.55,0.99,10.43,12.83,0.48,0.0
20230728:1130,414.95,411.57,99.55,3.05,22.49,14.73,0.48,0.0
20230728:1230,571.16,600.94,118.34,4.8,33.33,18.01,1.1,0.0
20230728:1330,666.72,731.26,124.88,6.1,42.11,19.91,1.52,0.0
20230728:1430,697.54,775.34,126.52,6.71,47.51,21.24,1.86,0.0
20230728:1530,622.29,642.06,150.08,6.12,48.21,22.21,2.34,0.0
20230728:1630,522.35,530.9,124.78,5.17,43.99,22.77,2.55,0.0
20230728:1730,466.22,480.33,104.37,4.64,35.98,22.92,2.48,0.0
20230728:1830,258.78,251.27,79.55,2.66,25.6,23.01,2.28,0.0
20230728:1930,101.35,108.0,43.69,1.19,13.81,22.5,1.86,0.0
20230728:2030,0.34,0.0,6.68,0.07,1.18,21.63,0.9,0.0
20230728:2130,0.0,0.0,0.0,0.0,0.0,19.93,0.62,0.0
20230728:2230,0.0,0.0,0.0,0.0,0.0,19.28,0.34,0.0
20230728:2330,0.0,0.0,0.0,0.0,0.0,18.76,0.28,0.0
20230729:0030,0.0,0.0,0.0,0.0,0.0,17.66,0.76,0.0
20230729:0130,0.0,0.0,0.0,0.0,0.0,15.65,1.31,0.0
20230729:0230,0.0,0.0,0.0,0.0,0.0,15.13,1.38,0.0
20230729:0330,0.0,0.0,0.0,0.0,0.0,14.65,1.17,0.0
20230729:0430,0.0,0.0,0.0,0.0,0.0,14.28,1.03,0.0
20230729:0530,0.0,0.0,0.0,0.0,0.0,13.49,1.17,0.0
20230729:0630,0.0,0.0,0.0,0.0,0.0,13.0,1.17,0.0
20230729:0730,0.0,0.0,0.0,0.0,0.0,12.81,1.17,0.0
20230729:0830,0.0,0.0,0.0,0.0,0.0,12.3,1.24,0.0
20230729:0930,0.0,0.0,0.0,0.0,-2.27,12.36,1.45,0.0
20230729:1030,77.65,78.1,31.25,0.57,10.54,12.84,1.38,0.0
20230729:1130,172.02,153.19,61.27,1.41,22.63,14.22,1.72,0.0
20230729:1230,237.87,181.3,108.72,2.17,33.5,15.21,2.0,0.0
20230729:1330,374.46,267.79,186.07,3.56,42.31,16.04,2.07,0.0
20230729:1430,276.83,171.58,168.04,2.85,47.74,17.04,1.72,0.0
20230729:1530,379.12,330.99,129.53,3.68,48.44,16.89,1.66,0.0
20230729:1630,339.34,234.7,180.77,3.49,44.19,17.35,1.66,0.0
20230729:1730,228.3,166.44,116.77,2.4,36.16,17.6,1.72,0.0
20230729:1830,214.04,169.54,99.94,2.24,25.74,17.19,1.79,0.0
20230729:1930,55.68,42.61,44.67,0.74,13.93,17.19,1.93,0.0
20230729:2030,0.0,0.0,5.25,0.05,1.28,16.08,1.86,0.0
20230729:2130,0.0,0.0,0.0,0.0,0.0,14.94,1.79,0.0
20230729:2230,0.0,0.0,0.0,0.0,0.0,14.21,1.86,0.0
20230729:2330,0.0,0.0,0.0,0.0,0.0,13.71,1.72,0.0
20230730:0030,0.0,0.0,0.0,0.0,0.0,13.37,1.72,0.0
20230730:0130,0.0,0.0,0.0,0.0,0.0,12.98,1.66,0.0
20230730:0230,0.0,0.0,0.0,0.0,0.0,12.74,1.52,0.0
20230730:0330,0.0,0.0,0.0,0.0,0.0,12.49,1.31,0.0
20230730:0430,0.0,0.0,0.0,0.0,0.0,12.3,1.17,0.0
20230730:0530,0.0,0.0,0.0,0.0,0.0,12.06,1.1,0.0
20230730:0630,0.0,0.0,0.0,0.0,0.0,11.91,1.1,0.0
20230730:0730,0.0,0.0,0.0,0.0,0.0,11.7,1.1,0.0
20230730:0830,0.0,0.0,0.0,0.0,0.0,11.51,1.03,0.0
20230730:0930,0.0,0.0,0.0,0.0,-2.18,11.43,1.03,0.0
20230730:1030,41.5,33.99,30.89,0.42,10.66,11.45,1.03,0.0
20230730:1130,86.85,20.25,97.1,1.07,22.77,11.88,1.17,0.0
20230730:1230,141.82,49.65,130.64,1.59,33.67,12.72,1.1,0.0
20230730:1330,236.96,94.91,195.77,2.55,42.52,13.46,1.03,0.0
20230730:1430,174.83,19.39,202.31,2.15,47.98,14.8,0.97,0.0
20230730:1530,205.14,29.24,229.42,2.49,48.68,15.96,0.83,0.0
20230730:1630,253.15,96.44,219.45,2.87,44.4,16.86,0.62,0.0
20230730:1730,133.29,13.81,162.04,1.72,36.33,17.78,0.55,0.0
20230730:1830,138.39,84.75,97.01,1.59,25.88,17.86,0.62,0.0
20230730:1930,72.7,41.91,66.15,0.95,14.04,17.47,0.69,0.0
20230730:2030,2.03,0.0,10.37,0.11,1.37,17.08,0.62,0.0
20230730:2130,0.0,0.0,0.0,0.0,0.0,16.2,0.62,0.0
20230730:2230,0.0,0.0,0.0,0.0,0.0,14.83,0.69,0.0
20230730:2330,0.0,0.0,0.0,0.0,0.0,14.18,0.69,0.0
20230731:0030,0.0,0.0,0.0,0.0,0.0,13.94,0.62,0.0
20230731:0130,0.0,0.0,0.0,0.0,0.0,13.11,0.34,0.0
20230731:0230,0.0,0.0,0.0,0.0,0.0,12.43,0.21,0.0
20230731:0330,0.0,0.0,0.0,0.0,0.0,11.83,0.14,0.0
20230731:0430,0.0,0.0,0.0,0.0,0.0,11.39,0.21,0.0
20230731:0530,0.0,0.0,0.0,0.0,0.0,9.98,0.41,0.0
20230731:0630,0.0,0.0,0.0,0.0,0.0,9.35,0.69,0.0
20230731:0730,0.0,0.0,0.0,0.0,0.0,9.32,0.62,0.0
20230731:0830,0.0,0.0,0.0,0.0,0.0,9.26,0.55,0.0
20230731:0930,0.0,0.0,0.0,0.0,-2.07,9.65,0.48,0.0
20230731:1030,128.77,106.36,61.28,0.91,10.78,9.72,0.41,0.0
20230731:1130,348.44,289.21,132.58,2.7,22.92,11.58,0.41,0.0
20230731:1230,550.33,533.83,148.18,4.66,33.85,14.35,0.76,0.0
20230731:1330,687.75,754.53,124.3,6.3,42.73,16.49,1.03,0.0
20230731:1430,730.5,825.86,123.91,7.1,48.21,18.4,1.17,0.0
20230731:1530,710.28,797.22,129.72,7.14,48.92,19.83,1.17,0.0
20230731:1630,643.64,714.97,121.28,6.57,44.61,20.83,0.97,0.0
20230731:1730,527.11,569.54,106.88,5.38,36.5,21.49,0.76,0.0
20230731:1830,354.02,360.22,93.47,3.63,26.02,21.73,0.69,0.0
20230731:1930,155.63,160.44,61.75,1.75,14.15,21.04,0.62,0.0
20230731:2030,2.07,0.0,10.55,0.11,1.46,20.29,0.28,0.0
20230731:2130,0.0,0.0,0.0,0.0,0.0,18.89,0.34,0.0
20230731:2230,0.0,0.0,0.0,0.0,0.0,18.22,0.34,0.0
20230731:2330,0.0,0.0,0.0,0.0,0.0,17.52,0.07,0.0
20230801:0030,0.0,0.0,0.0,0.0,0.0,16.87,0.34,0.0
20230801:0130,0.0,0.0,0.0,0.0,0.0,16.23,0.41,0.0
20230801:0230,0.0,0.0,0.0,0.0,0.0,15.41,0.62,0.0
20230801:0330,0.0,0.0,0.0,0.0,0.0,14.1,0.83,0.0
20230801:0430,0.0,0.0,0.0,0.0,0.0,13.15,0.83,0.0
20230801:0530,0.0,0.0,0.0,0.0,0.0,12.5,0.83,0.0
20230801:0630,0.0,0.0,0.0,0.0,0.0,12.05,0.83,0.0
20230801:0730,0.0,0.0,0.0,0.0,0.0,11.72,0.76,0.0
20230801:0830,0.0,0.0,0.0,0.0,0.0,11.55,0.62,0.0
20230801:0930,0.0,0.0,0.0,0.0,-1.96,11.51,0.48,0.0
20230801:1030,167.14,144.87,69.17,1.1,10.91,11.36,0.48,0.0
20230801:1130,383.68,341.33,125.86,2.93,23.07,12.74,0.48,0.0
20230801:1230,575.21,582.21,139.38,4.91,34.04,15.86,0.76,0.0
20230801:1330,676.86,741.11,138.4,6.34,42.95,17.99,0.62,0.0
20230801:1430,714.39,813.4,137.27,7.13,48.46,19.76,0.48,0.0
20230801:1530,698.25,810.53,126.45,7.23,49.16,21.25,0.34,0.0
20230801:1630,634.73,725.43,119.32,6.65,44.83,22.39,0.28,0.0
20230801:1730,522.9,575.34,107.47,5.45,36.68,23.09,0.28,0.0
20230801:1830,360.52,376.81,90.58,3.75,26.16,23.31,0.41,0.0
20230801:1930,157.12,164.29,61.61,1.79,14.26,22.88,0.83,0.0
20230801:2030,2.14,0.0,10.74,0.11,1.55,21.81,0.76,0.0
20230801:2130,0.0,0.0,0.0,0.0,0.0,19.9,0.76,0.0
20230801:2230,0.0,0.0,0.0,0.0,0.0,18.56,0.76,0.0
20230801:2330,0.0,0.0,0.0,0.0,0.0,17.64,0.83,0.0
20230802:0030,0.0,0.0,0.0,0.0,0.0,17.17,0.76,0.0
20230802:0130,0.0,0.0,0.0,0.0,0.0,16.39,0.41,0.0
20230802:0230,0.0,0.0,0.0,0.0,0.0,15.6,0.28,0.0
20230802:0330,0.0,0.0,0.0,0.0,0.0,15.12,0.28,0.0
20230802:0430,0.0,0.0,0.0,0.0,0.0,14.65,0.41,0.0
20230802:0530,0.0,0.0,0.0,0.0,0.0,13.95,0.55,0.0
20230802:0630,0.0,0.0,0.0,0.0,0.0,13.01,0.62,0.0
20230802:0730,0.0,0.0,0.0,0.0,0.0,13.07,0.62,0.0
20230802:0830,0.0,0.0,0.0,0.0,0.0,12.32,0.76,0.0
20230802:0930,0.0,0.0,0.0,0.0,-1.85,11.74,0.76,0.0
20230802:1030,223.02,210.37,69.83,1.32,11.04,11.25,0.76,0.0
20230802:1130,443.53,436.17,108.3,3.31,23.23,13.45,0.48,0.0
20230802:1230,603.2,648.16,117.06,5.17,34.22,17.32,0.83,0.0
20230802:1330,689.32,775.59,127.47,6.5,43.17,19.53,0.76,0.0
20230802:1430,719.06,835.36,130.23,7.25,48.71,21.41,0.55,0.0
20230802:1530,696.68,820.45,128.07,7.33,49.41,22.92,0.21,0.0
20230802:1630,632.05,732.82,121.08,6.74,45.05,23.98,0.07,0.0
20230802:1730,521.85,580.77,109.35,5.52,36.86,24.55,0.07,0.0
20230802:1830,360.41,380.17,91.51,3.8,26.3,24.64,0.21,0.0
20230802:1930,158.02,166.27,62.52,1.82,14.38,24.12,0.41,0.0
20230802:2030,2.28,0.0,11.06,0.11,1.64,23.05,0.28,0.0
20230802:2130,0.0,0.0,0.0,0.0,0.0,21.38,0.48,0.0
20230802:2230,0.0,0.0,0.0,0.0,0.0,20.0,0.69,0.0
20230802:2330,0.0,0.0,0.0,0.0,0.0,19.18,0.69,0.0
20230803:0030,0.0,0.0,0.0,0.0,0.0,18.33,0.69,0.0
20230803:0130,0.0,0.0,0.0,0.0,0.0,17.64,0.62,0.0
20230803:0230,0.0,0.0,0.0,0.0,0.0,17.0,0.62,0.0
20230803:0330,0.0,0.0,0.0,0.0,0.0,16.09,0.55,0.0
20230803:0430,0.0,0.0,0.0,0.0,0.0,15.06,0.62,0.0
20230803:0530,0.0,0.0,0.0,0.0,0.0,14.26,0.69,0.0
20230803:0630,0.0,0.0,0.0,0.0,0.0,13.65,0.69,0.0
20230803:0730,0.0,0.0,0.0,0.0,0.0,12.86,0.76,0.0
20230803:0830,0.0,0.0,0.0,0.0,0.0,12.34,0.76,0.0
20230803:0930,0.0,0.0,0.0,0.0,-1.74,12.02,0.76,0.0
20230803:1030,233.78,222.39,71.68,1.39,11.18,11.93,0.69,0.0
20230803:1130,455.66,456.45,104.6,3.41,23.39,13.79,0.48,0.0
20230803:1230,601.77,652.83,119.92,5.24,34.42,18.75,0.62,0.0
20230803:1330,691.47,786.83,127.77,6.6,43.4,21.05,0.76,0.0
20230803:1430,725.76,848.62,130.06,7.36,48.96,22.79,0.76,0.0
20230803:1530,710.04,833.63,127.82,7.45,49.66,24.2,0.76,0.0
20230803:1630,644.81,744.2,121.03,6.84,45.27,25.19,0.69,0.0
20230803:1730,530.96,589.42,109.31,5.61,37.04,25.69,0.69,0.0
20230803:1830,364.69,385.33,91.36,3.85,26.45,25.7,0.76,0.0
20230803:1930,159.29,168.07,62.65,1.85,14.49,25.07,1.17,0.0
20230803:2030,2.36,0.0,11.25,0.12,1.73,23.75,0.83,0.0
20230803:2130,0.0,0.0,0.0,0.0,0.0,21.15,0.97,0.0
20230803:2230,0.0,0.0,0.0,0.0,0.0,19.1,1.24,0.0
20230803:2330,0.0,0.0,0.0,0.0,0.0,17.75,1.31,0.0
20230804:0030,0.0,0.0,0.0,0.0,0.0,16.76,1.24,0.0
20230804:0130,0.0,0.0,0.0,0.0,0.0,16.5,1.03,0.0
20230804:0230,0.0,0.0,0.0,0.0,0.0,16.27,0.76,0.0
20230804:0330,0.0,0.0,0.0,0.0,0.0,15.53,0.76,0.0
20230804:0430,0.0,0.0,0.0,0.0,0.0,14.71,0.83,0.0
20230804:0530,0.0,0.0,0.0,0.0,0.0,13.91,0.9,0.0
20230804:0630,0.0,0.0,0.0,0.0,0.0,13.2,0.97,0.0
20230804:0730,0.0,0.0,0.0,0.0,0.0,12.3,0.83,0.0
20230804:0830,0.0,0.0,0.0,0.0,0.0,11.94,0.62,0.0
20230804:0930,0.0,0.0,0.0,0.0,-1.62,11.87,0.41,0.0
20230804:1030,147.9,127.8,64.21,1.03,11.32,12.12,0.28,0.0
20230804:1130,368.9,316.06,137.38,2.92,23.56,13.89,0.14,0.0
20230804:1230,517.49,505.59,147.61,4.54,34.61,17.22,0.28,0.0
20230804:1330,687.76,780.49,125.74,6.56,43.63,19.65,0.55,0.0
20230804:1430,719.41,838.93,128.23,7.3,49.22,21.6,0.55,0.0
20230804:1530,706.04,829.79,123.26,7.4,49.92,22.92,0.55,0.0
20230804:1630,637.35,733.37,117.84,6.75,45.49,23.85,0.48,0.0
20230804:1730,527.5,584.57,105.9,5.56,37.22,24.41,0.55,0.0
20230804:1830,367.18,390.35,88.41,3.88,26.59,24.55,0.48,0.0
20230804:1930,157.26,165.62,62.27,1.84,14.6,24.23,0.41,0.0
20230804:2030,2.68,0.0,11.85,0.12,1.82,23.24,0.28,0.0
20230804:2130,0.0,0.0,0.0,0.0,0.0,22.02,0.14,0.0
20230804:2230,0.0,0.0,0.0,0.0,0.0,20.75,0.21,0.0
20230804:2330,0.0,0.0,0.0,0.0,0.0,19.49,0.62,0.0
20230805:0030,0.0,0.0,0.0,0.0,0.0,18.56,0.62,0.0
20230805:0130,0.0,0.0,0.0,0.0,0.0,17.85,0.34,0.0
20230805:0230,0.0,0.0,0.0,0.0,0.0,17.0,0.21,0.0
20230805:0330,0.0,0.0,0.0,0.0,0.0,16.31,0.41,0.0
20230805:0430,0.0,0.0,0.0,0.0,0.0,15.78,0.41,0.0
20230805:0530,0.0,0.0,0.0,0.0,0.0,15.39,0.41,0.0
20230805:0630,0.0,0.0,0.0,0.0,0.0,15.25,0.28,0.0
20230805:0730,0.0,0.0,0.0,0.0,0.0,14.4,0.28,0.0
20230805:0830,0.0,0.0,0.0,0.0,0.0,14.28,0.14,0.0
20230805:0930,0.0,0.0,0.0,0.0,-1.49,14.28,0.21,0.0
20230805:1030,195.8,171.63,79.01,1.29,11.46,13.55,0.21,0.0
20230805:1130,435.66,424.31,114.07,3.33,23.73,13.92,0.14,0.0
20230805:1230,588.2,643.83,118.5,5.21,34.82,18.94,0.14,0.0
20230805:1330,670.48,772.62,126.68,6.53,43.87,20.96,0.07,0.0
20230805:1430,705.69,833.2,129.72,7.29,49.49,22.44,0.14,0.0
20230805:1530,691.97,819.6,127.45,7.38,50.18,23.63,0.14,0.0
20230805:1630,634.38,732.86,120.45,6.79,45.72,24.53,0.34,0.0
20230805:1730,526.25,581.68,108.58,5.57,37.4,25.06,0.62,0.0
20230805:1830,364.56,386.78,88.63,3.87,26.73,25.13,0.69,0.0
20230805:1930,160.01,168.92,62.9,1.88,14.71,24.79,0.76,0.0
20230805:2030,2.74,0.0,12.0,0.12,1.91,23.72,0.69,0.0
20230805:2130,0.0,0.0,0.0,0.0,0.0,21.96,0.55,0.0
20230805:2230,0.0,0.0,0.0,0.0,0.0,20.72,0.76,0.0
20230805:2330,0.0,0.0,0.0,0.0,0.0,18.71,1.1,0.0
20230806:0030,0.0,0.0,0.0,0.0,0.0,17.21,1.24,0.0
20230806:0130,0.0,0.0,0.0,0.0,0.0,16.03,1.17,0.0
20230806:0230,0.0,0.0,0.0,0.0,0.0,15.46,0.97,0.0
20230806:0330,0.0,0.0,0.0,0.0,0.0,15.22,0.83,0.0
20230806:0430,0.0,0.0,0.0,0.0,0.0,15.11,0.69,0.0
20230806:0530,0.0,0.0,0.0,0.0,0.0,15.08,0.55,0.0
20230806:0630,0.0,0.0,0.0,0.0,0.0,14.8,0.41,0.0
20230806:0730,0.0,0.0,0.0,0.0,0.0,13.84,0.41,0.0
20230806:0830,0.0,0.0,0.0,0.0,0.0,13.17,0.48,0.0
20230806:0930,0.0,0.0,0.0,0.0,-1.36,12.68,0.55,0.0
20230806:1030,180.53,151.94,78.5,1.23,11.61,12.35,0.55,0.0
20230806:1130,415.61,389.87,121.7,3.22,23.9,14.54,0.48,0.0
20230806:1230,584.68,615.02,126.76,5.1,35.02,18.45,0.97,0.0
20230806:1330,691.77,771.82,126.96,6.55,44.11,20.79,1.45,0.0
20230806:1430,732.27,835.42,129.5,7.32,49.76,22.46,1.66,0.0
20230806:1530,716.12,821.15,127.17,7.4,50.44,23.7,1.59,0.0
20230806:1630,649.64,733.53,120.27,6.81,45.95,24.62,1.52,0.0
20230806:1730,533.16,581.57,108.62,5.59,37.58,25.2,1.52,0.0
20230806:1830,364.9,381.33,90.9,3.86,26.87,25.32,1.52,0.0
20230806:1930,159.27,167.6,62.61,1.88,14.83,24.95,1.59,0.0
20230806:2030,2.84,0.0,12.19,0.12,2.0,23.82,1.17,0.0
20230806:2130,0.0,0.0,0.0,0.0,0.0,21.77,1.24,0.0
20230806:2230,0.0,0.0,0.0,0.0,0.0,19.43,1.24,0.0
20230806:2330,0.0,0.0,0.0,0.0,0.0,18.5,1.1,0.0
20230807:0030,0.0,0.0,0.0,0.0,0.0,18.2,0.97,0.0
20230807:0130,0.0,0.0,0.0,0.0,0.0,17.18,0.97,0.0
20230807:0230,0.0,0.0,0.0,0.0,0.0,16.45,1.03,0.0
20230807:0330,0.0,0.0,0.0,0.0,0.0,15.35,1.24,0.0
20230807:0430,0.0,0.0,0.0,0.0,0.0,14.2,1.45,0.0
20230807:0530,0.0,0.0,0.0,0.0,0.0,13.47,1.52,0.0
20230807:0630,0.0,0.0,0.0,0.0,0.0,12.84,1.59,0.0
20230807:0730,0.0,0.0,0.0,0.0,0.0,12.29,1.66,0.0
20230807:0830,0.0,0.0,0.0,0.0,0.0,11.9,1.59,0.0
20230807:0930,0.0,0.0,0.0,0.0,-1.23,11.56,1.52,0.0
20230807:1030,237.79,224.34,72.16,1.45,11.77,11.37,1.45,0.0
20230807:1130,458.93,456.03,104.09,3.47,24.08,13.91,1.17,0.0
20230807:1230,612.31,649.74,119.38,5.29,35.24,17.93,1.66,0.0
20230807:1330,705.18,780.48,127.04,6.63,44.36,19.82,1.79,0.0
20230807:1430,742.81,839.18,129.31,7.37,50.03,21.46,2.0,0.0
20230807:1530,724.93,822.16,126.93,7.43,50.71,22.86,2.0,0.0
20230807:1630,655.42,732.66,120.0,6.82,46.18,23.95,1.93,0.0
20230807:1730,536.2,580.01,108.39,5.59,37.77,24.65,1.93,0.0
20230807:1830,364.03,378.48,90.8,3.85,27.02,24.93,1.72,0.0
20230807:1930,157.61,165.32,62.41,1.87,14.94,24.71,1.59,0.0
20230807:2030,2.93,0.0,12.38,0.12,2.08,23.91,0.97,0.0
20230807:2130,0.0,0.0,0.0,0.0,0.0,21.6,0.97,0.0
20230807:2230,0.0,0.0,0.0,0.0,0.0,20.6,0.76,0.0
20230807:2330,0.0,0.0,0.0,0.0,0.0,20.57,0.48,0.0
20230808:0030,0.0,0.0,0.0,0.0,0.0,19.77,0.41,0.0
20230808:0130,0.0,0.0,0.0,0.0,0.0,19.09,0.21,0.0
20230808:0230,0.0,0.0,0.0,0.0,0.0,18.36,0.07,0.0
20230808:0330,0.0,0.0,0.0,0.0,0.0,17.74,0.21,0.0
20230808:0430,0.0,0.0,0.0,0.0,0.0,15.56,1.1,0.0
20230808:0530,0.0,0.0,0.0,0.0,0.0,13.85,1.86,0.0
20230808:0630,0.0,0.0,0.0,0.0,0.0,13.53,1.93,0.0
20230808:0730,0.0,0.0,0.0,0.0,0.0,13.1,1.59,0.0
20230808:0830,0.0,0.0,0.0,0.0,0.0,13.28,1.52,0.0
20230808:0930,0.0,0.0,0.0,0.0,-1.09,12.82,1.38,0.0
20230808:1030,168.51,152.52,63.3,1.14,11.92,12.71,1.45,0.0
20230808:1130,315.06,256.72,125.1,2.56,24.26,14.35,1.79,0.0
20230808:1230,518.69,466.94,167.4,4.52,35.45,16.2,2.14,0.0
20230808:1330,502.06,436.09,182.09,4.72,44.61,18.14,2.14,0.0
20230808:1430,499.41,419.27,197.49,4.92,50.31,19.41,2.48,0.0
20230808:1530,545.39,490.28,187.91,5.47,50.99,20.19,2.62,0.0
20230808:1630,518.13,460.48,184.6,5.3,46.41,20.84,2.62,0.0
20230808:1730,324.79,269.13,132.84,3.4,37.95,21.02,2.69,0.0
20230808:1830,191.93,135.09,111.04,2.15,27.16,20.4,2.62,0.0
20230808:1930,33.93,25.63,33.43,0.53,15.05,19.39,2.55,0.0
20230808:2030,1.72,0.0,9.76,0.1,2.17,18.02,2.41,0.0
20230808:2130,0.0,0.0,0.0,0.0,0.0,17.06,2.41,0.0
20230808:2230,0.0,0.0,0.0,0.0,0.0,16.28,2.14,0.0
20230808:2330,0.0,0.0,0.0,0.0,0.0,15.57,2.0,0.0
20230809:0030,0.0,0.0,0.0,0.0,0.0,14.97,1.86,0.0
20230809:0130,0.0,0.0,0.0,0.0,0.0,14.48,1.86,0.0
20230809:0230,0.0,0.0,0.0,0.0,0.0,14.21,1.59,0.0
20230809:0330,0.0,0.0,0.0,0.0,0.0,14.03,1.52,0.0
20230809:0430,0.0,0.0,0.0,0.0,0.0,13.73,1.31,0.0
20230809:0530,0.0,0.0,0.0,0.0,0.0,13.58,1.24,0.0
20230809:0630,0.0,0.0,0.0,0.0,0.0,13.49,1.1,0.0
20230809:0730,0.0,0.0,0.0,0.0,0.0,14.03,1.1,0.0
20230809:0830,0.0,0.0,0.0,0.0,0.0,13.83,1.03,0.0
20230809:0930,0.0,0.0,0.0,0.0,-0.95,13.65,1.03,0.0
20230809:1030,71.93,67.85,34.71,0.6,12.09,13.66,0.9,0.0
20230809:1130,152.61,93.91,99.5,1.49,24.45,14.28,1.31,0.0
20230809:1230,288.43,186.81,164.19,2.77,35.67,15.5,1.86,0.0
20230809:1330,354.72,186.89,246.67,3.66,44.87,17.44,2.62,0.0
20230809:1430,418.4,229.09,285.9,4.4,50.59,19.05,2.9,0.0
20230809:1530,418.78,251.22,268.0,4.46,51.26,20.5,2.69,0.0
20230809:1630,306.15,119.14,264.94,3.51,46.65,21.49,2.48,0.0
20230809:1730,279.93,143.62,208.33,3.15,38.14,21.66,2.34,0.0
20230809:1830,128.73,37.23,135.37,1.64,27.3,21.64,2.21,0.0
20230809:1930,92.44,75.51,61.4,1.19,15.16,21.57,2.41,0.0
20230809:2030,2.65,0.0,11.71,0.12,2.26,20.8,1.86,0.0
20230809:2130,0.0,0.0,0.0,0.0,0.0,19.58,1.31,0.0
20230809:2230,0.0,0.0,0.0,0.0,0.0,18.37,0.97,0.0
20230809:2330,0.0,0.0,0.0,0.0,0.0,17.39,0.76,0.0
20230810:0030,0.0,0.0,0.0,0.0,0.0,16.37,0.97,0.0
20230810:0130,0.0,0.0,0.0,0.0,0.0,15.58,1.1,0.0
20230810:0230,0.0,0.0,0.0,0.0,0.0,14.93,1.24,0.0
20230810:0330,0.0,0.0,0.0,0.0,0.0,14.27,1.38,0.0
20230810:0430,0.0,0.0,0.0,0.0,0.0,13.79,1.52,0.0
20230810:0530,0.0,0.0,0.0,0.0,0.0,13.34,1.59,0.0
20230810:0630,0.0,0.0,0.0,0.0,0.0,13.01,1.59,0.0
20230810:0730,0.0,0.0,0.0,0.0,0.0,12.72,1.66,0.0
20230810:0830,0.0,0.0,0.0,0.0,0.0,12.67,1.59,0.0
20230810:0930,0.0,0.0,0.0,0.0,-0.8,12.62,1.66,0.0
20230810:1030,169.79,153.05,64.07,1.17,12.25,12.7,1.52,0.0
20230810:1130,322.74,259.65,131.71,2.66,24.64,14.43,1.72,0.0
20230810:1230,492.56,422.9,176.4,4.34,35.9,16.54,2.62,0.0
20230810:1330,637.03,628.61,164.3,5.92,45.13,18.28,2.69,0.0
20230810:1430,664.86,639.89,201.55,6.56,50.88,20.0,2.55,0.0
20230810:1530,718.59,797.67,126.94,7.3,51.54,21.38,2.41,0.0
20230810:1630,648.27,712.81,119.46,6.72,46.88,22.85,2.28,0.0
20230810:1730,528.63,563.48,110.01,5.53,38.32,23.76,2.07,0.0
20230810:1830,306.81,294.78,98.7,3.31,27.45,24.15,1.86,0.0
20230810:1930,129.3,121.73,66.19,1.6,15.27,23.62,1.52,0.0
20230810:2030,5.32,17.17,10.9,0.24,2.34,22.72,0.97,0.0
20230810:2130,0.0,0.0,0.0,0.0,0.0,21.15,0.83,0.0
20230810:2230,0.0,0.0,0.0,0.0,0.0,19.39,0.97,0.0
20230810:2330,0.0,0.0,0.0,0.0,0.0,18.31,1.17,0.0
20230811:0030,0.0,0.0,0.0,0.0,0.0,17.5,1.24,0.0
20230811:0130,0.0,0.0,0.0,0.0,0.0,17.13,1.17,0.0
20230811:0230,0.0,0.0,0.0,0.0,0.0,16.53,1.24,0.0
20230811:0330,0.0,0.0,0.0,0.0,0.0,15.66,1.38,0.0
20230811:0430,0.0,0.0,0.0,0.0,0.0,14.91,1.52,0.0
20230811:0530,0.0,0.0,0.0,0.0,0.0,14.29,1.59,0.0
20230811:0630,0.0,0.0,0.0,0.0,0.0,13.79,1.59,0.0
20230811:0730,0.0,0.0,0.0,0.0,0.0,13.51,1.52,0.0
20230811:0830,0.0,0.0,0.0,0.0,0.0,13.08,1.52,0.0
20230811:0930,0.0,0.0,0.0,0.0,-0.65,12.71,1.52,0.0
20230811:1030,235.81,222.59,72.06,1.51,12.42,12.11,1.52,0.0
20230811:1130,452.86,451.39,103.48,3.51,24.84,15.38,1.38,0.0
20230811:1230,609.04,645.01,118.54,5.33,36.13,18.69,2.0,0.0
20230811:1330,703.78,776.36,126.28,6.67,45.4,20.61,2.21,0.0
20230811:1430,739.78,835.75,128.68,7.42,51.18,22.26,2.21,0.0
20230811:1530,722.82,820.52,126.29,7.49,51.83,23.72,2.21,0.0
20230811:1630,654.07,732.61,119.48,6.89,47.12,24.88,2.14,0.0
20230811:1730,534.5,580.56,107.9,5.67,38.51,25.67,2.07,0.0
20230811:1830,364.44,381.07,90.11,3.94,27.59,26.0,2.0,0.0
20230811:1930,157.8,167.13,62.23,1.94,15.38,25.65,1.38,0.0
20230811:2030,5.51,19.17,10.73,0.26,2.43,24.77,0.41,0.0
20230811:2130,0.0,0.0,0.0,0.0,0.0,22.89,0.41,0.0
20230811:2230,0.0,0.0,0.0,0.0,0.0,21.04,0.83,0.0
20230811:2330,0.0,0.0,0.0,0.0,0.0,19.88,0.9,0.0
20230812:0030,0.0,0.0,0.0,0.0,0.0,19.96,0.62,0.0
20230812:0130,0.0,0.0,0.0,0.0,0.0,19.75,0.28,0.0
20230812:0230,0.0,0.0,0.0,0.0,0.0,19.05,0.07,0.0
20230812:0330,0.0,0.0,0.0,0.0,0.0,18.45,0.14,0.0
20230812:0430,0.0,0.0,0.0,0.0,0.0,17.97,0.28,0.0
20230812:0530,0.0,0.0,0.0,0.0,0.0,17.51,0.48,0.0
20230812:0630,0.0,0.0,0.0,0.0,0.0,16.92,0.55,0.0
20230812:0730,0.0,0.0,0.0,0.0,0.0,15.71,0.48,0.0
20230812:0830,0.0,0.0,0.0,0.0,0.0,15.46,0.62,0.0
20230812:0930,0.0,0.0,0.0,0.0,-0.5,15.09,0.69,0.0
20230812:1030,230.54,220.71,72.55,1.52,12.59,14.94,0.76,0.0
20230812:1130,442.98,452.12,101.74,3.52,25.04,17.51,0.55,0.0
20230812:1230,584.32,632.18,122.03,5.29,36.36,21.67,0.97,0.0
20230812:1330,675.38,762.97,130.92,6.64,45.67,23.6,1.17,0.0
20230812:1430,700.29,781.46,158.41,7.28,51.48,25.11,1.24,0.0
20230812:1530,645.58,675.07,186.62,6.91,52.12,26.21,1.24,0.0
20230812:1630,579.64,597.67,166.8,6.26,47.36,26.79,1.31,0.0
20230812:1730,428.97,395.11,159.36,4.66,38.7,27.24,1.59,0.0
20230812:1830,203.44,144.76,124.08,2.37,27.73,26.98,1.72,0.0
20230812:1930,85.5,53.15,73.97,1.15,15.49,22.96,1.86,0.0
20230812:2030,3.71,6.35,11.63,0.17,2.51,21.41,1.93,0.0
20230812:2130,0.0,0.0,0.0,0.0,0.0,19.62,2.14,0.0
20230812:2230,0.0,0.0,0.0,0.0,0.0,18.36,2.0,0.0
20230812:2330,0.0,0.0,0.0,0.0,0.0,17.16,1.38,0.0
20230813:0030,0.0,0.0,0.0,0.0,0.0,16.57,0.9,0.0
20230813:0130,0.0,0.0,0.0,0.0,0.0,16.01,0.62,0.0
20230813:0230,0.0,0.0,0.0,0.0,0.0,15.87,0.62,0.0
20230813:0330,0.0,0.0,0.0,0.0,0.0,15.78,0.34,0.0
20230813:0430,0.0,0.0,0.0,0.0,0.0,15.32,0.62,0.0
20230813:0530,0.0,0.0,0.0,0.0,0.0,14.34,0.83,0.0
20230813:0630,0.0,0.0,0.0,0.0,0.0,14.62,0.69,0.0
20230813:0730,0.0,0.0,0.0,0.0,0.0,14.6,0.28,0.0
20230813:0830,0.0,0.0,0.0,0.0,0.0,14.26,0.55,0.0
20230813:0930,0.0,0.0,0.0,0.0,-0.34,13.67,0.83,0.0
20230813:1030,138.03,90.02,89.76,1.18,12.77,13.22,0.97,0.0
20230813:1130,330.67,258.56,146.28,2.81,25.24,15.39,1.1,0.0
20230813:1230,483.12,442.19,151.28,4.3,36.6,17.3,1.79,0.0
20230813:1330,425.22,316.82,207.58,4.2,45.95,18.78,1.86,0.0
20230813:1430,452.13,341.65,218.52,4.6,51.78,19.48,1.93,0.0
20230813:1530,377.23,252.28,215.92,4.01,52.41,20.07,1.72,0.0
20230813:1630,285.63,167.04,189.52,3.16,47.61,20.39,1.66,0.0
20230813:1730,209.05,101.9,163.4,2.42,38.88,20.39,1.86,0.0
20230813:1830,128.47,42.8,128.29,1.62,27.88,20.03,2.07,0.0
20230813:1930,43.08,3.97,64.64,0.68,15.6,19.83,1.79,0.0
20230813:2030,1.96,4.31,8.89,0.13,2.6,18.77,1.93,0.0
20230813:2130,0.0,0.0,0.0,0.0,0.0,17.79,1.86,0.0
20230813:2230,0.0,0.0,0.0,0.0,0.0,17.08,1.72,0.0
20230813:2330,0.0,0.0,0.0,0.0,0.0,16.46,1.66,0.0
20230814:0030,0.0,0.0,0.0,0.0,0.0,16.07,1.59,0.0
20230814:0130,0.0,0.0,0.0,0.0,0.0,15.73,1.52,0.0
20230814:0230,0.0,0.0,0.0,0.0,0.0,15.48,1.45,0.0
20230814:0330,0.0,0.0,0.0,0.0,0.0,15.09,1.24,0.0
20230814:0430,0.0,0.0,0.0,0.0,0.0,14.74,1.1,0.0
20230814:0530,0.0,0.0,0.0,0.0,0.0,14.36,1.03,0.0
20230814:0630,0.0,0.0,0.0,0.0,0.0,14.25,0.97,0.0
20230814:0730,0.0,0.0,0.0,0.0,0.0,14.15,0.83,0.0
20230814:0830,0.0,0.0,0.0,0.0,0.0,14.14,0.83,0.0
20230814:0930,0.0,0.0,0.0,0.0,-0.18,14.26,0.83,0.0
20230814:1030,70.04,38.86,61.06,0.75,12.95,14.24,0.83,0.0
20230814:1130,159.3,55.82,147.1,1.75,25.45,15.01,1.1,0.0
20230814:1230,250.32,105.0,205.86,2.69,36.84,16.48,1.03,0.0
20230814:1330,364.24,147.52,304.99,3.98,46.23,18.06,1.38,0.0
20230814:1430,283.21,66.4,290.54,3.36,52.08,19.65,1.24,0.0
20230814:1530,213.24,38.52,234.88,2.63,52.7,20.1,0.69,0.0
20230814:1630,299.47,135.92,243.0,3.44,47.85,20.28,0.34,0.0
20230814:1730,255.62,109.13,217.41,3.0,39.07,20.89,0.14,0.0
20230814:1830,135.5,28.18,153.51,1.75,28.02,21.15,0.14,0.0
20230814:1930,59.54,16.81,73.85,0.87,15.71,20.18,0.41,0.0
20230814:2030,4.08,1.49,13.83,0.15,2.68,19.45,0.62,0.0
20230814:2130,0.0,0.0,0.0,0.0,0.0,18.71,1.03,0.0
20230814:2230,0.0,0.0,0.0,0.0,0.0,17.76,1.1,0.0
20230814:2330,0.0,0.0,0.0,0.0,0.0,16.83,1.1,0.0
20230815:0030,0.0,0.0,0.0,0.0,0.0,15.98,1.1,0.0
20230815:0130,0.0,0.0,0.0,0.0,0.0,15.4,0.97,0.0
20230815:0230,0.0,0.0,0.0,0.0,0.0,15.31,0.83,0.0
20230815:0330,0.0,0.0,0.0,0.0,0.0,15.21,0.69,0.0
20230815:0430,0.0,0.0,0.0,0.0,0.0,15.02,0.55,0.0
20230815:0530,0.0,0.0,0.0,0.0,0.0,14.87,0.48,0.0
20230815:0630,0.0,0.0,0.0,0.0,0.0,14.76,0.34,0.0
20230815:0730,0.0,0.0,0.0,0.0,0.0,14.79,0.28,0.0
20230815:0830,0.0,0.0,0.0,0.0,0.0,14.62,0.48,0.0
20230815:0930,0.0,0.0,0.0,0.0,-0.02,14.47,0.48,0.0
20230815:1030,101.24,57.24,79.94,0.99,13.14,14.41,0.55,0.0
20230815:1130,353.96,307.63,129.06,2.96,25.66,16.27,0.62,0.0
20230815:1230,432.62,386.75,149.5,3.96,37.09,18.18,0.97,0.0
20230815:1330,544.79,476.73,213.68,5.37,46.51,19.47,1.03,0.0
20230815:1430,542.69,482.37,211.24,5.58,52.4,20.59,0.83,0.0
20230815:1530,535.73,475.63,211.58,5.66,53.0,21.24,0.76,0.0
20230815:1630,466.02,392.96,201.45,5.02,48.1,21.92,0.69,0.0
20230815:1730,405.51,342.29,173.33,4.41,39.26,22.07,0.62,0.0
20230815:1830,321.02,292.93,118.14,3.54,28.16,21.13,0.34,0.0
20230815:1930,117.82,82.15,87.21,1.53,15.81,22.06,0.69,0.0
20230815:2030,6.54,6.7,16.46,0.23,2.76,21.31,0.62,0.0
20230815:2130,0.0,0.0,0.0,0.0,0.0,19.7,0.48,0.0
20230815:2230,0.0,0.0,0.0,0.0,0.0,18.63,0.69,0.0
20230815:2330,0.0,0.0,0.0,0.0,0.0,17.36,0.9,0.0
20230816:0030,0.0,0.0,0.0,0.0,0.0,16.4,0.97,0.0
20230816:0130,0.0,0.0,0.0,0.0,0.0,15.71,0.97,0.0
20230816:0230,0.0,0.0,0.0,0.0,0.0,15.33,0.9,0.0
20230816:0330,0.0,0.0,0.0,0.0,0.0,15.51,0.69,0.0
20230816:0430,0.0,0.0,0.0,0.0,0.0,15.48,0.55,0.0
20230816:0530,0.0,0.0,0.0,0.0,0.0,15.39,0.55,0.0
20230816:0630,0.0,0.0,0.0,0.0,0.0,15.23,0.48,0.0
20230816:0730,0.0,0.0,0.0,0.0,0.0,15.16,0.55,0.0
20230816:0830,0.0,0.0,0.0,0.0,0.0,14.8,0.62,0.0
20230816:0930,1.31,0.0,8.8,0.09,0.15,14.6,0.69,0.0
20230816:1030,64.43,33.95,59.37,0.72,13.33,14.67,0.62,0.0
20230816:1130,222.98,141.6,136.5,2.12,25.88,16.22,0.76,0.0
20230816:1230,425.84,301.98,224.33,4.08,37.34,17.83,1.45,0.0
20230816:1330,518.24,394.58,256.54,5.19,46.8,19.47,1.52,0.0
20230816:1430,415.64,273.52,248.19,4.42,52.71,20.84,1.31,0.0
20230816:1530,552.57,446.18,261.97,5.9,53.3,21.57,1.24,0.0
20230816:1630,456.09,334.09,245.37,4.98,48.34,22.17,1.17,0.0
20230816:1730,392.43,330.05,166.3,4.27,39.45,22.46,1.1,0.0
20230816:1830,257.72,184.74,146.67,2.94,28.3,22.64,1.1,0.0
20230816:1930,105.97,63.27,89.58,1.41,15.92,22.05,1.1,0.0
20230816:2030,5.83,6.5,15.38,0.22,2.84,21.47,0.83,0.0
20230816:2130,0.0,0.0,0.0,0.0,0.0,20.02,0.62,0.0
20230816:2230,0.0,0.0,0.0,0.0,0.0,18.77,0.76,0.0
20230816:2330,0.0,0.0,0.0,0.0,0.0,17.8,0.9,0.0
20230817:0030,0.0,0.0,0.0,0.0,0.0,17.09,0.97,0.0
20230817:0130,0.0,0.0,0.0,0.0,0.0,16.35,1.03,0.0
20230817:0230,0.0,0.0,0.0,0.0,0.0,15.84,1.03,0.0
20230817:0330,0.0,0.0,0.0,0.0,0.0,15.14,1.1,0.0
20230817:0430,0.0,0.0,0.0,0.0,0.0,14.49,1.1,0.0
20230817:0530,0.0,0.0,0.0,0.0,0.0,13.93,1.1,0.0
20230817:0630,0.0,0.0,0.0,0.0,0.0,13.57,1.03,0.0
20230817:0730,0.0,0.0,0.0,0.0,0.0,13.06,1.24,0.0
20230817:0830,0.0,0.0,0.0,0.0,0.0,12.73,1.17,0.0
20230817:0930,0.85,0.0,7.74,0.08,0.32,12.81,1.03,0.0
20230817:1030,193.77,170.67,75.11,1.4,13.52,13.01,0.9,0.0
20230817:1130,408.38,380.37,120.76,3.34,26.1,15.5,0.97,0.0
20230817:1230,521.88,480.03,166.15,4.74,37.59,17.86,1.79,0.0
20230817:1330,643.83,631.8,182.71,6.23,47.09,19.18,2.0,0.0
20230817:1430,556.22,453.11,247.63,5.71,53.03,20.79,2.14,0.0
20230817:1530,462.91,354.45,225.37,4.9,53.6,21.81,2.14,0.0
20230817:1630,272.85,123.42,221.22,3.15,48.59,22.23,2.0,0.0
20230817:1730,257.68,154.19,171.02,2.92,39.63,21.95,1.93,0.0
20230817:1830,238.0,185.89,118.51,2.69,28.44,21.86,1.79,0.0
20230817:1930,92.06,75.6,61.57,1.25,16.03,22.15,1.79,0.0
20230817:2030,3.22,7.65,10.47,0.19,2.92,21.32,1.24,0.0
20230817:2130,0.0,0.0,0.0,0.0,0.0,20.23,1.03,0.0
20230817:2230,0.0,0.0,0.0,0.0,0.0,19.11,1.1,0.0
20230817:2330,0.0,0.0,0.0,0.0,0.0,18.05,1.17,0.0
20230818:0030,0.0,0.0,0.0,0.0,0.0,17.19,1.17,0.0
20230818:0130,0.0,0.0,0.0,0.0,0.0,16.88,1.1,0.0
20230818:0230,0.0,0.0,0.0,0.0,0.0,16.58,1.1,0.0
20230818:0330,0.0,0.0,0.0,0.0,0.0,16.22,1.03,0.0
20230818:0430,0.0,0.0,0.0,0.0,0.0,15.74,1.1,0.0
20230818:0530,0.0,0.0,0.0,0.0,0.0,15.22,1.1,0.0
20230818:0630,0.0,0.0,0.0,0.0,0.0,14.8,1.1,0.0
20230818:0730,0.0,0.0,0.0,0.0,0.0,14.18,1.24,0.0
20230818:0830,0.0,0.0,0.0,0.0,0.0,13.82,1.24,0.0
20230818:0930,1.33,0.0,8.8,0.09,0.5,13.35,1.31,0.0
20230818:1030,239.44,222.13,78.24,1.66,13.72,13.41,1.24,0.0
20230818:1130,455.17,453.39,108.64,3.7,26.32,16.5,1.17,0.0
20230818:1230,608.14,647.69,116.75,5.48,37.85,19.11,1.93,0.0
20230818:1330,699.3,756.03,139.09,6.78,47.39,20.57,2.28,0.0
20230818:1430,748.57,841.82,129.04,7.62,53.36,21.93,2.48,0.0
20230818:1530,690.72,727.93,161.07,7.21,53.91,23.28,2.83,0.0
20230818:1630,578.85,549.45,188.43,6.17,48.84,24.07,2.69,0.0
20230818:1730,436.62,378.04,174.13,4.75,39.82,24.44,2.48,0.0
20230818:1830,289.3,240.49,130.7,3.26,28.58,24.42,2.28,0.0
20230818:1930,130.1,123.67,65.76,1.7,16.13,24.14,2.62,0.0
20230818:2030,5.37,17.39,11.48,0.31,3.0,23.31,2.14,0.0
20230818:2130,0.0,0.0,0.0,0.0,0.0,21.86,1.72,0.0
20230818:2230,0.0,0.0,0.0,0.0,0.0,20.27,1.66,0.0
20230818:2330,0.0,0.0,0.0,0.0,0.0,18.86,1.59,0.0
20230819:0030,0.0,0.0,0.0,0.0,0.0,17.69,1.59,0.0
20230819:0130,0.0,0.0,0.0,0.0,0.0,16.83,1.52,0.0
20230819:0230,0.0,0.0,0.0,0.0,0.0,16.22,1.52,0.0
20230819:0330,0.0,0.0,0.0,0.0,0.0,15.74,1.59,0.0
20230819:0430,0.0,0.0,0.0,0.0,0.0,15.32,1.66,0.0
20230819:0530,0.0,0.0,0.0,0.0,0.0,15.0,1.72,0.0
20230819:0630,0.0,0.0,0.0,0.0,0.0,14.77,1.66,0.0
20230819:0730,0.0,0.0,0.0,0.0,0.0,14.22,1.79,0.0
20230819:0830,0.0,0.0,0.0,0.0,0.0,13.98,1.72,0.0
20230819:0930,1.38,0.0,8.94,0.09,0.68,13.95,1.59,0.0
20230819:1030,220.56,202.79,75.78,1.57,13.91,14.39,1.45,0.0
20230819:1130,410.2,385.95,119.82,3.4,26.55,17.24,1.31,0.0
20230819:1230,555.43,550.08,144.88,5.06,38.11,19.89,2.07,0.0
20230819:1330,650.3,638.56,181.52,6.3,47.69,21.17,3.1,0.0
20230819:1430,634.44,626.11,170.89,6.36,53.68,22.23,3.66,0.0
20230819:1530,449.54,367.97,188.31,4.68,54.22,22.74,3.86,0.0
20230819:1630,435.06,369.48,169.85,4.6,49.09,22.92,3.59,0.0
20230819:1730,183.74,77.78,159.81,2.22,40.01,23.37,3.38,0.0
20230819:1830,222.21,175.39,110.11,2.55,28.72,22.98,2.69,0.0
20230819:1930,99.15,89.96,57.95,1.35,16.23,23.49,2.76,0.0
20230819:2030,3.27,10.76,9.76,0.22,3.08,22.47,2.14,0.0
20230819:2130,0.0,0.0,0.0,0.0,0.0,21.03,1.66,0.0
20230819:2230,0.0,0.0,0.0,0.0,0.0,19.46,1.38,0.0
20230819:2330,0.0,0.0,0.0,0.0,0.0,18.22,1.1,0.0
20230820:0030,0.0,0.0,0.0,0.0,0.0,17.61,0.97,0.0
20230820:0130,0.0,0.0,0.0,0.0,0.0,17.17,0.83,0.0
20230820:0230,0.0,0.0,0.0,0.0,0.0,16.81,0.83,0.0
20230820:0330,0.0,0.0,0.0,0.0,0.0,16.59,0.76,0.0
20230820:0430,0.0,0.0,0.0,0.0,0.0,16.93,0.55,0.0
20230820:0530,0.0,0.0,0.0,0.0,0.0,16.52,0.55,0.0
20230820:0630,0.0,0.0,0.0,0.0,0.0,15.5,0.76,0.0
20230820:0730,0.0,0.0,0.0,0.0,0.0,15.2,0.55,0.0
20230820:0830,0.0,0.0,0.0,0.0,0.0,14.94,0.48,0.0
20230820:0930,1.57,0.0,9.36,0.1,0.86,14.64,0.48,0.0
20230820:1030,159.39,126.21,80.36,1.3,14.12,14.37,0.21,0.0
20230820:1130,284.58,201.73,149.6,2.6,26.78,16.0,0.69,0.0
20230820:1230,328.45,232.61,171.74,3.21,38.37,17.97,1.38,0.0
20230820:1330,284.91,152.15,201.33,3.06,48.0,19.05,1.79,0.0
20230820:1430,527.03,409.24,247.68,5.43,54.01,19.28,2.07,0.0
20230820:1530,527.05,406.8,255.79,5.6,54.53,20.83,2.07,0.0
20230820:1630,535.17,473.53,200.68,5.71,49.34,21.46,2.07,0.0
20230820:1730,505.13,497.9,137.67,5.43,40.2,22.08,2.21,0.0
20230820:1830,187.66,79.02,165.01,2.29,28.85,22.43,2.21,0.0
20230820:1930,86.2,24.02,99.07,1.19,16.34,19.03,1.66,0.0
20230820:2030,6.82,0.31,18.77,0.19,3.16,18.73,1.59,0.0
20230820:2130,0.0,0.0,0.0,0.0,0.0,18.03,1.38,0.0
20230820:2230,0.0,0.0,0.0,0.0,0.0,17.16,1.31,0.0
20230820:2330,0.0,0.0,0.0,0.0,0.0,16.44,1.31,0.0
20230821:0030,0.0,0.0,0.0,0.0,0.0,15.78,1.31,0.0
20230821:0130,0.0,0.0,0.0,0.0,0.0,15.19,1.31,0.0
20230821:0230,0.0,0.0,0.0,0.0,0.0,14.69,1.17,0.0
20230821:0330,0.0,0.0,0.0,0.0,0.0,14.09,1.1,0.0
20230821:0430,0.0,0.0,0.0,0.0,0.0,13.56,1.03,0.0
20230821:0530,0.0,0.0,0.0,0.0,0.0,13.31,0.83,0.0
20230821:0630,0.0,0.0,0.0,0.0,0.0,13.08,0.83,0.0
20230821:0730,0.0,0.0,0.0,0.0,0.0,12.72,0.97,0.0
20230821:0830,0.0,0.0,0.0,0.0,0.0,12.23,1.03,0.0
20230821:0930,3.28,0.0,12.54,0.13,1.05,11.79,1.17,0.0
20230821:1030,174.21,113.82,106.58,1.48,14.32,11.86,1.17,0.0
20230821:1130,458.73,437.41,124.56,3.78,27.01,14.63,1.1,0.0
20230821:1230,626.44,667.21,121.53,5.72,38.64,17.6,1.52,0.0
20230821:1330,717.9,802.88,125.7,7.08,48.3,19.59,1.59,0.0
20230821:1430,753.62,861.36,127.73,7.83,54.35,21.26,1.72,0.0
20230821:1530,738.12,845.58,123.09,7.88,54.85,22.62,1.93,0.0
20230821:1630,538.94,510.67,171.19,5.76,49.59,23.54,2.55,0.0
20230821:1730,469.09,446.09,144.92,5.09,40.38,23.66,2.55,0.0
20230821:1830,305.98,286.6,103.94,3.44,28.99,23.82,2.41,0.0
20230821:1930,108.62,78.02,80.45,1.48,16.44,23.53,2.07,0.0
20230821:2030,4.4,14.23,10.95,0.3,3.24,22.78,1.03,0.0
20230821:2130,0.0,0.0,0.0,0.0,0.0,21.42,0.41,0.0
20230821:2230,0.0,0.0,0.0,0.0,0.0,20.63,0.48,0.0
20230821:2330,0.0,0.0,0.0,0.0,0.0,19.69,0.62,0.0
20230822:0030,0.0,0.0,0.0,0.0,0.0,19.16,0.55,0.0
20230822:0130,0.0,0.0,0.0,0.0,0.0,18.65,0.21,0.0
20230822:0230,0.0,0.0,0.0,0.0,0.0,18.11,0.14,0.0
20230822:0330,0.0,0.0,0.0,0.0,0.0,17.55,0.21,0.0
20230822:0430,0.0,0.0,0.0,0.0,0.0,17.05,0.28,0.0
20230822:0530,0.0,0.0,0.0,0.0,0.0,16.51,0.41,0.0
20230822:0630,0.0,0.0,0.0,0.0,0.0,15.84,0.62,0.0
20230822:0730,0.0,0.0,0.0,0.0,0.0,14.75,0.69,0.0
20230822:0830,0.0,0.0,0.0,0.0,0.0,13.74,0.83,0.0
20230822:0930,2.32,0.0,10.78,0.11,1.24,12.88,1.03,0.0
20230822:1030,272.03,260.03,78.03,1.89,14.53,12.3,1.03,0.0
20230822:1130,484.42,494.86,105.1,4.0,27.24,15.8,0.9,0.0
20230822:1230,635.69,688.51,118.8,5.86,38.91,19.3,1.66,0.0
20230822:1330,729.61,818.61,125.86,7.22,48.62,21.15,2.14,0.0
20230822:1430,763.97,875.19,127.92,7.96,54.69,22.62,2.21,0.0
20230822:1530,743.37,854.97,125.28,8.0,55.16,23.92,2.14,0.0
20230822:1630,672.46,760.44,118.15,7.35,49.84,25.01,2.21,0.0
20230822:1730,550.42,601.89,106.62,6.06,40.57,25.66,2.28,0.0
20230822:1830,376.67,393.55,91.84,4.26,29.13,25.85,2.41,0.0
20230822:1930,164.72,175.84,62.94,2.18,16.54,25.48,2.62,0.0
20230822:2030,5.17,17.76,11.47,0.37,3.31,24.43,2.0,0.0
20230822:2130,0.0,0.0,0.0,0.0,0.0,22.53,1.52,0.0
20230822:2230,0.0,0.0,0.0,0.0,0.0,20.48,1.52,0.0
20230822:2330,0.0,0.0,0.0,0.0,0.0,18.62,1.59,0.0
20230823:0030,0.0,0.0,0.0,0.0,0.0,17.46,1.59,0.0
20230823:0130,0.0,0.0,0.0,0.0,0.0,16.62,1.52,0.0
20230823:0230,0.0,0.0,0.0,0.0,0.0,15.89,1.52,0.0
20230823:0330,0.0,0.0,0.0,0.0,0.0,15.36,1.59,0.0
20230823:0430,0.0,0.0,0.0,0.0,0.0,14.97,1.59,0.0
20230823:0530,0.0,0.0,0.0,0.0,0.0,14.64,1.59,0.0
20230823:0630,0.0,0.0,0.0,0.0,0.0,14.37,1.52,0.0
20230823:0730,0.0,0.0,0.0,0.0,0.0,13.92,1.66,0.0
20230823:0830,0.0,0.0,0.0,0.0,0.0,13.68,1.59,0.0
20230823:0930,2.52,0.0,11.2,0.12,1.43,13.54,1.52,0.0
20230823:1030,274.68,264.67,77.85,1.93,14.74,13.75,1.45,0.0
20230823:1130,484.9,498.65,104.57,4.05,27.48,17.23,1.1,0.0
20230823:1230,629.88,691.84,117.61,5.9,39.19,21.43,1.59,0.0
20230823:1330,720.03,821.58,124.54,7.26,48.93,23.66,2.0,0.0
20230823:1430,756.62,877.42,126.8,7.99,55.03,25.41,2.41,0.0
20230823:1530,742.88,856.8,124.35,8.03,55.48,26.7,2.97,0.0
20230823:1630,670.5,761.73,117.4,7.37,50.09,27.56,2.9,0.0
20230823:1730,551.5,609.89,105.87,6.14,40.75,28.07,2.69,0.0
20230823:1830,371.51,395.35,88.59,4.27,29.26,28.24,2.55,0.0
20230823:1930,155.75,164.08,65.16,2.11,16.64,28.19,2.62,0.0
20230823:2030,4.8,16.46,11.43,0.36,3.39,27.14,1.72,0.0
20230823:2130,0.0,0.0,0.0,0.0,0.0,24.58,1.38,0.0
20230823:2230,0.0,0.0,0.0,0.0,0.0,22.49,1.38,0.0
20230823:2330,0.0,0.0,0.0,0.0,0.0,20.83,1.38,0.0
20230824:0030,0.0,0.0,0.0,0.0,0.0,19.74,1.45,0.0
20230824:0130,0.0,0.0,0.0,0.0,0.0,18.83,1.45,0.0
20230824:0230,0.0,0.0,0.0,0.0,0.0,17.88,1.52,0.0
20230824:0330,0.0,0.0,0.0,0.0,0.0,17.26,1.52,0.0
20230824:0430,0.0,0.0,0.0,0.0,0.0,16.86,1.45,0.0
20230824:0530,0.0,0.0,0.0,0.0,0.0,16.45,1.45,0.0
20230824:0630,0.0,0.0,0.0,0.0,0.0,16.04,1.52,0.0
20230824:0730,0.0,0.0,0.0,0.0,0.0,15.73,1.45,0.0
20230824:0830,0.0,0.0,0.0,0.0,0.0,15.54,1.38,0.0
20230824:0930,2.49,0.0,11.2,0.12,1.63,15.33,1.38,0.0
20230824:1030,262.36,248.43,82.27,1.91,14.96,15.73,1.31,0.0
20230824:1130,454.16,455.5,113.71,3.87,27.72,19.19,1.03,0.0
20230824:1230,600.79,648.2,128.14,5.7,39.46,23.36,1.59,0.0
20230824:1330,675.76,736.66,152.73,6.88,49.25,25.61,2.07,0.0
20230824:1430,668.35,722.15,156.57,7.06,55.38,27.15,2.55,0.0
20230824:1530,629.98,659.09,160.61,6.78,55.8,28.24,3.31,0.0
20230824:1630,606.47,648.28,136.41,6.63,50.35,28.8,3.79,0.0
20230824:1730,485.01,484.0,138.53,5.4,40.94,29.35,4.0,0.0
20230824:1830,328.22,313.46,113.96,3.81,29.4,29.42,3.66,0.0
20230824:1930,126.27,129.08,60.39,1.77,16.74,29.07,3.38,0.0
20230824:2030,4.71,11.68,12.69,0.31,3.46,27.85,2.34,0.0
20230824:2130,0.0,0.0,0.0,0.0,0.0,25.78,1.72,0.0
20230824:2230,0.0,0.0,0.0,0.0,0.0,23.35,1.38,0.0
20230824:2330,0.0,0.0,0.0,0.0,0.0,22.54,1.17,0.0
20230825:0030,0.0,0.0,0.0,0.0,0.0,22.26,1.03,0.0
20230825:0130,0.0,0.0,0.0,0.0,0.0,21.86,0.97,0.0
20230825:0230,0.0,0.0,0.0,0.0,0.0,21.05,0.97,0.0
20230825:0330,0.0,0.0,0.0,0.0,0.0,20.18,1.03,0.0
20230825:0430,0.0,0.0,0.0,0.0,0.0,20.38,0.83,0.0
20230825:0530,0.0,0.0,0.0,0.0,0.0,20.21,0.69,0.0
20230825:0630,0.0,0.0,0.0,0.0,0.0,19.16,0.62,0.0
20230825:0730,0.0,0.0,0.0,0.0,0.0,18.28,1.03,0.0
20230825:0830,0.0,0.0,0.0,0.0,0.0,17.97,0.83,0.0
20230825:0930,3.08,0.0,12.4,0.13,1.83,17.76,0.76,0.0
20230825:1030,235.26,223.28,78.99,1.78,15.18,18.07,0.55,0.0
20230825:1130,378.55,351.57,126.34,3.35,27.97,19.67,0.14,0.0
20230825:1230,569.95,610.14,135.93,5.53,39.74,22.39,0.34,0.0
20230825:1330,676.96,779.08,127.21,7.01,49.57,24.15,0.83,0.0
20230825:1430,713.33,818.68,134.75,7.65,55.73,25.68,1.66,0.0
20230825:1530,705.84,787.15,144.9,7.69,56.13,26.69,2.55,0.0
20230825:1630,597.93,642.53,129.03,6.54,50.6,27.41,3.17,0.0
20230825:1730,398.84,379.84,126.13,4.43,41.12,27.66,3.66,0.0
20230825:1830,268.66,248.71,99.38,3.13,29.53,27.43,3.66,0.0
20230825:1930,124.99,118.02,66.87,1.74,16.83,26.49,3.1,0.0
20230825:2030,3.14,10.49,10.04,0.27,3.54,24.58,2.34,0.0
20230825:2130,0.0,0.0,0.0,0.0,0.0,22.44,1.86,0.0
20230825:2230,0.0,0.0,0.0,0.0,0.0,20.85,1.79,0.0
20230825:2330,0.0,0.0,0.0,0.0,0.0,19.82,1.66,0.0
20230826:0030,0.0,0.0,0.0,0.0,0.0,19.0,1.45,0.0
20230826:0130,0.0,0.0,0.0,0.0,0.0,18.14,1.45,0.0
20230826:0230,0.0,0.0,0.0,0.0,0.0,17.58,1.38,0.0
20230826:0330,0.0,0.0,0.0,0.0,0.0,17.11,1.38,0.0
20230826:0430,0.0,0.0,0.0,0.0,0.0,16.69,1.31,0.0
20230826:0530,0.0,0.0,0.0,0.0,0.0,16.27,1.52,0.0
20230826:0630,0.0,0.0,0.0,0.0,0.0,15.85,1.45,0.0
20230826:0730,0.0,0.0,0.0,0.0,0.0,15.44,1.59,0.0
20230826:0830,0.0,0.0,0.0,0.0,0.0,15.05,1.45,0.0
20230826:0930,0.0,0.0,5.12,0.05,2.03,14.62,1.52,0.0
20230826:1030,45.86,35.09,35.48,0.53,15.4,14.45,1.59,0.0
20230826:1130,96.37,34.6,94.64,1.15,28.22,14.49,1.52,0.0
20230826:1230,237.04,178.4,110.32,2.33,40.02,14.72,1.59,0.0
20230826:1330,273.21,167.25,165.9,2.86,49.9,15.31,1.45,0.0
20230826:1430,366.51,238.89,207.42,3.86,56.08,15.96,1.52,0.0
20230826:1530,316.86,203.06,184.54,3.43,56.45,16.78,1.45,0.0
20230826:1630,105.02,28.3,112.28,1.35,50.85,16.83,1.59,0.0
20230826:1730,79.11,4.01,106.27,1.1,41.3,15.65,1.72,0.0
20230826:1830,14.25,0.0,29.61,0.3,29.66,15.02,1.93,0.0
20230826:1930,16.73,0.51,32.38,0.33,16.93,13.17,1.86,0.0
20230826:2030,0.0,0.0,5.33,0.05,3.61,12.89,1.93,0.0
20230826:2130,0.0,0.0,0.0,0.0,0.0,12.49,1.79,0.0
20230826:2230,0.0,0.0,0.0,0.0,0.0,12.23,1.72,0.0
20230826:2330,0.0,0.0,0.0,0.0,0.0,11.96,1.79,0.0
20230827:0030,0.0,0.0,0.0,0.0,0.0,11.84,1.66,0.0
20230827:0130,0.0,0.0,0.0,0.0,0.0,11.59,1.59,0.0
20230827:0230,0.0,0.0,0.0,0.0,0.0,11.46,1.66,0.0
20230827:0330,0.0,0.0,0.0,0.0,0.0,11.3,1.66,0.0
20230827:0430,0.0,0.0,0.0,0.0,0.0,11.19,1.66,0.0
20230827:0530,0.0,0.0,0.0,0.0,0.0,11.01,1.66,0.0
20230827:0630,0.0,0.0,0.0,0.0,0.0,10.94,1.59,0.0
20230827:0730,0.0,0.0,0.0,0.0,0.0,10.57,1.79,0.0
20230827:0830,0.0,0.0,0.0,0.0,0.0,10.39,1.72,0.0
20230827:0930,0.0,0.0,3.96,0.04,2.23,10.29,1.72,0.0
20230827:1030,24.02,1.22,40.87,0.41,15.62,10.4,1.59,0.0
20230827:1130,93.25,63.18,59.69,1.0,28.47,10.84,1.59,0.0
20230827:1230,104.12,23.85,112.76,1.29,40.31,11.52,1.59,0.0
20230827:1330,114.3,3.14,146.24,1.48,50.22,12.13,1.72,0.0
20230827:1430,112.3,0.0,147.43,1.47,56.43,12.57,1.86,0.0
20230827:1530,107.06,3.63,137.7,1.4,56.78,12.71,1.86,0.0
20230827:1630,61.37,16.46,71.11,0.85,51.11,12.63,1.66,0.0
20230827:1730,58.66,18.83,65.43,0.81,41.48,12.33,1.72,0.0
20230827:1830,26.55,0.0,45.61,0.46,29.79,12.13,1.59,0.0
20230827:1930,12.78,0.0,27.18,0.27,17.02,11.49,1.59,0.0
20230827:2030,0.0,0.0,3.9,0.04,3.68,11.11,1.72,0.0
20230827:2130,0.0,0.0,0.0,0.0,0.0,10.79,1.59,0.0
20230827:2230,0.0,0.0,0.0,0.0,0.0,10.56,1.52,0.0
20230827:2330,0.0,0.0,0.0,0.0,0.0,10.42,1.45,0.0
20230828:0030,0.0,0.0,0.0,0.0,0.0,10.29,1.45,0.0
20230828:0130,0.0,0.0,0.0,0.0,0.0,10.37,1.38,0.0
20230828:0230,0.0,0.0,0.0,0.0,0.0,10.32,1.24,0.0
20230828:0330,0.0,0.0,0.0,0.0,0.0,10.37,1.1,0.0
20230828:0430,0.0,0.0,0.0,0.0,0.0,10.38,1.1,0.0
20230828:0530,0.0,0.0,0.0,0.0,0.0,10.38,1.03,0.0
20230828:0630,0.0,0.0,0.0,0.0,0.0,10.37,1.03,0.0
20230828:0730,0.0,0.0,0.0,0.0,0.0,10.14,1.24,0.0
20230828:0830,0.0,0.0,0.0,0.0,0.0,10.13,1.31,0.0
20230828:0930,0.0,0.0,3.92,0.04,2.44,10.18,1.24,0.0
20230828:1030,9.8,0.52,22.3,0.23,15.85,10.22,1.31,0.0
20230828:1130,45.82,0.64,68.34,0.69,28.72,10.39,1.38,0.0
20230828:1230,76.21,7.63,96.93,1.02,40.6,10.74,1.59,0.0
20230828:1330,110.63,7.61,136.89,1.42,50.56,11.24,1.52,0.0
20230828:1430,161.91,40.59,161.97,1.93,56.79,11.79,1.45,0.0
20230828:1530,133.63,11.03,160.74,1.69,57.11,12.54,1.38,0.0
20230828:1630,99.64,8.85,123.98,1.31,51.36,12.88,1.24,0.0
20230828:1730,86.05,4.42,112.9,1.17,41.67,13.08,1.17,0.0
20230828:1830,87.51,17.46,101.61,1.17,29.92,13.15,1.17,0.0
20230828:1930,26.84,6.05,40.88,0.47,17.12,13.62,1.24,0.0
20230828:2030,0.0,1.29,5.18,0.07,3.75,13.37,1.38,0.0
20230828:2130,0.0,0.0,0.0,0.0,0.0,12.89,1.38,0.0
20230828:2230,0.0,0.0,0.0,0.0,0.0,12.59,1.45,0.0
20230828:2330,0.0,0.0,0.0,0.0,0.0,12.27,1.38,0.0
20230829:0030,0.0,0.0,0.0,0.0,0.0,12.07,1.31,0.0
20230829:0130,0.0,0.0,0.0,0.0,0.0,11.92,1.1,0.0
20230829:0230,0.0,0.0,0.0,0.0,0.0,11.52,0.97,0.0
20230829:0330,0.0,0.0,0.0,0.0,0.0,11.41,0.76,0.0
20230829:0430,0.0,0.0,0.0,0.0,0.0,11.24,0.62,0.0
20230829:0530,0.0,0.0,0.0,0.0,0.0,11.06,0.34,0.0
20230829:0630,0.0,0.0,0.0,0.0,0.0,11.15,0.28,0.0
20230829:0730,0.0,0.0,0.0,0.0,0.0,11.37,0.28,0.0
20230829:0830,0.0,0.0,0.0,0.0,0.0,11.42,0.28,0.0
20230829:0930,0.21,0.0,6.18,0.06,2.65,11.58,0.07,0.0
20230829:1030,29.32,13.36,35.88,0.43,16.07,11.73,0.07,0.0
20230829:1130,50.59,7.94,67.26,0.72,28.97,12.35,0.14,0.0
20230829:1230,122.49,62.56,95.26,1.39,40.89,12.95,0.48,0.0
20230829:1330,238.19,115.51,176.52,2.6,50.89,13.69,0.76,0.0
20230829:1430,285.41,132.72,217.48,3.17,57.15,14.77,0.69,0.0
20230829:1530,308.09,127.29,253.51,3.52,57.44,16.22,0.76,0.0
20230829:1630,281.29,154.4,193.33,3.18,51.61,16.91,0.83,0.0
20230829:1730,268.19,182.58,149.73,3.03,41.84,17.27,0.76,0.0
20230829:1830,99.4,51.53,83.61,1.29,30.05,17.37,1.03,0.0
20230829:1930,55.77,38.0,49.33,0.85,17.21,16.31,0.34,0.0
20230829:2030,3.1,7.29,10.66,0.25,3.82,16.04,0.07,0.0
20230829:2130,0.0,0.0,0.0,0.0,0.0,15.49,0.28,0.0
20230829:2230,0.0,0.0,0.0,0.0,0.0,14.5,0.55,0.0
20230829:2330,0.0,0.0,0.0,0.0,0.0,13.69,0.76,0.0
20230830:0030,0.0,0.0,0.0,0.0,0.0,12.94,0.83,0.0
20230830:0130,0.0,0.0,0.0,0.0,0.0,12.98,0.69,0.0
20230830:0230,0.0,0.0,0.0,0.0,0.0,12.93,0.55,0.0
20230830:0330,0.0,0.0,0.0,0.0,0.0,12.54,0.28,0.0
20230830:0430,0.0,0.0,0.0,0.0,0.0,11.98,0.21,0.0
20230830:0530,0.0,0.0,0.0,0.0,0.0,11.76,0.41,0.0
20230830:0630,0.0,0.0,0.0,0.0,0.0,11.33,0.62,0.0
20230830:0730,0.0,0.0,0.0,0.0,0.0,11.43,0.55,0.0
20230830:0830,0.0,0.0,0.0,0.0,0.0,11.55,0.69,0.0
20230830:0930,3.95,0.0,13.69,0.14,2.87,11.52,0.83,0.0
20230830:1030,119.35,64.33,91.86,1.21,16.31,11.91,0.9,0.0
20230830:1130,305.5,199.41,171.93,2.89,29.23,13.59,1.1,0.0
20230830:1230,394.01,261.87,219.02,3.93,41.18,15.6,1.38,0.0
20230830:1330,551.44,398.7,289.41,5.71,51.23,17.25,1.59,0.0
20230830:1430,668.44,634.15,210.87,6.97,57.52,18.97,2.28,0.0
20230830:1530,515.72,404.85,235.3,5.53,57.77,20.64,2.97,0.0
20230830:1630,404.42,270.08,231.47,4.5,51.86,21.46,2.97,0.0
20230830:1730,407.44,280.39,229.03,4.62,42.02,22.02,2.62,0.0
20230830:1830,272.91,225.51,122.0,3.21,30.17,22.54,2.41,0.0
20230830:1930,150.17,147.03,69.27,2.1,17.3,22.07,2.07,0.0
20230830:2030,4.8,12.13,12.85,0.41,3.89,21.2,1.52,0.0
20230830:2130,0.0,0.0,0.0,0.0,0.0,19.26,1.31,0.0
20230830:2230,0.0,0.0,0.0,0.0,0.0,17.34,1.31,0.0
20230830:2330,0.0,0.0,0.0,0.0,0.0,15.74,1.38,0.0
20230831:0030,0.0,0.0,0.0,0.0,0.0,14.39,1.38,0.0
20230831:0130,0.0,0.0,0.0,0.0,0.0,13.39,1.31,0.0
20230831:0230,0.0,0.0,0.0,0.0,0.0,12.81,1.17,0.0
20230831:0330,0.0,0.0,0.0,0.0,0.0,12.51,1.03,0.0
20230831:0430,0.0,0.0,0.0,0.0,0.0,12.31,0.9,0.0
20230831:0530,0.0,0.0,0.0,0.0,0.0,12.48,0.76,0.0
20230831:0630,0.0,0.0,0.0,0.0,0.0,12.88,0.55,0.0
20230831:0730,0.0,0.0,0.0,0.0,0.0,12.51,0.28,0.0
20230831:0830,0.0,0.0,0.0,0.0,0.0,12.27,0.07,0.0
20230831:0930,4.68,0.0,14.98,0.15,3.08,12.2,0.07,0.0
20230831:1030,144.82,99.22,87.74,1.34,16.54,12.43,0.07,0.0
20230831:1130,368.35,279.6,174.2,3.41,29.49,14.12,0.0,0.0
20230831:1230,598.22,636.89,136.61,5.86,41.48,17.56,0.0,0.0
20230831:1330,708.19,810.99,137.88,7.49,51.56,20.12,0.28,0.0
20230831:1430,741.05,857.89,139.68,8.14,57.89,21.86,0.76,0.0
20230831:1530,738.35,858.19,128.93,8.28,58.1,23.1,1.24,0.0
20230831:1630,538.82,516.02,170.5,5.97,52.11,24.02,2.14,0.0
20230831:1730,449.31,442.31,125.38,5.05,42.2,23.89,2.07,0.0
20230831:1830,237.91,164.39,142.84,2.88,30.3,23.63,1.79,0.0
20230831:1930,116.77,82.78,86.4,1.66,17.39,22.62,1.79,0.0
20230831:2030,4.28,11.75,12.15,0.41,3.96,21.59,1.59,0.0
20230831:2130,0.0,0.0,0.0,0.0,0.0,19.92,1.52,0.0
20230831:2230,0.0,0.0,0.0,0.0,0.0,18.3,1.52,0.0
20230831:2330,0.0,0.0,0.0,0.0,0.0,16.89,1.45,0.0
20230901:0030,0.0,0.0,0.0,0.0,0.0,15.63,1.31,0.0
20230901:0130,0.0,0.0,0.0,0.0,0.0,14.69,1.17,0.0
20230901:0230,0.0,0.0,0.0,0.0,0.0,14.19,1.03,0.0
20230901:0330,0.0,0.0,0.0,0.0,0.0,13.91,0.9,0.0
20230901:0430,0.0,0.0,0.0,0.0,0.0,13.91,0.76,0.0
20230901:0530,0.0,0.0,0.0,0.0,0.0,14.02,0.55,0.0
20230901:0630,0.0,0.0,0.0,0.0,0.0,13.86,0.41,0.0
20230901:0730,0.0,0.0,0.0,0.0,0.0,13.31,0.62,0.0
20230901:0830,0.0,0.0,0.0,0.0,0.0,13.31,0.55,0.0
20230901:0930,3.87,0.0,13.64,0.14,3.3,13.27,0.48,0.0
20230901:1030,176.37,133.79,90.67,1.55,16.77,13.25,0.48,0.0
20230901:1130,419.9,381.82,134.49,3.74,29.75,15.43,0.76,0.0
20230901:1230,632.28,660.58,140.68,6.08,41.77,18.08,1.38,0.0
20230901:1330,698.86,744.67,155.97,7.16,51.91,20.24,1.79,0.0
20230901:1430,707.87,722.15,191.67,7.54,58.26,21.97,2.41,0.0
20230901:1530,614.31,568.47,218.75,6.73,58.44,23.22,2.34,0.0
20230901:1630,492.04,406.0,218.14,5.51,52.36,23.88,2.21,0.0
20230901:1730,401.34,319.69,187.76,4.59,42.38,24.06,2.14,0.0
20230901:1830,303.36,263.42,126.04,3.61,30.42,24.02,1.86,0.0
20230901:1930,145.77,136.99,74.73,2.09,17.48,23.84,2.07,0.0
20230901:2030,4.08,11.55,11.99,0.42,4.03,23.01,1.59,0.0
20230901:2130,0.0,0.0,0.0,0.0,0.0,21.39,1.24,0.0
20230901:2230,0.0,0.0,0.0,0.0,0.0,19.24,1.1,0.0
20230901:2330,0.0,0.0,0.0,0.0,0.0,18.7,0.9,0.0
20230902:0030,0.0,0.0,0.0,0.0,0.0,17.94,0.97,0.0
20230902:0130,0.0,0.0,0.0,0.0,0.0,16.73,1.17,0.0
20230902:0230,0.0,0.0,0.0,0.0,0.0,15.41,1.38,0.0
20230902:0330,0.0,0.0,0.0,0.0,0.0,14.52,1.45,0.0
20230902:0430,0.0,0.0,0.0,0.0,0.0,13.94,1.38,0.0
20230902:0530,0.0,0.0,0.0,0.0,0.0,13.54,1.38,0.0
20230902:0630,0.0,0.0,0.0,0.0,0.0,13.19,1.38,0.0
20230902:0730,0.0,0.0,0.0,0.0,0.0,13.28,1.45,0.0
20230902:0830,0.0,0.0,0.0,0.0,0.0,13.17,1.52,0.0
20230902:0930,6.61,0.0,18.16,0.19,3.52,13.02,1.45,0.0
20230902:1030,170.5,124.97,92.24,1.53,17.01,13.9,1.38,0.0
20230902:1130,291.33,189.01,168.67,2.83,30.01,16.72,1.93,0.0
20230902:1230,511.73,428.3,200.06,4.95,42.07,18.35,2.83,0.0
20230902:1330,648.19,544.06,270.46,6.65,52.25,20.03,3.17,0.0
20230902:1430,580.53,430.78,299.36,6.24,58.63,21.9,3.31,0.0
20230902:1530,520.03,340.82,313.87,5.79,58.77,23.03,3.31,0.0
20230902:1630,517.44,397.1,257.21,5.81,52.61,24.18,3.17,0.0
20230902:1730,431.57,347.45,197.79,4.94,42.55,24.62,2.83,0.0
20230902:1830,208.16,65.51,206.57,2.64,30.54,24.87,2.34,0.0
20230902:1930,112.43,63.79,98.87,1.62,17.57,24.23,2.62,0.0
20230902:2030,6.84,6.16,17.95,0.36,4.1,23.62,1.72,0.0
20230902:2130,0.0,0.0,0.0,0.0,0.0,22.18,1.38,0.0
20230902:2230,0.0,0.0,0.0,0.0,0.0,20.69,1.31,0.0
20230902:2330,0.0,0.0,0.0,0.0,0.0,19.44,1.17,0.0
20230903:0030,0.0,0.0,0.0,0.0,0.0,18.69,1.1,0.0
20230903:0130,0.0,0.0,0.0,0.0,0.0,18.16,1.03,0.0
20230903:0230,0.0,0.0,0.0,0.0,0.0,17.59,1.17,0.0
20230903:0330,0.0,0.0,0.0,0.0,0.0,17.3,1.24,0.0
20230903:0430,0.0,0.0,0.0,0.0,0.0,16.99,1.31,0.0
20230903:0530,0.0,0.0,0.0,0.0,0.0,16.99,1.17,0.0
20230903:0630,0.0,0.0,0.0,0.0,0.0,16.92,1.1,0.0
20230903:0730,0.0,0.0,0.0,0.0,0.0,16.82,0.69,0.0
20230903:0830,0.0,0.0,0.0,0.0,0.0,15.82,1.17,0.0
20230903:0930,3.55,0.0,13.18,0.14,3.74,15.71,1.38,0.0
20230903:1030,106.63,61.44,82.4,1.13,17.25,16.24,1.17,0.0
20230903:1130,375.85,321.12,144.9,3.47,30.27,18.66,1.24,0.0
20230903:1230,540.75,505.38,176.93,5.32,42.37,21.03,1.79,0.0
20230903:1330,663.67,720.58,135.38,6.85,52.59,22.87,2.14,0.0
20230903:1430,700.71,747.97,169.71,7.6,59.0,24.51,2.28,0.0
20230903:1530,714.33,804.79,136.92,7.98,59.11,25.38,2.28,0.0
20230903:1630,615.36,674.4,126.19,6.97,52.86,26.19,2.21,0.0
20230903:1730,502.11,506.76,140.15,5.81,42.72,26.51,2.14,0.0
20230903:1830,311.76,308.36,96.58,3.78,30.67,26.52,1.86,0.0
20230903:1930,129.07,120.4,71.28,1.92,17.66,25.72,1.24,0.0
20230903:2030,3.46,6.01,12.2,0.3,4.16,24.51,0.34,0.0
20230903:2130,0.0,0.0,0.0,0.0,0.0,23.05,0.21,0.0
20230903:2230,0.0,0.0,0.0,0.0,0.0,22.25,0.34,0.0
20230903:2330,0.0,0.0,0.0,0.0,0.0,21.56,0.62,0.0
20230904:0030,0.0,0.0,0.0,0.0,0.0,21.11,0.69,0.0
20230904:0130,0.0,0.0,0.0,0.0,0.0,20.69,0.69,0.0
20230904:0230,0.0,0.0,0.0,0.0,0.0,19.9,0.9,0.0
20230904:0330,0.0,0.0,0.0,0.0,0.0,18.68,1.1,0.0
20230904:0430,0.0,0.0,0.0,0.0,0.0,18.27,1.1,0.0
20230904:0530,0.0,0.0,0.0,0.0,0.0,18.05,1.03,0.0
20230904:0630,0.0,0.0,0.0,0.0,0.0,17.62,1.03,0.0
20230904:0730,0.0,0.0,0.0,0.0,0.0,17.41,1.1,0.0
20230904:0830,0.0,0.0,0.0,0.0,0.0,17.15,1.03,0.0
20230904:0930,5.95,0.0,17.33,0.18,3.96,16.71,1.1,0.0
20230904:1030,275.88,265.21,83.47,2.22,17.49,17.11,1.03,0.0
20230904:1130,472.68,489.27,108.13,4.29,30.54,21.19,1.24,0.0
20230904:1230,620.33,675.12,124.87,6.13,42.67,23.28,1.86,0.0
20230904:1330,709.3,798.45,133.07,7.46,52.94,24.64,2.21,0.0
20230904:1430,742.01,843.62,141.87,8.15,59.38,26.03,2.41,0.0
20230904:1530,713.22,785.54,158.54,8.04,59.45,27.18,2.69,0.0
20230904:1630,640.22,707.83,129.92,7.32,53.11,27.96,2.83,0.0
20230904:1730,435.01,416.02,142.16,5.05,42.89,28.26,2.83,0.0
20230904:1830,325.17,328.33,94.84,3.97,30.78,27.94,2.62,0.0
20230904:1930,127.13,135.42,56.52,1.94,17.75,27.28,2.48,0.0
20230904:2030,3.66,7.0,12.52,0.35,4.23,26.55,1.72,0.0
20230904:2130,0.0,0.0,0.0,0.0,0.0,24.95,1.45,0.0
20230904:2230,0.0,0.0,0.0,0.0,0.0,23.44,1.45,0.0
20230904:2330,0.0,0.0,0.0,0.0,0.0,22.19,1.45,0.0
20230905:0030,0.0,0.0,0.0,0.0,0.0,21.23,1.38,0.0
20230905:0130,0.0,0.0,0.0,0.0,0.0,20.61,1.38,0.0
20230905:0230,0.0,0.0,0.0,0.0,0.0,20.28,1.38,0.0
20230905:0330,0.0,0.0,0.0,0.0,0.0,19.92,1.38,0.0
20230905:0430,0.0,0.0,0.0,0.0,0.0,19.86,1.24,0.0
20230905:0530,0.0,0.0,0.0,0.0,0.0,18.8,1.52,0.0
20230905:0630,0.0,0.0,0.0,0.0,0.0,18.65,1.38,0.0
20230905:0730,0.0,0.0,0.0,0.0,0.0,18.4,1.45,0.0
20230905:0830,0.0,0.0,0.0,0.0,0.0,18.0,1.38,0.0
20230905:0930,7.87,0.0,20.46,0.21,4.19,17.82,1.17,0.0
20230905:1030,233.88,203.6,95.77,2.0,17.73,18.69,0.9,0.0
20230905:1130,409.37,391.52,126.95,3.81,30.8,21.79,0.83,0.0
20230905:1230,507.43,523.18,124.46,5.04,42.98,23.4,1.31,0.0
20230905:1330,629.74,663.66,155.92,6.63,53.29,24.48,1.79,0.0
20230905:1430,587.52,600.85,165.28,6.42,59.76,25.67,1.59,0.0
20230905:1530,515.8,455.04,216.86,5.85,59.79,26.39,1.31,0.0
20230905:1630,408.99,322.21,205.88,4.75,53.36,26.21,0.97,0.0
20230905:1730,294.36,278.04,93.96,3.4,43.06,24.08,1.45,0.0
20230905:1830,124.88,40.89,127.85,1.65,30.9,22.43,1.93,0.0
20230905:1930,71.37,27.25,80.15,1.08,17.83,21.97,1.38,0.0
20230905:2030,3.84,1.21,13.73,0.18,4.3,21.52,1.31,0.0
20230905:2130,0.0,0.0,0.0,0.0,0.0,20.44,1.38,0.0
20230905:2230,0.0,0.0,0.0,0.0,0.0,19.65,1.52,0.0
20230905:2330,0.0,0.0,0.0,0.0,0.0,18.89,1.72,0.0
20230906:0030,0.0,0.0,0.0,0.0,0.0,18.23,1.66,0.0
20230906:0130,0.0,0.0,0.0,0.0,0.0,17.31,1.79,0.0
20230906:0230,0.0,0.0,0.0,0.0,0.0,16.68,1.86,0.0
20230906:0330,0.0,0.0,0.0,0.0,0.0,16.14,1.86,0.0
20230906:0430,0.0,0.0,0.0,0.0,0.0,15.77,1.79,0.0
20230906:0530,0.0,0.0,0.0,0.0,0.0,15.44,2.0,0.0
20230906:0630,0.0,0.0,0.0,0.0,0.0,15.14,2.0,0.0
20230906:0730,0.0,0.0,0.0,0.0,0.0,14.79,1.86,0.0
20230906:0830,0.0,0.0,0.0,0.0,0.0,14.67,1.86,0.0
20230906:0930,3.12,0.0,12.35,0.13,4.42,14.55,1.79,0.0
20230906:1030,88.41,59.67,61.54,0.94,17.97,14.58,1.86,0.0
20230906:1130,216.55,131.39,135.35,2.2,31.07,14.99,2.21,0.0
20230906:1230,298.94,162.47,201.46,3.15,43.28,15.97,2.41,0.0
20230906:1330,467.41,329.67,240.66,4.85,53.64,16.97,2.48,0.0
20230906:1430,448.43,327.19,221.63,4.78,60.14,18.13,2.48,0.0
20230906:1530,371.98,206.85,251.2,4.17,60.13,18.98,2.41,0.0
20230906:1630,293.03,125.83,238.22,3.43,53.6,19.37,2.28,0.0
20230906:1730,218.25,111.51,162.69,2.6,43.23,19.35,2.34,0.0
20230906:1830,130.12,28.87,143.39,1.7,31.02,18.93,2.41,0.0
20230906:1930,86.46,42.09,83.68,1.27,17.92,18.56,2.34,0.0
20230906:2030,4.6,2.81,14.63,0.25,4.36,17.91,2.41,0.0
20230906:2130,0.0,0.0,0.0,0.0,0.0,16.91,2.34,0.0
20230906:2230,0.0,0.0,0.0,0.0,0.0,16.15,2.41,0.0
20230906:2330,0.0,0.0,0.0,0.0,0.0,15.42,2.07,0.0
20230907:0030,0.0,0.0,0.0,0.0,0.0,14.87,1.93,0.0
20230907:0130,0.0,0.0,0.0,0.0,0.0,14.47,1.86,0.0
20230907:0230,0.0,0.0,0.0,0.0,0.0,14.05,1.79,0.0
20230907:0330,0.0,0.0,0.0,0.0,0.0,13.84,1.79,0.0
20230907:0430,0.0,0.0,0.0,0.0,0.0,13.59,1.59,0.0
20230907:0530,0.0,0.0,0.0,0.0,0.0,13.45,1.59,0.0
20230907:0630,0.0,0.0,0.0,0.0,0.0,13.12,1.52,0.0
20230907:0730,0.0,0.0,0.0,0.0,0.0,13.07,1.45,0.0
20230907:0830,0.0,0.0,0.0,0.0,0.0,12.92,1.31,0.0
20230907:0930,36.47,38.15,26.85,0.36,4.65,12.73,1.17,0.0
20230907:1030,151.62,92.95,101.05,1.49,18.22,12.9,1.17,0.0
20230907:1130,367.54,267.94,178.65,3.48,31.34,14.07,1.17,0.0
20230907:1230,552.66,453.47,233.92,5.51,43.58,15.77,1.17,0.0
20230907:1330,546.81,380.76,305.25,5.84,53.99,18.26,1.59,0.0
20230907:1430,576.1,406.59,317.68,6.3,60.52,20.07,2.48,0.0
20230907:1530,510.75,322.34,319.32,5.76,60.46,21.49,2.62,0.0
20230907:1630,456.05,288.41,283.43,5.22,53.85,22.27,2.69,0.0
20230907:1730,355.84,197.86,248.75,4.19,43.4,22.57,2.69,0.0
20230907:1830,243.34,134.44,177.2,3.01,31.14,22.41,2.41,0.0
20230907:1930,110.69,34.28,121.27,1.57,18.0,21.47,2.14,0.0
20230907:2030,10.33,2.6,24.04,0.36,4.43,20.74,1.66,0.0
20230907:2130,0.0,0.0,0.0,0.0,0.0,19.55,1.31,0.0
20230907:2230,0.0,0.0,0.0,0.0,0.0,18.14,1.24,0.0
20230907:2330,0.0,0.0,0.0,0.0,0.0,16.81,1.17,0.0
20230908:0030,0.0,0.0,0.0,0.0,0.0,15.8,1.17,0.0
20230908:0130,0.0,0.0,0.0,0.0,0.0,14.86,1.24,0.0
20230908:0230,0.0,0.0,0.0,0.0,0.0,14.14,1.38,0.0
20230908:0330,0.0,0.0,0.0,0.0,0.0,13.5,1.38,0.0
20230908:0430,0.0,0.0,0.0,0.0,0.0,12.99,1.38,0.0
20230908:0530,0.0,0.0,0.0,0.0,0.0,12.53,1.38,0.0
20230908:0630,0.0,0.0,0.0,0.0,0.0,12.15,1.45,0.0
20230908:0730,0.0,0.0,0.0,0.0,0.0,12.01,1.59,0.0
20230908:0830,0.0,0.0,0.0,0.0,0.0,11.76,1.66,0.0
20230908:0930,61.14,70.4,29.62,0.48,4.88,11.76,1.66,0.0
20230908:1030,255.69,223.23,92.31,2.13,18.46,12.62,1.59,0.0
20230908:1130,435.38,364.17,164.63,4.01,31.61,15.19,2.0,0.0
20230908:1230,607.28,588.94,159.79,5.88,43.89,17.04,2.62,0.0
20230908:1330,683.61,637.77,222.78,7.07,54.35,18.66,2.69,0.0
20230908:1430,783.18,857.15,148.78,8.42,60.91,20.18,2.9,0.0
20230908:1530,767.58,847.78,146.9,8.56,60.8,21.67,2.69,0.0
20230908:1630,691.78,773.98,118.71,7.89,54.09,22.8,2.41,0.0
20230908:1730,562.58,610.65,105.39,6.54,43.56,23.55,2.41,0.0
20230908:1830,378.38,396.26,88.32,4.63,31.25,23.85,2.21,0.0
20230908:1930,158.65,171.45,61.87,2.44,18.08,24.0,2.21,0.0
20230908:2030,3.05,7.86,11.28,0.48,4.49,23.21,1.45,0.0
20230908:2130,0.0,0.0,0.0,0.0,0.0,21.28,1.03,0.0
20230908:2230,0.0,0.0,0.0,0.0,0.0,19.45,1.1,0.0
20230908:2330,0.0,0.0,0.0,0.0,0.0,18.66,1.03,0.0
20230909:0030,0.0,0.0,0.0,0.0,0.0,17.87,1.1,0.0
20230909:0130,0.0,0.0,0.0,0.0,0.0,17.11,1.17,0.0
20230909:0230,0.0,0.0,0.0,0.0,0.0,16.22,1.31,0.0
20230909:0330,0.0,0.0,0.0,0.0,0.0,15.55,1.38,0.0
20230909:0430,0.0,0.0,0.0,0.0,0.0,14.95,1.52,0.0
20230909:0530,0.0,0.0,0.0,0.0,0.0,14.4,1.52,0.0
20230909:0630,0.0,0.0,0.0,0.0,0.0,13.8,1.59,0.0
20230909:0730,0.0,0.0,0.0,0.0,0.0,13.66,1.52,0.0
20230909:0830,0.0,0.0,0.0,0.0,0.0,13.35,1.45,0.0
20230909:0930,72.33,87.26,29.31,0.54,5.11,13.14,1.31,0.0
20230909:1030,312.97,301.57,85.95,2.54,18.71,13.78,1.17,0.0
20230909:1130,503.71,498.31,127.92,4.63,31.88,17.53,1.38,0.0
20230909:1230,656.58,699.6,135.47,6.53,44.2,19.51,1.86,0.0
20230909:1330,743.33,838.36,129.01,7.87,54.7,21.18,2.0,0.0
20230909:1430,777.0,902.81,126.29,8.63,61.3,22.69,1.93,0.0
20230909:1530,751.79,876.77,123.98,8.63,61.15,24.05,1.79,0.0
20230909:1630,675.47,775.75,117.44,7.92,54.34,25.08,1.59,0.0
20230909:1730,551.31,615.66,104.22,6.6,43.73,25.74,1.31,0.0
20230909:1830,339.31,348.31,94.88,4.26,31.36,26.01,1.03,0.0
20230909:1930,138.11,144.48,62.22,2.18,18.17,25.39,1.45,0.0
20230909:2030,3.93,4.35,13.6,0.36,4.55,24.61,0.76,0.0
20230909:2130,0.0,0.0,0.0,0.0,0.0,22.64,0.62,0.0
20230909:2230,0.0,0.0,0.0,0.0,0.0,21.48,0.97,0.0
20230909:2330,0.0,0.0,0.0,0.0,0.0,19.89,1.1,0.0
20230910:0030,0.0,0.0,0.0,0.0,0.0,19.32,0.83,0.0
20230910:0130,0.0,0.0,0.0,0.0,0.0,19.55,0.55,0.0
20230910:0230,0.0,0.0,0.0,0.0,0.0,18.77,0.69,0.0
20230910:0330,0.0,0.0,0.0,0.0,0.0,17.84,0.83,0.0
20230910:0430,0.0,0.0,0.0,0.0,0.0,17.49,0.76,0.0
20230910:0530,0.0,0.0,0.0,0.0,0.0,16.3,1.03,0.0
20230910:0630,0.0,0.0,0.0,0.0,0.0,15.55,1.24,0.0
20230910:0730,0.0,0.0,0.0,0.0,0.0,15.25,0.97,0.0
20230910:0830,0.0,0.0,0.0,0.0,0.0,14.9,0.9,0.0
20230910:0930,47.47,49.1,31.71,0.46,5.34,15.05,0.69,0.0
20230910:1030,205.64,149.82,111.23,1.91,18.96,15.47,0.48,0.0
20230910:1130,326.38,208.24,197.9,3.31,32.15,18.07,0.83,0.0
20230910:1230,450.92,306.33,260.19,4.75,44.51,19.83,1.17,0.0
20230910:1330,541.26,432.35,256.83,5.83,55.06,21.16,1.38,0.0
20230910:1430,650.29,559.0,291.2,7.31,61.68,22.23,1.38,0.0
20230910:1530,546.62,417.23,292.31,6.32,61.49,23.47,1.1,0.0
20230910:1630,450.13,313.23,264.01,5.28,54.58,23.76,1.1,0.0
20230910:1730,284.13,134.87,228.41,3.47,43.89,23.71,1.31,0.0
20230910:1830,180.09,59.38,177.54,2.33,31.47,23.32,1.38,0.0
20230910:1930,90.11,28.11,103.13,1.34,18.25,23.11,1.31,0.0
20230910:2030,9.47,0.39,23.27,0.26,4.62,22.55,1.17,0.0
20230910:2130,0.0,0.0,0.0,0.0,0.0,21.43,1.03,0.0
20230910:2230,0.0,0.0,0.0,0.0,0.0,20.02,0.97,0.0
20230910:2330,0.0,0.0,0.0,0.0,0.0,19.05,0.9,0.0
20230911:0030,0.0,0.0,0.0,0.0,0.0,18.04,0.97,0.0
20230911:0130,0.0,0.0,0.0,0.0,0.0,16.95,1.03,0.0
20230911:0230,0.0,0.0,0.0,0.0,0.0,16.1,1.03,0.0
20230911:0330,0.0,0.0,0.0,0.0,0.0,15.52,0.97,0.0
20230911:0430,0.0,0.0,0.0,0.0,0.0,15.2,0.83,0.0
20230911:0530,0.0,0.0,0.0,0.0,0.0,15.04,0.69,0.0
20230911:0630,0.0,0.0,0.0,0.0,0.0,14.95,0.55,0.0
20230911:0730,0.0,0.0,0.0,0.0,0.0,14.44,0.62,0.0
20230911:0830,0.0,0.0,0.0,0.0,0.0,14.11,0.69,0.0
20230911:0930,61.96,73.1,28.84,0.52,5.57,14.03,0.76,0.0
20230911:1030,271.4,237.88,102.03,2.35,19.2,15.04,0.62,0.0
20230911:1130,479.93,461.91,135.13,4.48,32.42,17.69,1.17,0.0
20230911:1230,677.17,748.14,118.97,6.82,44.81,19.47,1.66,0.0
20230911:1330,763.26,877.34,123.58,8.19,55.42,21.26,1.86,0.0
20230911:1430,790.37,930.4,123.88,8.9,62.08,22.82,1.79,0.0
20230911:1530,765.01,906.71,118.12,8.89,61.83,24.07,1.66,0.0
20230911:1630,685.84,795.14,113.16,8.11,54.81,24.97,1.59,0.0
20230911:1730,558.6,625.52,100.67,6.71,44.05,25.52,1.59,0.0
20230911:1830,379.09,408.02,84.52,4.78,31.58,25.66,1.66,0.0
20230911:1930,158.89,175.7,61.1,2.55,18.33,25.49,1.79,0.0
20230911:2030,2.55,6.01,10.76,0.52,4.68,24.54,1.45,0.0
20230911:2130,0.0,0.0,0.0,0.0,0.0,22.59,1.31,0.0
20230911:2230,0.0,0.0,0.0,0.0,0.0,20.63,1.45,0.0
20230911:2330,0.0,0.0,0.0,0.0,0.0,18.97,1.59,0.0
20230912:0030,0.0,0.0,0.0,0.0,0.0,17.88,1.59,0.0
20230912:0130,0.0,0.0,0.0,0.0,0.0,16.86,1.66,0.0
20230912:0230,0.0,0.0,0.0,0.0,0.0,16.06,1.72,0.0
20230912:0330,0.0,0.0,0.0,0.0,0.0,15.31,1.72,0.0
20230912:0430,0.0,0.0,0.0,0.0,0.0,14.68,1.72,0.0
20230912:0530,0.0,0.0,0.0,0.0,0.0,14.12,1.66,0.0
20230912:0630,0.0,0.0,0.0,0.0,0.0,13.59,1.66,0.0
20230912:0730,0.0,0.0,0.0,0.0,0.0,13.13,1.66,0.0
20230912:0830,0.0,0.0,0.0,0.0,0.0,12.73,1.38,0.0
20230912:0930,93.1,106.23,37.03,0.65,5.81,12.53,1.24,0.0
20230912:1030,331.84,325.18,84.89,2.74,19.45,13.4,1.03,0.0
20230912:1130,535.33,561.9,106.03,4.97,32.7,17.41,1.31,0.0
20230912:1230,681.72,753.15,117.73,6.87,45.12,19.57,1.86,0.0
20230912:1330,768.16,879.35,123.74,8.23,55.77,21.32,2.14,0.0
20230912:1430,797.29,929.03,125.12,8.92,62.47,22.83,2.28,0.0
20230912:1530,771.07,899.07,121.89,8.89,62.17,24.1,2.28,0.0
20230912:1630,693.02,792.36,114.51,8.13,55.05,25.05,2.34,0.0
20230912:1730,561.5,620.77,102.85,6.71,44.21,25.58,2.28,0.0
20230912:1830,378.61,404.28,85.88,4.78,31.69,25.73,2.14,0.0
20230912:1930,157.22,173.4,61.03,2.54,18.41,25.44,2.21,0.0
20230912:2030,2.45,5.23,10.7,0.52,4.74,24.6,1.59,0.0
20230912:2130,0.0,0.0,0.0,0.0,0.0,22.49,1.17,0.0
20230912:2230,0.0,0.0,0.0,0.0,0.0,20.56,1.03,0.0
20230912:2330,0.0,0.0,0.0,0.0,0.0,20.03,0.97,0.0
20230913:0030,0.0,0.0,0.0,0.0,0.0,19.54,0.97,0.0
20230913:0130,0.0,0.0,0.0,0.0,0.0,18.72,1.1,0.0
20230913:0230,0.0,0.0,0.0,0.0,0.0,17.53,1.24,0.0
20230913:0330,0.0,0.0,0.0,0.0,0.0,16.89,1.24,0.0
20230913:0430,0.0,0.0,0.0,0.0,0.0,16.57,1.17,0.0
20230913:0530,0.0,0.0,0.0,0.0,0.0,15.98,1.17,0.0
20230913:0630,0.0,0.0,0.0,0.0,0.0,15.14,1.24,0.0
20230913:0730,0.0,0.0,0.0,0.0,0.0,15.85,1.17,0.0
20230913:0830,0.0,0.0,0.0,0.0,0.0,14.93,1.24,0.0
20230913:0930,94.72,108.93,37.17,0.68,6.04,13.96,1.38,0.0
20230913:1030,332.6,328.09,83.91,2.78,19.7,14.45,1.31,0.0
20230913:1130,529.46,561.3,104.58,4.98,32.97,19.3,1.38,0.0
20230913:1230,673.75,748.45,116.53,6.85,45.43,21.58,2.14,0.0
20230913:1330,760.72,871.08,122.56,8.18,56.13,23.19,2.62,0.0
20230913:1430,794.57,917.84,123.98,8.85,62.86,24.67,3.31,0.0
20230913:1530,768.1,887.22,120.9,8.81,62.51,25.94,3.38,0.0
20230913:1630,686.86,782.81,113.48,8.06,55.29,26.95,3.17,0.0
20230913:1730,554.11,615.75,100.03,6.67,44.36,27.58,2.9,0.0
20230913:1830,370.47,397.47,85.39,4.74,31.8,27.81,2.62,0.0
20230913:1930,150.97,166.44,61.59,2.49,18.49,27.68,2.48,0.0
20230913:2030,2.39,4.34,10.79,0.52,4.81,26.82,1.86,0.0
20230913:2130,0.0,0.0,0.0,0.0,0.0,24.87,1.52,0.0
20230913:2230,0.0,0.0,0.0,0.0,0.0,23.04,1.66,0.0
20230913:2330,0.0,0.0,0.0,0.0,0.0,21.38,1.72,0.0
20230914:0030,0.0,0.0,0.0,0.0,0.0,20.27,1.66,0.0
20230914:0130,0.0,0.0,0.0,0.0,0.0,19.42,1.59,0.0
20230914:0230,0.0,0.0,0.0,0.0,0.0,19.02,1.59,0.0
20230914:0330,0.0,0.0,0.0,0.0,0.0,18.65,1.66,0.0
20230914:0430,0.0,0.0,0.0,0.0,0.0,18.3,1.66,0.0
20230914:0530,0.0,0.0,0.0,0.0,0.0,17.99,1.66,0.0
20230914:0630,0.0,0.0,0.0,0.0,0.0,17.99,1.52,0.0
20230914:0730,0.0,0.0,0.0,0.0,0.0,17.13,1.31,0.0
20230914:0830,0.0,0.0,0.0,0.0,0.0,16.78,1.1,0.0
20230914:0930,65.08,63.97,40.71,0.58,6.28,16.48,0.97,0.0
20230914:1030,212.97,143.57,127.53,2.07,19.95,17.18,0.83,0.0
20230914:1130,329.01,224.03,188.93,3.38,33.24,20.44,1.03,0.0
20230914:1230,555.36,507.74,202.17,5.77,45.74,22.16,1.52,0.0
20230914:1330,632.2,611.62,205.37,6.84,56.49,23.75,2.14,0.0
20230914:1430,614.97,613.65,169.7,6.74,63.25,24.78,3.31,0.0
20230914:1530,519.88,474.28,181.32,5.83,62.85,25.25,3.52,0.0
20230914:1630,368.82,286.32,177.29,4.27,55.52,25.33,3.17,0.0
20230914:1730,303.86,216.03,167.57,3.64,44.52,24.08,2.48,0.0
20230914:1830,153.79,73.28,129.68,2.01,31.91,21.8,2.07,0.0
20230914:1930,44.45,20.18,53.0,0.76,18.56,21.41,2.21,0.0
20230914:2030,3.22,0.37,12.72,0.17,4.87,20.27,1.45,0.0
20230914:2130,0.0,0.0,0.0,0.0,0.0,18.74,1.1,0.0
20230914:2230,0.0,0.0,0.0,0.0,0.0,17.78,0.41,0.0
20230914:2330,0.0,0.0,0.0,0.0,0.0,17.56,0.34,0.0
20230915:0030,0.0,0.0,0.0,0.0,0.0,17.25,0.48,0.0
20230915:0130,0.0,0.0,0.0,0.0,0.0,16.88,0.62,0.0
20230915:0230,0.0,0.0,0.0,0.0,0.0,16.54,0.69,0.0
20230915:0330,0.0,0.0,0.0,0.0,0.0,16.09,0.76,0.0
20230915:0430,0.0,0.0,0.0,0.0,0.0,15.77,1.03,0.0
20230915:0530,0.0,0.0,0.0,0.0,0.0,15.33,1.03,0.0
20230915:0630,0.0,0.0,0.0,0.0,0.0,14.86,1.1,0.0
20230915:0730,0.0,0.0,0.0,0.0,0.0,14.28,1.38,0.0
20230915:0830,0.0,0.0,0.0,0.0,0.0,13.99,1.24,0.0
20230915:0930,50.48,51.67,32.27,0.48,6.52,13.62,1.03,0.0
20230915:1030,196.82,139.04,108.09,1.88,20.2,13.86,1.45,0.0
20230915:1130,264.56,158.11,165.28,2.72,33.51,14.76,1.59,0.0
20230915:1230,220.82,70.82,204.33,2.56,46.05,16.14,1.52,0.0
20230915:1330,324.11,180.5,217.33,3.58,56.85,16.84,1.38,0.0
20230915:1430,408.73,256.23,248.86,4.56,63.65,17.86,1.31,0.0
20230915:1530,469.01,350.58,235.2,5.3,63.19,18.81,1.1,0.0
20230915:1630,346.67,181.51,253.63,4.1,55.75,19.96,0.83,0.0
20230915:1730,379.01,277.54,197.52,4.5,44.67,20.39,1.1,0.0
20230915:1830,209.85,125.97,145.11,2.68,32.01,20.94,0.9,0.0
20230915:1930,116.9,94.73,77.21,1.87,18.64,20.55,1.03,0.0
20230915:2030,3.45,1.44,12.93,0.33,4.93,19.61,1.72,0.0
20230915:2130,0.0,0.0,0.0,0.0,0.0,17.91,2.0,0.0
20230915:2230,0.0,0.0,0.0,0.0,0.0,16.33,2.0,0.0
20230915:2330,0.0,0.0,0.0,0.0,0.0,15.35,2.0,0.0
20230916:0030,0.0,0.0,0.0,0.0,0.0,14.62,1.79,0.0
20230916:0130,0.0,0.0,0.0,0.0,0.0,14.02,1.52,0.0
20230916:0230,0.0,0.0,0.0,0.0,0.0,13.74,1.31,0.0
20230916:0330,0.0,0.0,0.0,0.0,0.0,13.59,1.03,0.0
20230916:0430,0.0,0.0,0.0,0.0,0.0,13.53,0.97,0.0
20230916:0530,0.0,0.0,0.0,0.0,0.0,13.38,0.9,0.0
20230916:0630,0.0,0.0,0.0,0.0,0.0,12.93,0.97,0.0
20230916:0730,0.0,0.0,0.0,0.0,0.0,12.95,1.03,0.0
20230916:0830,0.0,0.0,0.0,0.0,0.0,12.54,1.17,0.0
20230916:0930,77.27,83.51,36.43,0.64,6.75,11.73,1.31,0.0
20230916:1030,283.43,241.12,108.43,2.51,20.45,13.15,1.17,0.0
20230916:1130,474.95,439.5,142.26,4.5,33.78,16.24,1.79,0.0
20230916:1230,631.71,608.72,182.43,6.41,46.35,18.14,2.21,0.0
20230916:1330,697.39,673.32,212.53,7.44,57.21,20.17,2.76,0.0
20230916:1430,697.97,645.61,247.67,7.75,64.05,22.01,3.03,0.0
20230916:1530,619.77,579.99,207.41,7.01,63.52,23.52,3.17,0.0
20230916:1630,571.1,549.24,176.59,6.62,55.98,24.21,2.83,0.0
20230916:1730,490.01,477.97,144.93,5.88,44.82,24.83,2.48,0.0
20230916:1830,283.49,223.28,143.21,3.64,32.12,25.01,2.14,0.0
20230916:1930,139.83,130.14,76.63,2.29,18.72,23.67,2.14,0.0
20230916:2030,3.33,1.9,12.72,0.52,5.0,23.0,1.66,0.0
20230916:2130,0.0,0.0,0.0,0.0,0.0,21.7,1.1,0.0
20230916:2230,0.0,0.0,0.0,0.0,0.0,19.85,0.97,0.0
20230916:2330,0.0,0.0,0.0,0.0,0.0,18.75,1.03,0.0
20230917:0030,0.0,0.0,0.0,0.0,0.0,17.97,1.1,0.0
20230917:0130,0.0,0.0,0.0,0.0,0.0,18.24,1.03,0.0
20230917:0230,0.0,0.0,0.0,0.0,0.0,17.89,0.97,0.0
20230917:0330,0.0,0.0,0.0,0.0,0.0,17.2,1.03,0.0
20230917:0430,0.0,0.0,0.0,0.0,0.0,15.97,1.24,0.0
20230917:0530,0.0,0.0,0.0,0.0,0.0,15.3,1.38,0.0
20230917:0630,0.0,0.0,0.0,0.0,0.0,14.87,1.38,0.0
20230917:0730,0.0,0.0,0.0,0.0,0.0,14.98,1.24,0.0
20230917:0830,0.0,0.0,0.0,0.0,0.0,14.95,1.1,0.0
20230917:0930,95.86,108.26,38.93,0.76,6.99,15.04,0.9,0.0
20230917:1030,325.99,324.39,84.79,2.86,20.7,16.21,0.62,0.0
20230917:1130,520.85,554.75,105.36,5.05,34.05,20.09,1.03,0.0
20230917:1230,658.37,740.82,116.76,6.9,46.66,22.3,1.38,0.0
20230917:1330,738.48,861.29,122.91,8.22,57.57,23.99,1.59,0.0
20230917:1430,752.51,868.68,145.56,8.73,64.44,25.47,1.66,0.0
20230917:1530,669.98,752.59,141.75,7.93,63.86,26.73,1.52,0.0
20230917:1630,559.8,578.95,159.26,6.75,56.21,27.43,1.24,0.0
20230917:1730,505.86,554.88,112.37,6.32,44.97,27.72,0.9,0.0
20230917:1830,302.84,289.89,111.39,4.01,32.22,27.98,0.69,0.0
20230917:1930,123.5,133.17,58.34,2.16,18.79,27.58,0.48,0.0
20230917:2030,1.96,1.4,10.16,0.54,5.06,26.77,0.34,0.0
20230917:2130,0.0,0.0,0.0,0.0,0.0,25.17,0.48,0.0
20230917:2230,0.0,0.0,0.0,0.0,0.0,24.19,0.62,0.0
20230917:2330,0.0,0.0,0.0,0.0,0.0,23.63,0.62,0.0
20230918:0030,0.0,0.0,0.0,0.0,0.0,23.35,0.62,0.0
20230918:0130,0.0,0.0,0.0,0.0,0.0,22.61,0.69,0.0
20230918:0230,0.0,0.0,0.0,0.0,0.0,20.74,1.1,0.0
20230918:0330,0.0,0.0,0.0,0.0,0.0,19.1,1.31,0.0
20230918:0430,0.0,0.0,0.0,0.0,0.0,18.35,1.31,0.0
20230918:0530,0.0,0.0,0.0,0.0,0.0,17.69,1.24,0.0
20230918:0630,0.0,0.0,0.0,0.0,0.0,16.94,1.24,0.0
20230918:0730,0.0,0.0,0.0,0.0,0.0,16.57,1.31,0.0
20230918:0830,0.0,0.0,0.0,0.0,0.0,16.25,1.24,0.0
20230918:0930,100.22,113.14,40.22,0.81,7.23,16.02,1.17,0.0
20230918:1030,328.99,325.47,87.97,2.91,20.94,17.18,0.97,0.0
20230918:1130,529.76,560.17,112.62,5.17,34.32,21.14,1.38,0.0
20230918:1230,666.29,740.94,125.19,7.0,46.97,22.97,1.79,0.0
20230918:1330,739.72,838.39,145.71,8.25,57.93,24.51,1.86,0.0
20230918:1430,771.55,913.85,128.21,8.99,64.84,25.91,1.86,0.0
20230918:1530,732.73,816.49,173.7,8.8,64.2,27.04,1.79,0.0
20230918:1630,667.85,769.97,128.79,8.22,56.44,27.82,1.45,0.0
20230918:1730,528.12,561.41,139.62,6.66,45.12,28.31,1.03,0.0
20230918:1830,360.99,384.31,95.99,4.84,32.32,28.36,0.76,0.0
20230918:1930,147.42,167.08,60.3,2.6,18.87,28.47,0.69,0.0
20230918:2030,1.85,0.67,9.97,0.55,5.12,27.69,0.34,0.0
20230918:2130,0.0,0.0,0.0,0.0,0.0,26.65,0.0,0.0
20230918:2230,0.0,0.0,0.0,0.0,0.0,25.62,0.14,0.0
20230918:2330,0.0,0.0,0.0,0.0,0.0,24.77,0.28,0.0
20230919:0030,0.0,0.0,0.0,0.0,0.0,24.02,0.41,0.0
20230919:0130,0.0,0.0,0.0,0.0,0.0,23.31,0.48,0.0
20230919:0230,0.0,0.0,0.0,0.0,0.0,22.47,0.41,0.0
20230919:0330,0.0,0.0,0.0,0.0,0.0,21.69,0.28,0.0
20230919:0430,0.0,0.0,0.0,0.0,0.0,21.07,0.34,0.0
20230919:0530,0.0,0.0,0.0,0.0,0.0,20.56,0.55,0.0
20230919:0630,0.0,0.0,0.0,0.0,0.0,19.79,0.69,0.0
20230919:0730,0.0,0.0,0.0,0.0,0.0,18.84,0.76,0.0
20230919:0830,0.0,0.0,0.0,0.0,-6.39,17.98,0.76,0.0
20230919:0930,80.56,83.77,42.38,0.73,7.46,17.39,0.62,0.0
20230919:1030,305.58,277.92,108.33,2.8,21.19,17.51,0.48,0.0
20230919:1130,530.8,581.57,103.4,5.28,34.59,21.57,0.55,0.0
20230919:1230,659.85,766.0,115.98,7.15,47.27,24.55,0.83,0.0
20230919:1330,726.46,889.19,119.68,8.48,58.29,26.22,0.48,0.0
20230919:1430,740.71,932.94,122.08,9.13,65.24,27.4,0.14,0.0
20230919:1530,728.68,904.18,116.41,9.08,64.54,28.24,0.62,0.0
20230919:1630,661.16,789.23,113.83,8.29,56.66,28.82,0.97,0.0
20230919:1730,538.73,610.04,108.75,6.86,45.26,29.09,1.03,0.0
20230919:1830,366.09,404.61,82.24,4.94,32.42,29.04,1.17,0.0
20230919:1930,148.73,171.37,58.27,2.66,18.95,28.67,1.38,0.0
20230919:2030,7.51,0.0,20.6,0.21,5.19,27.52,1.17,0.0
20230919:2130,0.0,0.0,0.0,0.0,0.0,24.66,1.1,0.0
20230919:2230,0.0,0.0,0.0,0.0,0.0,23.05,1.24,0.0
20230919:2330,0.0,0.0,0.0,0.0,0.0,21.37,1.31,0.0
20230920:0030,0.0,0.0,0.0,0.0,0.0,20.45,1.17,0.0
20230920:0130,0.0,0.0,0.0,0.0,0.0,19.92,0.97,0.0
20230920:0230,0.0,0.0,0.0,0.0,0.0,19.94,0.76,0.0
20230920:0330,0.0,0.0,0.0,0.0,0.0,19.75,0.55,0.0
20230920:0430,0.0,0.0,0.0,0.0,0.0,19.52,0.41,0.0
20230920:0530,0.0,0.0,0.0,0.0,0.0,19.09,0.28,0.0
20230920:0630,0.0,0.0,0.0,0.0,0.0,18.74,0.07,0.0
20230920:0730,0.0,0.0,0.0,0.0,0.0,17.25,0.28,0.0
20230920:0830,0.0,0.0,0.0,0.0,-6.15,16.98,0.28,0.0
20230920:0930,86.09,89.85,43.47,0.77,7.7,16.79,0.34,0.0
20230920:1030,306.34,281.26,103.76,2.8,21.44,15.37,0.0,0.0
20230920:1130,496.62,495.74,142.17,4.99,34.86,20.12,0.14,0.0
20230920:1230,648.41,751.39,114.09,7.05,47.58,22.68,0.34,0.0
20230920:1330,717.27,869.01,118.41,8.33,58.64,24.58,0.34,0.0
20230920:1430,735.28,917.29,116.3,8.97,65.64,26.17,0.21,0.0
20230920:1530,706.15,872.37,123.72,8.9,64.87,27.38,0.07,0.0
20230920:1630,618.97,738.97,105.28,7.78,56.88,28.15,0.41,0.0
20230920:1730,506.49,563.56,108.37,6.44,45.41,28.53,0.83,0.0
20230920:1830,289.08,265.91,116.31,3.87,32.52,28.31,1.24,0.0
20230920:1930,118.47,125.1,59.28,2.12,19.02,27.73,1.52,0.0
20230920:2030,7.38,0.0,20.32,0.21,5.25,26.75,1.31,0.0
20230920:2130,0.0,0.0,0.0,0.0,0.0,24.96,1.38,0.0
20230920:2230,0.0,0.0,0.0,0.0,0.0,23.37,1.38,0.0
20230920:2330,0.0,0.0,0.0,0.0,0.0,22.01,1.38,0.0
20230921:0030,0.0,0.0,0.0,0.0,0.0,20.78,1.38,0.0
20230921:0130,0.0,0.0,0.0,0.0,0.0,19.75,1.24,0.0
20230921:0230,0.0,0.0,0.0,0.0,0.0,18.93,1.1,0.0
20230921:0330,0.0,0.0,0.0,0.0,0.0,18.19,0.97,0.0
20230921:0430,0.0,0.0,0.0,0.0,0.0,17.65,0.83,0.0
20230921:0530,0.0,0.0,0.0,0.0,0.0,17.56,0.55,0.0
20230921:0630,0.0,0.0,0.0,0.0,0.0,17.47,0.41,0.0
20230921:0730,0.0,0.0,0.0,0.0,0.0,17.14,0.41,0.0
20230921:0830,0.0,0.0,0.0,0.0,-5.92,16.92,0.55,0.0
20230921:0930,80.75,86.22,39.73,0.74,7.94,16.42,0.76,0.0
20230921:1030,279.69,263.34,88.6,2.58,21.69,17.35,0.97,0.0
20230921:1130,518.34,541.57,111.84,5.11,35.13,19.95,1.31,0.0
20230921:1230,661.5,742.34,114.45,7.01,47.88,22.17,1.66,0.0
20230921:1330,742.41,867.85,117.45,8.34,59.0,23.95,1.79,0.0
20230921:1430,767.58,919.61,114.6,9.01,66.04,25.52,1.79,0.0
20230921:1530,705.4,823.98,120.96,8.47,65.21,26.8,1.72,0.0
20230921:1630,608.62,687.62,117.83,7.45,57.1,27.55,1.52,0.0
20230921:1730,506.82,560.62,104.88,6.4,45.55,27.92,1.24,0.0
20230921:1830,297.5,301.28,92.47,4.02,32.62,28.18,1.03,0.0
20230921:1930,126.68,131.64,64.54,2.28,19.1,27.85,1.1,0.0
20230921:2030,7.43,0.0,20.46,0.21,5.31,27.33,0.83,0.0
20230921:2130,0.0,0.0,0.0,0.0,0.0,25.46,0.41,0.0
20230921:2230,0.0,0.0,0.0,0.0,0.0,24.73,0.28,0.0
20230921:2330,0.0,0.0,0.0,0.0,0.0,23.71,0.41,0.0
20230922:0030,0.0,0.0,0.0,0.0,0.0,23.33,0.34,0.0
20230922:0130,0.0,0.0,0.0,0.0,0.0,21.58,0.9,0.0
20230922:0230,0.0,0.0,0.0,0.0,0.0,20.07,1.52,0.0
20230922:0330,0.0,0.0,0.0,0.0,0.0,19.44,1.72,0.0
20230922:0430,0.0,0.0,0.0,0.0,0.0,18.59,1.66,0.0
20230922:0530,0.0,0.0,0.0,0.0,0.0,17.69,1.52,0.0
20230922:0630,0.0,0.0,0.0,0.0,0.0,17.05,1.45,0.0
20230922:0730,0.0,0.0,0.0,0.0,0.0,16.63,1.45,0.0
20230922:0830,0.0,0.0,0.0,0.0,-5.69,16.22,1.38,0.0
20230922:0930,108.34,119.74,43.16,0.93,8.17,15.85,1.38,0.0
20230922:1030,342.83,346.29,83.64,3.11,21.93,17.33,1.17,0.0
20230922:1130,539.19,577.55,101.93,5.32,35.39,20.65,1.79,0.0
20230922:1230,674.61,759.06,113.52,7.16,48.18,22.55,2.0,0.0
20230922:1330,751.86,877.67,118.76,8.46,59.36,24.3,2.07,0.0
20230922:1430,772.57,920.61,119.69,9.09,66.44,25.95,2.0,0.0
20230922:1530,739.07,885.09,116.61,9.0,65.54,27.39,1.72,0.0
20230922:1630,658.28,780.19,106.49,8.22,57.32,28.52,1.45,0.0
20230922:1730,527.62,600.06,101.35,6.77,45.69,29.29,1.17,0.0
20230922:1830,349.09,378.38,87.27,4.79,32.71,29.67,1.17,0.0
20230922:1930,124.36,130.12,64.29,2.28,19.17,29.52,1.52,0.0
20230922:2030,6.06,0.0,18.25,0.19,5.38,28.61,1.45,0.0
20230922:2130,0.0,0.0,0.0,0.0,0.0,26.56,1.24,0.0
20230922:2230,0.0,0.0,0.0,0.0,0.0,24.46,1.03,0.0
20230922:2330,0.0,0.0,0.0,0.0,0.0,23.33,1.17,0.0
20230923:0030,0.0,0.0,0.0,0.0,0.0,22.33,1.38,0.0
20230923:0130,0.0,0.0,0.0,0.0,0.0,21.19,1.31,0.0
20230923:0230,0.0,0.0,0.0,0.0,0.0,20.42,1.17,0.0
20230923:0330,0.0,0.0,0.0,0.0,0.0,20.11,0.97,0.0
20230923:0430,0.0,0.0,0.0,0.0,0.0,20.01,0.69,0.0
20230923:0530,0.0,0.0,0.0,0.0,0.0,19.75,0.41,0.0
20230923:0630,0.0,0.0,0.0,0.0,0.0,19.29,0.28,0.0
20230923:0730,0.0,0.0,0.0,0.0,0.0,18.65,0.28,0.0
20230923:0830,0.0,0.0,0.0,0.0,-5.45,18.26,0.14,0.0
20230923:0930,99.83,108.63,44.2,0.91,8.41,18.07,0.14,0.0
20230923:1030,320.42,316.62,92.18,3.0,22.17,18.71,0.07,0.0
20230923:1130,510.57,557.45,106.78,5.23,35.66,23.06,0.34,0.0
20230923:1230,637.73,753.13,108.58,7.1,48.48,25.27,0.34,0.0
20230923:1330,702.62,867.03,117.04,8.38,59.71,26.88,0.14,0.0
20230923:1430,724.87,920.08,114.36,9.07,66.84,28.19,0.07,0.0
20230923:1530,711.14,886.21,110.35,8.98,65.87,29.25,0.62,0.0
20230923:1630,578.36,660.71,113.32,7.21,57.53,30.0,1.31,0.0
20230923:1730,465.01,504.55,105.08,5.91,45.82,29.83,1.66,0.0
20230923:1830,298.93,290.85,105.71,4.08,32.81,29.71,1.79,0.0
20230923:1930,129.98,143.82,59.44,2.42,19.24,29.19,2.28,0.0
20230923:2030,5.89,0.0,17.93,0.19,5.44,28.29,2.07,0.0
20230923:2130,0.0,0.0,0.0,0.0,0.0,26.74,1.45,0.0
20230923:2230,0.0,0.0,0.0,0.0,0.0,24.56,1.24,0.0
20230923:2330,0.0,0.0,0.0,0.0,0.0,23.42,1.17,0.0
20230924:0030,0.0,0.0,0.0,0.0,0.0,22.25,1.1,0.0
20230924:0130,0.0,0.0,0.0,0.0,0.0,21.86,0.83,0.0
20230924:0230,0.0,0.0,0.0,0.0,0.0,21.92,0.55,0.0
20230924:0330,0.0,0.0,0.0,0.0,0.0,21.67,0.21,0.0
20230924:0430,0.0,0.0,0.0,0.0,0.0,21.28,0.14,0.0
20230924:0530,0.0,0.0,0.0,0.0,0.0,20.92,0.48,0.0
20230924:0630,0.0,0.0,0.0,0.0,0.0,19.88,0.83,0.0
20230924:0730,0.0,0.0,0.0,0.0,0.0,19.77,0.62,0.0
20230924:0830,0.0,0.0,0.0,0.0,-5.22,19.4,0.69,0.0
20230924:0930,105.65,117.34,43.85,0.96,8.64,18.99,0.69,0.0
20230924:1030,339.38,350.64,83.08,3.18,22.42,19.92,0.48,0.0
20230924:1130,525.07,579.32,101.77,5.38,35.92,23.95,0.9,0.0
20230924:1230,656.02,763.5,111.9,7.24,48.78,26.13,1.24,0.0
20230924:1330,731.36,882.09,117.09,8.54,60.06,27.9,1.45,0.0
20230924:1430,717.27,869.98,114.76,8.66,67.24,29.41,1.45,0.0
20230924:1530,702.35,834.29,133.49,8.76,66.2,30.5,1.45,0.0
20230924:1630,578.89,655.76,124.5,7.29,57.74,31.35,1.38,0.0
20230924:1730,481.53,519.49,124.58,6.27,45.96,31.67,1.17,0.0
20230924:1830,298.56,308.78,94.36,4.18,32.91,31.87,0.97,0.0
20230924:1930,91.93,86.98,61.68,1.73,19.32,31.6,1.31,0.0
20230924:2030,5.17,0.0,16.82,0.17,5.51,30.53,0.69,0.0
20230924:2130,0.0,0.0,0.0,0.0,0.0,29.51,0.41,0.0
20230924:2230,0.0,0.0,0.0,0.0,0.0,27.77,0.69,0.0
20230924:2330,0.0,0.0,0.0,0.0,0.0,27.64,0.62,0.0
20230925:0030,0.0,0.0,0.0,0.0,0.0,27.14,0.55,0.0
20230925:0130,0.0,0.0,0.0,0.0,0.0,26.58,0.41,0.0
20230925:0230,0.0,0.0,0.0,0.0,0.0,26.07,0.34,0.0
20230925:0330,0.0,0.0,0.0,0.0,0.0,25.35,0.34,0.0
20230925:0430,0.0,0.0,0.0,0.0,0.0,24.59,0.41,0.0
20230925:0530,0.0,0.0,0.0,0.0,0.0,23.19,0.83,0.0
20230925:0630,0.0,0.0,0.0,0.0,0.0,21.11,1.24,0.0
20230925:0730,0.0,0.0,0.0,0.0,0.0,21.95,0.41,0.0
20230925:0830,0.0,0.0,0.0,0.0,-4.99,21.73,0.48,0.0
20230925:0930,102.34,114.04,44.14,0.97,8.87,21.49,0.48,0.0
20230925:1030,327.68,335.37,87.69,3.14,22.66,21.8,0.34,0.0
20230925:1130,509.67,561.92,105.78,5.31,36.18,25.12,0.55,0.0
20230925:1230,627.2,724.49,125.16,7.06,49.07,27.32,0.62,0.0
20230925:1330,702.25,839.35,137.86,8.38,60.42,29.04,0.76,0.0
20230925:1430,680.88,827.12,126.2,8.42,67.64,30.54,0.62,0.0
20230925:1530,673.28,817.94,125.56,8.56,66.53,31.35,0.69,0.0
20230925:1630,589.05,697.34,108.74,7.55,57.95,32.0,0.9,0.0
20230925:1730,420.29,416.59,142.82,5.46,46.1,32.19,1.17,0.0
20230925:1830,316.32,324.19,102.01,4.44,33.0,31.84,1.24,0.0
20230925:1930,91.17,73.74,72.24,1.68,19.39,31.95,1.17,0.0
20230925:2030,5.44,0.0,17.28,0.18,5.57,30.35,0.97,0.0
20230925:2130,0.0,0.0,0.0,0.0,0.0,28.48,1.31,0.0
20230925:2230,0.0,0.0,0.0,0.0,0.0,26.67,1.45,0.0
20230925:2330,0.0,0.0,0.0,0.0,0.0,25.35,1.59,0.0
20230926:0030,0.0,0.0,0.0,0.0,0.0,24.12,1.72,0.0
20230926:0130,0.0,0.0,0.0,0.0,0.0,22.98,1.66,0.0
20230926:0230,0.0,0.0,0.0,0.0,0.0,21.96,1.52,0.0
20230926:0330,0.0,0.0,0.0,0.0,0.0,21.22,1.31,0.0
20230926:0430,0.0,0.0,0.0,0.0,0.0,20.73,1.24,0.0
20230926:0530,0.0,0.0,0.0,0.0,0.0,20.31,1.03,0.0
20230926:0630,0.0,0.0,0.0,0.0,0.0,19.97,0.76,0.0
20230926:0730,0.0,0.0,0.0,0.0,0.0,19.72,0.97,0.0
20230926:0830,0.0,0.0,0.0,0.0,-4.76,19.58,0.9,0.0
20230926:0930,67.67,61.97,45.43,0.74,9.1,19.52,0.76,0.0
20230926:1030,219.77,194.97,87.28,2.19,22.9,20.38,1.1,0.0
20230926:1130,433.83,409.56,140.01,4.46,36.44,22.57,1.24,0.0
20230926:1230,628.07,688.26,132.74,6.86,49.37,25.32,1.79,0.0
20230926:1330,708.14,826.96,120.92,8.16,60.77,27.69,2.07,0.0
20230926:1430,718.72,825.49,146.03,8.61,68.04,29.51,2.28,0.0
20230926:1530,706.88,836.39,115.05,8.66,66.86,30.84,2.76,0.0
20230926:1630,447.38,462.5,116.35,5.46,58.16,31.54,3.24,0.0
20230926:1730,364.51,315.29,157.84,4.64,46.23,31.13,3.1,0.0
20230926:1830,225.13,218.26,83.7,3.15,33.09,31.15,2.76,0.0
20230926:1930,100.03,104.1,57.36,1.94,19.47,31.05,2.48,0.0
20230926:2030,2.4,0.0,11.57,0.12,5.64,30.37,1.59,0.0
20230926:2130,0.0,0.0,0.0,0.0,0.0,28.35,1.17,0.0
20230926:2230,0.0,0.0,0.0,0.0,0.0,27.18,1.17,0.0
20230926:2330,0.0,0.0,0.0,0.0,0.0,26.0,1.31,0.0
20230927:0030,0.0,0.0,0.0,0.0,0.0,25.32,1.31,0.0
20230927:0130,0.0,0.0,0.0,0.0,0.0,24.69,1.17,0.0
20230927:0230,0.0,0.0,0.0,0.0,0.0,24.31,1.1,0.0
20230927:0330,0.0,0.0,0.0,0.0,0.0,23.58,1.17,0.0
20230927:0430,0.0,0.0,0.0,0.0,0.0,22.9,1.24,0.0
20230927:0530,0.0,0.0,0.0,0.0,0.0,22.38,1.24,0.0
20230927:0630,0.0,0.0,0.0,0.0,0.0,21.95,1.31,0.0
20230927:0730,0.0,0.0,0.0,0.0,0.0,21.81,1.38,0.0
20230927:0830,0.0,0.0,0.0,0.0,-4.53,21.37,1.52,0.0
20230927:0930,91.38,99.81,42.22,0.91,9.33,21.25,1.59,0.0
20230927:1030,292.06,302.71,71.47,2.82,23.14,22.24,1.38,0.0
20230927:1130,416.18,400.27,131.51,4.34,36.7,25.83,1.79,0.0
20230927:1230,520.02,516.84,155.56,5.69,49.66,27.67,2.28,0.0
20230927:1330,589.65,610.51,159.49,6.7,61.12,29.23,2.9,0.0
20230927:1430,674.2,742.58,145.41,7.9,68.44,30.56,3.86,0.0
20230927:1530,649.5,702.45,149.54,7.79,67.18,31.62,4.48,0.0
20230927:1630,434.94,343.71,216.22,5.32,58.36,31.1,4.55,0.0
20230927:1730,368.54,321.73,148.23,4.62,46.36,28.26,3.59,0.0
20230927:1830,207.48,83.91,192.36,2.81,33.19,28.79,2.83,0.0
20230927:1930,100.73,61.82,91.62,1.75,19.54,27.69,2.07,0.0
20230927:2030,14.41,0.0,31.25,0.32,5.71,27.29,1.52,0.0
20230927:2130,0.0,0.0,0.0,0.0,0.0,26.4,0.69,0.0
20230927:2230,0.0,0.0,0.0,0.0,0.0,25.16,0.9,0.0
20230927:2330,0.0,0.0,0.0,0.0,0.0,24.27,1.03,0.0
20230928:0030,0.0,0.0,0.0,0.0,0.0,23.01,0.83,0.0
20230928:0130,0.0,0.0,0.0,0.0,0.0,21.31,1.24,0.0
20230928:0230,0.0,0.0,0.0,0.0,0.0,20.1,0.55,0.0
20230928:0330,0.0,0.0,0.0,0.0,0.0,19.63,0.28,0.0
20230928:0430,0.0,0.0,0.0,0.0,0.0,19.76,0.55,0.0
20230928:0530,0.0,0.0,0.0,0.0,0.0,19.58,0.9,0.0
20230928:0630,0.0,0.0,0.0,0.0,0.0,19.33,1.17,0.0
20230928:0730,0.0,0.0,0.0,0.0,0.0,18.42,1.38,0.0
20230928:0830,0.0,0.0,0.0,0.0,-4.3,17.53,1.72,0.0
20230928:0930,4.56,2.54,12.78,0.14,9.56,16.29,2.14,0.0
20230928:1030,24.19,0.0,43.13,0.43,23.37,15.66,2.07,0.0
20230928:1130,66.78,0.0,95.59,0.96,36.95,15.4,2.21,0.0
20230928:1230,166.82,23.39,188.48,2.07,49.95,15.51,2.21,0.0
20230928:1330,246.01,109.74,192.39,2.83,61.46,16.0,2.34,0.0
20230928:1430,232.09,37.22,251.73,2.83,68.84,16.51,2.48,0.0
20230928:1530,271.76,82.77,252.12,3.25,67.51,16.67,2.41,0.0
20230928:1630,263.64,71.54,255.02,3.2,58.56,17.23,2.41,0.0
20230928:1730,219.94,114.14,159.71,2.71,46.49,17.64,2.55,0.0
20230928:1830,55.22,12.06,70.48,0.83,33.28,17.8,2.48,0.0
20230928:1930,47.83,14.2,61.06,0.8,19.61,15.63,2.41,0.0
20230928:2030,4.62,0.0,15.02,0.16,5.78,15.41,2.34,0.0
20230928:2130,0.0,0.0,0.0,0.0,0.0,14.96,2.34,0.0
20230928:2230,0.0,0.0,0.0,0.0,0.0,14.63,2.21,0.0
20230928:2330,0.0,0.0,0.0,0.0,0.0,14.42,2.07,0.0
20230929:0030,0.0,0.0,0.0,0.0,0.0,14.26,1.93,0.0
20230929:0130,0.0,0.0,0.0,0.0,0.0,14.12,1.79,0.0
20230929:0230,0.0,0.0,0.0,0.0,0.0,13.94,1.66,0.0
20230929:0330,0.0,0.0,0.0,0.0,0.0,13.79,1.59,0.0
20230929:0430,0.0,0.0,0.0,0.0,0.0,13.58,1.45,0.0
20230929:0530,0.0,0.0,0.0,0.0,0.0,13.38,1.45,0.0
20230929:0630,0.0,0.0,0.0,0.0,0.0,13.38,1.59,0.0
20230929:0730,0.0,0.0,0.0,0.0,0.0,13.33,1.45,0.0
20230929:0830,0.0,0.0,0.0,0.0,-4.07,13.17,1.31,0.0
20230929:0930,75.05,76.81,38.42,0.79,9.79,13.13,1.17,0.0
20230929:1030,261.21,219.1,103.92,2.55,23.61,13.74,1.03,0.0
20230929:1130,380.87,280.6,185.52,3.95,37.2,15.71,1.17,0.0
20230929:1230,448.1,283.56,273.87,4.95,50.23,17.51,1.03,0.0
20230929:1330,533.49,400.17,279.0,6.07,61.81,19.53,0.83,0.0
20230929:1430,402.73,131.74,383.29,4.93,69.23,21.54,0.76,0.0
20230929:1530,341.19,103.88,332.43,4.23,67.83,22.34,0.76,0.0
20230929:1630,323.37,145.82,268.09,4.02,58.76,22.71,0.41,0.0
20230929:1730,296.38,192.86,186.47,3.76,46.62,23.09,0.34,0.0
20230929:1830,99.74,0.48,138.72,1.39,33.37,22.71,0.69,0.0
20230929:1930,53.28,3.97,78.4,0.84,19.69,21.86,0.76,0.0
20230929:2030,4.71,0.0,15.49,0.16,5.85,21.32,1.38,0.0
20230929:2130,0.0,0.0,0.0,0.0,0.0,20.2,1.66,0.0
20230929:2230,0.0,0.0,0.0,0.0,0.0,18.97,1.72,0.0
20230929:2330,0.0,0.0,0.0,0.0,0.0,17.84,1.72,0.0
20230930:0030,0.0,0.0,0.0,0.0,0.0,17.03,1.59,0.0
20230930:0130,0.0,0.0,0.0,0.0,0.0,16.53,1.31,0.0
20230930:0230,0.0,0.0,0.0,0.0,0.0,16.22,0.97,0.0
20230930:0330,0.0,0.0,0.0,0.0,0.0,15.96,0.69,0.0
20230930:0430,0.0,0.0,0.0,0.0,0.0,15.77,0.55,0.0
20230930:0530,0.0,0.0,0.0,0.0,0.0,15.45,0.62,0.0
20230930:0630,0.0,0.0,0.0,0.0,0.0,15.31,0.69,0.0
20230930:0730,0.0,0.0,0.0,0.0,0.0,15.12,0.83,0.0
20230930:0830,0.0,0.0,0.0,0.0,-3.84,14.8,0.9,0.0
20230930:0930,78.91,75.79,44.59,0.84,10.02,14.87,0.9,0.0
20230930:1030,293.57,277.46,89.2,2.85,23.84,16.4,0.97,0.0
20230930:1130,501.33,466.89,159.66,5.16,37.45,18.27,1.24,0.0
20230930:1230,564.4,480.44,236.41,6.18,50.52,20.85,1.66,0.0
20230930:1330,674.96,647.48,235.22,7.76,62.15,22.52,1.59,0.0
20230930:1430,656.95,647.15,224.33,7.85,69.63,24.35,1.17,0.0
20230930:1530,648.69,656.37,207.79,7.98,68.15,25.24,1.1,0.0
20230930:1630,607.37,643.05,169.92,7.74,58.96,25.9,0.62,0.0
20230930:1730,467.26,475.49,137.79,6.1,46.74,26.41,0.48,0.0
20230930:1830,205.19,139.44,135.02,2.87,33.46,26.59,0.21,0.0
20230930:1930,83.89,32.52,94.09,1.39,19.76,25.03,1.17,0.0
20230930:2030,5.92,0.0,17.7,0.18,5.92,23.62,0.62,0.0
20230930:2130,0.0,0.0,0.0,0.0,0.0,22.25,0.69,0.0
20230930:2230,0.0,0.0,0.0,0.0,0.0,21.47,0.62,0.0
20230930:2330,0.0,0.0,0.0,0.0,0.0,20.8,0.41,0.0
20231001:0030,0.0,0.0,0.0,0.0,0.0,20.44,0.21,0.0
20231001:0130,0.0,0.0,0.0,0.0,0.0,19.95,0.41,0.0
20231001:0230,0.0,0.0,0.0,0.0,0.0,19.4,0.34,0.0
20231001:0330,0.0,0.0,0.0,0.0,0.0,18.12,0.83,0.0
20231001:0430,0.0,0.0,0.0,0.0,0.0,17.64,1.03,0.0
20231001:0530,0.0,0.0,0.0,0.0,0.0,17.47,1.03,0.0
20231001:0630,0.0,0.0,0.0,0.0,0.0,17.26,1.17,0.0
20231001:0730,0.0,0.0,0.0,0.0,0.0,16.83,1.24,0.0
20231001:0830,0.0,0.0,0.0,0.0,-3.61,17.03,1.31,0.0
20231001:0930,29.93,25.1,29.13,0.43,10.24,16.87,1.45,0.0
20231001:1030,93.12,34.98,92.76,1.17,24.07,17.2,1.45,0.0
20231001:1130,302.5,164.4,210.1,3.33,37.7,17.85,1.52,0.0
20231001:1230,299.07,152.93,218.39,3.4,50.79,19.02,1.66,0.0
20231001:1330,301.35,98.45,278.1,3.59,62.49,19.51,1.79,0.0
20231001:1430,356.0,179.07,262.93,4.17,70.03,19.93,2.07,0.0
20231001:1530,450.04,283.37,278.69,5.31,68.46,21.07,2.28,0.0
20231001:1630,461.75,354.47,227.05,5.58,59.15,22.67,2.07,0.0
20231001:1730,362.15,269.87,187.49,4.55,46.87,23.62,2.0,0.0
20231001:1830,41.1,0.0,66.7,0.67,33.55,23.58,1.93,0.0
20231001:1930,44.64,10.42,61.63,0.76,19.84,19.84,1.1,0.0
20231001:2030,4.26,0.0,14.61,0.15,5.99,19.54,1.03,0.0
20231001:2130,0.0,0.0,0.0,0.0,0.0,19.12,0.55,0.0
20231001:2230,0.0,0.0,0.0,0.0,0.0,18.88,0.62,0.0
20231001:2330,0.0,0.0,0.0,0.0,0.0,18.69,0.69,0.0
20231002:0030,0.0,0.0,0.0,0.0,0.0,18.63,0.83,0.0
20231002:0130,0.0,0.0,0.0,0.0,0.0,18.59,0.83,0.0
20231002:0230,0.0,0.0,0.0,0.0,0.0,18.49,0.83,0.0
20231002:0330,0.0,0.0,0.0,0.0,0.0,18.45,0.55,0.0
20231002:0430,0.0,0.0,0.0,0.0,0.0,18.38,0.34,0.0
20231002:0530,0.0,0.0,0.0,0.0,0.0,18.3,0.21,0.0
20231002:0630,0.0,0.0,0.0,0.0,0.0,18.26,0.34,0.0
20231002:0730,0.0,0.0,0.0,0.0,0.0,17.94,0.48,0.0
20231002:0830,0.0,0.0,0.0,0.0,-3.39,18.0,0.34,0.0
20231002:0930,12.2,1.75,25.5,0.26,10.46,18.03,0.48,0.0
20231002:1030,49.93,7.95,68.44,0.74,24.29,18.45,0.83,0.0
20231002:1130,104.24,36.67,104.43,1.33,37.94,19.0,1.03,0.0
20231002:1230,101.31,13.06,125.67,1.36,51.07,19.66,0.83,0.0
20231002:1330,160.54,37.33,171.79,2.03,62.82,20.06,0.9,0.0
20231002:1430,203.49,52.28,208.82,2.54,70.42,20.88,1.17,0.0
20231002:1530,461.97,261.65,326.37,5.59,68.78,21.5,1.1,0.0
20231002:1630,362.07,218.04,242.35,4.46,59.34,23.38,1.1,0.0
20231002:1730,338.48,194.9,236.41,4.3,46.99,23.19,1.1,0.0
20231002:1830,161.86,63.76,151.14,2.21,33.64,22.9,1.17,0.0
20231002:1930,67.03,32.86,71.61,1.18,19.91,21.56,1.03,0.0
20231002:2030,8.43,0.0,21.57,0.22,6.06,20.8,1.03,0.0
20231002:2130,0.0,0.0,0.0,0.0,0.0,19.7,0.62,0.0
20231002:2230,0.0,0.0,0.0,0.0,0.0,19.09,0.69,0.0
20231002:2330,0.0,0.0,0.0,0.0,0.0,18.49,0.76,0.0
20231003:0030,0.0,0.0,0.0,0.0,0.0,18.09,0.62,0.0
20231003:0130,0.0,0.0,0.0,0.0,0.0,17.9,0.76,0.0
20231003:0230,0.0,0.0,0.0,0.0,0.0,17.74,0.76,0.0
20231003:0330,0.0,0.0,0.0,0.0,0.0,17.68,0.97,0.0
20231003:0430,0.0,0.0,0.0,0.0,0.0,17.83,1.03,0.0
20231003:0530,0.0,0.0,0.0,0.0,0.0,17.78,0.9,0.0
20231003:0630,0.0,0.0,0.0,0.0,0.0,17.84,0.97,0.0
20231003:0730,0.0,0.0,0.0,0.0,0.0,17.62,0.28,0.0
20231003:0830,0.0,0.0,0.0,0.0,-3.17,17.73,0.28,0.0
20231003:0930,74.39,59.19,54.72,0.87,10.68,17.5,0.0,0.0
20231003:1030,195.36,133.67,117.89,2.12,24.52,18.48,0.14,0.0
20231003:1130,319.36,214.14,186.46,3.5,38.18,19.71,0.62,0.0
20231003:1230,454.64,357.12,219.44,5.08,51.34,21.31,0.83,0.0
20231003:1330,420.26,230.86,306.09,4.97,63.15,23.1,1.1,0.0
20231003:1430,509.7,364.79,291.73,6.07,70.82,23.15,1.1,0.0
20231003:1530,578.1,563.08,191.7,7.04,69.09,24.28,1.03,0.0
20231003:1630,533.98,517.27,179.35,6.7,59.53,25.3,0.97,0.0
20231003:1730,381.69,357.34,131.64,4.91,47.11,25.54,1.17,0.0
20231003:1830,294.36,292.56,90.4,4.16,33.73,24.23,1.24,0.0
20231003:1930,109.36,116.73,56.73,2.23,19.99,25.01,1.38,0.0
20231003:2030,6.44,0.0,18.62,0.19,6.13,24.4,1.1,0.0
20231003:2130,0.0,0.0,0.0,0.0,0.0,23.07,0.83,0.0
20231003:2230,0.0,0.0,0.0,0.0,0.0,21.72,1.03,0.0
20231003:2330,0.0,0.0,0.0,0.0,0.0,20.54,0.9,0.0
20231004:0030,0.0,0.0,0.0,0.0,0.0,20.1,0.62,0.0
20231004:0130,0.0,0.0,0.0,0.0,0.0,19.57,0.62,0.0
20231004:0230,0.0,0.0,0.0,0.0,0.0,19.13,0.76,0.0
20231004:0330,0.0,0.0,0.0,0.0,0.0,18.16,1.03,0.0
20231004:0430,0.0,0.0,0.0,0.0,0.0,17.82,1.1,0.0
20231004:0530,0.0,0.0,0.0,0.0,0.0,17.47,1.24,0.0
20231004:0630,0.0,0.0,0.0,0.0,0.0,17.4,1.24,0.0
20231004:0730,0.0,0.0,0.0,0.0,0.0,17.17,1.31,0.0
20231004:0830,0.0,0.0,0.0,0.0,-2.95,16.77,1.24,0.0
20231004:0930,90.6,73.45,61.01,1.02,10.9,16.81,1.1,0.0
20231004:1030,291.16,230.46,136.94,3.0,24.74,18.98,1.24,0.0
20231004:1130,478.14,455.63,143.51,5.01,38.42,21.28,2.0,0.0
20231004:1230,607.76,585.44,191.16,6.72,51.61,22.93,2.34,0.0
20231004:1330,644.56,586.83,249.28,7.45,63.48,24.66,2.48,0.0
20231004:1430,664.65,647.22,218.54,7.88,71.21,25.81,2.76,0.0
20231004:1530,644.3,688.59,148.14,7.81,69.4,26.62,2.83,0.0
20231004:1630,486.04,450.54,171.75,6.01,59.72,27.41,2.76,0.0
20231004:1730,485.0,494.05,130.03,6.31,47.23,27.62,2.69,0.0
20231004:1830,196.07,67.42,194.14,2.69,33.82,28.08,2.55,0.0
20231004:1930,81.92,9.85,111.04,1.25,20.06,26.53,1.86,0.0
20231004:2030,11.62,0.0,26.91,0.28,6.21,25.77,0.97,0.0
20231004:2130,0.0,0.0,0.0,0.0,0.0,24.61,0.83,0.0
20231004:2230,0.0,0.0,0.0,0.0,0.0,23.73,0.83,0.0
20231004:2330,0.0,0.0,0.0,0.0,0.0,22.94,0.9,0.0
20231005:0030,0.0,0.0,0.0,0.0,0.0,22.57,1.17,0.0
20231005:0130,0.0,0.0,0.0,0.0,0.0,22.15,1.38,0.0
20231005:0230,0.0,0.0,0.0,0.0,0.0,21.66,1.52,0.0
20231005:0330,0.0,0.0,0.0,0.0,0.0,21.48,1.72,0.0
20231005:0430,0.0,0.0,0.0,0.0,0.0,21.31,1.86,0.0
20231005:0530,0.0,0.0,0.0,0.0,0.0,20.88,1.93,0.0
20231005:0630,0.0,0.0,0.0,0.0,0.0,20.73,1.93,0.0
20231005:0730,0.0,0.0,0.0,0.0,0.0,19.9,1.24,0.0
20231005:0830,0.0,0.0,0.0,0.0,-2.73,19.77,1.03,0.0
20231005:0930,51.6,31.72,51.27,0.7,11.11,19.59,0.9,0.0
20231005:1030,195.1,154.93,97.42,2.1,24.96,20.3,0.69,0.0
20231005:1130,335.12,270.04,152.65,3.64,38.65,22.36,1.1,0.0
20231005:1230,482.95,415.38,199.34,5.4,51.88,23.89,1.72,0.0
20231005:1330,598.14,581.69,188.34,6.87,63.81,25.2,2.48,0.0
20231005:1430,579.79,580.19,164.9,6.81,71.61,26.46,2.83,0.0
20231005:1530,679.08,701.7,185.41,8.3,69.71,27.11,3.17,0.0
20231005:1630,389.56,299.38,196.35,4.82,59.9,27.47,3.1,0.0
20231005:1730,355.96,241.02,214.95,4.58,47.35,26.31,2.14,0.0
20231005:1830,238.85,180.34,133.67,3.37,33.91,26.01,1.72,0.0
20231005:1930,89.38,49.61,88.18,1.62,20.14,26.72,1.59,0.0
20231005:2030,9.36,0.0,23.46,0.24,6.28,25.98,0.34,0.0
20231005:2130,0.0,0.0,0.0,0.0,0.0,24.71,0.34,0.0
20231005:2230,0.0,0.0,0.0,0.0,0.0,23.37,0.0,0.0
20231005:2330,0.0,0.0,0.0,0.0,0.0,22.09,0.41,0.0
20231006:0030,0.0,0.0,0.0,0.0,0.0,21.03,0.83,0.0
20231006:0130,0.0,0.0,0.0,0.0,0.0,20.26,1.1,0.0
20231006:0230,0.0,0.0,0.0,0.0,0.0,19.73,0.9,0.0
20231006:0330,0.0,0.0,0.0,0.0,0.0,19.04,1.1,0.0
20231006:0430,0.0,0.0,0.0,0.0,0.0,18.68,1.38,0.0
20231006:0530,0.0,0.0,0.0,0.0,0.0,18.51,1.38,0.0
20231006:0630,0.0,0.0,0.0,0.0,0.0,18.39,1.31,0.0
20231006:0730,0.0,0.0,0.0,0.0,0.0,18.45,1.17,0.0
20231006:0830,0.0,0.0,0.0,0.0,-2.51,18.39,1.17,0.0
20231006:0930,81.0,81.07,43.65,0.93,11.32,18.67,1.38,0.0
20231006:1030,226.87,189.68,99.36,2.39,25.17,20.22,1.93,0.0
20231006:1130,427.48,364.87,173.43,4.6,38.88,21.55,1.38,0.0
20231006:1230,537.45,488.62,199.82,6.03,52.14,23.39,1.59,0.0
20231006:1330,613.97,563.23,238.09,7.19,64.13,25.14,1.86,0.0
20231006:1430,649.29,640.16,221.72,7.89,72.0,26.48,1.66,0.0
20231006:1530,704.88,831.15,118.3,8.91,70.01,27.29,1.59,0.0
20231006:1630,633.51,709.62,136.35,8.22,60.08,28.03,1.52,0.0
20231006:1730,462.91,455.38,150.06,6.15,47.47,28.39,1.45,0.0
20231006:1830,273.93,215.54,148.03,3.93,34.0,28.09,1.24,0.0
20231006:1930,96.97,44.97,101.78,1.69,20.22,26.91,0.97,0.0
20231006:2030,12.14,0.0,27.65,0.29,6.36,25.16,0.41,0.0
20231006:2130,0.0,0.0,0.0,0.0,0.0,23.12,0.28,0.0
20231006:2230,0.0,0.0,0.0,0.0,0.0,22.22,0.83,0.0
20231006:2330,0.0,0.0,0.0,0.0,0.0,21.5,0.83,0.0
20231007:0030,0.0,0.0,0.0,0.0,0.0,20.89,1.03,0.0
20231007:0130,0.0,0.0,0.0,0.0,0.0,20.78,1.31,0.0
20231007:0230,0.0,0.0,0.0,0.0,0.0,20.45,1.38,0.0
20231007:0330,0.0,0.0,0.0,0.0,0.0,20.03,1.38,0.0
20231007:0430,0.0,0.0,0.0,0.0,0.0,19.58,1.45,0.0
20231007:0530,0.0,0.0,0.0,0.0,0.0,19.21,1.45,0.0
20231007:0630,0.0,0.0,0.0,0.0,0.0,18.99,1.52,0.0
20231007:0730,0.0,0.0,0.0,0.0,0.0,19.32,1.66,0.0
20231007:0830,0.0,0.0,0.0,0.0,-2.3,19.29,1.66,0.0
20231007:0930,122.51,130.33,50.45,1.31,11.53,19.28,1.72,0.0
20231007:1030,333.8,332.8,89.72,3.39,25.38,21.5,2.21,0.0
20231007:1130,510.81,517.98,123.77,5.41,39.1,23.3,3.03,0.0
20231007:1230,590.12,552.15,201.48,6.6,52.39,24.92,3.1,0.0
20231007:1330,634.33,628.67,191.7,7.35,64.45,25.93,2.9,0.0
20231007:1430,693.65,673.45,243.52,8.41,72.39,27.12,2.69,0.0
20231007:1530,649.43,637.11,220.0,8.07,70.31,28.24,2.62,0.0
20231007:1630,464.75,372.92,230.22,5.88,60.26,28.67,2.21,0.0
20231007:1730,322.64,196.22,222.31,4.22,47.59,28.06,1.79,0.0
20231007:1830,133.17,4.74,177.2,1.82,34.09,25.61,1.24,0.0
20231007:1930,49.87,0.82,77.69,0.79,20.29,25.03,1.45,0.0
20231007:2030,4.96,0.0,16.04,0.17,6.44,23.35,0.83,0.0
20231007:2130,0.0,0.0,0.0,0.0,0.0,22.9,0.55,0.0
20231007:2230,0.0,0.0,0.0,0.0,0.0,21.7,0.69,0.0
20231007:2330,0.0,0.0,0.0,0.0,0.0,20.81,1.17,0.0
20231008:0030,0.0,0.0,0.0,0.0,0.0,20.22,0.55,0.0
20231008:0130,0.0,0.0,0.0,0.0,0.0,20.1,0.62,0.0
20231008:0230,0.0,0.0,0.0,0.0,0.0,19.79,0.97,0.0
20231008:0330,0.0,0.0,0.0,0.0,0.0,19.39,1.03,0.0
20231008:0430,0.0,0.0,0.0,0.0,0.0,19.37,0.76,0.0
20231008:0530,0.0,0.0,0.0,0.0,0.0,19.05,0.69,0.0
20231008:0630,0.0,0.0,0.0,0.0,0.0,18.98,0.69,0.0
20231008:0730,0.0,0.0,0.0,0.0,0.0,19.0,0.62,0.0
20231008:0830,0.0,0.0,0.0,0.0,-2.08,18.91,0.55,0.0
20231008:0930,50.73,20.82,59.39,0.72,11.74,18.85,0.62,0.0
20231008:1030,205.08,115.18,148.82,2.32,25.59,19.94,0.83,0.0
20231008:1130,306.53,145.17,242.23,3.54,39.33,21.58,1.38,0.0
20231008:1230,421.34,219.23,315.56,4.92,52.65,23.1,1.86,0.0
20231008:1330,600.49,421.46,359.35,7.14,64.76,24.37,2.07,0.0
20231008:1430,603.88,431.89,355.94,7.34,72.77,26.02,2.48,0.0
20231008:1530,493.72,380.09,252.62,6.02,70.61,27.11,2.97,0.0
20231008:1630,503.29,489.08,152.56,6.27,60.43,26.72,2.9,0.0
20231008:1730,353.31,249.89,202.32,4.59,47.7,26.68,2.41,0.0
20231008:1830,299.43,296.75,96.12,4.37,34.17,27.01,2.21,0.0
20231008:1930,112.3,105.13,71.61,2.32,20.37,26.46,2.48,0.0
20231008:2030,8.18,0.0,21.52,0.22,6.51,25.37,2.0,0.0
20231008:2130,0.0,0.0,0.0,0.0,0.0,24.48,1.66,0.0
20231008:2230,0.0,0.0,0.0,0.0,0.0,23.72,1.79,0.0
20231008:2330,0.0,0.0,0.0,0.0,0.0,23.13,1.72,0.0
20231009:0030,0.0,0.0,0.0,0.0,0.0,22.43,1.59,0.0
20231009:0130,0.0,0.0,0.0,0.0,0.0,21.72,1.45,0.0
20231009:0230,0.0,0.0,0.0,0.0,0.0,21.14,1.38,0.0
20231009:0330,0.0,0.0,0.0,0.0,0.0,20.52,1.38,0.0
20231009:0430,0.0,0.0,0.0,0.0,0.0,20.34,1.52,0.0
20231009:0530,0.0,0.0,0.0,0.0,0.0,20.13,1.59,0.0
20231009:0630,0.0,0.0,0.0,0.0,0.0,19.87,1.59,0.0
20231009:0730,0.0,0.0,0.0,0.0,0.0,19.32,1.31,0.0
20231009:0830,0.0,0.0,0.0,0.0,-1.87,19.24,1.03,0.0
20231009:0930,12.84,3.82,24.74,0.27,11.94,19.24,0.9,0.0
20231009:1030,62.83,1.85,90.77,0.92,25.8,19.47,0.69,0.0
20231009:1130,200.75,106.48,149.88,2.35,39.54,19.99,0.55,0.0
20231009:1230,387.37,316.06,167.43,4.33,52.89,20.64,1.1,0.0
20231009:1330,362.77,287.87,166.64,4.17,65.07,22.09,1.24,0.0
20231009:1430,551.81,509.82,195.22,6.53,73.16,22.88,1.59,0.0
20231009:1530,497.59,446.21,183.78,5.99,70.91,24.08,2.21,0.0
20231009:1630,361.65,270.24,185.56,4.47,60.61,24.51,2.28,0.0
20231009:1730,312.89,210.52,185.04,4.02,47.82,23.64,2.14,0.0
20231009:1830,80.83,42.21,74.41,1.23,34.26,23.82,2.0,0.0
20231009:1930,70.97,48.84,64.32,1.39,20.45,22.02,1.17,0.0
20231009:2030,5.64,0.0,17.1,0.18,6.6,21.47,0.97,0.0
20231009:2130,0.0,0.0,0.0,0.0,0.0,20.72,0.97,0.0
20231009:2230,0.0,0.0,0.0,0.0,0.0,19.97,1.1,0.0
20231009:2330,0.0,0.0,0.0,0.0,0.0,19.32,1.38,0.0
20231010:0030,0.0,0.0,0.0,0.0,0.0,18.82,1.38,0.0
20231010:0130,0.0,0.0,0.0,0.0,0.0,18.27,1.38,0.0
20231010:0230,0.0,0.0,0.0,0.0,0.0,18.18,1.52,0.0
20231010:0330,0.0,0.0,0.0,0.0,0.0,17.84,1.45,0.0
20231010:0430,0.0,0.0,0.0,0.0,0.0,17.47,1.45,0.0
20231010:0530,0.0,0.0,0.0,0.0,0.0,17.19,1.38,0.0
20231010:0630,0.0,0.0,0.0,0.0,0.0,16.93,1.38,0.0
20231010:0730,0.0,0.0,0.0,0.0,0.0,16.45,1.31,0.0
20231010:0830,0.0,0.0,0.0,0.0,-1.67,16.22,1.38,0.0
20231010:0930,77.21,75.63,42.42,0.92,12.14,16.16,1.31,0.0
20231010:1030,216.96,162.74,110.36,2.33,26.0,16.7,1.52,0.0
20231010:1130,335.93,252.01,162.03,3.65,39.76,18.09,1.45,0.0
20231010:1230,436.31,308.45,236.14,4.92,53.14,19.54,1.31,0.0
20231010:1330,482.05,285.27,328.85,5.71,65.37,20.86,0.97,0.0
20231010:1430,506.44,312.63,344.47,6.2,73.54,22.31,0.55,0.0
20231010:1530,490.33,276.46,366.53,6.19,71.2,23.52,0.28,0.0
20231010:1630,472.02,310.27,309.65,6.08,60.78,24.55,0.21,0.0
20231010:1730,465.96,398.93,216.23,6.3,47.93,25.29,0.07,0.0
20231010:1830,216.15,129.6,158.05,3.09,34.35,25.92,0.41,0.0
20231010:1930,96.63,51.86,94.46,1.76,20.53,24.19,1.45,0.0
20231010:2030,8.84,0.0,22.4,0.23,6.68,23.21,1.79,0.0
20231010:2130,0.0,0.0,0.0,0.0,0.0,21.85,1.79,0.0
20231010:2230,0.0,0.0,0.0,0.0,0.0,20.55,2.0,0.0
20231010:2330,0.0,0.0,0.0,0.0,0.0,19.58,1.93,0.0
20231011:0030,0.0,0.0,0.0,0.0,0.0,18.91,1.79,0.0
20231011:0130,0.0,0.0,0.0,0.0,0.0,18.18,1.72,0.0
20231011:0230,0.0,0.0,0.0,0.0,0.0,17.75,1.45,0.0
20231011:0330,0.0,0.0,0.0,0.0,0.0,17.43,1.17,0.0
20231011:0430,0.0,0.0,0.0,0.0,0.0,17.2,0.97,0.0
20231011:0530,0.0,0.0,0.0,0.0,0.0,16.6,0.69,0.0
20231011:0630,0.0,0.0,0.0,0.0,0.0,16.22,0.62,0.0
20231011:0730,0.0,0.0,0.0,0.0,0.0,15.92,0.76,0.0
20231011:0830,0.0,0.0,0.0,0.0,-1.46,15.56,0.9,0.0
20231011:0930,120.09,117.24,56.0,1.33,12.34,15.09,1.03,0.0
20231011:1030,357.08,353.14,94.57,3.68,26.2,17.78,1.1,0.0
20231011:1130,538.69,545.58,131.93,5.8,39.97,19.87,1.66,0.0
20231011:1230,671.46,727.03,136.82,7.6,53.37,21.62,2.0,0.0
20231011:1330,732.46,766.56,191.99,8.66,65.67,23.54,2.41,0.0
20231011:1430,703.95,735.38,188.8,8.56,73.93,25.0,2.34,0.0
20231011:1530,726.7,802.52,162.04,9.18,71.49,26.0,2.28,0.0
20231011:1630,672.84,780.79,106.72,8.77,60.94,27.01,2.28,0.0
20231011:1730,538.78,613.6,88.32,7.32,48.04,27.71,2.14,0.0
20231011:1830,348.69,386.37,75.09,5.27,34.44,27.96,1.86,0.0
20231011:1930,128.26,153.02,54.6,2.95,20.61,27.38,1.93,0.0
20231011:2030,10.24,0.0,24.89,0.26,6.76,26.69,1.52,0.0
20231011:2130,0.0,0.0,0.0,0.0,0.0,25.29,1.17,0.0
20231011:2230,0.0,0.0,0.0,0.0,0.0,23.32,1.17,0.0
20231011:2330,0.0,0.0,0.0,0.0,0.0,21.96,1.17,0.0
20231012:0030,0.0,0.0,0.0,0.0,0.0,21.07,1.31,0.0
20231012:0130,0.0,0.0,0.0,0.0,0.0,20.58,1.31,0.0
20231012:0230,0.0,0.0,0.0,0.0,0.0,20.02,1.31,0.0
20231012:0330,0.0,0.0,0.0,0.0,0.0,19.58,1.31,0.0
20231012:0430,0.0,0.0,0.0,0.0,0.0,19.35,1.24,0.0
20231012:0530,0.0,0.0,0.0,0.0,0.0,19.17,1.24,0.0
20231012:0630,0.0,0.0,0.0,0.0,0.0,18.77,1.38,0.0
20231012:0730,0.0,0.0,0.0,0.0,0.0,18.78,1.24,0.0
20231012:0830,0.0,0.0,0.0,0.0,-1.26,18.47,1.52,0.0
20231012:0930,121.27,111.61,64.39,1.38,12.53,18.55,1.59,0.0
20231012:1030,319.04,278.12,126.41,3.39,26.39,20.81,1.52,0.0
20231012:1130,494.0,436.56,188.16,5.42,40.17,22.9,2.28,0.0
20231012:1230,615.17,539.58,250.22,7.04,53.61,24.39,2.9,0.0
20231012:1330,643.59,632.58,202.27,7.58,65.97,25.96,2.83,0.0
20231012:1430,619.91,596.74,207.5,7.49,74.31,26.86,2.9,0.0
20231012:1530,602.61,590.84,191.59,7.48,71.78,27.6,2.9,0.0
20231012:1630,535.27,542.78,149.38,6.84,61.11,28.45,2.76,0.0
20231012:1730,466.34,497.76,104.75,6.28,48.15,28.89,2.69,0.0
20231012:1830,80.89,10.52,108.59,1.21,34.53,29.05,2.21,0.0
20231012:1930,70.99,12.11,94.8,1.14,20.69,24.09,1.38,0.0
20231012:2030,12.43,0.0,27.93,0.29,6.85,23.84,1.31,0.0
20231012:2130,0.0,0.0,0.0,0.0,0.0,23.35,0.62,0.0
20231012:2230,0.0,0.0,0.0,0.0,0.0,22.67,0.34,0.0
20231012:2330,0.0,0.0,0.0,0.0,0.0,21.46,0.97,0.0
20231013:0030,0.0,0.0,0.0,0.0,0.0,20.98,0.76,0.0
20231013:0130,0.0,0.0,0.0,0.0,0.0,20.56,0.48,0.0
20231013:0230,0.0,0.0,0.0,0.0,0.0,19.86,0.62,0.0
20231013:0330,0.0,0.0,0.0,0.0,0.0,19.27,0.83,0.0
20231013:0430,0.0,0.0,0.0,0.0,0.0,19.24,0.69,0.0
20231013:0530,0.0,0.0,0.0,0.0,0.0,19.07,0.76,0.0
20231013:0630,0.0,0.0,0.0,0.0,0.0,19.32,1.1,0.0
20231013:0730,0.0,0.0,0.0,0.0,0.0,19.03,0.76,0.0
20231013:0830,0.0,0.0,0.0,0.0,-1.06,19.09,0.41,0.0
20231013:0930,33.05,9.69,46.83,0.53,12.72,18.98,0.69,0.0
20231013:1030,94.99,32.4,98.77,1.24,26.58,19.15,0.83,0.0
20231013:1130,204.98,112.88,147.87,2.4,40.37,19.72,0.69,0.0
20231013:1230,225.63,85.31,201.08,2.73,53.83,20.2,1.03,0.0
20231013:1330,287.35,117.39,244.32,3.46,66.25,20.53,1.17,0.0
20231013:1430,194.35,58.94,191.2,2.45,74.68,21.33,1.24,0.0
20231013:1530,285.0,120.72,237.02,3.5,72.06,20.45,1.45,0.0
20231013:1630,251.9,93.32,224.44,3.16,61.27,20.64,1.72,0.0
20231013:1730,131.79,4.18,171.36,1.76,48.26,20.39,2.07,0.0
20231013:1830,80.96,1.74,112.81,1.15,34.62,19.71,1.72,0.0
20231013:1930,32.23,0.0,54.32,0.54,20.78,19.44,1.59,0.0
20231013:2030,4.41,0.0,14.84,0.15,6.93,18.79,1.59,0.0
20231013:2130,0.0,0.0,0.0,0.0,0.0,18.11,1.72,0.0
20231013:2230,0.0,0.0,0.0,0.0,0.0,17.48,1.72,0.0
20231013:2330,0.0,0.0,0.0,0.0,0.0,16.95,1.66,0.0
20231014:0030,0.0,0.0,0.0,0.0,0.0,16.55,1.52,0.0
20231014:0130,0.0,0.0,0.0,0.0,0.0,16.06,1.38,0.0
20231014:0230,0.0,0.0,0.0,0.0,0.0,15.8,1.38,0.0
20231014:0330,0.0,0.0,0.0,0.0,0.0,15.51,1.45,0.0
20231014:0430,0.0,0.0,0.0,0.0,0.0,15.31,1.38,0.0
20231014:0530,0.0,0.0,0.0,0.0,0.0,15.21,1.31,0.0
20231014:0630,0.0,0.0,0.0,0.0,0.0,15.13,1.31,0.0
20231014:0730,0.0,0.0,0.0,0.0,0.0,14.84,1.45,0.0
20231014:0830,0.0,0.0,0.0,0.0,-0.87,14.75,1.38,0.0
20231014:0930,13.45,0.89,27.69,0.28,12.91,14.7,1.31,0.0
20231014:1030,41.11,0.0,64.41,0.64,26.77,14.78,1.66,0.0
20231014:1130,82.29,16.2,97.18,1.11,40.57,15.01,1.59,0.0
20231014:1230,81.69,2.84,110.41,1.13,54.06,15.54,2.0,0.0
20231014:1330,122.44,0.0,161.62,1.61,66.54,16.17,1.79,0.0
20231014:1430,163.18,2.85,206.96,2.09,75.06,16.76,1.79,0.0
20231014:1530,153.57,0.0,199.23,1.99,72.34,17.4,1.72,0.0
20231014:1630,118.41,10.68,146.98,1.57,61.43,17.85,1.72,0.0
20231014:1730,108.27,17.69,127.85,1.46,48.37,17.84,1.72,0.0
20231014:1830,83.49,12.83,103.98,1.19,34.7,17.94,1.79,0.0
20231014:1930,20.64,0.0,38.8,0.39,20.86,18.08,1.79,0.0
20231014:2030,1.67,0.0,9.63,0.1,7.02,17.54,1.86,0.0
20231014:2130,0.0,0.0,0.0,0.0,0.0,17.01,1.93,0.0
20231014:2230,0.0,0.0,0.0,0.0,0.0,16.59,1.79,0.0
20231014:2330,0.0,0.0,0.0,0.0,0.0,16.23,1.79,0.0
20231015:0030,0.0,0.0,0.0,0.0,0.0,15.85,1.66,0.0
20231015:0130,0.0,0.0,0.0,0.0,0.0,15.55,1.52,0.0
20231015:0230,0.0,0.0,0.0,0.0,0.0,15.27,1.45,0.0
20231015:0330,0.0,0.0,0.0,0.0,0.0,15.07,1.31,0.0
20231015:0430,0.0,0.0,0.0,0.0,0.0,14.93,1.1,0.0
20231015:0530,0.0,0.0,0.0,0.0,0.0,14.82,0.97,0.0
20231015:0630,0.0,0.0,0.0,0.0,0.0,14.91,0.69,0.0
20231015:0730,0.0,0.0,0.0,0.0,0.0,15.14,0.69,0.0
20231015:0830,0.0,0.0,0.0,0.0,-0.67,15.02,0.69,0.0
20231015:0930,63.52,53.01,45.43,0.83,13.09,15.41,0.97,0.0
20231015:1030,176.01,89.93,134.92,2.05,26.95,16.65,1.38,0.0
20231015:1130,386.49,271.57,204.54,4.26,40.76,18.24,1.93,0.0
20231015:1230,446.22,262.56,291.97,5.12,54.27,19.98,2.41,0.0
20231015:1330,437.91,205.81,344.4,5.22,66.81,21.46,2.28,0.0
20231015:1430,398.04,142.77,361.67,4.89,75.43,22.38,1.86,0.0
20231015:1530,440.44,320.52,236.24,5.39,72.61,22.97,1.66,0.0
20231015:1630,418.66,319.21,211.36,5.28,61.59,23.44,1.45,0.0
20231015:1730,338.52,230.71,200.13,4.45,48.48,23.71,1.31,0.0
20231015:1830,192.12,158.0,96.79,2.86,34.79,24.12,1.03,0.0
20231015:1930,77.67,44.28,77.36,1.5,20.94,23.25,1.03,0.0
20231015:2030,8.06,0.0,21.11,0.22,7.11,22.24,0.07,0.0
20231015:2130,0.0,0.0,0.0,0.0,0.0,21.51,0.62,0.0
20231015:2230,0.0,0.0,0.0,0.0,0.0,20.76,0.9,0.0
20231015:2330,0.0,0.0,0.0,0.0,0.0,20.01,0.97,0.0
20231016:0030,0.0,0.0,0.0,0.0,0.0,19.23,1.03,0.0
20231016:0130,0.0,0.0,0.0,0.0,0.0,18.55,0.97,0.0
20231016:0230,0.0,0.0,0.0,0.0,0.0,18.14,0.83,0.0
20231016:0330,0.0,0.0,0.0,0.0,0.0,17.8,0.62,0.0
20231016:0430,0.0,0.0,0.0,0.0,0.0,17.17,0.9,0.0
20231016:0530,0.0,0.0,0.0,0.0,0.0,16.53,1.31,0.0
20231016:0630,0.0,0.0,0.0,0.0,0.0,16.35,1.31,0.0
20231016:0730,0.0,0.0,0.0,0.0,0.0,16.62,1.31,0.0
20231016:0830,0.0,0.0,0.0,0.0,-0.49,16.81,1.17,0.0
20231016:0930,109.46,99.93,59.5,1.31,13.27,16.84,1.03,0.0
20231016:1030,284.78,245.93,112.51,3.08,27.13,18.84,1.38,0.0
20231016:1130,519.41,509.49,143.79,5.71,40.94,20.13,1.59,0.0
20231016:1230,582.6,488.68,257.35,6.74,54.48,22.06,1.79,0.0
20231016:1330,676.13,646.08,241.0,8.15,67.09,23.72,1.79,0.0
20231016:1430,706.54,742.17,202.25,8.86,75.8,25.15,1.52,0.0
20231016:1530,650.76,747.15,117.12,8.35,72.89,26.12,1.31,0.0
20231016:1630,562.45,572.37,167.32,7.4,61.74,26.76,1.24,0.0
20231016:1730,471.46,503.13,112.18,6.51,48.58,26.9,1.03,0.0
20231016:1830,270.6,234.2,126.02,4.09,34.88,26.98,0.62,0.0
20231016:1930,110.52,99.11,76.62,2.43,21.03,26.65,1.1,0.0
20231016:2030,12.38,0.0,27.93,0.29,7.2,24.51,0.83,0.0
20231016:2130,0.0,0.0,0.0,0.0,0.0,23.44,0.48,0.0
20231016:2230,0.0,0.0,0.0,0.0,0.0,22.64,0.55,0.0
20231016:2330,0.0,0.0,0.0,0.0,0.0,21.65,0.76,0.0
20231017:0030,0.0,0.0,0.0,0.0,0.0,21.66,0.69,0.0
20231017:0130,0.0,0.0,0.0,0.0,0.0,21.34,0.28,0.0
20231017:0230,0.0,0.0,0.0,0.0,0.0,19.83,0.62,0.0
20231017:0330,0.0,0.0,0.0,0.0,0.0,19.17,0.55,0.0
20231017:0430,0.0,0.0,0.0,0.0,0.0,18.77,0.76,0.0
20231017:0530,0.0,0.0,0.0,0.0,0.0,18.28,0.97,0.0
20231017:0630,0.0,0.0,0.0,0.0,0.0,18.03,1.1,0.0
20231017:0730,0.0,0.0,0.0,0.0,0.0,17.9,1.38,0.0
20231017:0830,0.0,0.0,0.0,0.0,-0.3,18.05,1.1,0.0
20231017:0930,26.62,0.0,46.84,0.47,13.45,18.32,0.34,0.0
20231017:1030,123.68,18.76,146.79,1.61,27.3,19.07,0.76,0.0
20231017:1130,247.8,85.32,228.75,2.98,41.12,20.19,1.1,0.0
20231017:1230,416.06,178.17,348.8,4.98,54.69,21.86,1.66,0.0
20231017:1330,540.52,310.28,384.4,6.54,67.35,23.47,2.07,0.0
20231017:1430,683.2,565.83,331.62,8.47,76.17,24.93,2.41,0.0
20231017:1530,644.94,547.87,300.35,8.2,73.15,26.39,2.34,0.0
20231017:1630,572.55,523.32,225.18,7.49,61.9,27.18,2.07,0.0
20231017:1730,445.32,389.22,188.86,6.07,48.69,27.62,1.79,0.0
20231017:1830,115.83,9.56,152.4,1.64,34.97,27.49,1.38,0.0
20231017:1930,52.63,0.0,81.41,0.81,21.12,23.71,1.45,0.0
20231017:2030,10.89,0.0,25.58,0.26,7.29,23.46,0.83,0.0
20231017:2130,0.0,0.0,0.0,0.0,0.0,22.96,0.41,0.0
20231017:2230,0.0,0.0,0.0,0.0,0.0,22.06,0.69,0.0
20231017:2330,0.0,0.0,0.0,0.0,0.0,20.88,0.9,0.0
20231018:0030,0.0,0.0,0.0,0.0,0.0,19.9,1.17,0.0
20231018:0130,0.0,0.0,0.0,0.0,0.0,19.34,1.1,0.0
20231018:0230,0.0,0.0,0.0,0.0,0.0,19.19,1.17,0.0
20231018:0330,0.0,0.0,0.0,0.0,0.0,18.88,1.03,0.0
20231018:0430,0.0,0.0,0.0,0.0,0.0,18.51,0.83,0.0
20231018:0530,0.0,0.0,0.0,0.0,0.0,18.44,0.48,0.0
20231018:0630,0.0,0.0,0.0,0.0,0.0,18.41,0.34,0.0
20231018:0730,0.0,0.0,0.0,0.0,0.0,17.91,0.14,0.0
20231018:0830,0.0,0.0,0.0,0.0,-0.12,17.6,0.21,0.0
20231018:0930,110.22,92.0,68.08,1.35,13.62,17.34,0.07,0.0
20231018:1030,275.91,255.45,95.1,3.03,27.47,19.18,0.41,0.0
20231018:1130,439.19,440.24,112.58,4.88,41.3,20.64,0.83,0.0
20231018:1230,463.43,379.13,212.37,5.41,54.89,22.27,0.76,0.0
20231018:1330,543.38,482.02,224.26,6.55,67.61,22.93,0.62,0.0
20231018:1430,654.01,662.33,206.36,8.2,76.53,23.78,0.9,0.0
20231018:1530,512.61,424.98,236.91,6.43,73.42,25.08,1.45,0.0
20231018:1630,291.47,164.37,207.87,3.72,62.05,24.86,1.52,0.0
20231018:1730,264.25,175.61,158.56,3.47,48.8,22.69,2.0,0.0
20231018:1830,239.66,164.39,144.54,3.46,35.06,21.74,2.21,0.0
20231018:1930,71.73,42.78,70.97,1.43,21.2,22.66,2.55,0.0
20231018:2030,7.57,0.0,20.28,0.21,7.39,21.94,2.41,0.0
20231018:2130,0.0,0.0,0.0,0.0,-6.26,21.0,2.28,0.0
20231018:2230,0.0,0.0,0.0,0.0,0.0,20.02,2.21,0.0
20231018:2330,0.0,0.0,0.0,0.0,0.0,19.36,2.0,0.0
20231019:0030,0.0,0.0,0.0,0.0,0.0,18.73,1.86,0.0
20231019:0130,0.0,0.0,0.0,0.0,0.0,18.22,1.79,0.0
20231019:0230,0.0,0.0,0.0,0.0,0.0,17.67,1.66,0.0
20231019:0330,0.0,0.0,0.0,0.0,0.0,17.19,1.52,0.0
20231019:0430,0.0,0.0,0.0,0.0,0.0,16.89,1.38,0.0
20231019:0530,0.0,0.0,0.0,0.0,0.0,16.6,1.24,0.0
20231019:0630,0.0,0.0,0.0,0.0,0.0,16.32,1.24,0.0
20231019:0730,0.0,0.0,0.0,0.0,0.0,16.29,1.24,0.0
20231019:0830,0.55,0.0,7.1,0.07,0.06,16.26,1.17,0.0
20231019:0930,90.81,81.16,53.46,1.14,13.79,16.27,1.17,0.0
20231019:1030,258.64,207.54,115.46,2.84,27.64,16.85,1.59,0.0
20231019:1130,388.92,275.69,205.72,4.36,41.47,18.21,1.38,0.0
20231019:1230,358.19,146.22,303.53,4.28,55.08,19.76,1.1,0.0
20231019:1330,261.67,37.35,296.27,3.29,67.86,20.73,0.97,0.0
20231019:1430,315.05,75.74,325.06,3.94,76.89,21.19,0.83,0.0
20231019:1530,287.38,48.28,319.83,3.65,73.68,21.89,0.76,0.0
20231019:1630,268.73,81.94,262.32,3.44,62.19,22.25,0.62,0.0
20231019:1730,256.1,152.49,173.79,3.38,48.9,22.46,1.03,0.0
20231019:1830,90.56,2.71,124.78,1.28,35.15,22.11,1.38,0.0
20231019:1930,72.94,17.29,91.79,1.22,21.29,20.87,1.86,0.0
20231019:2030,6.43,0.0,18.3,0.19,7.48,19.93,2.28,0.0
20231019:2130,0.0,0.0,0.0,0.0,-6.15,18.85,1.93,0.0
20231019:2230,0.0,0.0,0.0,0.0,0.0,17.96,1.86,0.0
20231019:2330,0.0,0.0,0.0,0.0,0.0,17.32,1.66,0.0
20231020:0030,0.0,0.0,0.0,0.0,0.0,16.95,1.52,0.0
20231020:0130,0.0,0.0,0.0,0.0,0.0,16.56,1.38,0.0
20231020:0230,0.0,0.0,0.0,0.0,0.0,16.3,1.31,0.0
20231020:0330,0.0,0.0,0.0,0.0,0.0,16.05,1.1,0.0
20231020:0430,0.0,0.0,0.0,0.0,0.0,15.85,0.97,0.0
20231020:0530,0.0,0.0,0.0,0.0,0.0,15.75,0.9,0.0
20231020:0630,0.0,0.0,0.0,0.0,0.0,15.67,0.9,0.0
20231020:0730,0.0,0.0,0.0,0.0,0.0,15.51,0.83,0.0
20231020:0830,0.0,0.0,5.39,0.06,0.23,15.48,0.83,0.0
20231020:0930,72.66,44.22,64.02,0.97,13.95,15.43,0.83,0.0
20231020:1030,203.87,112.13,145.41,2.35,27.8,16.07,1.03,0.0
20231020:1130,238.71,129.25,168.46,2.78,41.63,17.26,0.9,0.0
20231020:1230,305.39,111.13,271.28,3.67,55.27,18.37,0.69,0.0
20231020:1330,289.03,91.16,272.8,3.54,68.1,19.23,0.69,0.0
20231020:1430,188.74,30.53,213.2,2.41,77.24,20.0,0.62,0.0
20231020:1530,315.77,170.97,225.71,3.9,73.93,20.16,0.62,0.0
20231020:1630,251.13,67.67,252.96,3.21,62.34,20.89,0.55,0.0
20231020:1730,221.86,122.5,160.28,2.93,49.0,21.11,0.97,0.0
20231020:1830,122.92,54.31,112.04,1.79,35.24,20.99,1.59,0.0
20231020:1930,46.31,18.92,57.62,0.9,21.38,20.27,1.24,0.0
20231020:2030,6.63,0.0,18.57,0.19,7.58,19.03,1.66,0.0
20231020:2130,0.0,0.0,0.0,0.0,-6.03,17.97,1.59,0.0
20231020:2230,0.0,0.0,0.0,0.0,0.0,17.27,1.59,0.0
20231020:2330,0.0,0.0,0.0,0.0,0.0,16.73,1.38,0.0
20231021:0030,0.0,0.0,0.0,0.0,0.0,16.39,1.24,0.0
20231021:0130,0.0,0.0,0.0,0.0,0.0,16.19,1.03,0.0
20231021:0230,0.0,0.0,0.0,0.0,0.0,15.91,0.9,0.0
20231021:0330,0.0,0.0,0.0,0.0,0.0,15.84,0.83,0.0
20231021:0430,0.0,0.0,0.0,0.0,0.0,15.82,0.69,0.0
20231021:0530,0.0,0.0,0.0,0.0,0.0,15.76,0.69,0.0
20231021:0630,0.0,0.0,0.0,0.0,0.0,15.68,0.62,0.0
20231021:0730,0.0,0.0,0.0,0.0,0.0,15.74,0.76,0.0
20231021:0830,0.0,0.0,4.84,0.05,0.4,15.76,0.76,0.0
20231021:0930,31.18,8.34,44.91,0.51,14.11,15.75,0.83,0.0
20231021:1030,110.88,28.46,119.64,1.43,27.95,15.98,1.03,0.0
20231021:1130,182.81,46.99,185.0,2.25,41.79,16.57,1.17,0.0
20231021:1230,267.32,67.52,266.84,3.25,55.45,17.78,1.17,0.0
20231021:1330,268.52,57.82,280.63,3.32,68.34,19.05,1.03,0.0
20231021:1430,383.4,155.23,327.61,4.7,77.6,19.89,0.97,0.0
20231021:1530,404.16,133.9,381.69,5.09,74.19,21.23,0.83,0.0
20231021:1630,268.17,64.02,279.24,3.44,62.48,22.01,0.83,0.0
20231021:1730,262.52,57.86,278.08,3.41,49.11,21.84,1.1,0.0
20231021:1830,166.25,27.21,192.02,2.26,35.33,21.95,1.38,0.0
20231021:1930,96.56,38.84,104.17,1.73,21.47,21.74,1.59,0.0
20231021:2030,14.48,0.0,30.6,0.32,7.68,20.98,1.93,0.0
20231021:2130,0.0,0.0,0.0,0.0,-5.92,19.85,2.07,0.0
20231021:2230,0.0,0.0,0.0,0.0,0.0,18.76,2.07,0.0
20231021:2330,0.0,0.0,0.0,0.0,0.0,17.94,1.86,0.0
20231022:0030,0.0,0.0,0.0,0.0,0.0,17.42,1.79,0.0
20231022:0130,0.0,0.0,0.0,0.0,0.0,17.0,1.72,0.0
20231022:0230,0.0,0.0,0.0,0.0,0.0,16.76,1.45,0.0
20231022:0330,0.0,0.0,0.0,0.0,0.0,16.44,1.31,0.0
20231022:0430,0.0,0.0,0.0,0.0,0.0,16.24,1.17,0.0
20231022:0530,0.0,0.0,0.0,0.0,0.0,16.03,0.97,0.0
20231022:0630,0.0,0.0,0.0,0.0,0.0,15.77,0.83,0.0
20231022:0730,0.0,0.0,0.0,0.0,0.0,15.57,0.76,0.0
20231022:0830,0.77,0.0,7.6,0.08,0.57,15.18,0.55,0.0
20231022:0930,139.5,134.56,63.53,1.68,14.27,15.14,0.41,0.0
20231022:1030,302.51,229.89,148.01,3.36,28.1,16.58,0.9,0.0
20231022:1130,471.91,444.36,144.76,5.28,41.95,17.92,0.83,0.0
20231022:1230,638.76,658.83,169.86,7.56,55.62,19.48,0.69,0.0
20231022:1330,754.87,898.47,116.5,9.45,68.57,21.23,0.76,0.0
20231022:1430,774.89,921.98,135.63,10.08,77.95,22.95,0.83,0.0
20231022:1530,750.91,932.38,102.5,10.18,74.44,24.36,0.55,0.0
20231022:1630,657.77,794.13,101.52,9.16,62.62,25.34,0.28,0.0
20231022:1730,514.55,566.35,115.25,7.38,49.21,25.85,0.34,0.0
20231022:1830,340.19,374.68,78.66,5.46,35.42,25.98,0.48,0.0
20231022:1930,112.98,100.38,79.82,2.59,21.56,25.97,0.07,0.0
20231022:2030,18.24,0.0,36.55,0.38,7.78,25.25,0.41,0.0
20231022:2130,0.0,0.0,0.0,0.0,-5.8,24.0,0.48,0.0
20231022:2230,0.0,0.0,0.0,0.0,0.0,21.87,0.97,0.0
20231022:2330,0.0,0.0,0.0,0.0,0.0,20.59,1.24,0.0
20231023:0030,0.0,0.0,0.0,0.0,0.0,19.57,1.31,0.0
20231023:0130,0.0,0.0,0.0,0.0,0.0,18.66,1.17,0.0
20231023:0230,0.0,0.0,0.0,0.0,0.0,18.26,1.03,0.0
20231023:0330,0.0,0.0,0.0,0.0,0.0,17.69,0.76,0.0
20231023:0430,0.0,0.0,0.0,0.0,0.0,17.16,0.62,0.0
20231023:0530,0.0,0.0,0.0,0.0,0.0,16.94,0.69,0.0
20231023:0630,0.0,0.0,0.0,0.0,0.0,16.62,0.69,0.0
20231023:0730,0.0,0.0,0.0,0.0,0.0,17.09,0.55,0.0
20231023:0830,1.31,0.0,8.85,0.09,0.73,16.14,0.83,0.0
20231023:0930,126.39,120.38,60.91,1.56,14.42,16.03,0.9,0.0
20231023:1030,354.02,341.55,103.18,3.9,28.25,18.21,1.1,0.0
20231023:1130,555.06,591.48,111.62,6.29,42.1,19.95,1.31,0.0
20231023:1230,689.58,748.14,150.68,8.21,55.79,21.81,1.59,0.0
20231023:1330,751.67,813.43,183.73,9.3,68.8,23.39,1.86,0.0
20231023:1430,788.21,945.28,115.12,10.14,78.29,24.72,1.86,0.0
20231023:1530,748.77,898.55,107.64,9.92,74.68,25.92,1.79,0.0
20231023:1630,670.91,795.85,91.68,9.11,62.76,26.83,2.0,0.0
20231023:1730,531.18,604.15,87.94,7.54,49.31,27.44,2.0,0.0
20231023:1830,338.32,370.95,78.36,5.44,35.51,27.64,1.72,0.0
20231023:1930,116.11,114.95,72.65,2.79,21.66,27.07,1.31,0.0
20231023:2030,11.27,0.0,26.45,0.27,7.88,26.51,0.83,0.0
20231023:2130,0.0,0.0,0.0,0.0,-5.68,25.11,0.62,0.0
20231023:2230,0.0,0.0,0.0,0.0,0.0,24.53,0.34,0.0
20231023:2330,0.0,0.0,0.0,0.0,0.0,23.71,0.34,0.0
20231024:0030,0.0,0.0,0.0,0.0,0.0,22.23,0.76,0.0
20231024:0130,0.0,0.0,0.0,0.0,0.0,21.7,0.69,0.0
20231024:0230,0.0,0.0,0.0,0.0,0.0,21.31,0.34,0.0
20231024:0330,0.0,0.0,0.0,0.0,0.0,20.68,0.14,0.0
20231024:0430,0.0,0.0,0.0,0.0,0.0,19.95,0.55,0.0
20231024:0530,0.0,0.0,0.0,0.0,0.0,19.21,0.83,0.0
20231024:0630,0.0,0.0,0.0,0.0,0.0,18.88,0.9,0.0
20231024:0730,0.0,0.0,0.0,0.0,0.0,18.35,1.03,0.0
20231024:0830,3.27,0.0,12.77,0.13,0.89,17.99,1.1,0.0
20231024:0930,149.91,140.69,72.29,1.84,14.56,17.93,1.1,0.0
20231024:1030,381.82,398.91,87.92,4.27,28.39,20.92,1.1,0.0
20231024:1130,557.07,603.57,111.33,6.42,42.24,23.44,1.72,0.0
20231024:1230,686.56,796.82,103.42,8.24,55.95,25.09,2.14,0.0
20231024:1330,746.96,878.26,118.11,9.32,69.01,26.57,2.34,0.0
20231024:1430,699.97,754.75,170.69,8.87,78.63,27.86,2.83,0.0
20231024:1530,638.71,651.81,187.38,8.27,74.92,28.73,2.9,0.0
20231024:1630,514.99,466.28,203.28,6.82,62.9,29.36,2.76,0.0
20231024:1730,298.06,260.4,126.17,4.14,49.42,29.68,2.34,0.0
20231024:1830,266.32,250.06,103.97,4.2,35.61,27.94,1.93,0.0
20231024:1930,94.82,81.81,72.06,2.2,21.75,26.73,0.9,0.0
20231024:2030,9.5,0.0,23.73,0.24,7.99,26.76,0.41,0.0
20231024:2130,0.0,0.0,0.0,0.0,-5.56,25.62,0.07,0.0
20231024:2230,0.0,0.0,0.0,0.0,0.0,23.95,0.55,0.0
20231024:2330,0.0,0.0,0.0,0.0,0.0,23.3,0.41,0.0
20231025:0030,0.0,0.0,0.0,0.0,0.0,22.51,0.48,0.0
20231025:0130,0.0,0.0,0.0,0.0,0.0,21.72,0.55,0.0
20231025:0230,0.0,0.0,0.0,0.0,0.0,21.19,0.62,0.0
20231025:0330,0.0,0.0,0.0,0.0,0.0,20.04,0.97,0.0
20231025:0430,0.0,0.0,0.0,0.0,0.0,19.83,0.97,0.0
20231025:0530,0.0,0.0,0.0,0.0,0.0,20.38,0.69,0.0
20231025:0630,0.0,0.0,0.0,0.0,0.0,20.39,0.41,0.0
20231025:0730,0.0,0.0,0.0,0.0,0.0,19.86,0.62,0.0
20231025:0830,0.0,0.0,5.67,0.06,1.05,19.64,0.21,0.0
20231025:0930,23.51,3.49,39.85,0.43,14.7,19.34,0.0,0.0
20231025:1030,57.47,3.95,82.18,0.85,28.52,19.46,0.14,0.0
20231025:1130,123.47,26.65,139.0,1.62,42.38,20.33,0.48,0.0
20231025:1230,520.19,428.84,235.16,6.16,56.11,20.92,0.9,0.0
20231025:1330,583.71,524.01,232.14,7.12,69.22,23.63,1.45,0.0
20231025:1430,477.52,333.14,278.5,5.91,78.97,24.25,1.59,0.0
20231025:1530,507.26,386.44,262.53,6.4,75.16,23.88,1.72,0.0
20231025:1630,326.69,233.77,179.4,4.2,63.04,24.37,1.79,0.0
20231025:1730,236.7,153.98,149.67,3.2,49.52,24.39,1.72,0.0
20231025:1830,143.67,72.04,121.05,2.12,35.7,22.47,1.24,0.0
20231025:1930,86.16,25.86,101.76,1.49,21.85,21.42,1.31,0.0
20231025:2030,13.21,0.0,28.76,0.3,8.09,20.78,1.17,0.0
20231025:2130,0.0,0.0,0.0,0.0,-5.44,20.18,1.03,0.0
20231025:2230,0.0,0.0,0.0,0.0,0.0,19.51,0.9,0.0
20231025:2330,0.0,0.0,0.0,0.0,0.0,18.93,0.9,0.0
20231026:0030,0.0,0.0,0.0,0.0,0.0,18.67,0.9,0.0
20231026:0130,0.0,0.0,0.0,0.0,0.0,18.24,0.62,0.0
20231026:0230,0.0,0.0,0.0,0.0,0.0,18.09,0.48,0.0
20231026:0330,0.0,0.0,0.0,0.0,0.0,18.06,0.48,0.0
20231026:0430,0.0,0.0,0.0,0.0,0.0,17.96,0.62,0.0
20231026:0530,0.0,0.0,0.0,0.0,0.0,17.72,0.62,0.0
20231026:0630,0.0,0.0,0.0,0.0,0.0,17.7,0.62,0.0
20231026:0730,0.0,0.0,0.0,0.0,0.0,17.14,1.03,0.0
20231026:0830,1.01,0.0,8.2,0.08,1.2,17.07,1.03,0.0
20231026:0930,119.29,120.15,53.57,1.52,14.84,17.2,0.97,0.0
20231026:1030,321.91,303.83,101.55,3.62,28.65,19.24,1.38,0.0
20231026:1130,397.59,341.57,155.41,4.54,42.51,20.87,1.45,0.0
20231026:1230,475.89,363.01,238.03,5.61,56.25,22.26,1.79,0.0
20231026:1330,621.73,576.94,222.57,7.54,69.42,23.15,2.14,0.0
20231026:1430,525.11,417.35,252.35,6.47,79.3,24.15,2.21,0.0
20231026:1530,539.15,426.16,259.27,6.77,75.39,23.26,2.28,0.0
20231026:1630,436.78,355.27,195.97,5.63,63.17,23.54,1.93,0.0
20231026:1730,353.86,315.22,134.15,4.85,49.62,23.97,1.31,0.0
20231026:1830,208.23,118.59,156.51,3.09,35.79,24.33,1.1,0.0
20231026:1930,75.84,45.88,74.2,1.58,21.94,22.4,1.45,0.0
20231026:2030,12.6,0.0,27.93,0.29,8.2,21.32,1.1,0.0
20231026:2130,0.0,0.0,0.0,0.0,-5.32,20.68,0.9,0.0
20231026:2230,0.0,0.0,0.0,0.0,0.0,19.84,0.9,0.0
20231026:2330,0.0,0.0,0.0,0.0,0.0,19.1,0.83,0.0
20231027:0030,0.0,0.0,0.0,0.0,0.0,18.8,0.69,0.0
20231027:0130,0.0,0.0,0.0,0.0,0.0,18.49,0.97,0.0
20231027:0230,0.0,0.0,0.0,0.0,0.0,18.29,0.9,0.0
20231027:0330,0.0,0.0,0.0,0.0,0.0,18.11,0.62,0.0
20231027:0430,0.0,0.0,0.0,0.0,0.0,18.07,0.55,0.0
20231027:0530,0.0,0.0,0.0,0.0,0.0,18.11,0.55,0.0
20231027:0630,0.0,0.0,0.0,0.0,0.0,18.2,0.48,0.0
20231027:0730,0.0,0.0,0.0,0.0,0.0,18.22,0.34,0.0
20231027:0830,0.26,0.0,6.41,0.07,1.35,18.01,0.48,0.0
20231027:0930,73.09,43.37,66.41,1.02,14.97,17.97,0.76,0.0
20231027:1030,170.31,104.15,116.49,2.05,28.78,18.95,1.03,0.0
20231027:1130,271.29,167.86,172.56,3.19,42.64,19.97,1.03,0.0
20231027:1230,393.74,196.0,301.37,4.74,56.39,21.15,1.17,0.0
20231027:1330,403.62,183.7,331.65,4.98,69.61,22.47,0.97,0.0
20231027:1430,433.87,245.68,311.54,5.43,79.62,23.42,0.9,0.0
20231027:1530,434.9,339.05,219.97,5.54,75.62,24.21,0.69,0.0
20231027:1630,453.2,422.35,160.81,5.99,63.3,24.45,0.69,0.0
20231027:1730,409.89,347.03,182.24,5.71,49.72,24.83,0.76,0.0
20231027:1830,241.38,144.82,172.29,3.6,35.89,24.3,1.03,0.0
20231027:1930,89.54,15.49,115.81,1.45,22.04,24.83,1.17,0.0
20231027:2030,16.7,0.0,34.1,0.35,8.31,23.46,0.83,0.0
20231027:2130,0.0,0.0,0.0,0.0,-5.19,21.93,0.83,0.0
20231027:2230,0.0,0.0,0.0,0.0,0.0,20.81,0.9,0.0
20231027:2330,0.0,0.0,0.0,0.0,0.0,20.22,0.76,0.0
20231028:0030,0.0,0.0,0.0,0.0,0.0,19.94,0.69,0.0
20231028:0130,0.0,0.0,0.0,0.0,0.0,19.77,0.97,0.0
20231028:0230,0.0,0.0,0.0,0.0,0.0,19.68,1.24,0.0
20231028:0330,0.0,0.0,0.0,0.0,0.0,19.44,1.45,0.0
20231028:0430,0.0,0.0,0.0,0.0,0.0,19.24,1.59,0.0
20231028:0530,0.0,0.0,0.0,0.0,0.0,19.15,1.59,0.0
20231028:0630,0.0,0.0,0.0,0.0,0.0,19.12,1.72,0.0
20231028:0730,0.0,0.0,0.0,0.0,0.0,18.96,1.79,0.0
20231028:0830,0.87,0.0,7.93,0.08,1.49,18.73,1.72,0.0
20231028:0930,34.85,1.2,56.45,0.57,15.1,18.8,2.07,0.0
20231028:1030,102.43,15.83,123.83,1.37,28.9,19.14,2.48,0.0
20231028:1130,139.27,29.48,153.3,1.79,42.76,19.68,2.76,0.0
20231028:1230,161.08,41.95,166.65,2.04,56.53,20.05,2.28,0.0
20231028:1330,246.8,94.92,215.48,3.03,69.79,20.57,2.21,0.0
20231028:1430,218.71,52.52,226.47,2.76,79.95,21.59,2.41,0.0
20231028:1530,257.49,45.48,281.75,3.26,75.84,21.74,2.21,0.0
20231028:1630,202.43,26.6,234.76,2.62,63.43,22.24,2.21,0.0
20231028:1730,218.23,58.48,221.27,2.87,49.82,22.14,2.28,0.0
20231028:1830,197.17,135.36,122.41,2.97,35.98,21.84,1.93,0.0
20231028:1930,76.75,27.7,89.03,1.41,22.14,21.89,2.28,0.0
20231028:2030,19.35,0.0,37.51,0.39,8.42,21.4,1.79,0.0
20231028:2130,0.0,0.0,0.0,0.0,-5.06,20.92,1.45,0.0
20231028:2230,0.0,0.0,0.0,0.0,0.0,20.13,1.31,0.0
20231028:2330,0.0,0.0,0.0,0.0,0.0,19.74,1.31,0.0
20231029:0030,0.0,0.0,0.0,0.0,0.0,19.56,1.45,0.0
20231029:0130,0.0,0.0,0.0,0.0,0.0,19.41,1.66,0.0
20231029:0230,0.0,0.0,0.0,0.0,0.0,19.25,1.72,0.0
20231029:0330,0.0,0.0,0.0,0.0,0.0,19.12,1.86,0.0
20231029:0430,0.0,0.0,0.0,0.0,0.0,18.97,1.72,0.0
20231029:0530,0.0,0.0,0.0,0.0,0.0,18.94,1.86,0.0
20231029:0630,0.0,0.0,0.0,0.0,0.0,18.95,1.86,0.0
20231029:0730,0.0,0.0,0.0,0.0,0.0,18.75,1.79,0.0
20231029:0830,4.74,0.0,15.39,0.16,1.63,18.53,1.72,0.0
20231029:0930,103.72,50.73,96.76,1.39,15.23,18.73,1.79,0.0
20231029:1030,271.66,140.52,202.81,3.21,29.01,20.11,2.21,0.0
20231029:1130,382.33,283.87,191.1,4.41,42.87,21.83,3.1,0.0
20231029:1230,441.3,307.21,242.65,5.19,56.66,23.16,3.72,0.0
20231029:1330,621.43,598.68,190.87,7.49,69.97,24.5,3.59,0.0
20231029:1430,576.47,516.06,216.92,7.11,80.26,26.12,3.93,0.0
20231029:1530,496.61,434.3,198.03,6.29,76.06,27.16,3.38,0.0
20231029:1630,386.0,271.74,217.12,5.0,63.56,25.96,2.97,0.0
20231029:1730,280.34,130.42,227.62,3.75,49.92,24.6,2.48,0.0
20231029:1830,89.55,8.38,118.96,1.3,36.08,24.18,2.0,0.0
20231029:1930,59.37,7.69,83.65,0.98,22.24,22.83,1.17,0.0
20231029:2030,6.87,0.0,19.17,0.2,8.53,22.25,1.24,0.0
20231029:2130,0.0,0.0,0.0,0.0,-4.93,21.4,0.97,0.0
20231029:2230,0.0,0.0,0.0,0.0,0.0,20.67,0.9,0.0
20231029:2330,0.0,0.0,0.0,0.0,0.0,20.44,0.76,0.0
20231030:0030,0.0,0.0,0.0,0.0,0.0,20.18,0.97,0.0
20231030:0130,0.0,0.0,0.0,0.0,0.0,19.79,0.97,0.0
20231030:0230,0.0,0.0,0.0,0.0,0.0,19.49,0.97,0.0
20231030:0330,0.0,0.0,0.0,0.0,0.0,19.12,0.97,0.0
20231030:0430,0.0,0.0,0.0,0.0,0.0,19.01,0.97,0.0
20231030:0530,0.0,0.0,0.0,0.0,0.0,18.79,1.03,0.0
20231030:0630,0.0,0.0,0.0,0.0,0.0,18.63,1.03,0.0
20231030:0730,0.0,0.0,0.0,0.0,0.0,18.73,1.31,0.0
20231030:0830,1.94,0.0,10.23,0.11,1.76,18.63,1.24,0.0
20231030:0930,85.63,78.14,51.31,1.18,15.34,18.76,1.31,0.0
20231030:1030,217.22,152.1,125.2,2.57,29.12,20.08,1.93,0.0
20231030:1130,361.14,238.42,212.28,4.22,42.98,21.21,2.21,0.0
20231030:1230,390.11,197.0,293.49,4.7,56.78,22.65,2.48,0.0
20231030:1330,421.96,242.98,291.06,5.15,70.13,23.55,2.14,0.0
20231030:1430,407.64,196.96,322.03,5.09,80.57,24.28,2.07,0.0
20231030:1530,444.3,237.33,331.99,5.66,76.27,24.73,1.86,0.0
20231030:1630,357.65,185.89,272.66,4.66,63.68,25.43,1.59,0.0
20231030:1730,227.7,135.44,160.42,3.13,50.03,25.67,1.1,0.0
20231030:1830,211.66,151.08,129.43,3.27,36.18,24.26,0.76,0.0
20231030:1930,92.7,79.04,71.29,2.21,22.34,25.43,1.17,0.0
20231030:2030,11.94,0.0,27.24,0.28,8.64,24.26,1.17,0.0
20231030:2130,0.0,0.0,0.0,0.0,-4.8,22.81,0.48,0.0
20231030:2230,0.0,0.0,0.0,0.0,0.0,21.92,0.14,0.0
20231030:2330,0.0,0.0,0.0,0.0,0.0,21.24,0.28,0.0
20231031:0030,0.0,0.0,0.0,0.0,0.0,20.96,0.14,0.0
20231031:0130,0.0,0.0,0.0,0.0,0.0,20.54,0.28,0.0
20231031:0230,0.0,0.0,0.0,0.0,0.0,20.37,0.28,0.0
20231031:0330,0.0,0.0,0.0,0.0,0.0,20.12,0.28,0.0
20231031:0430,0.0,0.0,0.0,0.0,0.0,19.63,0.41,0.0
20231031:0530,0.0,0.0,0.0,0.0,0.0,19.23,0.34,0.0
20231031:0630,0.0,0.0,0.0,0.0,0.0,18.92,0.34,0.0
20231031:0730,0.0,0.0,0.0,0.0,0.0,18.82,0.55,0.0
20231031:0830,2.41,0.0,11.15,0.12,1.89,18.52,0.55,0.0
20231031:0930,154.05,163.36,58.93,2.01,15.46,18.74,0.48,0.0
20231031:1030,371.27,397.06,80.15,4.33,29.23,21.79,0.76,0.0
20231031:1130,531.85,570.03,117.64,6.33,43.09,23.55,1.03,0.0
20231031:1230,603.76,614.63,177.67,7.41,56.89,25.05,1.31,0.0
20231031:1330,648.54,655.63,206.21,8.21,70.29,26.09,1.45,0.0
20231031:1430,624.06,630.6,199.68,8.08,80.87,26.86,1.31,0.0
20231031:1530,454.06,355.96,233.7,5.88,76.48,27.04,1.24,0.0
20231031:1630,348.67,230.6,218.77,4.6,63.81,26.17,0.97,0.0
20231031:1730,229.11,83.04,215.71,3.1,50.13,25.33,1.03,0.0
20231031:1830,158.81,69.67,142.31,2.34,36.27,23.55,2.07,0.0
20231031:1930,76.28,11.77,101.38,1.24,22.44,22.98,1.72,0.0
20231031:2030,10.08,0.0,24.2,0.25,8.76,21.9,1.79,0.0
20231031:2130,0.0,0.0,0.0,0.0,-4.67,20.63,1.24,0.0
20231031:2230,0.0,0.0,0.0,0.0,0.0,20.23,0.9,0.0
20231031:2330,0.0,0.0,0.0,0.0,0.0,19.67,0.83,0.0
20231101:0030,0.0,0.0,0.0,0.0,0.0,19.64,0.83,0.0
20231101:0130,0.0,0.0,0.0,0.0,0.0,19.4,0.28,0.0
20231101:0230,0.0,0.0,0.0,0.0,0.0,19.28,0.48,0.0
20231101:0330,0.0,0.0,0.0,0.0,0.0,19.09,0.76,0.0
20231101:0430,0.0,0.0,0.0,0.0,0.0,18.96,0.41,0.0
20231101:0530,0.0,0.0,0.0,0.0,0.0,18.87,0.28,0.0
20231101:0630,0.0,0.0,0.0,0.0,0.0,18.71,0.28,0.0
20231101:0730,0.0,0.0,0.0,0.0,0.0,17.94,0.9,0.0
20231101:0830,2.85,0.0,11.98,0.12,2.01,17.9,0.83,0.0
20231101:0930,65.3,25.44,72.9,0.95,15.57,18.31,0.9,0.0
20231101:1030,151.13,38.39,160.23,1.93,29.33,19.24,0.62,0.0
20231101:1130,232.2,84.87,210.86,2.86,43.18,20.31,0.76,0.0
20231101:1230,360.61,182.73,273.79,4.39,57.0,21.52,0.9,0.0
20231101:1330,272.52,125.63,220.13,3.37,70.44,22.2,1.1,0.0
20231101:1430,308.28,166.02,219.81,3.8,81.17,21.45,1.86,0.0
20231101:1530,346.43,280.91,145.95,4.28,76.69,20.82,2.34,0.0
20231101:1630,257.67,142.84,180.81,3.31,63.93,21.65,2.28,0.0
20231101:1730,207.16,136.54,126.72,2.82,50.23,21.44,2.28,0.0
20231101:1830,164.99,123.87,94.03,2.56,36.37,21.28,2.48,0.0
20231101:1930,59.54,54.15,47.56,1.5,22.55,21.29,2.48,0.0
20231101:2030,6.8,0.0,18.94,0.2,8.87,20.5,2.48,0.0
20231101:2130,0.0,0.0,0.0,0.0,-4.53,19.58,2.28,0.0
20231101:2230,0.0,0.0,0.0,0.0,0.0,18.92,1.93,0.0
20231101:2330,0.0,0.0,0.0,0.0,0.0,18.41,1.79,0.0
20231102:0030,0.0,0.0,0.0,0.0,0.0,18.06,1.72,0.0
20231102:0130,0.0,0.0,0.0,0.0,0.0,17.62,1.52,0.0
20231102:0230,0.0,0.0,0.0,0.0,0.0,17.41,1.45,0.0
20231102:0330,0.0,0.0,0.0,0.0,0.0,17.12,1.31,0.0
20231102:0430,0.0,0.0,0.0,0.0,0.0,16.75,1.31,0.0
20231102:0530,0.0,0.0,0.0,0.0,0.0,16.47,1.17,0.0
20231102:0630,0.0,0.0,0.0,0.0,0.0,16.26,1.03,0.0
20231102:0730,0.0,0.0,0.0,0.0,0.0,16.12,1.03,0.0
20231102:0830,1.87,0.0,10.0,0.1,2.13,15.94,0.97,0.0
20231102:0930,42.64,11.75,56.39,0.67,15.67,15.98,0.97,0.0
20231102:1030,96.92,36.91,94.91,1.28,29.42,16.37,1.17,0.0
20231102:1130,247.07,105.22,203.47,2.97,43.27,17.25,0.9,0.0
20231102:1230,274.21,104.17,239.92,3.35,57.1,18.75,0.76,0.0
20231102:1330,324.0,84.86,324.92,4.03,70.58,19.97,0.76,0.0
20231102:1430,316.29,57.29,345.34,4.0,81.46,21.06,0.9,0.0
20231102:1530,472.41,292.31,310.19,6.02,76.89,22.08,1.17,0.0
20231102:1630,518.92,438.71,227.31,6.91,64.05,23.23,1.31,0.0
20231102:1730,315.48,233.89,168.64,4.36,50.33,24.0,1.1,0.0
20231102:1830,113.65,65.78,92.2,1.79,36.47,23.86,0.76,0.0
20231102:1930,68.99,35.99,73.57,1.43,22.65,21.99,1.1,0.0
20231102:2030,17.97,0.0,35.63,0.37,8.99,21.57,1.52,0.0
20231102:2130,0.0,0.0,0.0,0.0,-4.4,20.88,1.45,0.0
20231102:2230,0.0,0.0,0.0,0.0,0.0,20.18,1.17,0.0
20231102:2330,0.0,0.0,0.0,0.0,0.0,19.63,0.97,0.0
20231103:0030,0.0,0.0,0.0,0.0,0.0,19.18,0.83,0.0
20231103:0130,0.0,0.0,0.0,0.0,0.0,19.0,0.69,0.0
20231103:0230,0.0,0.0,0.0,0.0,0.0,18.65,0.9,0.0
20231103:0330,0.0,0.0,0.0,0.0,0.0,18.46,1.17,0.0
20231103:0430,0.0,0.0,0.0,0.0,0.0,18.16,1.24,0.0
20231103:0530,0.0,0.0,0.0,0.0,0.0,17.91,1.31,0.0
20231103:0630,0.0,0.0,0.0,0.0,0.0,17.6,1.45,0.0
20231103:0730,0.0,0.0,0.0,0.0,0.0,17.44,1.59,0.0
20231103:0830,1.94,0.0,10.19,0.11,2.25,17.61,1.66,0.0
20231103:0930,101.9,91.59,58.64,1.41,15.77,18.07,1.79,0.0
20231103:1030,240.8,212.93,90.99,2.82,29.51,19.4,2.62,0.0
20231103:1130,404.56,342.97,156.21,4.67,43.36,20.63,2.97,0.0
20231103:1230,537.83,427.24,246.91,6.38,57.19,22.35,3.24,0.0
20231103:1330,580.78,466.96,266.22,7.04,70.71,23.98,3.86,0.0
20231103:1430,702.15,737.72,162.59,8.83,81.74,25.25,4.07,0.0
20231103:1530,650.41,665.14,169.45,8.42,77.08,26.3,3.86,0.0
20231103:1630,603.98,652.13,121.4,8.15,64.17,26.97,3.72,0.0
20231103:1730,495.23,498.17,134.45,7.07,50.43,27.37,3.79,0.0
20231103:1830,250.47,201.28,128.61,3.97,36.57,26.91,3.45,0.0
20231103:1930,104.35,100.74,68.93,2.65,22.76,25.31,1.93,0.0
20231103:2030,15.69,0.0,32.86,0.34,9.11,25.22,1.72,0.0
20231103:2130,0.0,0.0,0.0,0.0,-4.26,22.7,1.52,0.0
20231103:2230,0.0,0.0,0.0,0.0,0.0,20.55,0.9,0.0
20231103:2330,0.0,0.0,0.0,0.0,0.0,19.93,1.17,0.0
20231104:0030,0.0,0.0,0.0,0.0,0.0,19.78,1.45,0.0
20231104:0130,0.0,0.0,0.0,0.0,0.0,19.76,1.66,0.0
20231104:0230,0.0,0.0,0.0,0.0,0.0,19.55,1.86,0.0
20231104:0330,0.0,0.0,0.0,0.0,0.0,19.51,1.72,0.0
20231104:0430,0.0,0.0,0.0,0.0,0.0,19.45,1.66,0.0
20231104:0530,0.0,0.0,0.0,0.0,0.0,19.39,1.79,0.0
20231104:0630,0.0,0.0,0.0,0.0,0.0,19.39,1.79,0.0
20231104:0730,0.0,0.0,0.0,0.0,0.0,19.21,2.0,0.0
20231104:0830,0.0,0.0,5.44,0.06,2.36,19.09,1.72,0.0
20231104:0930,24.81,3.64,41.39,0.45,15.87,19.18,1.52,0.0
20231104:1030,70.43,26.05,75.69,0.99,29.6,19.7,1.59,0.0
20231104:1130,104.61,26.98,115.2,1.4,43.44,19.99,1.86,0.0
20231104:1230,194.74,30.66,219.39,2.47,57.28,20.32,1.79,0.0
20231104:1330,295.64,119.46,252.35,3.64,70.83,21.4,1.86,0.0
20231104:1430,538.89,408.3,273.7,6.69,82.02,22.44,2.34,0.0
20231104:1530,506.21,336.16,305.92,6.43,77.28,23.79,2.69,0.0
20231104:1630,461.92,370.1,212.29,6.06,64.29,24.6,2.97,0.0
20231104:1730,455.58,411.16,165.23,6.4,50.53,25.12,3.31,0.0
20231104:1830,275.1,251.0,108.26,4.43,36.67,25.37,3.31,0.0
20231104:1930,109.43,112.48,65.87,2.86,22.87,25.25,2.97,0.0
20231104:2030,18.45,0.0,36.69,0.38,9.23,24.4,2.28,0.0
20231104:2130,0.0,0.0,0.0,0.0,-4.12,23.05,1.66,0.0
20231104:2230,0.0,0.0,0.0,0.0,0.0,20.83,1.24,0.0
20231104:2330,0.0,0.0,0.0,0.0,0.0,19.15,1.17,0.0
20231105:0030,0.0,0.0,0.0,0.0,0.0,18.23,1.1,0.0
20231105:0130,0.0,0.0,0.0,0.0,0.0,17.18,1.03,0.0
20231105:0230,0.0,0.0,0.0,0.0,0.0,16.23,1.03,0.0
20231105:0330,0.0,0.0,0.0,0.0,0.0,15.33,1.03,0.0
20231105:0430,0.0,0.0,0.0,0.0,0.0,14.58,1.03,0.0
20231105:0530,0.0,0.0,0.0,0.0,0.0,13.94,1.03,0.0
20231105:0630,0.0,0.0,0.0,0.0,0.0,13.31,1.03,0.0
20231105:0730,0.0,0.0,0.0,0.0,0.0,12.92,1.03,0.0
20231105:0830,3.85,0.0,13.55,0.14,2.46,12.3,1.1,0.0
20231105:0930,170.84,172.3,65.25,2.22,15.96,12.49,1.03,0.0
20231105:1030,401.22,411.51,88.26,4.64,29.68,15.79,1.17,0.0
20231105:1130,582.83,612.75,117.43,6.82,43.51,17.48,1.52,0.0
20231105:1230,710.59,778.86,137.33,8.68,57.36,19.19,1.59,0.0
20231105:1330,779.95,903.23,123.71,9.9,70.95,20.86,1.72,0.0
20231105:1430,772.79,905.06,116.87,10.09,82.29,22.26,1.79,0.0
20231105:1530,757.18,878.77,124.38,10.2,77.46,23.35,1.86,0.0
20231105:1630,668.06,764.16,104.59,9.23,64.4,24.02,2.07,0.0
20231105:1730,539.01,601.67,87.14,7.82,50.63,24.23,2.34,0.0
20231105:1830,351.91,376.65,81.27,5.84,36.77,23.96,2.48,0.0
20231105:1930,124.23,151.72,52.95,3.51,22.98,23.67,2.48,0.0
20231105:2030,17.18,0.0,34.61,0.36,9.35,22.36,2.48,0.0
20231105:2130,0.0,0.0,0.0,0.0,-3.98,20.78,2.14,0.0
20231105:2230,0.0,0.0,0.0,0.0,0.0,19.16,1.79,0.0
20231105:2330,0.0,0.0,0.0,0.0,0.0,17.88,1.66,0.0
20231106:0030,0.0,0.0,0.0,0.0,0.0,16.82,1.66,0.0
20231106:0130,0.0,0.0,0.0,0.0,0.0,15.89,1.66,0.0
20231106:0230,0.0,0.0,0.0,0.0,0.0,15.08,1.52,0.0
20231106:0330,0.0,0.0,0.0,0.0,0.0,14.43,1.38,0.0
20231106:0430,0.0,0.0,0.0,0.0,0.0,13.93,1.31,0.0
20231106:0530,0.0,0.0,0.0,0.0,0.0,13.57,1.38,0.0
20231106:0630,0.0,0.0,0.0,0.0,0.0,13.17,1.24,0.0
20231106:0730,0.0,0.0,0.0,0.0,0.0,12.94,1.45,0.0
20231106:0830,3.55,0.0,13.04,0.13,2.56,12.54,1.24,0.0
20231106:0930,155.39,146.25,70.14,2.05,16.04,12.58,1.17,0.0
20231106:1030,369.78,358.05,96.91,4.24,29.75,13.74,1.24,0.0
20231106:1130,537.27,538.79,125.11,6.23,43.58,15.62,1.31,0.0
20231106:1230,708.37,793.86,116.45,8.65,57.43,17.57,1.24,0.0
20231106:1330,779.53,924.92,107.68,9.98,71.05,19.68,1.17,0.0
20231106:1430,796.92,970.29,101.69,10.61,82.55,21.48,1.17,0.0
20231106:1530,758.18,922.14,96.07,10.4,77.65,22.96,1.17,0.0
20231106:1630,671.74,800.95,88.08,9.48,64.52,23.99,1.17,0.0
20231106:1730,537.18,616.83,80.16,7.95,50.73,24.54,1.31,0.0
20231106:1830,347.54,391.48,65.7,5.89,36.87,24.66,1.59,0.0
20231106:1930,121.22,148.82,52.0,3.45,23.09,24.05,2.07,0.0
20231106:2030,17.36,0.0,34.93,0.36,9.48,22.9,2.21,0.0
20231106:2130,0.0,0.0,0.0,0.0,-3.84,21.29,2.0,0.0
20231106:2230,0.0,0.0,0.0,0.0,0.0,19.58,1.93,0.0
20231106:2330,0.0,0.0,0.0,0.0,0.0,18.29,1.79,0.0
20231107:0030,0.0,0.0,0.0,0.0,0.0,17.15,1.72,0.0
20231107:0130,0.0,0.0,0.0,0.0,0.0,16.28,1.52,0.0
20231107:0230,0.0,0.0,0.0,0.0,0.0,15.47,1.31,0.0
20231107:0330,0.0,0.0,0.0,0.0,0.0,14.73,1.03,0.0
20231107:0430,0.0,0.0,0.0,0.0,0.0,14.22,0.9,0.0
20231107:0530,0.0,0.0,0.0,0.0,0.0,13.72,0.9,0.0
20231107:0630,0.0,0.0,0.0,0.0,0.0,13.27,0.9,0.0
20231107:0730,0.0,0.0,0.0,0.0,0.0,13.2,1.03,0.0
20231107:0830,3.6,0.0,13.13,0.14,2.66,12.86,1.1,0.0
20231107:0930,150.19,144.01,66.75,2.01,16.12,13.1,1.03,0.0
20231107:1030,325.63,297.73,104.97,3.78,29.82,14.53,1.03,0.0
20231107:1130,552.12,549.41,140.5,6.49,43.65,16.33,1.03,0.0
20231107:1230,700.49,804.67,109.72,8.71,57.5,18.91,0.83,0.0
20231107:1330,770.36,937.13,101.78,10.07,71.15,21.05,0.76,0.0
20231107:1430,777.18,955.87,103.25,10.51,82.8,22.79,0.83,0.0
20231107:1530,746.31,911.25,98.58,10.33,77.83,24.08,1.03,0.0
20231107:1630,662.17,783.41,94.82,9.38,64.63,24.96,1.24,0.0
20231107:1730,527.5,600.49,84.67,7.83,50.83,25.39,1.45,0.0
20231107:1830,342.31,378.09,73.56,5.82,36.98,25.44,1.66,0.0
20231107:1930,121.08,153.19,49.27,3.52,23.2,24.95,1.86,0.0
20231107:2030,17.25,0.0,34.93,0.36,9.6,23.99,1.93,0.0
20231107:2130,0.0,0.0,0.0,0.0,-3.7,22.54,1.59,0.0
20231107:2230,0.0,0.0,0.0,0.0,0.0,20.68,1.38,0.0
20231107:2330,0.0,0.0,0.0,0.0,0.0,19.09,1.24,0.0
20231108:0030,0.0,0.0,0.0,0.0,0.0,17.68,1.1,0.0
20231108:0130,0.0,0.0,0.0,0.0,0.0,16.85,0.9,0.0
20231108:0230,0.0,0.0,0.0,0.0,0.0,16.44,0.76,0.0
20231108:0330,0.0,0.0,0.0,0.0,0.0,15.58,0.97,0.0
20231108:0430,0.0,0.0,0.0,0.0,0.0,14.82,1.17,0.0
20231108:0530,0.0,0.0,0.0,0.0,0.0,14.2,1.17,0.0
20231108:0630,0.0,0.0,0.0,0.0,0.0,13.68,1.24,0.0
20231108:0730,0.0,0.0,0.0,0.0,0.0,13.11,1.31,0.0
20231108:0830,4.29,0.0,14.33,0.15,2.75,12.63,1.31,0.0
20231108:0930,180.9,197.35,56.09,2.42,16.19,12.97,1.1,0.0
20231108:1030,394.97,419.04,74.88,4.64,29.88,16.55,1.17,0.0
20231108:1130,595.78,661.76,90.27,7.1,43.7,18.81,1.59,0.0
20231108:1230,717.05,832.95,97.84,8.89,57.56,20.85,1.72,0.0
20231108:1330,779.92,937.01,101.41,10.09,71.24,22.57,1.66,0.0
20231108:1430,789.23,965.55,101.47,10.61,83.04,24.17,1.52,0.0
20231108:1530,748.56,916.93,98.24,10.41,78.0,25.56,1.31,0.0
20231108:1630,661.64,795.57,91.65,9.5,64.74,26.6,1.17,0.0
20231108:1730,526.07,612.72,81.76,7.96,50.93,27.19,1.03,0.0
20231108:1830,340.3,389.82,67.9,5.93,37.08,27.37,0.69,0.0
20231108:1930,119.91,155.43,48.53,3.57,23.31,27.09,0.34,0.0
20231108:2030,16.93,0.0,34.84,0.36,9.73,26.5,0.41,0.0
20231108:2130,0.0,0.0,0.0,0.0,-3.55,24.94,0.55,0.0
20231108:2230,0.0,0.0,0.0,0.0,0.0,23.98,0.55,0.0
20231108:2330,0.0,0.0,0.0,0.0,0.0,23.13,0.69,0.0
20231109:0030,0.0,0.0,0.0,0.0,0.0,22.6,0.62,0.0
20231109:0130,0.0,0.0,0.0,0.0,0.0,22.0,0.41,0.0
20231109:0230,0.0,0.0,0.0,0.0,0.0,21.16,0.48,0.0
20231109:0330,0.0,0.0,0.0,0.0,0.0,20.18,0.62,0.0
20231109:0430,0.0,0.0,0.0,0.0,0.0,18.97,0.83,0.0
20231109:0530,0.0,0.0,0.0,0.0,0.0,17.93,0.97,0.0
20231109:0630,0.0,0.0,0.0,0.0,0.0,17.12,1.03,0.0
20231109:0730,0.0,0.0,0.0,0.0,0.0,15.41,1.38,0.0
20231109:0830,4.2,0.0,14.29,0.15,2.84,14.96,1.31,0.0
20231109:0930,173.59,190.32,56.17,2.37,16.26,15.36,1.17,0.0
20231109:1030,396.57,426.31,77.27,4.75,29.94,19.23,1.03,0.0
20231109:1130,575.06,644.42,89.48,6.95,43.75,21.69,1.66,0.0
20231109:1230,697.43,810.92,100.39,8.72,57.61,23.19,1.86,0.0
20231109:1330,759.64,914.64,101.28,9.89,71.32,24.69,1.79,0.0
20231109:1430,768.01,944.17,100.27,10.4,83.27,26.06,1.52,0.0
20231109:1530,729.69,906.21,93.83,10.28,78.17,27.24,1.1,0.0
20231109:1630,594.52,693.46,101.95,8.52,64.86,28.12,0.97,0.0
20231109:1730,459.75,488.8,116.68,6.89,51.04,28.75,1.1,0.0
20231109:1830,234.01,231.42,85.04,3.98,37.18,28.98,1.17,0.0
20231109:1930,106.66,92.65,80.16,2.69,23.42,28.2,1.45,0.0
20231109:2030,13.74,0.0,30.28,0.31,9.85,27.53,1.52,0.0
20231109:2130,0.0,0.0,0.0,0.0,-3.41,26.12,1.31,0.0
20231109:2230,0.0,0.0,0.0,0.0,0.0,24.75,0.83,0.0
20231109:2330,0.0,0.0,0.0,0.0,0.0,23.59,0.83,0.0
20231110:0030,0.0,0.0,0.0,0.0,0.0,22.81,0.9,0.0
20231110:0130,0.0,0.0,0.0,0.0,0.0,21.88,1.03,0.0
20231110:0230,0.0,0.0,0.0,0.0,0.0,21.98,0.76,0.0
20231110:0330,0.0,0.0,0.0,0.0,0.0,22.35,0.41,0.0
20231110:0430,0.0,0.0,0.0,0.0,0.0,21.85,0.41,0.0
20231110:0530,0.0,0.0,0.0,0.0,0.0,21.08,0.62,0.0
20231110:0630,0.0,0.0,0.0,0.0,0.0,20.43,0.76,0.0
20231110:0730,0.0,0.0,0.0,0.0,0.0,19.44,0.83,0.0
20231110:0830,4.13,0.0,14.33,0.15,2.92,18.58,0.97,0.0
20231110:0930,138.43,137.82,63.63,1.95,16.33,18.81,0.76,0.0
20231110:1030,352.02,353.25,98.85,4.28,29.99,21.29,0.69,0.0
20231110:1130,547.11,620.16,90.17,6.74,43.8,23.21,0.83,0.0
20231110:1230,662.4,785.22,97.19,8.47,57.66,24.92,1.03,0.0
20231110:1330,683.59,807.0,109.53,8.94,71.39,26.41,1.31,0.0
20231110:1430,685.1,797.91,128.09,9.23,83.49,27.37,1.24,0.0
20231110:1530,615.1,708.39,113.6,8.44,78.34,28.12,1.17,0.0
20231110:1630,589.84,694.24,92.97,8.45,64.97,28.44,1.1,0.0
20231110:1730,451.81,471.12,123.73,6.77,51.14,28.66,1.03,0.0
20231110:1830,301.19,331.73,73.73,5.24,37.29,28.63,1.1,0.0
20231110:1930,98.92,118.56,50.53,2.88,23.54,27.78,1.31,0.0
20231110:2030,14.36,0.0,31.11,0.32,9.98,26.66,0.9,0.0
20231110:2130,0.0,0.0,0.0,0.0,-3.26,24.82,0.55,0.0
20231110:2230,0.0,0.0,0.0,0.0,0.0,23.46,1.03,0.0
20231110:2330,0.0,0.0,0.0,0.0,0.0,22.27,1.03,0.0
20231111:0030,0.0,0.0,0.0,0.0,0.0,21.39,0.97,0.0
20231111:0130,0.0,0.0,0.0,0.0,0.0,20.95,0.83,0.0
20231111:0230,0.0,0.0,0.0,0.0,0.0,21.14,0.62,0.0
20231111:0330,0.0,0.0,0.0,0.0,0.0,20.92,0.41,0.0
20231111:0430,0.0,0.0,0.0,0.0,0.0,20.56,0.48,0.0
20231111:0530,0.0,0.0,0.0,0.0,0.0,20.16,0.41,0.0
20231111:0630,0.0,0.0,0.0,0.0,0.0,19.76,0.34,0.0
20231111:0730,0.0,0.0,0.0,0.0,0.0,19.12,0.83,0.0
20231111:0830,4.9,0.0,15.67,0.16,3.0,18.54,0.97,0.0
20231111:0930,145.82,154.36,58.16,2.07,16.39,18.75,0.9,0.0
20231111:1030,368.7,389.42,84.04,4.5,30.04,21.89,1.1,0.0
20231111:1130,528.47,583.26,93.44,6.44,43.84,23.85,1.72,0.0
20231111:1230,672.15,782.13,96.98,8.46,57.7,25.37,2.21,0.0
20231111:1330,741.79,885.49,100.27,9.64,71.45,26.88,2.55,0.0
20231111:1430,726.14,840.24,123.54,9.63,83.7,28.15,2.9,0.0
20231111:1530,710.63,836.87,110.17,9.76,78.5,29.05,2.76,0.0
20231111:1630,636.48,756.9,87.68,9.1,65.08,29.75,2.41,0.0
20231111:1730,480.88,546.95,84.89,7.28,51.24,30.15,2.0,0.0
20231111:1830,289.09,319.64,70.93,5.06,37.39,30.03,1.59,0.0
20231111:1930,98.58,120.07,49.98,2.91,23.65,29.76,1.86,0.0
20231111:2030,17.18,0.0,35.53,0.37,10.11,29.09,1.31,0.0
20231111:2130,0.0,0.0,0.0,0.0,-3.12,27.05,0.76,0.0
20231111:2230,0.0,0.0,0.0,0.0,0.0,25.75,0.83,0.0
20231111:2330,0.0,0.0,0.0,0.0,0.0,24.97,0.83,0.0
20231112:0030,0.0,0.0,0.0,0.0,0.0,24.85,0.76,0.0
20231112:0130,0.0,0.0,0.0,0.0,0.0,24.54,0.69,0.0
20231112:0230,0.0,0.0,0.0,0.0,0.0,24.0,0.62,0.0
20231112:0330,0.0,0.0,0.0,0.0,0.0,23.22,0.69,0.0
20231112:0430,0.0,0.0,0.0,0.0,0.0,22.39,0.76,0.0
20231112:0530,0.0,0.0,0.0,0.0,0.0,21.7,0.83,0.0
20231112:0630,0.0,0.0,0.0,0.0,0.0,21.32,0.83,0.0
20231112:0730,0.0,0.0,0.0,0.0,0.0,20.57,0.83,0.0
20231112:0830,6.66,0.0,18.71,0.19,3.07,20.24,0.83,0.0
20231112:0930,157.97,168.54,62.19,2.27,16.45,20.36,0.83,0.0
20231112:1030,370.83,400.06,82.09,4.6,30.08,23.52,0.76,0.0
20231112:1130,541.71,622.57,87.1,6.78,43.87,26.33,1.24,0.0
20231112:1230,645.93,757.67,105.31,8.32,57.73,27.8,1.52,0.0
20231112:1330,722.27,885.75,103.0,9.69,71.5,29.04,1.52,0.0
20231112:1430,737.68,919.39,99.62,10.21,83.9,30.2,1.59,0.0
20231112:1530,646.27,769.93,111.28,9.09,78.66,31.04,1.38,0.0
20231112:1630,582.86,683.07,107.11,8.51,65.18,31.3,1.1,0.0
20231112:1730,402.74,437.29,96.57,6.12,51.34,31.33,1.03,0.0
20231112:1830,266.13,279.14,83.73,4.65,37.5,31.0,1.03,0.0
20231112:1930,82.71,76.5,64.38,2.2,23.77,31.35,0.9,0.0
20231112:2030,11.84,0.0,27.7,0.29,10.24,30.02,0.55,0.0
20231112:2130,0.0,0.0,0.0,0.0,-2.97,28.76,1.24,0.0
20231112:2230,0.0,0.0,0.0,0.0,0.0,26.25,1.17,0.0
20231112:2330,0.0,0.0,0.0,0.0,0.0,25.72,1.03,0.0
20231113:0030,0.0,0.0,0.0,0.0,0.0,24.78,0.97,0.0
20231113:0130,0.0,0.0,0.0,0.0,0.0,24.54,0.83,0.0
20231113:0230,0.0,0.0,0.0,0.0,0.0,24.42,0.69,0.0
20231113:0330,0.0,0.0,0.0,0.0,0.0,24.84,0.41,0.0
20231113:0430,0.0,0.0,0.0,0.0,0.0,24.39,0.14,0.0
20231113:0530,0.0,0.0,0.0,0.0,0.0,23.9,0.21,0.0
20231113:0630,0.0,0.0,0.0,0.0,0.0,23.49,0.34,0.0
20231113:0730,0.0,0.0,0.0,0.0,0.0,22.25,0.34,0.0
20231113:0830,4.34,0.0,14.84,0.15,3.14,21.4,0.48,0.0
20231113:0930,152.66,164.89,60.0,2.22,16.5,21.1,0.62,0.0
20231113:1030,367.71,403.41,77.13,4.61,30.12,24.35,0.69,0.0
20231113:1130,536.16,613.69,90.31,6.74,43.9,27.09,1.31,0.0
20231113:1230,647.61,749.13,118.44,8.38,57.76,28.56,1.66,0.0
20231113:1330,646.0,724.66,144.0,8.51,71.55,29.83,1.79,0.0
20231113:1430,642.51,737.91,124.75,8.64,84.09,30.57,2.0,0.0
20231113:1530,657.7,785.72,102.42,9.19,78.81,31.09,2.0,0.0
20231113:1630,539.27,604.61,111.15,7.71,65.29,31.7,2.0,0.0
20231113:1730,426.59,452.83,109.57,6.45,51.44,31.77,2.0,0.0
20231113:1830,300.94,331.88,76.86,5.32,37.61,31.57,1.86,0.0
20231113:1930,96.51,121.15,47.5,2.92,23.89,31.42,1.86,0.0
20231113:2030,16.43,0.0,34.66,0.36,10.37,30.69,1.38,0.0
20231113:2130,0.0,0.0,0.0,0.0,-2.82,28.98,0.69,0.0
20231113:2230,0.0,0.0,0.0,0.0,0.0,28.19,0.55,0.0
20231113:2330,0.0,0.0,0.0,0.0,0.0,27.73,0.48,0.0
20231114:0030,0.0,0.0,0.0,0.0,0.0,26.88,0.48,0.0
20231114:0130,0.0,0.0,0.0,0.0,0.0,26.12,0.69,0.0
20231114:0230,0.0,0.0,0.0,0.0,0.0,25.43,0.76,0.0
20231114:0330,0.0,0.0,0.0,0.0,0.0,24.89,0.69,0.0
20231114:0430,0.0,0.0,0.0,0.0,0.0,24.27,0.62,0.0
20231114:0530,0.0,0.0,0.0,0.0,0.0,23.48,0.69,0.0
20231114:0630,0.0,0.0,0.0,0.0,0.0,22.83,0.76,0.0
20231114:0730,0.0,0.0,0.0,0.0,0.0,22.64,0.41,0.0
20231114:0830,4.39,0.0,14.98,0.15,3.2,22.36,0.48,0.0
20231114:0930,158.02,180.08,54.44,2.33,16.54,21.93,0.62,0.0
20231114:1030,370.78,410.94,75.42,4.68,30.15,24.8,0.62,0.0
20231114:1130,541.53,623.88,88.04,6.84,43.93,27.53,1.45,0.0
20231114:1230,662.32,790.58,95.56,8.58,57.78,29.04,2.0,0.0
20231114:1330,656.8,757.63,120.66,8.63,71.58,30.5,2.41,0.0
20231114:1430,647.61,729.72,136.67,8.69,84.26,31.41,2.62,0.0
20231114:1530,567.78,566.7,188.42,7.76,78.96,32.03,2.48,0.0
20231114:1630,463.15,476.09,132.85,6.53,65.4,32.19,2.21,0.0
20231114:1730,436.62,472.41,104.21,6.64,51.55,32.08,2.07,0.0
20231114:1830,245.41,240.74,94.18,4.26,37.72,32.13,1.93,0.0
20231114:1930,97.79,111.28,57.1,2.84,24.0,32.35,2.14,0.0
20231114:2030,17.7,0.0,36.64,0.38,10.5,31.58,1.45,0.0
20231114:2130,0.0,0.0,0.0,0.0,-2.67,29.26,0.9,0.0
20231114:2230,0.0,0.0,0.0,0.0,0.0,28.7,0.48,0.0
20231114:2330,0.0,0.0,0.0,0.0,0.0,26.69,0.97,0.0
20231115:0030,0.0,0.0,0.0,0.0,0.0,25.07,1.31,0.0
20231115:0130,0.0,0.0,0.0,0.0,0.0,24.0,1.45,0.0
20231115:0230,0.0,0.0,0.0,0.0,0.0,23.24,1.59,0.0
20231115:0330,0.0,0.0,0.0,0.0,0.0,22.22,1.72,0.0
20231115:0430,0.0,0.0,0.0,0.0,0.0,22.09,1.31,0.0
20231115:0530,0.0,0.0,0.0,0.0,0.0,21.65,0.97,0.0
20231115:0630,0.0,0.0,0.0,0.0,0.0,21.44,0.69,0.0
20231115:0730,0.0,0.0,0.0,0.0,0.0,20.77,0.97,0.0
20231115:0830,5.19,0.0,16.27,0.17,3.26,20.48,0.83,0.0
20231115:0930,144.9,143.9,68.56,2.12,16.58,20.8,1.03,0.0
20231115:1030,337.61,325.55,112.22,4.23,30.18,23.07,0.69,0.0
20231115:1130,532.18,614.66,87.97,6.76,43.94,25.48,0.48,0.0
20231115:1230,648.62,784.35,93.62,8.52,57.8,27.92,0.97,0.0
20231115:1330,692.6,836.07,115.33,9.37,71.61,29.71,1.24,0.0
20231115:1430,714.91,866.76,124.44,9.98,84.42,30.81,1.38,0.0
20231115:1530,623.12,712.33,132.67,8.75,79.11,31.8,1.66,0.0
20231115:1630,518.32,538.89,150.17,7.41,65.51,32.07,1.93,0.0
20231115:1730,345.84,265.26,192.49,5.09,51.65,32.12,1.72,0.0
20231115:1830,276.57,229.56,145.25,4.66,37.83,31.47,1.72,0.0
20231115:1930,95.52,65.87,86.58,2.24,24.12,28.15,1.38,0.0
20231115:2030,24.25,0.0,45.12,0.47,10.63,26.49,0.62,0.0
20231115:2130,0.0,0.0,0.0,0.0,-2.52,25.69,0.62,0.0
20231115:2230,0.0,0.0,0.0,0.0,0.0,24.33,0.97,0.0
20231115:2330,0.0,0.0,0.0,0.0,0.0,23.35,1.1,0.0
20231116:0030,0.0,0.0,0.0,0.0,0.0,22.77,1.03,0.0
20231116:0130,0.0,0.0,0.0,0.0,0.0,22.19,0.9,0.0
20231116:0230,0.0,0.0,0.0,0.0,0.0,21.26,1.24,0.0
20231116:0330,0.0,0.0,0.0,0.0,0.0,20.98,1.45,0.0
20231116:0430,0.0,0.0,0.0,0.0,0.0,20.49,1.24,0.0
20231116:0530,0.0,0.0,0.0,0.0,0.0,20.42,0.97,0.0
20231116:0630,0.0,0.0,0.0,0.0,0.0,20.17,0.83,0.0
20231116:0730,0.0,0.0,0.0,0.0,0.0,19.71,0.55,0.0
20231116:0830,9.06,0.0,22.44,0.23,3.31,19.54,0.55,0.0
20231116:0930,95.47,19.72,115.45,1.35,16.62,19.93,0.76,0.0
20231116:1030,289.68,194.41,177.99,3.62,30.2,21.95,1.03,0.0
20231116:1130,511.92,495.03,165.75,6.37,43.96,24.61,1.52,0.0
20231116:1230,641.69,689.38,159.47,8.24,57.81,26.93,1.86,0.0
20231116:1330,692.29,689.22,240.18,9.14,71.63,28.63,2.28,0.0
20231116:1430,597.92,490.18,300.11,7.9,84.56,29.89,2.83,0.0
20231116:1530,479.15,325.8,300.02,6.38,79.25,30.44,2.97,0.0
20231116:1630,459.37,387.77,209.84,6.35,65.61,30.51,2.83,0.0
20231116:1730,343.19,260.44,188.23,4.99,51.75,30.95,2.55,0.0
20231116:1830,285.6,251.23,133.79,4.85,37.93,30.98,2.21,0.0
20231116:1930,97.78,59.89,94.41,2.2,24.24,29.25,2.0,0.0
20231116:2030,28.02,0.0,50.6,0.52,10.77,28.31,1.24,0.0
20231116:2130,0.0,0.0,0.0,0.0,-2.37,26.86,0.41,0.0
20231116:2230,0.0,0.0,0.0,0.0,0.0,25.73,0.69,0.0
20231116:2330,0.0,0.0,0.0,0.0,0.0,25.85,0.41,0.0
20231117:0030,0.0,0.0,0.0,0.0,0.0,25.7,0.34,0.0
20231117:0130,0.0,0.0,0.0,0.0,0.0,25.36,0.34,0.0
20231117:0230,0.0,0.0,0.0,0.0,0.0,24.46,0.55,0.0
20231117:0330,0.0,0.0,0.0,0.0,0.0,24.49,0.34,0.0
20231117:0430,0.0,0.0,0.0,0.0,0.0,24.13,0.0,0.0
20231117:0530,0.0,0.0,0.0,0.0,0.0,23.72,0.14,0.0
20231117:0630,0.0,0.0,0.0,0.0,0.0,23.3,0.34,0.0
20231117:0730,0.0,0.0,0.0,0.0,0.0,22.48,0.48,0.0
20231117:0830,10.6,0.0,24.98,0.26,3.36,21.73,0.76,0.0
20231117:0930,130.28,71.68,113.64,1.86,16.65,21.18,0.97,0.0
20231117:1030,317.75,261.51,151.78,4.01,30.22,24.11,0.9,0.0
20231117:1130,505.09,486.82,170.96,6.35,43.97,26.39,1.52,0.0
20231117:1230,629.44,683.33,150.33,8.11,57.81,28.05,2.0,0.0
20231117:1330,690.02,759.01,163.16,9.1,71.65,29.48,2.62,0.0
20231117:1430,520.84,465.01,214.91,6.82,84.7,30.46,2.9,0.0
20231117:1530,630.02,690.73,144.94,8.67,79.39,30.35,2.62,0.0
20231117:1630,543.65,599.62,115.24,7.75,65.72,31.11,2.55,0.0
20231117:1730,412.75,418.57,122.4,6.22,51.86,31.37,2.34,0.0
20231117:1830,285.14,309.23,77.09,5.06,38.05,31.26,2.07,0.0
20231117:1930,103.17,108.36,65.1,2.9,24.36,30.94,1.79,0.0
20231117:2030,17.81,0.0,36.59,0.38,10.9,30.17,1.52,0.0
20231117:2130,0.0,0.0,0.0,0.0,-2.22,28.73,0.76,0.0
20231117:2230,0.0,0.0,0.0,0.0,0.0,27.47,0.83,0.0
20231117:2330,0.0,0.0,0.0,0.0,0.0,26.47,1.1,0.0
20231118:0030,0.0,0.0,0.0,0.0,0.0,25.12,1.03,0.0
20231118:0130,0.0,0.0,0.0,0.0,0.0,25.09,0.76,0.0
20231118:0230,0.0,0.0,0.0,0.0,0.0,24.41,1.03,0.0
20231118:0330,0.0,0.0,0.0,0.0,0.0,23.88,1.1,0.0
20231118:0430,0.0,0.0,0.0,0.0,0.0,23.57,1.03,0.0
20231118:0530,0.0,0.0,0.0,0.0,0.0,23.26,1.03,0.0
20231118:0630,0.0,0.0,0.0,0.0,0.0,22.98,1.24,0.0
20231118:0730,0.0,0.0,0.0,0.0,0.0,22.32,1.24,0.0
20231118:0830,4.27,0.0,14.75,0.15,3.4,21.99,1.38,0.0
20231118:0930,144.92,153.23,62.44,2.2,16.67,22.29,1.24,0.0
20231118:1030,342.03,354.42,91.56,4.35,30.23,25.27,1.38,0.0
20231118:1130,513.11,557.32,106.9,6.44,43.97,27.2,2.21,0.0
20231118:1230,621.79,684.57,127.03,7.92,57.81,28.65,3.1,0.0
20231118:1330,541.14,543.43,154.65,6.9,71.65,29.92,3.79,0.0
20231118:1430,730.15,821.93,146.08,9.78,84.81,29.87,3.79,0.0
20231118:1530,669.0,744.52,139.67,9.2,79.52,31.48,3.93,0.0
20231118:1630,585.25,643.61,125.13,8.35,65.82,32.16,3.79,0.0
20231118:1730,498.87,550.51,105.01,7.64,51.96,32.6,3.66,0.0
20231118:1830,251.51,251.05,89.65,4.39,38.16,32.05,3.31,0.0
20231118:1930,113.56,57.09,115.89,2.38,24.48,29.27,2.76,0.0
20231118:2030,28.8,0.0,51.62,0.53,11.03,28.26,1.86,0.0
20231118:2130,0.0,0.0,0.0,0.0,-2.07,27.56,1.38,0.0
20231118:2230,0.0,0.0,0.0,0.0,0.0,26.57,1.24,0.0
20231118:2330,0.0,0.0,0.0,0.0,0.0,25.55,1.17,0.0
20231119:0030,0.0,0.0,0.0,0.0,0.0,24.65,1.17,0.0
20231119:0130,0.0,0.0,0.0,0.0,0.0,23.77,0.9,0.0
20231119:0230,0.0,0.0,0.0,0.0,0.0,23.26,0.69,0.0
20231119:0330,0.0,0.0,0.0,0.0,0.0,23.41,0.48,0.0
20231119:0430,0.0,0.0,0.0,0.0,0.0,23.37,0.41,0.0
20231119:0530,0.0,0.0,0.0,0.0,0.0,22.89,0.55,0.0
20231119:0630,0.0,0.0,0.0,0.0,0.0,21.93,0.9,0.0
20231119:0730,0.0,0.0,0.0,0.0,0.0,20.67,0.83,0.0
20231119:0830,9.08,0.0,22.54,0.23,3.44,20.39,1.03,0.0
20231119:0930,130.59,104.37,86.04,1.93,16.7,20.89,1.1,0.0
20231119:1030,273.31,208.65,145.31,3.46,30.24,23.12,1.03,0.0
20231119:1130,378.23,241.14,244.9,4.73,43.97,24.26,0.97,0.0
20231119:1230,353.92,184.32,272.54,4.49,57.8,25.15,0.76,0.0
20231119:1330,491.33,283.56,359.43,6.35,71.65,25.6,1.03,0.0
20231119:1430,465.09,269.98,341.05,6.11,84.91,26.61,0.83,0.0
20231119:1530,292.09,125.4,253.66,3.84,79.65,26.56,0.97,0.0
20231119:1630,187.81,30.35,216.02,2.49,65.93,24.14,1.45,0.0
20231119:1730,94.0,0.0,132.11,1.32,52.07,22.98,1.45,0.0
20231119:1830,41.18,0.0,66.6,0.67,38.27,22.72,1.45,0.0
20231119:1930,13.89,0.0,29.85,0.3,24.61,21.65,1.45,0.0
20231119:2030,5.13,0.0,16.22,0.17,11.17,21.35,1.45,0.0
20231119:2130,0.0,0.0,0.0,0.0,-1.92,21.0,1.38,0.0
20231119:2230,0.0,0.0,0.0,0.0,0.0,20.68,1.38,0.0
20231119:2330,0.0,0.0,0.0,0.0,0.0,20.41,1.31,0.0
20231120:0030,0.0,0.0,0.0,0.0,0.0,20.22,1.1,0.0
20231120:0130,0.0,0.0,0.0,0.0,0.0,20.12,0.97,0.0
20231120:0230,0.0,0.0,0.0,0.0,0.0,20.06,1.03,0.0
20231120:0330,0.0,0.0,0.0,0.0,0.0,20.03,0.9,0.0
20231120:0430,0.0,0.0,0.0,0.0,0.0,19.92,1.03,0.0
20231120:0530,0.0,0.0,0.0,0.0,0.0,19.72,1.24,0.0
20231120:0630,0.0,0.0,0.0,0.0,0.0,19.49,1.17,0.0
20231120:0730,0.0,0.0,0.0,0.0,0.0,18.94,0.76,0.0
20231120:0830,3.71,0.0,13.6,0.14,3.48,18.89,0.69,0.0
20231120:0930,49.94,2.36,74.57,0.77,16.71,18.96,0.76,0.0
20231120:1030,122.61,23.36,141.08,1.64,30.24,19.28,1.03,0.0
20231120:1130,281.59,127.56,227.18,3.48,43.96,19.92,1.03,0.0
20231120:1230,408.86,223.69,294.86,5.09,57.79,21.26,0.9,0.0
20231120:1330,440.86,296.91,268.37,5.59,71.64,22.55,0.55,0.0
20231120:1430,469.78,294.38,317.96,6.13,85.0,24.24,0.48,0.0
20231120:1530,533.81,395.84,307.94,7.22,79.78,24.76,0.55,0.0
20231120:1630,345.03,235.72,207.85,4.68,66.03,24.92,0.55,0.0
20231120:1730,262.05,170.94,164.74,3.7,52.17,23.32,0.76,0.0
20231120:1830,140.25,31.31,157.39,2.02,38.38,22.64,1.17,0.0
20231120:1930,82.16,25.45,97.54,1.51,24.73,21.72,0.97,0.0
20231120:2030,16.71,0.0,33.83,0.35,11.3,21.24,1.17,0.0
20231120:2130,0.0,0.0,0.0,0.0,-1.77,20.36,0.9,0.0
20231120:2230,0.0,0.0,0.0,0.0,0.0,19.83,0.9,0.0
20231120:2330,0.0,0.0,0.0,0.0,0.0,19.54,1.1,0.0
20231121:0030,0.0,0.0,0.0,0.0,0.0,19.27,0.9,0.0
20231121:0130,0.0,0.0,0.0,0.0,0.0,18.95,0.76,0.0
20231121:0230,0.0,0.0,0.0,0.0,0.0,18.91,0.76,0.0
20231121:0330,0.0,0.0,0.0,0.0,0.0,18.65,0.69,0.0
20231121:0430,0.0,0.0,0.0,0.0,0.0,18.63,0.62,0.0
20231121:0530,0.0,0.0,0.0,0.0,0.0,18.61,0.83,0.0
20231121:0630,0.0,0.0,0.0,0.0,0.0,18.54,0.97,0.0
20231121:0730,0.0,0.0,0.0,0.0,0.0,18.7,1.17,0.0
20231121:0830,3.61,0.0,13.41,0.14,3.51,18.63,1.17,0.0
20231121:0930,117.38,105.42,68.11,1.79,16.72,18.82,1.31,0.0
20231121:1030,276.79,227.84,122.94,3.45,30.24,19.87,2.07,0.0
20231121:1130,360.52,317.1,130.94,4.38,43.95,21.19,2.21,0.0
20231121:1230,544.65,507.48,183.85,6.77,57.77,22.29,1.86,0.0
20231121:1330,632.87,653.83,166.94,8.15,71.63,23.57,1.72,0.0
20231121:1430,600.84,605.43,176.59,7.91,85.07,25.1,1.66,0.0
20231121:1530,447.87,382.22,192.98,5.94,79.91,26.19,1.52,0.0
20231121:1630,416.2,334.18,199.17,5.69,66.13,24.97,1.1,0.0
20231121:1730,334.53,272.73,156.29,4.85,52.28,25.15,1.1,0.0
20231121:1830,271.77,251.08,110.91,4.65,38.49,25.56,0.41,0.0
20231121:1930,92.14,87.26,63.37,2.45,24.85,23.93,0.55,0.0
20231121:2030,21.05,0.0,40.19,0.41,11.44,23.31,0.34,0.0
20231121:2130,0.0,0.0,0.0,0.0,-1.62,22.63,0.76,0.0
20231121:2230,0.0,0.0,0.0,0.0,0.0,21.72,0.62,0.0
20231121:2330,0.0,0.0,0.0,0.0,0.0,20.77,0.62,0.0
20231122:0030,0.0,0.0,0.0,0.0,0.0,20.25,0.41,0.0
20231122:0130,0.0,0.0,0.0,0.0,0.0,19.7,0.69,0.0
20231122:0230,0.0,0.0,0.0,0.0,0.0,19.54,0.97,0.0
20231122:0330,0.0,0.0,0.0,0.0,0.0,19.25,1.03,0.0
20231122:0430,0.0,0.0,0.0,0.0,0.0,19.0,1.17,0.0
20231122:0530,0.0,0.0,0.0,0.0,0.0,18.78,1.24,0.0
20231122:0630,0.0,0.0,0.0,0.0,0.0,18.63,1.17,0.0
20231122:0730,0.0,0.0,0.0,0.0,0.0,18.77,1.38,0.0
20231122:0830,3.99,0.0,14.1,0.15,3.53,18.76,1.31,0.0
20231122:0930,115.19,103.48,67.51,1.77,16.73,18.97,1.17,0.0
20231122:1030,293.34,280.66,92.2,3.68,30.23,20.73,2.14,0.0
20231122:1130,467.26,453.26,131.9,5.72,43.93,21.98,2.41,0.0
20231122:1230,592.09,610.52,144.4,7.42,57.75,23.33,2.34,0.0
20231122:1330,696.47,760.31,145.34,9.02,71.61,24.6,2.62,0.0
20231122:1430,666.4,645.27,223.14,8.79,85.13,25.81,2.76,0.0
20231122:1530,650.24,637.6,211.22,8.84,80.03,26.49,2.69,0.0
20231122:1630,520.27,522.93,145.47,7.26,66.24,27.64,2.83,0.0
20231122:1730,388.79,268.55,228.55,5.55,52.38,25.78,2.41,0.0
20231122:1830,266.83,263.6,88.53,4.59,38.61,25.65,1.93,0.0
20231122:1930,111.73,100.61,78.2,2.9,24.97,26.87,2.41,0.0
20231122:2030,29.76,0.0,52.31,0.54,11.57,25.45,2.21,0.0
20231122:2130,0.0,0.0,0.0,0.0,-1.47,23.89,1.31,0.0
20231122:2230,0.0,0.0,0.0,0.0,0.0,23.15,0.97,0.0
20231122:2330,0.0,0.0,0.0,0.0,0.0,22.41,0.76,0.0
20231123:0030,0.0,0.0,0.0,0.0,0.0,21.95,0.62,0.0
20231123:0130,0.0,0.0,0.0,0.0,0.0,21.58,0.48,0.0
20231123:0230,0.0,0.0,0.0,0.0,0.0,20.92,0.76,0.0
20231123:0330,0.0,0.0,0.0,0.0,0.0,20.42,0.9,0.0
20231123:0430,0.0,0.0,0.0,0.0,0.0,20.09,0.97,0.0
20231123:0530,0.0,0.0,0.0,0.0,0.0,19.86,1.1,0.0
20231123:0630,0.0,0.0,0.0,0.0,0.0,19.25,1.24,0.0
20231123:0730,0.0,0.0,0.0,0.0,0.0,19.58,1.24,0.0
20231123:0830,8.66,0.0,21.8,0.23,3.55,19.22,1.24,0.0
20231123:0930,75.29,44.57,70.06,1.17,16.73,19.51,0.97,0.0
20231123:1030,207.98,121.02,148.05,2.66,30.22,20.87,1.24,0.0
20231123:1130,292.83,185.13,185.09,3.64,43.91,22.12,1.38,0.0
20231123:1230,351.3,172.91,272.84,4.4,57.72,23.23,1.59,0.0
20231123:1330,541.46,437.66,258.38,6.91,71.58,23.76,1.66,0.0
20231123:1430,524.42,310.15,370.66,6.83,85.17,25.09,1.72,0.0
20231123:1530,535.58,333.0,362.32,7.12,80.15,25.57,2.0,0.0
20231123:1630,168.8,35.04,188.42,2.27,66.34,24.97,1.72,0.0
20231123:1730,203.94,6.64,259.83,2.68,52.49,23.31,1.24,0.0
20231123:1830,156.48,47.53,162.54,2.3,38.72,23.72,0.76,0.0
20231123:1930,65.18,0.0,96.97,0.97,25.1,23.2,0.9,0.0
20231123:2030,31.55,0.0,54.29,0.56,11.71,23.12,0.21,0.0
20231123:2130,0.0,0.0,0.0,0.0,-1.32,22.6,0.28,0.0
20231123:2230,0.0,0.0,0.0,0.0,0.0,21.25,0.69,0.0
20231123:2330,0.0,0.0,0.0,0.0,0.0,20.75,0.83,0.0
20231124:0030,0.0,0.0,0.0,0.0,0.0,20.48,0.97,0.0
20231124:0130,0.0,0.0,0.0,0.0,0.0,20.28,0.9,0.0
20231124:0230,0.0,0.0,0.0,0.0,0.0,20.01,0.9,0.0
20231124:0330,0.0,0.0,0.0,0.0,0.0,19.77,1.03,0.0
20231124:0430,0.0,0.0,0.0,0.0,0.0,19.5,1.1,0.0
20231124:0530,0.0,0.0,0.0,0.0,0.0,19.26,0.97,0.0
20231124:0630,0.0,0.0,0.0,0.0,0.0,19.05,1.1,0.0
20231124:0730,0.0,0.0,0.0,0.0,0.0,18.64,1.03,0.0
20231124:0830,0.0,0.0,5.12,0.05,3.56,18.39,1.03,0.0
20231124:0930,3.59,0.0,13.38,0.13,16.73,18.44,1.03,0.0
20231124:1030,21.84,0.0,40.51,0.4,30.21,18.52,0.97,0.0
20231124:1130,54.03,0.0,81.5,0.81,43.88,18.66,1.03,0.0
20231124:1230,48.87,0.0,75.22,0.75,57.69,18.96,1.17,0.0
20231124:1330,100.03,3.74,133.23,1.37,71.54,19.05,1.38,0.0
20231124:1430,241.93,147.43,154.1,3.04,85.2,19.21,1.45,0.0
20231124:1530,342.69,243.55,180.38,4.37,80.27,20.04,1.72,0.0
20231124:1630,292.7,247.38,115.16,3.9,66.44,21.02,2.07,0.0
20231124:1730,221.05,172.37,106.22,3.14,52.6,20.84,2.21,0.0
20231124:1830,131.79,83.95,92.81,2.11,38.83,20.25,2.62,0.0
20231124:1930,58.63,20.21,71.69,1.14,25.22,19.71,2.41,0.0
20231124:2030,8.74,0.0,21.89,0.23,11.84,18.95,2.55,0.0
20231124:2130,0.0,0.0,0.0,0.0,-1.17,18.07,2.48,0.0
20231124:2230,0.0,0.0,0.0,0.0,0.0,17.22,2.34,0.0
20231124:2330,0.0,0.0,0.0,0.0,0.0,16.62,2.21,0.0
20231125:0030,0.0,0.0,0.0,0.0,0.0,16.15,2.14,0.0
20231125:0130,0.0,0.0,0.0,0.0,0.0,15.58,1.93,0.0
20231125:0230,0.0,0.0,0.0,0.0,0.0,15.02,1.93,0.0
20231125:0330,0.0,0.0,0.0,0.0,0.0,14.55,1.59,0.0
20231125:0430,0.0,0.0,0.0,0.0,0.0,14.38,1.52,0.0
20231125:0530,0.0,0.0,0.0,0.0,0.0,14.17,1.59,0.0
20231125:0630,0.0,0.0,0.0,0.0,0.0,14.16,1.66,0.0
20231125:0730,0.0,0.0,0.0,0.0,0.0,13.86,1.59,0.0
20231125:0830,2.11,0.0,10.42,0.11,3.57,13.78,1.52,0.0
20231125:0930,83.76,76.22,50.91,1.33,16.73,13.84,1.59,0.0
20231125:1030,214.76,124.06,145.09,2.67,30.19,14.76,1.79,0.0
20231125:1130,280.24,127.1,218.3,3.41,43.85,16.07,1.59,0.0
20231125:1230,329.62,116.96,291.39,4.04,57.65,17.42,1.45,0.0
20231125:1330,436.29,207.15,338.8,5.43,71.51,18.65,1.24,0.0
20231125:1430,319.9,136.81,264.97,4.04,85.21,20.05,0.97,0.0
20231125:1530,338.35,70.69,358.46,4.33,80.38,20.54,0.97,0.0
20231125:1630,239.15,17.92,289.01,3.09,66.55,21.23,1.1,0.0
20231125:1730,150.1,15.03,183.09,2.01,52.7,21.03,1.38,0.0
20231125:1830,47.59,0.0,74.03,0.74,38.95,20.44,1.66,0.0
20231125:1930,20.71,0.0,38.94,0.39,25.35,18.4,1.79,0.0
20231125:2030,9.44,0.0,22.86,0.24,11.98,17.62,1.79,0.0
20231125:2130,0.0,0.0,0.0,0.0,-1.03,17.01,1.72,0.0
20231125:2230,0.0,0.0,0.0,0.0,0.0,16.39,1.66,0.0
20231125:2330,0.0,0.0,0.0,0.0,0.0,15.83,1.45,0.0
20231126:0030,0.0,0.0,0.0,0.0,0.0,15.44,1.17,0.0
20231126:0130,0.0,0.0,0.0,0.0,0.0,15.2,1.03,0.0
20231126:0230,0.0,0.0,0.0,0.0,0.0,14.97,0.9,0.0
20231126:0330,0.0,0.0,0.0,0.0,0.0,14.8,0.9,0.0
20231126:0430,0.0,0.0,0.0,0.0,0.0,14.42,0.76,0.0
20231126:0530,0.0,0.0,0.0,0.0,0.0,14.23,0.55,0.0
20231126:0630,0.0,0.0,0.0,0.0,0.0,14.28,0.48,0.0
20231126:0730,0.0,0.0,0.0,0.0,0.0,14.35,0.76,0.0
20231126:0830,0.98,0.0,8.07,0.08,3.58,14.55,0.69,0.0
20231126:0930,46.56,30.36,45.69,0.79,16.72,14.81,0.83,0.0
20231126:1030,107.5,27.33,116.84,1.44,30.17,15.63,1.1,0.0
20231126:1130,220.45,81.84,194.45,2.74,43.82,16.61,1.03,0.0
20231126:1230,291.45,69.47,295.58,3.63,57.61,17.88,0.9,0.0
20231126:1330,324.53,61.03,348.96,4.09,71.46,19.26,0.76,0.0
20231126:1430,297.67,27.03,353.54,3.81,85.2,20.82,0.62,0.0
20231126:1530,338.78,98.08,335.71,4.39,80.49,21.61,0.34,0.0
20231126:1630,378.94,118.8,369.08,5.02,66.65,22.24,0.41,0.0
20231126:1730,312.45,139.59,261.17,4.32,52.81,22.81,0.62,0.0
20231126:1830,179.26,131.39,106.41,2.92,39.06,22.66,1.24,0.0
20231126:1930,95.99,41.14,102.05,1.9,25.47,22.17,1.38,0.0
20231126:2030,26.56,0.0,47.19,0.49,12.11,20.95,1.38,0.0
20231126:2130,0.0,0.0,0.0,0.0,-0.88,19.77,1.31,0.0
20231126:2230,0.0,0.0,0.0,0.0,0.0,19.13,1.17,0.0
20231126:2330,0.0,0.0,0.0,0.0,0.0,18.76,1.1,0.0
20231127:0030,0.0,0.0,0.0,0.0,0.0,18.53,1.03,0.0
20231127:0130,0.0,0.0,0.0,0.0,0.0,18.37,0.97,0.0
20231127:0230,0.0,0.0,0.0,0.0,0.0,17.91,0.76,0.0
20231127:0330,0.0,0.0,0.0,0.0,0.0,17.32,0.69,0.0
20231127:0430,0.0,0.0,0.0,0.0,0.0,16.84,0.69,0.0
20231127:0530,0.0,0.0,0.0,0.0,0.0,16.35,0.9,0.0
20231127:0630,0.0,0.0,0.0,0.0,0.0,16.1,1.03,0.0
20231127:0730,0.0,0.0,0.0,0.0,0.0,16.44,1.17,0.0
20231127:0830,5.89,0.0,17.19,0.18,3.58,16.22,1.24,0.0
20231127:0930,127.96,112.43,74.6,1.98,16.7,16.49,0.97,0.0
20231127:1030,338.58,334.62,94.16,4.3,30.14,18.54,1.31,0.0
20231127:1130,485.81,485.43,124.23,6.02,43.78,20.25,1.59,0.0
20231127:1230,494.58,359.94,263.29,6.15,57.56,21.81,2.14,0.0
20231127:1330,460.61,229.82,355.6,5.82,71.41,22.72,1.93,0.0
20231127:1430,617.28,517.93,283.79,8.13,85.19,23.22,1.66,0.0
20231127:1530,474.62,325.95,282.54,6.27,80.6,24.54,1.66,0.0
20231127:1630,388.51,235.33,260.5,5.24,66.75,24.87,1.72,0.0
20231127:1730,262.3,181.53,155.23,3.76,52.92,24.69,1.24,0.0
20231127:1830,161.46,36.21,180.07,2.32,39.18,23.75,0.48,0.0
20231127:1930,82.48,10.45,110.01,1.32,25.59,22.92,0.9,0.0
20231127:2030,20.63,0.0,39.36,0.41,12.25,21.71,0.34,0.0
20231127:2130,0.0,0.0,0.0,0.0,-0.73,20.57,0.14,0.0
20231127:2230,0.0,0.0,0.0,0.0,0.0,19.81,0.41,0.0
20231127:2330,0.0,0.0,0.0,0.0,0.0,19.29,0.34,0.0
20231128:0030,0.0,0.0,0.0,0.0,0.0,18.86,0.62,0.0
20231128:0130,0.0,0.0,0.0,0.0,0.0,18.7,0.69,0.0
20231128:0230,0.0,0.0,0.0,0.0,0.0,18.54,0.62,0.0
20231128:0330,0.0,0.0,0.0,0.0,0.0,18.35,0.55,0.0
20231128:0430,0.0,0.0,0.0,0.0,0.0,18.22,0.48,0.0
20231128:0530,0.0,0.0,0.0,0.0,0.0,18.14,0.48,0.0
20231128:0630,0.0,0.0,0.0,0.0,0.0,18.11,0.55,0.0
20231128:0730,0.0,0.0,0.0,0.0,0.0,18.05,0.83,0.0
20231128:0830,5.92,0.0,17.33,0.18,3.58,17.66,0.9,0.0
20231128:0930,136.93,134.64,68.33,2.17,16.68,18.13,0.76,0.0
20231128:1030,346.87,351.53,93.25,4.47,30.11,20.68,1.17,0.0
20231128:1130,490.36,486.62,134.56,6.15,43.74,22.15,1.72,0.0
20231128:1230,585.22,564.75,187.84,7.45,57.51,23.27,1.79,0.0
20231128:1330,675.68,679.74,208.83,8.9,71.36,24.58,1.86,0.0
20231128:1430,505.88,351.92,299.31,6.58,85.16,25.79,2.21,0.0
20231128:1530,481.7,317.91,299.81,6.37,80.71,25.16,2.07,0.0
20231128:1630,402.39,179.45,337.58,5.39,66.85,25.33,1.86,0.0
20231128:1730,291.97,92.7,285.16,3.99,53.03,25.54,1.52,0.0
20231128:1830,121.09,2.1,163.75,1.67,39.29,23.89,1.17,0.0
20231128:1930,47.57,3.48,72.3,0.79,25.72,23.64,1.17,0.0
20231128:2030,37.01,0.0,61.16,0.63,12.39,22.23,0.69,0.0
20231128:2130,0.0,0.0,0.0,0.0,-0.58,21.83,0.34,0.0
20231128:2230,0.0,0.0,0.0,0.0,0.0,21.05,0.55,0.0
20231128:2330,0.0,0.0,0.0,0.0,0.0,20.2,0.83,0.0
20231129:0030,0.0,0.0,0.0,0.0,0.0,19.83,1.03,0.0
20231129:0130,0.0,0.0,0.0,0.0,0.0,19.55,1.38,0.0
20231129:0230,0.0,0.0,0.0,0.0,0.0,19.04,1.72,0.0
20231129:0330,0.0,0.0,0.0,0.0,0.0,18.76,1.59,0.0
20231129:0430,0.0,0.0,0.0,0.0,0.0,18.54,1.52,0.0
20231129:0530,0.0,0.0,0.0,0.0,0.0,18.5,1.59,0.0
20231129:0630,0.0,0.0,0.0,0.0,0.0,18.37,1.45,0.0
20231129:0730,0.0,0.0,0.0,0.0,0.0,18.46,1.31,0.0
20231129:0830,0.0,0.0,4.98,0.05,3.57,18.39,1.24,0.0
20231129:0930,21.29,0.26,39.51,0.4,16.66,18.36,1.31,0.0
20231129:1030,73.78,0.19,105.26,1.05,30.07,18.68,1.52,0.0
20231129:1130,168.93,65.18,151.88,2.16,43.69,19.32,2.21,0.0
20231129:1230,230.08,104.96,184.18,2.87,57.45,20.11,2.34,0.0
20231129:1330,226.13,59.93,226.4,2.86,71.3,20.51,2.41,0.0
20231129:1430,295.66,123.12,246.16,3.72,85.12,20.6,2.28,0.0
20231129:1530,365.13,189.99,264.61,4.66,80.82,21.04,2.41,0.0
20231129:1630,297.25,159.33,213.58,3.92,66.96,22.06,2.28,0.0
20231129:1730,315.98,242.04,154.08,4.5,53.13,22.21,2.28,0.0
20231129:1830,216.22,144.65,136.63,3.44,39.41,22.21,2.34,0.0
20231129:1930,77.66,19.27,96.16,1.37,25.84,21.47,2.41,0.0
20231129:2030,38.6,0.0,62.77,0.65,12.52,20.83,1.93,0.0
20231129:2130,0.0,0.0,0.0,0.0,-0.44,20.5,1.52,0.0
20231129:2230,0.0,0.0,0.0,0.0,0.0,19.82,1.31,0.0
20231129:2330,0.0,0.0,0.0,0.0,0.0,19.1,1.31,0.0
20231130:0030,0.0,0.0,0.0,0.0,0.0,18.47,1.17,0.0
20231130:0130,0.0,0.0,0.0,0.0,0.0,17.9,1.03,0.0
20231130:0230,0.0,0.0,0.0,0.0,0.0,17.64,0.97,0.0
20231130:0330,0.0,0.0,0.0,0.0,0.0,17.39,1.1,0.0
20231130:0430,0.0,0.0,0.0,0.0,0.0,17.31,1.03,0.0
20231130:0530,0.0,0.0,0.0,0.0,0.0,17.04,0.97,0.0
20231130:0630,0.0,0.0,0.0,0.0,0.0,16.84,0.97,0.0
20231130:0730,0.0,0.0,0.0,0.0,0.0,17.23,0.9,0.0
20231130:0830,4.61,0.0,15.12,0.16,3.56,17.41,0.97,0.0
20231130:0930,104.03,91.61,65.18,1.67,16.63,17.88,1.24,0.0
20231130:1030,252.38,199.03,123.38,3.24,30.03,19.51,1.38,0.0
20231130:1130,381.48,282.78,196.45,4.74,43.64,20.94,1.38,0.0
20231130:1230,506.97,424.0,225.59,6.44,57.4,22.39,1.03,0.0
20231130:1330,530.95,398.97,287.53,6.86,71.23,23.87,1.31,0.0
20231130:1430,461.61,336.97,250.83,5.96,85.08,23.59,1.52,0.0
20231130:1530,458.38,371.05,209.4,6.04,80.92,23.51,1.72,0.0
20231130:1630,409.78,332.69,186.46,5.6,67.06,23.88,1.52,0.0
20231130:1730,291.98,209.82,163.29,4.2,53.24,24.97,1.72,0.0
20231130:1830,216.42,170.43,117.14,3.6,39.53,25.25,1.1,0.0
20231130:1930,86.42,56.03,79.11,1.97,25.97,23.39,1.31,0.0
20231130:2030,9.84,0.0,23.92,0.25,12.65,22.69,0.28,0.0
20231130:2130,0.0,0.0,0.0,0.0,-0.29,22.19,0.76,0.0
20231130:2230,0.0,0.0,0.0,0.0,0.0,21.01,0.69,0.0
20231130:2330,0.0,0.0,0.0,0.0,0.0,20.18,0.48,0.0
20231201:0030,0.0,0.0,0.0,0.0,0.0,19.63,0.34,0.0
20231201:0130,0.0,0.0,0.0,0.0,0.0,18.97,0.69,0.0
20231201:0230,0.0,0.0,0.0,0.0,0.0,18.99,0.41,0.0
20231201:0330,0.0,0.0,0.0,0.0,0.0,18.99,0.21,0.0
20231201:0430,0.0,0.0,0.0,0.0,0.0,18.73,0.07,0.0
20231201:0530,0.0,0.0,0.0,0.0,0.0,18.29,0.28,0.0
20231201:0630,0.0,0.0,0.0,0.0,0.0,17.65,0.34,0.0
20231201:0730,0.0,0.0,0.0,0.0,0.0,18.01,0.07,0.0
20231201:0830,6.54,0.0,18.34,0.19,3.54,17.55,0.28,0.0
20231201:0930,134.04,110.14,86.28,2.1,16.6,17.74,0.14,0.0
20231201:1030,275.31,191.41,163.72,3.57,29.99,20.17,0.21,0.0
20231201:1130,485.74,477.16,148.11,6.21,43.59,21.48,0.41,0.0
20231201:1230,600.93,647.06,143.63,7.88,57.33,23.24,0.62,0.0
20231201:1330,680.93,751.72,168.45,9.27,71.16,24.77,0.69,0.0
20231201:1430,661.5,739.87,153.49,9.18,85.02,26.05,0.76,0.0
20231201:1530,645.65,714.27,156.38,9.2,81.02,26.99,0.9,0.0
20231201:1630,578.52,647.79,120.12,8.49,67.16,27.67,1.1,0.0
20231201:1730,460.32,442.92,161.11,7.05,53.35,28.02,1.24,0.0
20231201:1830,300.74,316.3,84.74,5.34,39.64,27.94,1.59,0.0
20231201:1930,126.75,146.19,60.43,3.65,26.09,27.71,1.52,0.0
20231201:2030,21.03,0.0,40.69,0.42,12.79,26.96,1.66,0.0
20231201:2130,0.0,0.0,0.0,0.0,-0.15,25.59,1.59,0.0
20231201:2230,0.0,0.0,0.0,0.0,0.0,23.93,1.59,0.0
20231201:2330,0.0,0.0,0.0,0.0,0.0,22.64,1.59,0.0
20231202:0030,0.0,0.0,0.0,0.0,0.0,21.76,1.38,0.0
20231202:0130,0.0,0.0,0.0,0.0,0.0,20.98,1.24,0.0
20231202:0230,0.0,0.0,0.0,0.0,0.0,20.27,0.97,0.0
20231202:0330,0.0,0.0,0.0,0.0,0.0,19.56,0.69,0.0
20231202:0430,0.0,0.0,0.0,0.0,0.0,19.62,0.41,0.0
20231202:0530,0.0,0.0,0.0,0.0,0.0,19.24,0.21,0.0
20231202:0630,0.0,0.0,0.0,0.0,0.0,18.79,0.41,0.0
20231202:0730,0.0,0.0,0.0,0.0,0.0,18.59,0.62,0.0
20231202:0830,5.29,0.0,16.31,0.17,3.52,18.27,0.69,0.0
20231202:0930,142.92,160.63,55.74,2.38,16.56,18.44,0.55,0.0
20231202:1030,353.19,371.79,86.1,4.66,29.94,21.43,0.69,0.0
20231202:1130,529.43,595.57,90.97,6.86,43.53,23.15,0.83,0.0
20231202:1230,636.64,745.97,99.2,8.45,57.27,24.72,0.9,0.0
20231202:1330,700.61,849.7,98.63,9.6,71.09,26.15,1.03,0.0
20231202:1430,683.78,804.51,119.26,9.52,84.95,27.38,1.24,0.0
20231202:1530,641.37,699.42,162.16,9.11,81.12,28.06,1.31,0.0
20231202:1630,556.23,608.62,125.5,8.11,67.27,28.29,1.38,0.0
20231202:1730,435.95,470.29,97.21,6.72,53.46,28.28,1.52,0.0
20231202:1830,295.55,293.76,100.53,5.2,39.76,28.2,1.59,0.0
20231202:1930,114.39,131.92,57.01,3.31,26.22,28.82,1.24,0.0
20231202:2030,22.99,0.0,43.64,0.45,12.92,28.16,1.1,0.0
20231202:2130,0.0,0.0,0.0,0.0,-0.01,26.93,1.03,0.0
20231202:2230,0.0,0.0,0.0,0.0,0.0,24.81,1.17,0.0
20231202:2330,0.0,0.0,0.0,0.0,0.0,23.09,1.24,0.0
20231203:0030,0.0,0.0,0.0,0.0,0.0,22.11,1.1,0.0
20231203:0130,0.0,0.0,0.0,0.0,0.0,21.93,0.83,0.0
20231203:0230,0.0,0.0,0.0,0.0,0.0,22.26,0.48,0.0
20231203:0330,0.0,0.0,0.0,0.0,0.0,21.93,0.21,0.0
20231203:0430,0.0,0.0,0.0,0.0,0.0,21.57,0.41,0.0
20231203:0530,0.0,0.0,0.0,0.0,0.0,20.48,0.9,0.0
20231203:0630,0.0,0.0,0.0,0.0,0.0,18.94,1.17,0.0
20231203:0730,0.0,0.0,0.0,0.0,0.0,18.22,1.24,0.0
20231203:0830,5.27,0.0,16.27,0.17,3.49,17.92,1.1,0.0
20231203:0930,144.01,163.39,54.9,2.41,16.52,18.48,0.97,0.0
20231203:1030,356.68,383.18,79.14,4.72,29.89,21.8,0.97,0.0
20231203:1130,535.49,598.33,92.33,6.91,43.47,23.59,1.38,0.0
20231203:1230,644.85,744.32,105.68,8.51,57.2,25.14,1.45,0.0
20231203:1330,712.54,860.21,103.37,9.76,71.02,26.58,1.31,0.0
20231203:1430,718.51,864.24,121.06,10.17,84.88,27.71,1.1,0.0
20231203:1530,633.66,726.85,129.43,9.08,81.22,28.33,0.97,0.0
20231203:1630,561.83,612.11,138.28,8.29,67.37,28.52,0.9,0.0
20231203:1730,397.5,417.82,101.32,6.12,53.57,28.72,1.1,0.0
20231203:1830,310.81,327.73,88.28,5.55,39.87,28.39,1.31,0.0
20231203:1930,111.79,130.48,55.0,3.25,26.34,28.85,0.55,0.0
20231203:2030,22.85,0.0,43.51,0.45,13.05,28.33,0.34,0.0
20231203:2130,0.13,0.0,6.18,0.06,0.14,27.52,0.28,0.0
20231203:2230,0.0,0.0,0.0,0.0,0.0,26.41,0.34,0.0
20231203:2330,0.0,0.0,0.0,0.0,0.0,25.09,0.69,0.0
20231204:0030,0.0,0.0,0.0,0.0,0.0,23.5,0.97,0.0
20231204:0130,0.0,0.0,0.0,0.0,0.0,22.46,1.1,0.0
20231204:0230,0.0,0.0,0.0,0.0,0.0,21.69,0.97,0.0
20231204:0330,0.0,0.0,0.0,0.0,0.0,22.06,0.48,0.0
20231204:0430,0.0,0.0,0.0,0.0,0.0,21.81,0.28,0.0
20231204:0530,0.0,0.0,0.0,0.0,0.0,21.1,0.62,0.0
20231204:0630,0.0,0.0,0.0,0.0,0.0,20.67,0.69,0.0
20231204:0730,0.0,0.0,0.0,0.0,0.0,20.13,0.76,0.0
20231204:0830,3.86,0.0,13.92,0.14,3.46,19.79,0.83,0.0
20231204:0930,124.66,125.7,64.69,2.09,16.48,20.31,0.69,0.0
20231204:1030,337.2,353.2,86.2,4.49,29.83,22.71,0.83,0.0
20231204:1130,517.63,582.99,85.81,6.71,43.41,24.49,1.38,0.0
20231204:1230,629.0,726.51,98.98,8.28,57.13,25.91,1.72,0.0
20231204:1330,700.34,827.34,107.32,9.47,70.94,27.12,1.93,0.0
20231204:1430,675.7,763.31,136.69,9.28,84.8,28.06,2.07,0.0
20231204:1530,644.82,718.32,143.69,9.14,81.32,28.86,1.79,0.0
20231204:1630,538.17,558.25,151.14,7.82,67.47,29.02,1.59,0.0
20231204:1730,378.25,366.81,126.06,5.76,53.68,28.64,1.24,0.0
20231204:1830,235.96,159.39,156.15,3.86,39.99,27.5,0.9,0.0
20231204:1930,116.17,86.58,93.71,2.77,26.47,26.82,0.28,0.0
20231204:2030,29.43,0.0,51.8,0.53,13.18,24.75,0.41,0.0
20231204:2130,0.0,0.0,5.35,0.06,0.28,22.9,0.48,0.0
20231204:2230,0.0,0.0,0.0,0.0,0.0,21.9,0.34,0.0
20231204:2330,0.0,0.0,0.0,0.0,0.0,21.66,0.48,0.0
20231205:0030,0.0,0.0,0.0,0.0,0.0,21.09,0.41,0.0
20231205:0130,0.0,0.0,0.0,0.0,0.0,20.49,0.07,0.0
20231205:0230,0.0,0.0,0.0,0.0,0.0,20.17,0.34,0.0
20231205:0330,0.0,0.0,0.0,0.0,0.0,20.04,0.55,0.0
20231205:0430,0.0,0.0,0.0,0.0,0.0,19.74,0.55,0.0
20231205:0530,0.0,0.0,0.0,0.0,0.0,19.5,0.48,0.0
20231205:0630,0.0,0.0,0.0,0.0,0.0,19.29,0.34,0.0
20231205:0730,0.0,0.0,0.0,0.0,0.0,18.63,0.14,0.0
20231205:0830,3.89,0.0,13.92,0.14,3.43,18.52,0.34,0.0
20231205:0930,100.21,79.84,72.4,1.64,16.43,18.88,0.28,0.0
20231205:1030,271.62,227.38,124.29,3.57,29.77,20.38,0.21,0.0
20231205:1130,464.44,451.7,143.03,5.95,43.34,22.34,0.83,0.0
20231205:1230,489.98,376.18,257.89,6.31,57.05,23.73,0.83,0.0
20231205:1330,533.36,461.22,237.45,7.02,70.85,25.21,0.83,0.0
20231205:1430,588.89,569.37,211.82,8.01,84.71,26.07,0.9,0.0
20231205:1530,498.55,404.54,248.14,6.81,81.42,26.52,0.97,0.0
20231205:1630,429.57,341.71,213.01,5.99,67.58,25.87,1.03,0.0
20231205:1730,363.18,283.09,184.85,5.34,53.79,25.67,1.1,0.0
20231205:1830,213.13,127.86,155.56,3.4,40.11,25.37,0.69,0.0
20231205:1930,91.25,29.65,105.76,1.68,26.59,23.94,1.31,0.0
20231205:2030,26.96,0.0,48.02,0.5,13.32,22.55,1.52,0.0
20231205:2130,0.0,0.0,4.65,0.05,0.42,21.68,1.17,0.0
20231205:2230,0.0,0.0,0.0,0.0,0.0,21.08,0.9,0.0
20231205:2330,0.0,0.0,0.0,0.0,0.0,20.66,0.76,0.0
20231206:0030,0.0,0.0,0.0,0.0,0.0,20.26,0.76,0.0
20231206:0130,0.0,0.0,0.0,0.0,0.0,19.83,0.62,0.0
20231206:0230,0.0,0.0,0.0,0.0,0.0,19.75,0.28,0.0
20231206:0330,0.0,0.0,0.0,0.0,0.0,19.26,0.62,0.0
20231206:0430,0.0,0.0,0.0,0.0,0.0,19.17,0.83,0.0
20231206:0530,0.0,0.0,0.0,0.0,0.0,19.16,0.69,0.0
20231206:0630,0.0,0.0,0.0,0.0,0.0,19.03,0.76,0.0
20231206:0730,0.0,0.0,0.0,0.0,0.0,18.6,1.03,0.0
20231206:0830,4.07,0.0,14.24,0.15,3.39,18.8,1.17,0.0
20231206:0930,35.43,0.0,58.32,0.58,16.38,18.9,1.17,0.0
20231206:1030,154.97,21.41,181.91,2.04,29.71,19.34,1.1,0.0
20231206:1130,297.35,121.79,253.12,3.73,43.27,20.31,1.31,0.0
20231206:1230,384.58,158.39,329.48,4.85,56.97,21.95,1.38,0.0
20231206:1330,418.34,94.21,443.36,5.37,70.77,23.37,1.59,0.0
20231206:1430,442.14,215.18,353.16,5.74,84.62,24.53,1.59,0.0
20231206:1530,554.82,379.21,345.18,7.51,81.52,25.24,1.59,0.0
20231206:1630,541.16,425.24,281.33,7.63,67.68,26.17,1.66,0.0
20231206:1730,405.19,195.65,331.0,5.75,53.9,26.61,1.66,0.0
20231206:1830,298.52,244.45,149.65,5.03,40.22,26.56,1.52,0.0
20231206:1930,136.57,97.41,108.81,3.16,26.71,26.28,1.45,0.0
20231206:2030,35.04,0.0,59.45,0.61,13.45,25.89,1.17,0.0
20231206:2130,0.81,0.0,7.93,0.08,0.55,25.22,0.48,0.0
20231206:2230,0.0,0.0,0.0,0.0,0.0,24.0,0.9,0.0
20231206:2330,0.0,0.0,0.0,0.0,0.0,22.78,0.76,0.0
20231207:0030,0.0,0.0,0.0,0.0,0.0,21.89,0.76,0.0
20231207:0130,0.0,0.0,0.0,0.0,0.0,21.48,0.76,0.0
20231207:0230,0.0,0.0,0.0,0.0,0.0,20.9,0.97,0.0
20231207:0330,0.0,0.0,0.0,0.0,0.0,20.37,1.1,0.0
20231207:0430,0.0,0.0,0.0,0.0,0.0,19.85,1.1,0.0
20231207:0530,0.0,0.0,0.0,0.0,0.0,19.55,1.03,0.0
20231207:0630,0.0,0.0,0.0,0.0,0.0,19.16,1.03,0.0
20231207:0730,0.0,0.0,0.0,0.0,0.0,19.35,1.03,0.0
20231207:0830,4.61,0.0,15.21,0.16,3.35,19.22,1.1,0.0
20231207:0930,98.96,82.27,69.52,1.65,16.33,19.71,1.1,0.0
20231207:1030,278.57,245.85,113.53,3.67,29.65,21.59,1.52,0.0
20231207:1130,457.45,448.78,131.38,5.82,43.19,23.2,1.86,0.0
20231207:1230,587.67,625.2,134.3,7.62,56.89,24.49,1.79,0.0
20231207:1330,656.47,712.02,150.3,8.74,70.68,25.71,1.93,0.0
20231207:1430,647.09,652.55,202.06,8.79,84.52,26.69,1.93,0.0
20231207:1530,598.25,586.18,197.93,8.28,81.62,27.34,2.07,0.0
20231207:1630,543.85,517.94,192.42,7.79,67.79,27.18,1.72,0.0
20231207:1730,379.45,318.54,172.62,5.65,54.01,27.14,1.38,0.0
20231207:1830,277.15,237.21,128.27,4.69,40.34,26.08,1.52,0.0
20231207:1930,123.3,105.76,86.35,3.08,26.83,27.05,1.1,0.0
20231207:2030,22.52,0.0,42.4,0.44,13.57,24.73,1.52,0.0
20231207:2130,0.0,0.0,5.53,0.06,0.69,22.92,0.69,0.0
20231207:2230,0.0,0.0,0.0,0.0,0.0,22.26,0.97,0.0
20231207:2330,0.0,0.0,0.0,0.0,0.0,21.78,1.1,0.0
20231208:0030,0.0,0.0,0.0,0.0,0.0,21.35,1.03,0.0
20231208:0130,0.0,0.0,0.0,0.0,0.0,20.73,0.76,0.0
20231208:0230,0.0,0.0,0.0,0.0,0.0,20.28,0.69,0.0
20231208:0330,0.0,0.0,0.0,0.0,0.0,19.7,0.83,0.0
20231208:0430,0.0,0.0,0.0,0.0,0.0,19.4,0.69,0.0
20231208:0530,0.0,0.0,0.0,0.0,0.0,19.25,0.55,0.0
20231208:0630,0.0,0.0,0.0,0.0,0.0,19.22,0.48,0.0
20231208:0730,0.0,0.0,0.0,0.0,0.0,19.19,0.62,0.0
20231208:0830,3.68,0.0,13.55,0.14,3.3,18.78,0.55,0.0
20231208:0930,67.51,10.62,89.6,1.02,16.27,18.92,0.34,0.0
20231208:1030,157.83,48.49,159.38,2.09,29.58,19.96,0.9,0.0
20231208:1130,338.35,174.6,254.0,4.27,43.12,21.12,0.97,0.0
20231208:1230,426.4,253.79,290.9,5.42,56.81,22.92,1.1,0.0
20231208:1330,551.24,366.66,355.29,7.23,70.59,24.13,1.03,0.0
20231208:1430,550.21,452.01,270.76,7.38,84.42,25.61,1.03,0.0
20231208:1530,509.28,390.35,274.57,6.93,81.72,25.84,1.1,0.0
20231208:1630,351.77,168.93,283.14,4.74,67.89,25.19,1.31,0.0
20231208:1730,292.22,75.32,301.41,3.95,54.12,23.89,1.1,0.0
20231208:1830,183.04,33.38,208.45,2.57,40.46,22.89,0.48,0.0
20231208:1930,67.13,27.56,77.15,1.34,26.96,23.05,1.38,0.0
20231208:2030,14.59,0.0,30.97,0.32,13.7,22.66,1.38,0.0
20231208:2130,0.6,0.0,7.33,0.08,0.82,21.87,1.38,0.0
20231208:2230,0.0,0.0,0.0,0.0,0.0,21.1,1.45,0.0
20231208:2330,0.0,0.0,0.0,0.0,0.0,20.38,1.31,0.0
20231209:0030,0.0,0.0,0.0,0.0,0.0,19.94,1.24,0.0
20231209:0130,0.0,0.0,0.0,0.0,0.0,19.66,1.24,0.0
20231209:0230,0.0,0.0,0.0,0.0,0.0,19.3,1.24,0.0
20231209:0330,0.0,0.0,0.0,0.0,0.0,19.05,1.31,0.0
20231209:0430,0.0,0.0,0.0,0.0,0.0,18.84,1.17,0.0
20231209:0530,0.0,0.0,0.0,0.0,0.0,18.61,1.17,0.0
20231209:0630,0.0,0.0,0.0,0.0,0.0,18.47,1.1,0.0
20231209:0730,0.0,0.0,0.0,0.0,0.0,18.18,1.17,0.0
20231209:0830,2.06,0.0,10.46,0.11,3.25,18.11,1.17,0.0
20231209:0930,49.75,26.41,54.75,0.86,16.21,18.17,1.31,0.0
20231209:1030,155.23,104.32,99.31,2.07,29.51,18.53,1.72,0.0
20231209:1130,310.59,214.24,171.92,3.86,43.04,19.32,1.72,0.0
20231209:1230,333.7,188.88,228.06,4.16,56.72,20.8,1.72,0.0
20231209:1330,441.46,320.74,235.21,5.59,70.5,21.86,1.52,0.0
20231209:1430,476.11,271.42,336.29,6.16,84.32,22.71,1.52,0.0
20231209:1530,450.83,174.43,402.9,5.89,81.81,23.3,1.72,0.0
20231209:1630,326.26,141.58,272.36,4.33,68.0,23.39,1.86,0.0
20231209:1730,254.14,147.85,174.44,3.56,54.23,22.53,2.07,0.0
20231209:1830,171.55,126.15,100.33,2.8,40.57,22.28,2.34,0.0
20231209:1930,79.74,43.52,78.68,1.68,27.08,21.28,2.55,0.0
20231209:2030,14.36,0.0,30.37,0.31,13.83,20.47,2.41,0.0
20231209:2130,0.02,0.0,5.76,0.06,0.95,19.46,2.48,0.0
20231209:2230,0.0,0.0,0.0,0.0,0.0,18.65,2.28,0.0
20231209:2330,0.0,0.0,0.0,0.0,0.0,18.14,2.07,0.0
20231210:0030,0.0,0.0,0.0,0.0,0.0,17.76,1.86,0.0
20231210:0130,0.0,0.0,0.0,0.0,0.0,17.43,1.79,0.0
20231210:0230,0.0,0.0,0.0,0.0,0.0,17.15,1.59,0.0
20231210:0330,0.0,0.0,0.0,0.0,0.0,16.93,1.31,0.0
20231210:0430,0.0,0.0,0.0,0.0,0.0,16.7,1.1,0.0
20231210:0530,0.0,0.0,0.0,0.0,0.0,16.46,0.97,0.0
20231210:0630,0.0,0.0,0.0,0.0,0.0,16.28,0.97,0.0
20231210:0730,0.0,0.0,0.0,0.0,0.0,15.79,1.03,0.0
20231210:0830,3.33,0.0,12.77,0.13,3.2,15.46,0.9,0.0
20231210:0930,109.56,96.59,68.7,1.83,16.14,15.56,1.31,0.0
20231210:1030,247.19,215.26,98.29,3.22,29.43,16.67,1.31,0.0
20231210:1130,379.67,237.36,237.25,4.74,42.96,18.62,1.03,0.0
20231210:1230,311.12,56.91,336.52,3.93,56.63,20.19,1.24,0.0
20231210:1330,309.53,60.16,333.23,3.93,70.4,21.26,1.17,0.0
20231210:1430,411.81,104.61,422.76,5.3,84.21,22.0,1.1,0.0
20231210:1530,551.33,391.44,323.14,7.43,81.91,22.79,1.1,0.0
20231210:1630,440.9,344.03,221.27,6.11,68.1,23.83,0.9,0.0
20231210:1730,369.86,233.23,242.11,5.31,54.34,23.93,0.83,0.0
20231210:1830,217.1,79.18,206.74,3.22,40.69,24.05,0.62,0.0
20231210:1930,107.35,28.48,125.9,1.86,27.2,23.53,1.03,0.0
20231210:2030,31.15,0.0,53.51,0.55,13.95,22.05,0.62,0.0
20231210:2130,0.73,0.0,7.65,0.08,1.08,21.08,0.62,0.0
20231210:2230,0.0,0.0,0.0,0.0,0.0,20.72,1.1,0.0
20231210:2330,0.0,0.0,0.0,0.0,0.0,20.25,1.03,0.0
20231211:0030,0.0,0.0,0.0,0.0,0.0,19.73,0.97,0.0
20231211:0130,0.0,0.0,0.0,0.0,0.0,19.27,0.83,0.0
20231211:0230,0.0,0.0,0.0,0.0,0.0,18.89,0.76,0.0
20231211:0330,0.0,0.0,0.0,0.0,0.0,18.85,1.24,0.0
20231211:0430,0.0,0.0,0.0,0.0,0.0,18.77,1.52,0.0
20231211:0530,0.0,0.0,0.0,0.0,0.0,18.77,1.72,0.0
20231211:0630,0.0,0.0,0.0,0.0,0.0,18.64,1.79,0.0
20231211:0730,0.0,0.0,0.0,0.0,0.0,18.07,1.1,0.0
20231211:0830,1.23,0.0,8.71,0.09,3.14,17.87,1.1,0.0
20231211:0930,20.04,0.85,37.27,0.38,16.07,17.68,1.1,0.0
20231211:1030,62.87,1.41,90.6,0.92,29.36,17.87,1.17,0.0
20231211:1130,50.0,0.0,76.36,0.76,42.87,18.19,1.24,0.0
20231211:1230,75.83,0.0,107.78,1.08,56.54,18.13,0.97,0.0
20231211:1330,89.58,0.37,123.97,1.24,70.31,18.31,0.97,0.0
20231211:1430,177.61,33.26,194.57,2.29,84.11,18.58,1.38,0.0
20231211:1530,318.48,116.12,281.88,4.06,82.01,19.51,1.52,0.0
20231211:1630,399.6,247.23,254.37,5.35,68.21,21.45,1.66,0.0
20231211:1730,385.67,326.04,160.85,5.63,54.45,22.43,1.45,0.0
20231211:1830,141.54,75.51,115.52,2.23,40.8,23.15,1.17,0.0
20231211:1930,94.7,44.87,96.34,1.89,27.32,21.82,0.48,0.0
20231211:2030,25.64,0.0,46.04,0.48,14.08,21.11,0.34,0.0
20231211:2130,0.0,0.0,4.01,0.04,1.21,19.81,0.55,0.0
20231211:2230,0.0,0.0,0.0,0.0,0.0,19.06,0.76,0.0
20231211:2330,0.0,0.0,0.0,0.0,0.0,18.5,1.03,0.0
20231212:0030,0.0,0.0,0.0,0.0,0.0,18.06,1.17,0.0
20231212:0130,0.0,0.0,0.0,0.0,0.0,17.85,1.17,0.0
20231212:0230,0.0,0.0,0.0,0.0,0.0,17.67,1.17,0.0
20231212:0330,0.0,0.0,0.0,0.0,0.0,17.46,1.1,0.0
20231212:0430,0.0,0.0,0.0,0.0,0.0,17.42,1.03,0.0
20231212:0530,0.0,0.0,0.0,0.0,0.0,17.32,0.97,0.0
20231212:0630,0.0,0.0,0.0,0.0,0.0,17.08,1.03,0.0
20231212:0730,0.0,0.0,0.0,0.0,0.0,16.51,0.9,0.0
20231212:0830,4.53,0.0,14.93,0.15,3.07,16.48,0.83,0.0
20231212:0930,82.88,55.04,71.57,1.37,16.0,16.6,1.1,0.0
20231212:1030,260.74,201.62,130.12,3.4,29.28,17.49,1.1,0.0
20231212:1130,318.08,186.43,212.63,3.99,42.78,19.48,0.97,0.0
20231212:1230,351.32,91.9,355.49,4.46,56.45,20.84,0.69,0.0
20231212:1330,390.16,196.38,301.18,4.99,70.21,21.93,0.62,0.0
20231212:1430,571.16,511.9,228.71,7.6,84.0,22.74,0.97,0.0
20231212:1530,528.79,448.77,230.82,7.13,82.11,23.81,1.45,0.0
20231212:1630,529.39,474.26,204.07,7.43,68.31,24.1,1.79,0.0
20231212:1730,408.99,354.95,164.02,6.02,54.57,24.32,2.07,0.0
20231212:1830,258.25,199.11,136.6,4.23,40.92,24.04,2.28,0.0
20231212:1930,124.64,103.56,84.54,2.98,27.44,22.53,2.48,0.0
20231212:2030,23.17,0.0,42.77,0.44,14.2,21.79,2.69,0.0
20231212:2130,0.37,0.0,6.73,0.07,1.34,20.71,2.41,0.0
20231212:2230,0.0,0.0,0.0,0.0,0.0,19.77,2.21,0.0
20231212:2330,0.0,0.0,0.0,0.0,0.0,19.21,1.93,0.0
20231213:0030,0.0,0.0,0.0,0.0,0.0,18.72,1.72,0.0
20231213:0130,0.0,0.0,0.0,0.0,0.0,18.1,1.59,0.0
20231213:0230,0.0,0.0,0.0,0.0,0.0,17.66,1.45,0.0
20231213:0330,0.0,0.0,0.0,0.0,0.0,17.29,1.24,0.0
20231213:0430,0.0,0.0,0.0,0.0,0.0,16.88,0.9,0.0
20231213:0530,0.0,0.0,0.0,0.0,0.0,16.59,0.69,0.0
20231213:0630,0.0,0.0,0.0,0.0,0.0,16.29,0.55,0.0
20231213:0730,0.0,0.0,0.0,0.0,0.0,16.02,0.48,0.0
20231213:0830,4.74,0.0,15.25,0.16,3.01,15.87,0.41,0.0
20231213:0930,110.13,97.2,70.23,1.87,15.92,15.77,0.48,0.0
20231213:1030,256.83,234.35,94.21,3.39,29.19,18.1,1.1,0.0
20231213:1130,422.65,339.35,188.34,5.3,42.7,19.35,1.52,0.0
20231213:1230,525.96,365.33,306.58,6.71,56.35,20.82,1.17,0.0
20231213:1330,431.07,146.02,407.45,5.54,70.11,22.37,1.03,0.0
20231213:1430,502.28,306.31,346.79,6.63,83.89,23.25,0.69,0.0
20231213:1530,452.65,182.68,406.9,6.02,82.21,24.37,0.83,0.0
20231213:1630,461.35,330.94,266.9,6.43,68.42,24.89,0.9,0.0
20231213:1730,452.68,416.27,172.07,6.87,54.68,25.53,0.9,0.0
20231213:1830,329.53,345.9,91.33,5.84,41.03,26.05,0.69,0.0
20231213:1930,144.38,147.67,76.72,3.8,27.55,26.33,0.62,0.0
20231213:2030,29.72,0.0,52.45,0.54,14.32,25.94,0.41,0.0
20231213:2130,1.84,0.0,10.23,0.11,1.46,25.03,0.28,0.0
20231213:2230,0.0,0.0,0.0,0.0,0.0,23.32,0.76,0.0
20231213:2330,0.0,0.0,0.0,0.0,0.0,21.89,0.97,0.0
20231214:0030,0.0,0.0,0.0,0.0,0.0,20.55,1.1,0.0
20231214:0130,0.0,0.0,0.0,0.0,0.0,19.65,1.03,0.0
20231214:0230,0.0,0.0,0.0,0.0,0.0,18.8,0.97,0.0
20231214:0330,0.0,0.0,0.0,0.0,0.0,18.17,0.9,0.0
20231214:0430,0.0,0.0,0.0,0.0,0.0,17.64,0.97,0.0
20231214:0530,0.0,0.0,0.0,0.0,0.0,17.31,0.97,0.0
20231214:0630,0.0,0.0,0.0,0.0,0.0,17.04,1.03,0.0
20231214:0730,0.0,0.0,0.0,0.0,0.0,16.81,0.97,0.0
20231214:0830,3.74,0.0,13.55,0.14,2.94,16.61,0.9,0.0
20231214:0930,113.26,94.51,77.12,1.91,15.84,17.11,0.69,0.0
20231214:1030,348.85,373.9,74.73,4.67,29.11,19.56,1.24,0.0
20231214:1130,516.17,560.09,95.02,6.64,42.6,21.57,1.66,0.0
20231214:1230,645.8,713.23,120.25,8.42,56.26,23.33,2.14,0.0
20231214:1330,662.89,658.79,207.82,8.79,70.01,24.8,2.14,0.0
20231214:1430,718.35,756.49,195.52,9.85,83.78,25.83,2.28,0.0
20231214:1530,704.55,764.7,172.69,9.98,82.31,26.91,2.21,0.0
20231214:1630,648.61,747.37,113.37,9.62,68.53,27.76,1.93,0.0
20231214:1730,507.66,564.49,102.27,7.96,54.79,28.36,1.59,0.0
20231214:1830,346.48,378.68,85.0,6.24,41.15,28.57,1.17,0.0
20231214:1930,138.62,131.09,84.52,3.53,27.67,28.39,0.62,0.0
20231214:2030,25.19,0.0,46.69,0.48,14.44,27.92,0.28,0.0
20231214:2130,0.97,0.0,8.34,0.09,1.58,27.13,0.14,0.0
20231214:2230,0.0,0.0,0.0,0.0,0.0,25.6,0.41,0.0
20231214:2330,0.0,0.0,0.0,0.0,0.0,24.06,0.76,0.0
20231215:0030,0.0,0.0,0.0,0.0,0.0,22.49,1.17,0.0
20231215:0130,0.0,0.0,0.0,0.0,0.0,21.36,1.24,0.0
20231215:0230,0.0,0.0,0.0,0.0,0.0,20.48,1.1,0.0
20231215:0330,0.0,0.0,0.0,0.0,0.0,20.35,0.76,0.0
20231215:0430,0.0,0.0,0.0,0.0,0.0,20.61,0.55,0.0
20231215:0530,0.0,0.0,0.0,0.0,0.0,19.52,0.83,0.0
20231215:0630,0.0,0.0,0.0,0.0,0.0,18.54,1.1,0.0
20231215:0730,0.0,0.0,0.0,0.0,0.0,18.57,1.24,0.0
20231215:0830,4.03,0.0,14.15,0.15,2.86,18.2,1.24,0.0
20231215:0930,120.74,136.79,53.88,2.19,15.76,18.63,0.97,0.0
20231215:1030,329.15,348.43,79.71,4.46,29.02,21.67,1.1,0.0
20231215:1130,513.74,557.57,101.11,6.68,42.51,23.47,1.66,0.0
20231215:1230,631.01,707.66,114.88,8.31,56.16,24.85,1.86,0.0
20231215:1330,662.54,741.19,131.64,8.89,69.9,26.12,1.93,0.0
20231215:1430,714.11,848.46,115.21,10.02,83.67,26.99,1.52,0.0
20231215:1530,673.2,811.62,104.12,9.8,82.41,27.6,0.9,0.0
20231215:1630,535.03,567.58,149.6,7.94,68.63,28.06,0.34,0.0
20231215:1730,472.88,545.11,86.81,7.56,54.9,28.06,0.07,0.0
20231215:1830,325.42,355.28,82.7,5.87,41.26,27.92,0.21,0.0
20231215:1930,132.37,152.1,59.07,3.65,27.79,28.22,0.62,0.0
20231215:2030,22.61,0.0,43.05,0.44,14.56,27.68,0.9,0.0
20231215:2130,1.52,0.0,9.59,0.1,1.7,26.87,0.76,0.0
20231215:2230,0.0,0.0,0.0,0.0,0.0,25.26,0.48,0.0
20231215:2330,0.0,0.0,0.0,0.0,0.0,23.96,0.69,0.0
20231216:0030,0.0,0.0,0.0,0.0,0.0,22.77,0.83,0.0
20231216:0130,0.0,0.0,0.0,0.0,0.0,22.26,0.76,0.0
20231216:0230,0.0,0.0,0.0,0.0,0.0,22.1,0.69,0.0
20231216:0330,0.0,0.0,0.0,0.0,0.0,21.5,0.76,0.0
20231216:0430,0.0,0.0,0.0,0.0,0.0,20.51,0.97,0.0
20231216:0530,0.0,0.0,0.0,0.0,0.0,19.6,1.17,0.0
20231216:0630,0.0,0.0,0.0,0.0,0.0,19.04,1.24,0.0
20231216:0730,0.0,0.0,0.0,0.0,0.0,18.79,1.31,0.0
20231216:0830,3.36,0.0,12.95,0.13,2.79,18.45,1.24,0.0
20231216:0930,113.21,124.96,54.74,2.07,15.68,18.86,1.03,0.0
20231216:1030,270.97,242.88,109.45,3.64,28.93,21.71,1.17,0.0
20231216:1130,473.51,480.32,122.7,6.1,42.41,23.04,1.66,0.0
20231216:1230,585.35,633.2,120.67,7.62,56.06,24.35,1.93,0.0
20231216:1330,628.25,681.76,136.84,8.34,69.8,25.36,1.93,0.0
20231216:1430,671.57,739.21,153.67,9.25,83.56,26.19,1.59,0.0
20231216:1530,555.22,572.99,154.6,7.72,82.51,26.94,1.31,0.0
20231216:1630,545.21,599.75,116.75,7.97,68.74,27.16,1.1,0.0
20231216:1730,388.03,391.01,113.36,5.93,55.01,27.37,0.83,0.0
20231216:1830,316.5,310.41,110.63,5.54,41.37,27.13,0.76,0.0
20231216:1930,133.02,134.92,72.84,3.45,27.9,27.38,0.69,0.0
20231216:2030,26.71,0.0,48.58,0.5,14.67,26.94,0.55,0.0
20231216:2130,1.23,0.0,8.94,0.09,1.82,26.43,0.34,0.0
20231216:2230,0.0,0.0,0.0,0.0,0.0,24.92,0.62,0.0
20231216:2330,0.0,0.0,0.0,0.0,0.0,23.68,0.83,0.0
20231217:0030,0.0,0.0,0.0,0.0,0.0,22.62,1.03,0.0
20231217:0130,0.0,0.0,0.0,0.0,0.0,22.15,1.03,0.0
20231217:0230,0.0,0.0,0.0,0.0,0.0,21.7,0.9,0.0
20231217:0330,0.0,0.0,0.0,0.0,0.0,21.42,0.69,0.0
20231217:0430,0.0,0.0,0.0,0.0,0.0,20.56,0.9,0.0
20231217:0530,0.0,0.0,0.0,0.0,0.0,19.71,1.17,0.0
20231217:0630,0.0,0.0,0.0,0.0,0.0,19.14,1.24,0.0
20231217:0730,0.0,0.0,0.0,0.0,0.0,18.91,1.1,0.0
20231217:0830,3.51,0.0,13.23,0.14,2.71,18.52,1.1,0.0
20231217:0930,103.76,113.82,52.52,1.91,15.59,18.72,0.97,0.0
20231217:1030,320.04,333.9,81.31,4.33,28.83,20.96,1.1,0.0
20231217:1130,494.03,527.29,102.11,6.39,42.32,22.58,1.59,0.0
20231217:1230,641.45,746.23,87.85,8.45,55.96,24.02,1.79,0.0
20231217:1330,718.52,854.16,100.24,9.75,69.69,25.38,1.86,0.0
20231217:1430,644.13,710.0,144.67,8.86,83.45,26.5,1.45,0.0
20231217:1530,591.69,600.89,183.7,8.32,82.61,26.58,1.03,0.0
20231217:1630,493.51,516.49,131.74,7.17,68.85,26.9,0.55,0.0
20231217:1730,362.61,294.34,179.78,5.43,55.12,27.01,0.34,0.0
20231217:1830,242.0,173.88,146.71,3.96,41.48,26.15,0.83,0.0
20231217:1930,127.95,92.03,99.08,2.86,28.01,24.62,1.03,0.0
20231217:2030,25.15,0.0,45.9,0.47,14.79,24.11,0.97,0.0
20231217:2130,1.8,0.0,10.09,0.1,1.93,23.56,0.55,0.0
20231217:2230,0.0,0.0,0.0,0.0,0.0,22.44,0.14,0.0
20231217:2330,0.0,0.0,0.0,0.0,0.0,21.77,0.21,0.0
20231218:0030,0.0,0.0,0.0,0.0,0.0,21.07,0.41,0.0
20231218:0130,0.0,0.0,0.0,0.0,0.0,20.6,0.55,0.0
20231218:0230,0.0,0.0,0.0,0.0,0.0,20.09,0.55,0.0
20231218:0330,0.0,0.0,0.0,0.0,0.0,20.09,0.34,0.0
20231218:0430,0.0,0.0,0.0,0.0,0.0,19.64,0.14,0.0
20231218:0530,0.0,0.0,0.0,0.0,0.0,19.31,0.0,0.0
20231218:0630,0.0,0.0,0.0,0.0,0.0,19.04,0.0,0.0
20231218:0730,0.0,0.0,0.0,0.0,0.0,18.68,0.28,0.0
20231218:0830,2.84,0.0,11.98,0.12,2.62,18.4,0.21,0.0
20231218:0930,86.12,86.92,52.81,1.59,15.5,18.4,0.14,0.0
20231218:1030,302.95,306.89,87.24,4.11,28.74,20.49,0.55,0.0
20231218:1130,496.62,556.29,80.11,6.47,42.22,22.49,1.1,0.0
20231218:1230,604.98,689.53,99.08,7.98,55.86,23.94,1.24,0.0
20231218:1330,629.92,705.15,130.1,8.51,69.59,24.91,0.9,0.0
20231218:1430,610.76,647.18,170.02,8.45,83.34,25.66,0.55,0.0
20231218:1530,556.21,575.84,166.52,7.87,82.71,26.34,0.28,0.0
20231218:1630,535.32,602.92,105.54,7.89,68.96,26.74,0.48,0.0
20231218:1730,382.17,381.22,115.18,5.83,55.23,27.18,0.76,0.0
20231218:1830,252.32,227.42,107.76,4.31,41.59,27.08,1.03,0.0
20231218:1930,113.35,100.91,75.24,2.77,28.12,26.76,0.83,0.0
20231218:2030,26.47,0.0,48.02,0.5,14.9,25.92,1.1,0.0
20231218:2130,1.42,0.0,9.31,0.1,2.04,24.74,1.1,0.0
20231218:2230,0.0,0.0,0.0,0.0,0.0,23.61,1.17,0.0
20231218:2330,0.0,0.0,0.0,0.0,0.0,22.39,1.17,0.0
20231219:0030,0.0,0.0,0.0,0.0,0.0,21.28,1.24,0.0
20231219:0130,0.0,0.0,0.0,0.0,0.0,20.22,1.24,0.0
20231219:0230,0.0,0.0,0.0,0.0,0.0,19.7,1.1,0.0
20231219:0330,0.0,0.0,0.0,0.0,0.0,19.09,1.03,0.0
20231219:0430,0.0,0.0,0.0,0.0,0.0,18.71,0.97,0.0
20231219:0530,0.0,0.0,0.0,0.0,0.0,18.11,0.9,0.0
20231219:0630,0.0,0.0,0.0,0.0,0.0,17.64,0.9,0.0
20231219:0730,0.0,0.0,0.0,0.0,0.0,17.49,0.9,0.0
20231219:0830,2.89,0.0,12.03,0.12,2.53,17.32,0.9,0.0
20231219:0930,100.92,95.98,62.91,1.81,15.4,17.46,1.03,0.0
20231219:1030,304.15,303.92,87.45,4.08,28.64,19.0,1.03,0.0
20231219:1130,438.01,385.5,168.94,5.59,42.12,20.74,1.03,0.0
20231219:1230,581.68,605.15,150.21,7.62,55.75,22.28,0.83,0.0
20231219:1330,627.16,660.64,175.2,8.5,69.48,23.51,0.41,0.0
20231219:1430,653.64,726.48,165.29,9.24,83.23,24.64,0.07,0.0
20231219:1530,658.15,786.54,110.91,9.6,82.82,25.4,0.21,0.0
20231219:1630,576.96,663.28,103.2,8.55,69.06,26.3,0.62,0.0
20231219:1730,487.59,536.52,100.1,7.58,55.34,26.67,1.1,0.0
20231219:1830,319.79,338.58,83.31,5.62,41.7,26.91,1.52,0.0
20231219:1930,139.41,169.99,49.48,3.84,28.23,26.74,1.86,0.0
20231219:2030,11.63,0.71,25.7,1.86,15.01,26.11,2.21,0.0
20231219:2130,1.93,0.0,10.42,0.11,2.15,24.94,2.14,0.0
20231219:2230,0.0,0.0,0.0,0.0,0.0,23.49,2.0,0.0
20231219:2330,0.0,0.0,0.0,0.0,0.0,22.04,2.0,0.0
20231220:0030,0.0,0.0,0.0,0.0,0.0,20.85,1.93,0.0
20231220:0130,0.0,0.0,0.0,0.0,0.0,19.86,1.79,0.0
20231220:0230,0.0,0.0,0.0,0.0,0.0,19.03,1.59,0.0
20231220:0330,0.0,0.0,0.0,0.0,0.0,18.38,1.52,0.0
20231220:0430,0.0,0.0,0.0,0.0,0.0,17.79,1.31,0.0
20231220:0530,0.0,0.0,0.0,0.0,0.0,17.33,1.1,0.0
20231220:0630,0.0,0.0,0.0,0.0,0.0,16.9,0.83,0.0
20231220:0730,0.0,0.0,0.0,0.0,0.0,16.5,0.83,0.0
20231220:0830,3.77,0.0,13.6,0.14,2.44,16.12,0.76,0.0
20231220:0930,113.23,123.94,55.46,2.08,15.31,16.17,0.83,0.0
20231220:1030,318.53,326.5,81.22,4.26,28.54,17.48,0.9,0.0
20231220:1130,522.49,576.48,86.04,6.74,42.01,19.23,0.97,0.0
20231220:1230,655.52,763.49,89.66,8.65,55.65,21.0,1.03,0.0
20231220:1330,689.31,760.97,153.63,9.32,69.38,22.62,0.97,0.0
20231220:1430,725.17,869.03,112.93,10.22,83.12,23.82,0.76,0.0
20231220:1530,710.03,831.45,133.9,10.32,82.92,25.01,0.76,0.0
20231220:1630,617.84,679.71,142.9,9.14,69.17,26.04,0.97,0.0
20231220:1730,445.96,405.27,175.14,6.75,55.44,26.74,1.17,0.0
20231220:1830,307.98,195.41,208.7,4.91,41.81,26.6,1.66,0.0
20231220:1930,142.34,122.31,91.85,3.37,28.34,26.08,1.52,0.0
20231220:2030,22.51,1.49,41.36,1.8,15.12,25.29,2.07,0.0
20231220:2130,2.61,0.0,11.75,0.12,2.25,23.94,2.07,0.0
20231220:2230,0.0,0.0,0.0,0.0,0.0,22.28,2.28,0.0
20231220:2330,0.0,0.0,0.0,0.0,0.0,20.96,2.34,0.0
20231221:0030,0.0,0.0,0.0,0.0,0.0,19.91,2.14,0.0
20231221:0130,0.0,0.0,0.0,0.0,0.0,19.21,1.86,0.0
20231221:0230,0.0,0.0,0.0,0.0,0.0,18.61,1.52,0.0
20231221:0330,0.0,0.0,0.0,0.0,0.0,18.02,1.24,0.0
20231221:0430,0.0,0.0,0.0,0.0,0.0,17.68,0.97,0.0
20231221:0530,0.0,0.0,0.0,0.0,0.0,17.3,0.69,0.0
20231221:0630,0.0,0.0,0.0,0.0,0.0,17.02,0.41,0.0
20231221:0730,0.0,0.0,0.0,0.0,0.0,16.82,0.34,0.0
20231221:0830,3.2,0.0,12.58,0.13,2.35,16.7,0.21,0.0
20231221:0930,114.11,134.88,49.23,2.16,15.21,16.88,0.28,0.0
20231221:1030,324.3,347.69,71.21,4.39,28.44,19.1,0.9,0.0
20231221:1130,515.77,574.99,80.36,6.67,41.91,21.0,1.38,0.0
20231221:1230,617.56,668.15,121.51,7.99,55.54,22.71,2.21,0.0
20231221:1330,604.69,610.72,167.35,7.91,69.27,24.17,2.14,0.0
20231221:1430,611.85,611.98,180.72,8.19,83.01,24.83,2.0,0.0
20231221:1530,624.91,649.94,163.36,8.64,83.03,25.52,2.07,0.0
20231221:1630,490.64,490.93,139.59,6.95,69.28,26.0,1.66,0.0
20231221:1730,426.14,448.65,102.08,6.51,55.55,26.03,0.97,0.0
20231221:1830,288.53,232.98,148.36,4.81,41.92,25.87,0.48,0.0
20231221:1930,151.57,122.01,103.69,3.49,28.45,25.77,0.55,0.0
20231221:2030,22.22,1.69,41.31,1.38,15.22,25.29,0.69,0.0
20231221:2130,1.18,0.0,8.76,0.09,2.36,24.16,1.1,0.0
20231221:2230,0.0,0.0,0.0,0.0,0.0,23.26,1.1,0.0
20231221:2330,0.0,0.0,0.0,0.0,0.0,22.31,0.9,0.0
20231222:0030,0.0,0.0,0.0,0.0,0.0,21.6,0.83,0.0
20231222:0130,0.0,0.0,0.0,0.0,0.0,21.13,0.76,0.0
20231222:0230,0.0,0.0,0.0,0.0,0.0,20.68,0.62,0.0
20231222:0330,0.0,0.0,0.0,0.0,0.0,20.09,0.62,0.0
20231222:0430,0.0,0.0,0.0,0.0,0.0,19.55,0.9,0.0
20231222:0530,0.0,0.0,0.0,0.0,0.0,19.06,1.17,0.0
20231222:0630,0.0,0.0,0.0,0.0,0.0,18.96,1.31,0.0
20231222:0730,0.0,0.0,0.0,0.0,0.0,18.74,1.38,0.0
20231222:0830,2.31,0.0,10.97,0.11,2.25,18.66,1.31,0.0
20231222:0930,90.34,83.84,61.23,1.65,15.11,18.78,1.17,0.0
20231222:1030,278.58,278.68,81.52,3.76,28.33,20.57,1.86,0.0
20231222:1130,410.76,341.58,175.2,5.21,41.8,21.99,2.07,0.0
20231222:1230,483.78,392.3,222.56,6.17,55.43,23.39,1.86,0.0
20231222:1330,578.74,542.93,204.97,7.58,69.16,24.49,1.79,0.0
20231222:1430,671.87,743.9,145.39,9.22,82.91,25.47,1.59,0.0
20231222:1530,690.79,770.46,152.11,9.84,83.13,26.41,1.66,0.0
20231222:1630,515.45,476.74,196.43,7.37,69.39,27.6,1.59,0.0
20231222:1730,388.86,372.26,129.19,5.85,55.66,27.1,1.45,0.0
20231222:1830,262.46,195.28,151.15,4.29,42.03,26.91,1.38,0.0
20231222:1930,132.8,95.62,100.41,2.91,28.55,24.21,1.31,0.0
20231222:2030,40.15,1.53,64.91,1.32,15.32,23.29,0.55,0.0
20231222:2130,2.52,0.0,11.52,0.12,2.46,22.66,0.07,0.0
20231222:2230,0.0,0.0,0.0,0.0,0.0,21.74,0.41,0.0
20231222:2330,0.0,0.0,0.0,0.0,0.0,20.93,0.48,0.0
20231223:0030,0.0,0.0,0.0,0.0,0.0,20.2,0.48,0.0
20231223:0130,0.0,0.0,0.0,0.0,0.0,19.67,0.07,0.0
20231223:0230,0.0,0.0,0.0,0.0,0.0,19.4,0.34,0.0
20231223:0330,0.0,0.0,0.0,0.0,0.0,18.92,0.62,0.0
20231223:0430,0.0,0.0,0.0,0.0,0.0,18.75,0.34,0.0
20231223:0530,0.0,0.0,0.0,0.0,0.0,18.28,0.48,0.0
20231223:0630,0.0,0.0,0.0,0.0,0.0,17.71,0.83,0.0
20231223:0730,0.0,0.0,0.0,0.0,0.0,17.96,0.97,0.0
20231223:0830,3.6,0.0,13.37,0.14,2.15,17.81,0.97,0.0
20231223:0930,74.42,38.54,76.8,1.25,15.0,18.36,0.9,0.0
20231223:1030,205.22,131.87,135.31,2.74,28.23,20.02,1.31,0.0
20231223:1130,379.3,268.32,211.26,4.82,41.7,21.52,1.31,0.0
20231223:1230,523.51,383.03,291.99,6.76,55.33,23.11,1.31,0.0
20231223:1330,574.44,498.57,252.47,7.59,69.05,24.23,1.1,0.0
20231223:1430,582.64,527.14,240.83,7.89,82.8,25.39,1.03,0.0
20231223:1530,439.14,358.85,207.73,5.93,83.24,25.89,1.03,0.0
20231223:1630,386.56,218.08,279.42,5.26,69.5,24.94,1.03,0.0
20231223:1730,243.31,22.77,293.5,3.21,55.77,24.23,1.24,0.0
20231223:1830,268.58,141.21,206.31,4.09,42.13,22.65,1.03,0.0
20231223:1930,96.91,12.99,125.0,1.51,28.66,23.34,1.38,0.0
20231223:2030,42.38,0.36,67.69,0.8,15.42,21.44,1.03,0.0
20231223:2130,2.89,0.0,12.17,0.13,2.55,20.88,0.83,0.0
20231223:2230,0.0,0.0,0.0,0.0,0.0,20.22,0.28,0.0
20231223:2330,0.0,0.0,0.0,0.0,0.0,19.9,0.28,0.0
20231224:0030,0.0,0.0,0.0,0.0,0.0,19.68,0.21,0.0
20231224:0130,0.0,0.0,0.0,0.0,0.0,19.63,0.21,0.0
20231224:0230,0.0,0.0,0.0,0.0,0.0,19.48,0.34,0.0
20231224:0330,0.0,0.0,0.0,0.0,0.0,19.0,0.69,0.0
20231224:0430,0.0,0.0,0.0,0.0,0.0,18.97,0.55,0.0
20231224:0530,0.0,0.0,0.0,0.0,0.0,18.66,0.62,0.0
20231224:0630,0.0,0.0,0.0,0.0,0.0,18.55,0.69,0.0
20231224:0730,0.0,0.0,0.0,0.0,0.0,18.19,1.1,0.0
20231224:0830,3.6,0.0,13.37,0.14,2.04,18.09,1.1,0.0
20231224:0930,84.58,43.08,85.71,1.4,14.9,18.65,1.38,0.0
20231224:1030,224.45,190.8,100.6,3.02,28.12,19.81,1.59,0.0
20231224:1130,426.43,382.67,153.23,5.42,41.59,21.21,1.79,0.0
20231224:1230,465.04,377.39,210.32,5.9,55.22,22.78,1.86,0.0
20231224:1330,659.13,708.69,147.28,8.72,68.94,23.59,1.93,0.0
20231224:1430,636.91,639.21,190.63,8.56,82.69,24.93,2.0,0.0
20231224:1530,522.35,474.43,197.15,7.07,83.35,25.64,1.93,0.0
20231224:1630,474.31,388.52,220.06,6.6,69.6,25.96,2.0,0.0
20231224:1730,336.46,244.35,187.07,4.87,55.87,26.06,1.72,0.0
20231224:1830,294.26,182.06,203.01,4.64,42.24,26.09,1.59,0.0
20231224:1930,149.69,127.66,94.44,3.46,28.76,25.9,2.48,0.0
20231224:2030,25.6,3.25,45.78,1.35,15.52,25.24,1.86,0.0
20231224:2130,2.35,0.0,11.25,0.12,2.65,24.6,1.1,0.0
20231224:2230,0.0,0.0,0.0,0.0,0.0,23.39,0.55,0.0
20231224:2330,0.0,0.0,0.0,0.0,0.0,22.96,0.28,0.0
20231225:0030,0.0,0.0,0.0,0.0,0.0,22.02,0.21,0.0
20231225:0130,0.0,0.0,0.0,0.0,0.0,21.27,0.62,0.0
20231225:0230,0.0,0.0,0.0,0.0,0.0,20.75,0.62,0.0
20231225:0330,0.0,0.0,0.0,0.0,0.0,20.52,0.41,0.0
20231225:0430,0.0,0.0,0.0,0.0,0.0,19.94,0.48,0.0
20231225:0530,0.0,0.0,0.0,0.0,0.0,19.03,0.76,0.0
20231225:0630,0.0,0.0,0.0,0.0,0.0,18.03,1.1,0.0
20231225:0730,0.0,0.0,0.0,0.0,0.0,17.97,0.97,0.0
20231225:0830,3.89,0.0,13.87,0.14,1.94,17.71,0.9,0.0
20231225:0930,105.09,104.67,63.64,1.95,14.79,18.07,0.76,0.0
20231225:1030,304.62,310.39,85.74,4.14,28.01,20.58,1.1,0.0
20231225:1130,446.1,378.81,188.69,5.72,41.48,22.23,1.45,0.0
20231225:1230,552.58,515.44,193.89,7.14,55.11,23.85,1.86,0.0
20231225:1330,626.74,546.45,272.09,8.27,68.84,25.27,2.14,0.0
20231225:1430,639.16,715.65,119.54,8.66,82.59,26.35,2.14,0.0
20231225:1530,589.23,638.55,128.34,8.16,83.46,27.17,2.14,0.0
20231225:1630,591.09,624.44,148.25,8.55,69.71,27.42,2.14,0.0
20231225:1730,373.18,336.33,143.42,5.55,55.98,27.87,2.21,0.0
20231225:1830,312.33,314.9,94.74,5.36,42.34,27.35,2.28,0.0
20231225:1930,125.66,96.81,91.57,2.81,28.86,26.82,2.21,0.0
20231225:2030,20.16,4.67,38.14,1.45,15.62,26.09,1.66,0.0
20231225:2130,4.63,0.0,15.58,0.16,2.74,25.74,1.31,0.0
20231225:2230,0.0,0.0,0.0,0.0,0.0,24.67,1.17,0.0
20231225:2330,0.0,0.0,0.0,0.0,0.0,23.47,1.24,0.0
20231226:0030,0.0,0.0,0.0,0.0,0.0,22.83,1.38,0.0
20231226:0130,0.0,0.0,0.0,0.0,0.0,22.17,1.38,0.0
20231226:0230,0.0,0.0,0.0,0.0,0.0,21.55,1.45,0.0
20231226:0330,0.0,0.0,0.0,0.0,0.0,20.92,1.38,0.0
20231226:0430,0.0,0.0,0.0,0.0,0.0,20.36,1.38,0.0
20231226:0530,0.0,0.0,0.0,0.0,0.0,19.91,1.38,0.0
20231226:0630,0.0,0.0,0.0,0.0,0.0,19.59,1.31,0.0
20231226:0730,0.0,0.0,0.0,0.0,0.0,18.99,1.24,0.0
20231226:0830,4.84,0.0,15.58,0.16,1.83,18.78,1.17,0.0
20231226:0930,98.15,92.74,65.14,1.81,14.68,19.02,1.03,0.0
20231226:1030,304.89,307.21,90.54,4.16,27.9,21.41,1.24,0.0
20231226:1130,453.67,426.38,153.46,5.86,41.37,23.39,1.52,0.0
20231226:1230,534.15,498.57,189.97,6.92,55.0,24.82,1.72,0.0
20231226:1330,670.49,722.69,163.64,9.01,68.73,25.94,1.86,0.0
20231226:1430,609.66,585.28,215.27,8.24,82.49,27.01,2.0,0.0
20231226:1530,439.98,319.04,247.75,5.9,83.57,27.34,2.07,0.0
20231226:1630,350.91,127.12,325.44,4.69,69.82,26.72,2.21,0.0
20231226:1730,209.52,72.68,200.03,2.89,56.08,24.49,1.38,0.0
20231226:1830,123.73,26.8,142.92,1.81,42.44,23.78,0.14,0.0
20231226:1930,77.95,9.79,104.43,1.23,28.96,22.81,0.34,0.0
20231226:2030,31.53,0.92,53.87,0.72,15.71,22.44,0.62,0.0
20231226:2130,0.52,0.0,7.14,0.07,2.82,22.29,0.69,0.0
20231226:2230,0.0,0.0,0.0,0.0,0.0,21.31,0.9,0.0
20231226:2330,0.0,0.0,0.0,0.0,0.0,20.38,0.9,0.0
20231227:0030,0.0,0.0,0.0,0.0,0.0,20.06,0.83,0.0
20231227:0130,0.0,0.0,0.0,0.0,0.0,19.77,0.97,0.0
20231227:0230,0.0,0.0,0.0,0.0,0.0,19.39,1.17,0.0
20231227:0330,0.0,0.0,0.0,0.0,0.0,18.96,1.03,0.0
20231227:0430,0.0,0.0,0.0,0.0,0.0,18.95,1.1,0.0
20231227:0530,0.0,0.0,0.0,0.0,0.0,18.86,1.1,0.0
20231227:0630,0.0,0.0,0.0,0.0,0.0,18.66,1.31,0.0
20231227:0730,0.0,0.0,0.0,0.0,0.0,17.97,1.1,0.0
20231227:0830,0.41,0.0,6.77,0.07,1.71,17.82,1.17,0.0
20231227:0930,31.77,26.3,33.67,0.66,14.56,17.76,1.17,0.0
20231227:1030,195.44,158.16,95.86,2.63,27.79,18.09,1.45,0.0
20231227:1130,255.15,134.33,185.86,3.21,41.26,19.16,1.59,0.0
20231227:1230,338.43,124.91,300.69,4.25,54.89,20.33,1.38,0.0
20231227:1330,452.32,311.77,261.01,5.76,68.62,21.77,1.24,0.0
20231227:1430,472.04,320.94,281.86,6.14,82.38,22.87,1.24,0.0
20231227:1530,506.61,446.88,201.3,6.81,83.68,23.89,1.45,0.0
20231227:1630,424.66,232.62,311.51,5.74,69.92,24.47,1.59,0.0
20231227:1730,401.81,277.89,234.62,5.76,56.18,24.38,1.79,0.0
20231227:1830,293.01,218.45,160.88,4.7,42.54,24.41,1.93,0.0
20231227:1930,129.75,104.78,86.83,2.89,29.05,23.49,2.07,0.0
20231227:2030,28.69,5.75,48.88,1.54,15.8,22.41,2.28,0.0
20231227:2130,2.88,0.0,12.17,0.13,2.91,21.26,2.34,0.0
20231227:2230,0.0,0.0,0.0,0.0,0.0,20.17,2.28,0.0
20231227:2330,0.0,0.0,0.0,0.0,0.0,19.37,2.07,0.0
20231228:0030,0.0,0.0,0.0,0.0,0.0,18.73,1.86,0.0
20231228:0130,0.0,0.0,0.0,0.0,0.0,18.17,1.59,0.0
20231228:0230,0.0,0.0,0.0,0.0,0.0,17.72,1.31,0.0
20231228:0330,0.0,0.0,0.0,0.0,0.0,17.4,1.1,0.0
20231228:0430,0.0,0.0,0.0,0.0,0.0,17.09,0.9,0.0
20231228:0530,0.0,0.0,0.0,0.0,0.0,16.88,0.69,0.0
20231228:0630,0.0,0.0,0.0,0.0,0.0,16.74,0.55,0.0
20231228:0730,0.0,0.0,0.0,0.0,0.0,16.78,0.69,0.0
20231228:0830,2.0,0.0,10.28,0.11,1.6,16.47,0.69,0.0
20231228:0930,78.84,75.83,54.2,1.49,14.45,16.65,0.55,0.0
20231228:1030,260.94,237.98,98.77,3.5,27.67,18.1,0.83,0.0
20231228:1130,459.34,436.14,142.96,5.86,41.14,19.67,1.1,0.0
20231228:1230,584.47,591.29,154.97,7.52,54.78,21.87,1.72,0.0
20231228:1330,521.05,419.5,249.6,6.75,68.51,23.76,1.52,0.0
20231228:1430,679.88,705.61,190.57,9.25,82.28,24.58,1.72,0.0
20231228:1530,648.74,606.79,252.32,9.04,83.79,26.03,1.72,0.0
20231228:1630,605.67,636.64,159.86,8.79,70.03,26.78,1.72,0.0
20231228:1730,458.03,374.88,221.04,6.81,56.28,27.41,1.72,0.0
20231228:1830,317.06,264.29,153.74,5.27,42.64,27.58,1.45,0.0
20231228:1930,142.57,137.71,77.04,3.41,29.14,26.57,1.66,0.0
20231228:2030,36.34,6.23,59.66,1.64,15.89,26.06,1.59,0.0
20231228:2130,4.1,0.0,14.61,0.15,2.99,25.36,1.24,0.0
20231228:2230,0.0,0.0,0.0,0.0,0.0,23.83,0.83,0.0
20231228:2330,0.0,0.0,0.0,0.0,0.0,22.59,0.62,0.0
20231229:0030,0.0,0.0,0.0,0.0,0.0,22.32,0.55,0.0
20231229:0130,0.0,0.0,0.0,0.0,0.0,21.76,0.62,0.0
20231229:0230,0.0,0.0,0.0,0.0,0.0,20.64,0.9,0.0
20231229:0330,0.0,0.0,0.0,0.0,0.0,20.01,0.97,0.0
20231229:0430,0.0,0.0,0.0,0.0,0.0,19.51,0.97,0.0
20231229:0530,0.0,0.0,0.0,0.0,0.0,18.95,1.17,0.0
20231229:0630,0.0,0.0,0.0,0.0,0.0,18.5,1.38,0.0
20231229:0730,0.0,0.0,0.0,0.0,0.0,18.16,1.38,0.0
20231229:0830,1.8,0.0,9.91,0.1,1.48,17.82,1.45,0.0
20231229:0930,87.59,96.3,50.16,1.71,14.33,18.05,1.38,0.0
20231229:1030,275.97,247.61,109.27,3.7,27.56,20.23,1.86,0.0
20231229:1130,449.29,424.4,140.8,5.71,41.03,21.95,2.28,0.0
20231229:1230,501.8,374.97,262.31,6.37,54.67,23.85,2.55,0.0
20231229:1330,569.83,466.38,266.0,7.38,68.4,25.16,2.62,0.0
20231229:1430,650.94,656.31,190.31,8.72,82.18,26.35,2.83,0.0
20231229:1530,652.67,637.0,219.08,9.03,83.9,27.55,2.83,0.0
20231229:1630,611.25,617.72,185.71,8.83,70.13,28.53,2.55,0.0
20231229:1730,467.85,379.13,232.25,6.97,56.38,29.38,2.41,0.0
20231229:1830,310.22,259.78,151.4,5.17,42.73,29.81,2.21,0.0
20231229:1930,158.3,116.32,117.01,3.43,29.23,29.86,2.41,0.0
20231229:2030,56.77,4.03,87.67,1.52,15.97,29.42,1.72,0.0
20231229:2130,7.26,0.0,20.23,0.21,3.06,28.07,0.62,0.0
20231229:2230,0.0,0.0,0.0,0.0,0.0,27.13,0.34,0.0
20231229:2330,0.0,0.0,0.0,0.0,0.0,26.06,0.55,0.0
20231230:0030,0.0,0.0,0.0,0.0,0.0,25.46,0.62,0.0
20231230:0130,0.0,0.0,0.0,0.0,0.0,24.7,0.69,0.0
20231230:0230,0.0,0.0,0.0,0.0,0.0,23.84,0.69,0.0
20231230:0330,0.0,0.0,0.0,0.0,0.0,23.03,0.76,0.0
20231230:0430,0.0,0.0,0.0,0.0,0.0,22.27,0.83,0.0
20231230:0530,0.0,0.0,0.0,0.0,0.0,21.49,0.9,0.0
20231230:0630,0.0,0.0,0.0,0.0,0.0,20.89,0.97,0.0
20231230:0730,0.0,0.0,0.0,0.0,0.0,20.91,0.83,0.0
20231230:0830,2.03,0.0,10.46,0.11,1.36,20.43,0.69,0.0
20231230:0930,94.49,96.71,59.85,1.82,14.21,20.23,0.62,0.0
20231230:1030,295.11,284.57,105.4,4.06,27.44,22.75,0.62,0.0
20231230:1130,452.76,439.66,139.33,5.85,40.91,24.56,2.0,0.0
20231230:1230,481.93,440.61,172.17,6.15,54.55,24.6,2.14,0.0
20231230:1330,542.78,463.55,236.61,7.06,68.3,25.05,1.86,0.0
20231230:1430,564.43,568.0,165.17,7.55,82.08,25.6,1.52,0.0
20231230:1530,571.9,547.44,201.24,7.88,84.01,25.99,1.38,0.0
20231230:1630,588.06,582.5,187.78,8.44,70.23,26.44,1.72,0.0
20231230:1730,433.17,362.13,196.63,6.38,56.48,26.91,1.93,0.0
20231230:1830,87.98,34.54,90.73,1.38,42.83,24.08,2.14,0.0
20231230:1930,40.62,0.11,65.4,0.66,29.32,21.49,2.41,0.0
20231230:2030,21.11,0.11,39.78,0.41,16.05,20.57,2.07,0.0
20231230:2130,1.44,0.0,9.22,0.1,3.14,20.21,2.0,0.0
20231230:2230,0.0,0.0,0.0,0.0,0.0,19.81,2.0,0.0
20231230:2330,0.0,0.0,0.0,0.0,0.0,19.36,1.93,0.0
20231231:0030,0.0,0.0,0.0,0.0,0.0,18.94,1.72,0.0
20231231:0130,0.0,0.0,0.0,0.0,0.0,18.27,1.59,0.0
20231231:0230,0.0,0.0,0.0,0.0,0.0,17.85,1.52,0.0
20231231:0330,0.0,0.0,0.0,0.0,0.0,17.6,1.52,0.0
20231231:0430,0.0,0.0,0.0,0.0,0.0,17.34,1.45,0.0
20231231:0530,0.0,0.0,0.0,0.0,0.0,16.93,1.38,0.0
20231231:0630,0.0,0.0,0.0,0.0,0.0,16.75,1.38,0.0
20231231:0730,0.0,0.0,0.0,0.0,0.0,16.76,1.38,0.0
20231231:0830,0.81,0.0,7.74,0.08,1.23,16.54,1.31,0.0
20231231:0930,53.08,13.0,70.07,0.86,14.09,16.63,1.31,0.0
20231231:1030,138.19,61.73,120.89,1.86,27.32,17.01,1.59,0.0
20231231:1130,269.6,123.72,212.09,3.36,40.8,17.73,1.66,0.0
20231231:1230,335.64,169.98,247.04,4.16,54.44,19.01,1.59,0.0
20231231:1330,283.62,83.08,274.22,3.58,68.19,20.17,1.38,0.0
20231231:1430,267.09,48.52,290.85,3.41,81.98,20.89,1.31,0.0
20231231:1530,298.75,46.3,333.86,3.83,84.12,21.34,1.24,0.0
20231231:1630,295.57,85.34,290.12,3.86,70.34,21.62,1.17,0.0
20231231:1730,275.76,99.7,251.28,3.73,56.58,21.89,1.24,0.0
20231231:1830,190.11,44.4,203.75,2.66,42.92,21.98,1.24,0.0
20231231:1930,112.61,57.11,104.85,2.13,29.41,21.28,0.97,0.0
20231231:2030,28.43,3.25,48.87,0.89,16.13,20.9,1.45,0.0
20231231:2130,0.84,0.0,7.88,0.08,3.21,20.15,1.66,0.0
20231231:2230,0.0,0.0,0.0,0.0,-9.18,19.45,1.59,0.0
20231231:2330,0.0,0.0,0.0,0.0,0.0,18.87,1.66,0.0

P: PV system power (W)
Gb(i): Beam (direct) irradiance on the inclined plane (plane of the array) (W/m2)
Gd(i): Diffuse irradiance on the inclined plane (plane of the array) (W/m2)
Gr(i): Reflected irradiance on the inclined plane (plane of the array) (W/m2)
H_sun: Sun height (degree)
T2m: 2-m air temperature (degree Celsius)
WS10m: 10-m total wind speed (m/s)
Int: 1 means solar radiation values are reconstructed



PVGIS (c) European Union, 2001-2026