timestamp,pld
2025-01-01 00:00:00,58.6
2025-01-01 01:00:00,58.6
2025-01-01 02:00:00,58.6
2025-01-01 03:00:00,58.6
2025-01-01 04:00:00,58.6
2025-01-01 05:00:00,58.6
2025-01-01 06:00:00,58.6
2025-01-01 07:00:00,58.6
2025-01-01 08:00:00,58.6
2025-01-01 09:00:00,58.6
2025-01-01 10:00:00,58.6
2025-01-01 11:00:00,58.6
2025-01-01 12:00:00,58.6
2025-01-01 13:00:00,58.6
2025-01-01 14:00:00,58.6
2025-01-01 15:00:00,58.6
2025-01-01 16:00:00,58.6
2025-01-01 17:00:00,58.6
2025-01-01 18:00:00,58.6
2025-01-01 19:00:00,58.6
2025-01-01 20:00:00,58.6
2025-01-01 21:00:00,58.6
2025-01-01 22:00:00,58.6
2025-01-01 23:00:00,58.6
2025-01-02 00:00:00,58.6
2025-01-02 01:00:00,58.6
2025-01-02 02:00:00,58.6
2025-01-02 03:00:00,58.6
2025-01-02 04:00:00,58.6
2025-01-02 05:00:00,58.6
2025-01-02 06:00:00,58.6
2025-01-02 07:00:00,58.6
2025-01-02 08:00:00,58.6
2025-01-02 09:00:00,58.6
2025-01-02 10:00:00,58.6
2025-01-02 11:00:00,58.6
2025-01-02 12:00:00,58.6
2025-01-02 13:00:00,58.6
2025-01-02 14:00:00,58.6
2025-01-02 15:00:00,58.6
2025-01-02 16:00:00,58.6
2025-01-02 17:00:00,58.6
2025-01-02 18:00:00,58.6
2025-01-02 19:00:00,58.6
2025-01-02 20:00:00,58.6
2025-01-02 21:00:00,58.6
2025-01-02 22:00:00,58.6
2025-01-02 23:00:00,58.6
2025-01-03 00:00:00,58.6
2025-01-03 01:00:00,58.6
2025-01-03 02:00:00,58.6
2025-01-03 03:00:00,58.6
2025-01-03 04:00:00,58.6
2025-01-03 05:00:00,58.6
2025-01-03 06:00:00,58.6
2025-01-03 07:00:00,58.6
2025-01-03 08:00:00,58.6
2025-01-03 09:00:00,58.6
2025-01-03 10:00:00,58.6
2025-01-03 11:00:00,58.6
2025-01-03 12:00:00,58.6
2025-01-03 13:00:00,58.6
2025-01-03 14:00:00,58.6
2025-01-03 15:00:00,58.6
2025-01-03 16:00:00,58.6
2025-01-03 17:00:00,58.6
2025-01-03 18:00:00,58.6
2025-01-03 19:00:00,58.6
2025-01-03 20:00:00,58.6
2025-01-03 21:00:00,58.6
2025-01-03 22:00:00,58.6
2025-01-03 23:00:00,58.6
2025-01-04 00:00:00,58.6
2025-01-04 01:00:00,58.6
2025-01-04 02:00:00,58.6
2025-01-04 03:00:00,58.6
2025-01-04 04:00:00,58.6
2025-01-04 05:00:00,58.6
2025-01-04 06:00:00,58.6
2025-01-04 07:00:00,58.6
2025-01-04 08:00:00,58.6
2025-01-04 09:00:00,58.6
2025-01-04 10:00:00,58.6
2025-01-04 11:00:00,58.6
2025-01-04 12:00:00,58.6
2025-01-04 13:00:00,58.6
2025-01-04 14:00:00,58.6
2025-01-04 15:00:00,58.6
2025-01-04 16:00:00,58.6
2025-01-04 17:00:00,58.6
2025-01-04 18:00:00,58.6
2025-01-04 19:00:00,58.6
2025-01-04 20:00:00,58.6
2025-01-04 21:00:00,58.6
2025-01-04 22:00:00,58.6
2025-01-04 23:00:00,58.6
2025-01-05 00:00:00,58.6
2025-01-05 01:00:00,58.6
2025-01-05 02:00:00,58.6
2025-01-05 03:00:00,58.6
2025-01-05 04:00:00,58.6
2025-01-05 05:00:00,58.6
2025-01-05 06:00:00,58.6
2025-01-05 07:00:00,58.6
2025-01-05 08:00:00,58.6
2025-01-05 09:00:00,58.6
2025-01-05 10:00:00,58.6
2025-01-05 11:00:00,58.6
2025-01-05 12:00:00,58.6
2025-01-05 13:00:00,58.6
2025-01-05 14:00:00,58.6
2025-01-05 15:00:00,58.6
2025-01-05 16:00:00,58.6
2025-01-05 17:00:00,58.6
2025-01-05 18:00:00,58.6
2025-01-05 19:00:00,58.6
2025-01-05 20:00:00,58.6
2025-01-05 21:00:00,58.6
2025-01-05 22:00:00,58.6
2025-01-05 23:00:00,58.6
2025-01-06 00:00:00,58.6
2025-01-06 01:00:00,58.6
2025-01-06 02:00:00,58.6
2025-01-06 03:00:00,58.6
2025-01-06 04:00:00,58.6
2025-01-06 05:00:00,58.6
2025-01-06 06:00:00,58.6
2025-01-06 07:00:00,58.6
2025-01-06 08:00:00,58.6
2025-01-06 09:00:00,58.6
2025-01-06 10:00:00,58.6
2025-01-06 11:00:00,58.6
2025-01-06 12:00:00,58.6
2025-01-06 13:00:00,58.6
2025-01-06 14:00:00,58.6
2025-01-06 15:00:00,58.6
2025-01-06 16:00:00,58.6
2025-01-06 17:00:00,58.6
2025-01-06 18:00:00,58.6
2025-01-06 19:00:00,58.6
2025-01-06 20:00:00,58.6
2025-01-06 21:00:00,58.6
2025-01-06 22:00:00,58.6
2025-01-06 23:00:00,58.6
2025-01-07 00:00:00,58.6
2025-01-07 01:00:00,58.6
2025-01-07 02:00:00,58.6
2025-01-07 03:00:00,58.6
2025-01-07 04:00:00,58.6
2025-01-07 05:00:00,58.6
2025-01-07 06:00:00,58.6
2025-01-07 07:00:00,58.6
2025-01-07 08:00:00,58.6
2025-01-07 09:00:00,58.6
2025-01-07 10:00:00,58.6
2025-01-07 11:00:00,58.6
2025-01-07 12:00:00,58.6
2025-01-07 13:00:00,58.6
2025-01-07 14:00:00,58.6
2025-01-07 15:00:00,58.6
2025-01-07 16:00:00,58.6
2025-01-07 17:00:00,58.6
2025-01-07 18:00:00,58.6
2025-01-07 19:00:00,58.6
2025-01-07 20:00:00,58.6
2025-01-07 21:00:00,58.6
2025-01-07 22:00:00,58.6
2025-01-07 23:00:00,58.6
2025-01-08 00:00:00,58.6
2025-01-08 01:00:00,58.6
2025-01-08 02:00:00,58.6
2025-01-08 03:00:00,58.6
2025-01-08 04:00:00,58.6
2025-01-08 05:00:00,58.6
2025-01-08 06:00:00,58.6
2025-01-08 07:00:00,58.6
2025-01-08 08:00:00,58.6
2025-01-08 09:00:00,58.6
2025-01-08 10:00:00,58.6
2025-01-08 11:00:00,58.6
2025-01-08 12:00:00,58.6
2025-01-08 13:00:00,58.6
2025-01-08 14:00:00,58.6
2025-01-08 15:00:00,58.6
2025-01-08 16:00:00,58.6
2025-01-08 17:00:00,58.6
2025-01-08 18:00:00,58.6
2025-01-08 19:00:00,58.6
2025-01-08 20:00:00,58.6
2025-01-08 21:00:00,58.6
2025-01-08 22:00:00,58.6
2025-01-08 23:00:00,58.6
2025-01-09 00:00:00,58.6
2025-01-09 01:00:00,58.6
2025-01-09 02:00:00,58.6
2025-01-09 03:00:00,58.6
2025-01-09 04:00:00,58.6
2025-01-09 05:00:00,58.6
2025-01-09 06:00:00,58.6
2025-01-09 07:00:00,58.6
2025-01-09 08:00:00,58.6
2025-01-09 09:00:00,58.6
2025-01-09 10:00:00,58.6
2025-01-09 11:00:00,58.6
2025-01-09 12:00:00,58.6
2025-01-09 13:00:00,58.6
2025-01-09 14:00:00,58.6
2025-01-09 15:00:00,58.6
2025-01-09 16:00:00,58.6
2025-01-09 17:00:00,58.6
2025-01-09 18:00:00,58.6
2025-01-09 19:00:00,58.6
2025-01-09 20:00:00,58.6
2025-01-09 21:00:00,58.6
2025-01-09 22:00:00,58.6
2025-01-09 23:00:00,58.6
2025-01-10 00:00:00,58.6
2025-01-10 01:00:00,58.6
2025-01-10 02:00:00,58.6
2025-01-10 03:00:00,58.6
2025-01-10 04:00:00,58.6
2025-01-10 05:00:00,58.6
2025-01-10 06:00:00,58.6
2025-01-10 07:00:00,58.6
2025-01-10 08:00:00,58.6
2025-01-10 09:00:00,58.6
2025-01-10 10:00:00,58.6
2025-01-10 11:00:00,58.6
2025-01-10 12:00:00,58.6
2025-01-10 13:00:00,58.6
2025-01-10 14:00:00,58.6
2025-01-10 15:00:00,58.6
2025-01-10 16:00:00,58.6
2025-01-10 17:00:00,58.6
2025-01-10 18:00:00,58.6
2025-01-10 19:00:00,58.6
2025-01-10 20:00:00,58.6
2025-01-10 21:00:00,58.6
2025-01-10 22:00:00,58.6
2025-01-10 23:00:00,58.6
2025-01-11 00:00:00,58.6
2025-01-11 01:00:00,58.6
2025-01-11 02:00:00,58.6
2025-01-11 03:00:00,58.6
2025-01-11 04:00:00,58.6
2025-01-11 05:00:00,58.6
2025-01-11 06:00:00,58.6
2025-01-11 07:00:00,58.6
2025-01-11 08:00:00,58.6
2025-01-11 09:00:00,58.6
2025-01-11 10:00:00,58.6
2025-01-11 11:00:00,58.6
2025-01-11 12:00:00,58.6
2025-01-11 13:00:00,58.6
2025-01-11 14:00:00,58.6
2025-01-11 15:00:00,58.6
2025-01-11 16:00:00,58.6
2025-01-11 17:00:00,58.6
2025-01-11 18:00:00,58.6
2025-01-11 19:00:00,58.6
2025-01-11 20:00:00,58.6
2025-01-11 21:00:00,58.6
2025-01-11 22:00:00,58.6
2025-01-11 23:00:00,58.6
2025-01-12 00:00:00,58.6
2025-01-12 01:00:00,58.6
2025-01-12 02:00:00,58.6
2025-01-12 03:00:00,58.6
2025-01-12 04:00:00,58.6
2025-01-12 05:00:00,58.6
2025-01-12 06:00:00,58.6
2025-01-12 07:00:00,58.6
2025-01-12 08:00:00,58.6
2025-01-12 09:00:00,58.6
2025-01-12 10:00:00,58.6
2025-01-12 11:00:00,58.6
2025-01-12 12:00:00,58.6
2025-01-12 13:00:00,58.6
2025-01-12 14:00:00,58.6
2025-01-12 15:00:00,58.6
2025-01-12 16:00:00,58.6
2025-01-12 17:00:00,58.6
2025-01-12 18:00:00,58.6
2025-01-12 19:00:00,58.6
2025-01-12 20:00:00,58.6
2025-01-12 21:00:00,58.6
2025-01-12 22:00:00,58.6
2025-01-12 23:00:00,58.6
2025-01-13 00:00:00,58.6
2025-01-13 01:00:00,58.6
2025-01-13 02:00:00,58.6
2025-01-13 03:00:00,58.6
2025-01-13 04:00:00,58.6
2025-01-13 05:00:00,58.6
2025-01-13 06:00:00,58.6
2025-01-13 07:00:00,58.6
2025-01-13 08:00:00,58.6
2025-01-13 09:00:00,58.6
2025-01-13 10:00:00,58.6
2025-01-13 11:00:00,58.6
2025-01-13 12:00:00,58.6
2025-01-13 13:00:00,58.6
2025-01-13 14:00:00,58.6
2025-01-13 15:00:00,58.6
2025-01-13 16:00:00,58.6
2025-01-13 17:00:00,58.6
2025-01-13 18:00:00,58.6
2025-01-13 19:00:00,58.6
2025-01-13 20:00:00,58.6
2025-01-13 21:00:00,58.6
2025-01-13 22:00:00,58.6
2025-01-13 23:00:00,58.6
2025-01-14 00:00:00,58.6
2025-01-14 01:00:00,58.6
2025-01-14 02:00:00,58.6
2025-01-14 03:00:00,58.6
2025-01-14 04:00:00,58.6
2025-01-14 05:00:00,58.6
2025-01-14 06:00:00,58.6
2025-01-14 07:00:00,58.6
2025-01-14 08:00:00,58.6
2025-01-14 09:00:00,58.6
2025-01-14 10:00:00,58.6
2025-01-14 11:00:00,58.6
2025-01-14 12:00:00,58.6
2025-01-14 13:00:00,58.6
2025-01-14 14:00:00,58.6
2025-01-14 15:00:00,58.6
2025-01-14 16:00:00,58.6
2025-01-14 17:00:00,58.6
2025-01-14 18:00:00,58.6
2025-01-14 19:00:00,58.6
2025-01-14 20:00:00,58.6
2025-01-14 21:00:00,58.6
2025-01-14 22:00:00,58.6
2025-01-14 23:00:00,58.6
2025-01-15 00:00:00,58.6
2025-01-15 01:00:00,58.6
2025-01-15 02:00:00,58.6
2025-01-15 03:00:00,58.6
2025-01-15 04:00:00,58.6
2025-01-15 05:00:00,58.6
2025-01-15 06:00:00,58.6
2025-01-15 07:00:00,58.6
2025-01-15 08:00:00,58.6
2025-01-15 09:00:00,58.6
2025-01-15 10:00:00,58.6
2025-01-15 11:00:00,58.6
2025-01-15 12:00:00,58.6
2025-01-15 13:00:00,58.6
2025-01-15 14:00:00,58.6
2025-01-15 15:00:00,58.6
2025-01-15 16:00:00,58.6
2025-01-15 17:00:00,58.6
2025-01-15 18:00:00,58.6
2025-01-15 19:00:00,58.6
2025-01-15 20:00:00,58.6
2025-01-15 21:00:00,58.6
2025-01-15 22:00:00,58.6
2025-01-15 23:00:00,58.6
2025-01-16 00:00:00,58.6
2025-01-16 01:00:00,58.6
2025-01-16 02:00:00,58.6
2025-01-16 03:00:00,58.6
2025-01-16 04:00:00,58.6
2025-01-16 05:00:00,58.6
2025-01-16 06:00:00,58.6
2025-01-16 07:00:00,58.6
2025-01-16 08:00:00,58.6
2025-01-16 09:00:00,58.6
2025-01-16 10:00:00,58.6
2025-01-16 11:00:00,58.6
2025-01-16 12:00:00,58.6
2025-01-16 13:00:00,58.6
2025-01-16 14:00:00,58.6
2025-01-16 15:00:00,58.6
2025-01-16 16:00:00,58.6
2025-01-16 17:00:00,58.6
2025-01-16 18:00:00,58.6
2025-01-16 19:00:00,58.6
2025-01-16 20:00:00,58.6
2025-01-16 21:00:00,58.6
2025-01-16 22:00:00,58.6
2025-01-16 23:00:00,58.6
2025-01-17 00:00:00,58.6
2025-01-17 01:00:00,58.6
2025-01-17 02:00:00,58.6
2025-01-17 03:00:00,58.6
2025-01-17 04:00:00,58.6
2025-01-17 05:00:00,58.6
2025-01-17 06:00:00,58.6
2025-01-17 07:00:00,58.6
2025-01-17 08:00:00,58.6
2025-01-17 09:00:00,58.6
2025-01-17 10:00:00,58.6
2025-01-17 11:00:00,58.6
2025-01-17 12:00:00,58.6
2025-01-17 13:00:00,58.6
2025-01-17 14:00:00,58.6
2025-01-17 15:00:00,58.6
2025-01-17 16:00:00,58.6
2025-01-17 17:00:00,58.6
2025-01-17 18:00:00,58.6
2025-01-17 19:00:00,58.6
2025-01-17 20:00:00,58.6
2025-01-17 21:00:00,58.6
2025-01-17 22:00:00,58.6
2025-01-17 23:00:00,58.6
2025-01-18 00:00:00,58.6
2025-01-18 01:00:00,58.6
2025-01-18 02:00:00,58.6
2025-01-18 03:00:00,58.6
2025-01-18 04:00:00,58.6
2025-01-18 05:00:00,58.6
2025-01-18 06:00:00,58.6
2025-01-18 07:00:00,58.6
2025-01-18 08:00:00,58.6
2025-01-18 09:00:00,58.6
2025-01-18 10:00:00,58.6
2025-01-18 11:00:00,58.6
2025-01-18 12:00:00,58.6
2025-01-18 13:00:00,58.6
2025-01-18 14:00:00,58.6
2025-01-18 15:00:00,58.6
2025-01-18 16:00:00,58.6
2025-01-18 17:00:00,58.6
2025-01-18 18:00:00,58.6
2025-01-18 19:00:00,58.6
2025-01-18 20:00:00,58.6
2025-01-18 21:00:00,58.6
2025-01-18 22:00:00,58.6
2025-01-18 23:00:00,58.6
2025-01-19 00:00:00,58.6
2025-01-19 01:00:00,58.6
2025-01-19 02:00:00,58.6
2025-01-19 03:00:00,58.6
2025-01-19 04:00:00,58.6
2025-01-19 05:00:00,58.6
2025-01-19 06:00:00,58.6
2025-01-19 07:00:00,58.6
2025-01-19 08:00:00,58.6
2025-01-19 09:00:00,58.6
2025-01-19 10:00:00,58.6
2025-01-19 11:00:00,58.6
2025-01-19 12:00:00,58.6
2025-01-19 13:00:00,58.6
2025-01-19 14:00:00,58.6
2025-01-19 15:00:00,58.6
2025-01-19 16:00:00,58.6
2025-01-19 17:00:00,58.6
2025-01-19 18:00:00,58.6
2025-01-19 19:00:00,58.6
2025-01-19 20:00:00,58.6
2025-01-19 21:00:00,58.6
2025-01-19 22:00:00,58.6
2025-01-19 23:00:00,58.6
2025-01-20 00:00:00,58.6
2025-01-20 01:00:00,58.6
2025-01-20 02:00:00,58.6
2025-01-20 03:00:00,58.6
2025-01-20 04:00:00,58.6
2025-01-20 05:00:00,58.6
2025-01-20 06:00:00,58.6
2025-01-20 07:00:00,58.6
2025-01-20 08:00:00,58.6
2025-01-20 09:00:00,58.6
2025-01-20 10:00:00,58.6
2025-01-20 11:00:00,58.6
2025-01-20 12:00:00,58.6
2025-01-20 13:00:00,58.6
2025-01-20 14:00:00,58.6
2025-01-20 15:00:00,58.6
2025-01-20 16:00:00,58.6
2025-01-20 17:00:00,58.6
2025-01-20 18:00:00,58.6
2025-01-20 19:00:00,97.77
2025-01-20 20:00:00,134.22
2025-01-20 21:00:00,137.24
2025-01-20 22:00:00,93.12
2025-01-20 23:00:00,58.6
2025-01-21 00:00:00,60.32
2025-01-21 01:00:00,58.6
2025-01-21 02:00:00,58.6
2025-01-21 03:00:00,58.6
2025-01-21 04:00:00,58.6
2025-01-21 05:00:00,58.6
2025-01-21 06:00:00,58.6
2025-01-21 07:00:00,58.6
2025-01-21 08:00:00,58.6
2025-01-21 09:00:00,58.6
2025-01-21 10:00:00,58.6
2025-01-21 11:00:00,58.6
2025-01-21 12:00:00,58.6
2025-01-21 13:00:00,58.6
2025-01-21 14:00:00,58.6
2025-01-21 15:00:00,58.6
2025-01-21 16:00:00,58.6
2025-01-21 17:00:00,58.6
2025-01-21 18:00:00,58.6
2025-01-21 19:00:00,58.6
2025-01-21 20:00:00,58.6
2025-01-21 21:00:00,58.6
2025-01-21 22:00:00,58.6
2025-01-21 23:00:00,58.6
2025-01-22 00:00:00,58.6
2025-01-22 01:00:00,58.6
2025-01-22 02:00:00,58.6
2025-01-22 03:00:00,58.6
2025-01-22 04:00:00,58.6
2025-01-22 05:00:00,58.6
2025-01-22 06:00:00,58.6
2025-01-22 07:00:00,58.6
2025-01-22 08:00:00,58.6
2025-01-22 09:00:00,58.6
2025-01-22 10:00:00,58.6
2025-01-22 11:00:00,58.6
2025-01-22 12:00:00,58.6
2025-01-22 13:00:00,58.6
2025-01-22 14:00:00,58.6
2025-01-22 15:00:00,58.6
2025-01-22 16:00:00,58.6
2025-01-22 17:00:00,58.6
2025-01-22 18:00:00,58.6
2025-01-22 19:00:00,58.6
2025-01-22 20:00:00,58.6
2025-01-22 21:00:00,58.6
2025-01-22 22:00:00,58.6
2025-01-22 23:00:00,58.6
2025-01-23 00:00:00,58.6
2025-01-23 01:00:00,58.6
2025-01-23 02:00:00,58.6
2025-01-23 03:00:00,58.6
2025-01-23 04:00:00,58.6
2025-01-23 05:00:00,58.6
2025-01-23 06:00:00,58.6
2025-01-23 07:00:00,58.6
2025-01-23 08:00:00,58.6
2025-01-23 09:00:00,58.6
2025-01-23 10:00:00,58.6
2025-01-23 11:00:00,58.6
2025-01-23 12:00:00,58.6
2025-01-23 13:00:00,58.6
2025-01-23 14:00:00,58.6
2025-01-23 15:00:00,58.6
2025-01-23 16:00:00,58.6
2025-01-23 17:00:00,58.6
2025-01-23 18:00:00,58.6
2025-01-23 19:00:00,58.6
2025-01-23 20:00:00,58.6
2025-01-23 21:00:00,58.6
2025-01-23 22:00:00,58.6
2025-01-23 23:00:00,58.6
2025-01-24 00:00:00,58.6
2025-01-24 01:00:00,58.6
2025-01-24 02:00:00,58.6
2025-01-24 03:00:00,58.6
2025-01-24 04:00:00,58.6
2025-01-24 05:00:00,58.6
2025-01-24 06:00:00,58.6
2025-01-24 07:00:00,58.6
2025-01-24 08:00:00,58.6
2025-01-24 09:00:00,58.6
2025-01-24 10:00:00,58.6
2025-01-24 11:00:00,58.6
2025-01-24 12:00:00,58.6
2025-01-24 13:00:00,58.6
2025-01-24 14:00:00,58.6
2025-01-24 15:00:00,58.6
2025-01-24 16:00:00,58.6
2025-01-24 17:00:00,58.6
2025-01-24 18:00:00,58.6
2025-01-24 19:00:00,58.6
2025-01-24 20:00:00,58.6
2025-01-24 21:00:00,58.6
2025-01-24 22:00:00,58.6
2025-01-24 23:00:00,58.6
2025-01-25 00:00:00,67.3
2025-01-25 01:00:00,60.03
2025-01-25 02:00:00,58.6
2025-01-25 03:00:00,58.6
2025-01-25 04:00:00,58.6
2025-01-25 05:00:00,58.6
2025-01-25 06:00:00,58.6
2025-01-25 07:00:00,58.6
2025-01-25 08:00:00,58.6
2025-01-25 09:00:00,58.6
2025-01-25 10:00:00,58.6
2025-01-25 11:00:00,58.6
2025-01-25 12:00:00,58.6
2025-01-25 13:00:00,58.6
2025-01-25 14:00:00,58.6
2025-01-25 15:00:00,58.6
2025-01-25 16:00:00,58.6
2025-01-25 17:00:00,58.6
2025-01-25 18:00:00,63.17
2025-01-25 19:00:00,65.29
2025-01-25 20:00:00,64.57
2025-01-25 21:00:00,62.62
2025-01-25 22:00:00,61.02
2025-01-25 23:00:00,59.86
2025-01-26 00:00:00,63.11
2025-01-26 01:00:00,59.6
2025-01-26 02:00:00,59.11
2025-01-26 03:00:00,58.6
2025-01-26 04:00:00,58.6
2025-01-26 05:00:00,58.6
2025-01-26 06:00:00,58.6
2025-01-26 07:00:00,58.6
2025-01-26 08:00:00,58.6
2025-01-26 09:00:00,58.6
2025-01-26 10:00:00,58.6
2025-01-26 11:00:00,58.6
2025-01-26 12:00:00,58.6
2025-01-26 13:00:00,58.6
2025-01-26 14:00:00,58.6
2025-01-26 15:00:00,58.6
2025-01-26 16:00:00,58.6
2025-01-26 17:00:00,58.6
2025-01-26 18:00:00,61.97
2025-01-26 19:00:00,64.38
2025-01-26 20:00:00,64.11
2025-01-26 21:00:00,62.9
2025-01-26 22:00:00,62.04
2025-01-26 23:00:00,61.04
2025-01-27 00:00:00,58.6
2025-01-27 01:00:00,58.6
2025-01-27 02:00:00,58.6
2025-01-27 03:00:00,58.6
2025-01-27 04:00:00,58.6
2025-01-27 05:00:00,58.6
2025-01-27 06:00:00,58.6
2025-01-27 07:00:00,58.6
2025-01-27 08:00:00,58.6
2025-01-27 09:00:00,58.6
2025-01-27 10:00:00,58.6
2025-01-27 11:00:00,58.6
2025-01-27 12:00:00,58.6
2025-01-27 13:00:00,58.6
2025-01-27 14:00:00,58.6
2025-01-27 15:00:00,58.6
2025-01-27 16:00:00,59.32
2025-01-27 17:00:00,59.99
2025-01-27 18:00:00,63.61
2025-01-27 19:00:00,66.71
2025-01-27 20:00:00,66.88
2025-01-27 21:00:00,67.02
2025-01-27 22:00:00,62.56
2025-01-27 23:00:00,59.95
2025-01-28 00:00:00,59.54
2025-01-28 01:00:00,58.6
2025-01-28 02:00:00,58.6
2025-01-28 03:00:00,58.6
2025-01-28 04:00:00,58.6
2025-01-28 05:00:00,58.6
2025-01-28 06:00:00,58.6
2025-01-28 07:00:00,58.6
2025-01-28 08:00:00,58.6
2025-01-28 09:00:00,58.6
2025-01-28 10:00:00,58.6
2025-01-28 11:00:00,58.6
2025-01-28 12:00:00,58.6
2025-01-28 13:00:00,58.6
2025-01-28 14:00:00,58.6
2025-01-28 15:00:00,58.6
2025-01-28 16:00:00,59.29
2025-01-28 17:00:00,59.84
2025-01-28 18:00:00,64.33
2025-01-28 19:00:00,67.63
2025-01-28 20:00:00,67.75
2025-01-28 21:00:00,68.24
2025-01-28 22:00:00,64.19
2025-01-28 23:00:00,60.25
2025-01-29 00:00:00,58.6
2025-01-29 01:00:00,58.6
2025-01-29 02:00:00,58.6
2025-01-29 03:00:00,58.6
2025-01-29 04:00:00,58.6
2025-01-29 05:00:00,58.6
2025-01-29 06:00:00,58.6
2025-01-29 07:00:00,58.6
2025-01-29 08:00:00,58.6
2025-01-29 09:00:00,58.6
2025-01-29 10:00:00,58.6
2025-01-29 11:00:00,58.6
2025-01-29 12:00:00,58.6
2025-01-29 13:00:00,58.6
2025-01-29 14:00:00,58.6
2025-01-29 15:00:00,58.6
2025-01-29 16:00:00,58.6
2025-01-29 17:00:00,59.29
2025-01-29 18:00:00,64.05
2025-01-29 19:00:00,69.26
2025-01-29 20:00:00,69.08
2025-01-29 21:00:00,68.75
2025-01-29 22:00:00,61.66
2025-01-29 23:00:00,59.58
2025-01-30 00:00:00,58.6
2025-01-30 01:00:00,58.6
2025-01-30 02:00:00,58.6
2025-01-30 03:00:00,58.6
2025-01-30 04:00:00,58.6
2025-01-30 05:00:00,58.6
2025-01-30 06:00:00,58.6
2025-01-30 07:00:00,58.6
2025-01-30 08:00:00,58.6
2025-01-30 09:00:00,58.6
2025-01-30 10:00:00,58.6
2025-01-30 11:00:00,58.6
2025-01-30 12:00:00,58.6
2025-01-30 13:00:00,58.6
2025-01-30 14:00:00,58.6
2025-01-30 15:00:00,58.6
2025-01-30 16:00:00,59.98
2025-01-30 17:00:00,60.35
2025-01-30 18:00:00,60.6
2025-01-30 19:00:00,63.21
2025-01-30 20:00:00,63.25
2025-01-30 21:00:00,63.59
2025-01-30 22:00:00,62.73
2025-01-30 23:00:00,60.17
2025-01-31 00:00:00,58.61
2025-01-31 01:00:00,58.6
2025-01-31 02:00:00,58.6
2025-01-31 03:00:00,58.6
2025-01-31 04:00:00,58.6
2025-01-31 05:00:00,58.6
2025-01-31 06:00:00,58.6
2025-01-31 07:00:00,58.6
2025-01-31 08:00:00,58.6
2025-01-31 09:00:00,58.6
2025-01-31 10:00:00,58.6
2025-01-31 11:00:00,58.6
2025-01-31 12:00:00,58.6
2025-01-31 13:00:00,58.6
2025-01-31 14:00:00,58.6
2025-01-31 15:00:00,58.6
2025-01-31 16:00:00,58.6
2025-01-31 17:00:00,58.6
2025-01-31 18:00:00,59.77
2025-01-31 19:00:00,61.4
2025-01-31 20:00:00,61.37
2025-01-31 21:00:00,61.36
2025-01-31 22:00:00,60.52
2025-01-31 23:00:00,59.07
2025-02-01 00:00:00,58.6
2025-02-01 01:00:00,58.6
2025-02-01 02:00:00,58.6
2025-02-01 03:00:00,58.6
2025-02-01 04:00:00,58.6
2025-02-01 05:00:00,58.6
2025-02-01 06:00:00,58.6
2025-02-01 07:00:00,58.6
2025-02-01 08:00:00,58.6
2025-02-01 09:00:00,58.6
2025-02-01 10:00:00,58.6
2025-02-01 11:00:00,58.6
2025-02-01 12:00:00,58.6
2025-02-01 13:00:00,58.6
2025-02-01 14:00:00,58.6
2025-02-01 15:00:00,58.6
2025-02-01 16:00:00,58.6
2025-02-01 17:00:00,58.6
2025-02-01 18:00:00,58.6
2025-02-01 19:00:00,58.6
2025-02-01 20:00:00,58.6
2025-02-01 21:00:00,58.6
2025-02-01 22:00:00,58.6
2025-02-01 23:00:00,58.6
2025-02-02 00:00:00,58.6
2025-02-02 01:00:00,58.6
2025-02-02 02:00:00,58.6
2025-02-02 03:00:00,58.6
2025-02-02 04:00:00,58.6
2025-02-02 05:00:00,58.6
2025-02-02 06:00:00,58.6
2025-02-02 07:00:00,58.6
2025-02-02 08:00:00,58.6
2025-02-02 09:00:00,58.6
2025-02-02 10:00:00,58.6
2025-02-02 11:00:00,58.6
2025-02-02 12:00:00,58.6
2025-02-02 13:00:00,58.6
2025-02-02 14:00:00,58.6
2025-02-02 15:00:00,58.6
2025-02-02 16:00:00,58.6
2025-02-02 17:00:00,58.6
2025-02-02 18:00:00,58.6
2025-02-02 19:00:00,58.6
2025-02-02 20:00:00,58.6
2025-02-02 21:00:00,58.6
2025-02-02 22:00:00,58.6
2025-02-02 23:00:00,58.6
2025-02-03 00:00:00,58.6
2025-02-03 01:00:00,58.6
2025-02-03 02:00:00,58.6
2025-02-03 03:00:00,58.6
2025-02-03 04:00:00,58.6
2025-02-03 05:00:00,58.6
2025-02-03 06:00:00,58.6
2025-02-03 07:00:00,58.6
2025-02-03 08:00:00,58.6
2025-02-03 09:00:00,58.6
2025-02-03 10:00:00,58.6
2025-02-03 11:00:00,58.6
2025-02-03 12:00:00,58.6
2025-02-03 13:00:00,58.6
2025-02-03 14:00:00,58.6
2025-02-03 15:00:00,58.6
2025-02-03 16:00:00,58.6
2025-02-03 17:00:00,58.6
2025-02-03 18:00:00,58.6
2025-02-03 19:00:00,58.6
2025-02-03 20:00:00,58.6
2025-02-03 21:00:00,58.6
2025-02-03 22:00:00,58.6
2025-02-03 23:00:00,58.6
2025-02-04 00:00:00,58.6
2025-02-04 01:00:00,58.6
2025-02-04 02:00:00,58.6
2025-02-04 03:00:00,58.6
2025-02-04 04:00:00,58.6
2025-02-04 05:00:00,58.6
2025-02-04 06:00:00,58.6
2025-02-04 07:00:00,58.6
2025-02-04 08:00:00,58.6
2025-02-04 09:00:00,58.6
2025-02-04 10:00:00,58.6
2025-02-04 11:00:00,58.6
2025-02-04 12:00:00,58.6
2025-02-04 13:00:00,58.6
2025-02-04 14:00:00,58.6
2025-02-04 15:00:00,58.6
2025-02-04 16:00:00,58.6
2025-02-04 17:00:00,58.6
2025-02-04 18:00:00,58.6
2025-02-04 19:00:00,59.77
2025-02-04 20:00:00,61.39
2025-02-04 21:00:00,59.15
2025-02-04 22:00:00,58.6
2025-02-04 23:00:00,58.6
2025-02-05 00:00:00,58.6
2025-02-05 01:00:00,58.6
2025-02-05 02:00:00,58.6
2025-02-05 03:00:00,58.6
2025-02-05 04:00:00,58.6
2025-02-05 05:00:00,58.6
2025-02-05 06:00:00,58.6
2025-02-05 07:00:00,58.6
2025-02-05 08:00:00,58.6
2025-02-05 09:00:00,58.6
2025-02-05 10:00:00,58.6
2025-02-05 11:00:00,58.6
2025-02-05 12:00:00,58.6
2025-02-05 13:00:00,58.6
2025-02-05 14:00:00,58.6
2025-02-05 15:00:00,58.6
2025-02-05 16:00:00,58.6
2025-02-05 17:00:00,58.6
2025-02-05 18:00:00,58.6
2025-02-05 19:00:00,58.6
2025-02-05 20:00:00,58.6
2025-02-05 21:00:00,58.6
2025-02-05 22:00:00,58.6
2025-02-05 23:00:00,58.6
2025-02-06 00:00:00,58.6
2025-02-06 01:00:00,58.6
2025-02-06 02:00:00,58.6
2025-02-06 03:00:00,58.6
2025-02-06 04:00:00,58.6
2025-02-06 05:00:00,58.6
2025-02-06 06:00:00,58.6
2025-02-06 07:00:00,58.6
2025-02-06 08:00:00,58.6
2025-02-06 09:00:00,58.6
2025-02-06 10:00:00,58.6
2025-02-06 11:00:00,58.6
2025-02-06 12:00:00,58.6
2025-02-06 13:00:00,58.6
2025-02-06 14:00:00,58.6
2025-02-06 15:00:00,58.6
2025-02-06 16:00:00,58.6
2025-02-06 17:00:00,58.6
2025-02-06 18:00:00,58.6
2025-02-06 19:00:00,58.6
2025-02-06 20:00:00,58.6
2025-02-06 21:00:00,58.6
2025-02-06 22:00:00,58.6
2025-02-06 23:00:00,58.6
2025-02-07 00:00:00,58.6
2025-02-07 01:00:00,58.6
2025-02-07 02:00:00,58.6
2025-02-07 03:00:00,58.6
2025-02-07 04:00:00,58.6
2025-02-07 05:00:00,58.6
2025-02-07 06:00:00,58.6
2025-02-07 07:00:00,58.6
2025-02-07 08:00:00,58.6
2025-02-07 09:00:00,58.6
2025-02-07 10:00:00,58.6
2025-02-07 11:00:00,58.6
2025-02-07 12:00:00,58.6
2025-02-07 13:00:00,58.6
2025-02-07 14:00:00,58.6
2025-02-07 15:00:00,58.6
2025-02-07 16:00:00,58.6
2025-02-07 17:00:00,58.6
2025-02-07 18:00:00,58.6
2025-02-07 19:00:00,58.6
2025-02-07 20:00:00,58.6
2025-02-07 21:00:00,58.6
2025-02-07 22:00:00,58.6
2025-02-07 23:00:00,58.6
2025-02-08 00:00:00,96.38
2025-02-08 01:00:00,94.76
2025-02-08 02:00:00,91.27
2025-02-08 03:00:00,84.5
2025-02-08 04:00:00,81.94
2025-02-08 05:00:00,79.03
2025-02-08 06:00:00,74.45
2025-02-08 07:00:00,58.6
2025-02-08 08:00:00,58.6
2025-02-08 09:00:00,58.6
2025-02-08 10:00:00,58.6
2025-02-08 11:00:00,58.6
2025-02-08 12:00:00,58.6
2025-02-08 13:00:00,58.6
2025-02-08 14:00:00,58.6
2025-02-08 15:00:00,58.6
2025-02-08 16:00:00,76.89
2025-02-08 17:00:00,95.21
2025-02-08 18:00:00,97.32
2025-02-08 19:00:00,99.32
2025-02-08 20:00:00,99.01
2025-02-08 21:00:00,97.94
2025-02-08 22:00:00,96.98
2025-02-08 23:00:00,96.21
2025-02-09 00:00:00,96.59
2025-02-09 01:00:00,94.35
2025-02-09 02:00:00,93.3
2025-02-09 03:00:00,90.84
2025-02-09 04:00:00,89.23
2025-02-09 05:00:00,87.35
2025-02-09 06:00:00,58.6
2025-02-09 07:00:00,58.6
2025-02-09 08:00:00,58.6
2025-02-09 09:00:00,58.6
2025-02-09 10:00:00,58.6
2025-02-09 11:00:00,58.6
2025-02-09 12:00:00,58.6
2025-02-09 13:00:00,58.6
2025-02-09 14:00:00,58.6
2025-02-09 15:00:00,58.6
2025-02-09 16:00:00,58.6
2025-02-09 17:00:00,93.03
2025-02-09 18:00:00,97.45
2025-02-09 19:00:00,99.69
2025-02-09 20:00:00,100.35
2025-02-09 21:00:00,100.3
2025-02-09 22:00:00,100.1
2025-02-09 23:00:00,98.45
2025-02-10 00:00:00,97.08
2025-02-10 01:00:00,96.49
2025-02-10 02:00:00,96.21
2025-02-10 03:00:00,95.87
2025-02-10 04:00:00,96.02
2025-02-10 05:00:00,96.52
2025-02-10 06:00:00,96.69
2025-02-10 07:00:00,96.62
2025-02-10 08:00:00,96.36
2025-02-10 09:00:00,95.45
2025-02-10 10:00:00,94.84
2025-02-10 11:00:00,94.45
2025-02-10 12:00:00,94.55
2025-02-10 13:00:00,96.13
2025-02-10 14:00:00,97.22
2025-02-10 15:00:00,98.68
2025-02-10 16:00:00,100.03
2025-02-10 17:00:00,100.18
2025-02-10 18:00:00,101.18
2025-02-10 19:00:00,105.01
2025-02-10 20:00:00,105.69
2025-02-10 21:00:00,105.67
2025-02-10 22:00:00,103.87
2025-02-10 23:00:00,101.29
2025-02-11 00:00:00,98.79
2025-02-11 01:00:00,97.45
2025-02-11 02:00:00,97.08
2025-02-11 03:00:00,96.92
2025-02-11 04:00:00,96.93
2025-02-11 05:00:00,97.03
2025-02-11 06:00:00,97.05
2025-02-11 07:00:00,97.08
2025-02-11 08:00:00,97.18
2025-02-11 09:00:00,96.99
2025-02-11 10:00:00,96.54
2025-02-11 11:00:00,96.84
2025-02-11 12:00:00,96.52
2025-02-11 13:00:00,97.37
2025-02-11 14:00:00,99.1
2025-02-11 15:00:00,100.81
2025-02-11 16:00:00,102.7
2025-02-11 17:00:00,102.87
2025-02-11 18:00:00,103.25
2025-02-11 19:00:00,107.15
2025-02-11 20:00:00,108.13
2025-02-11 21:00:00,108.09
2025-02-11 22:00:00,105.45
2025-02-11 23:00:00,102.48
2025-02-12 00:00:00,99.13
2025-02-12 01:00:00,97.53
2025-02-12 02:00:00,97.03
2025-02-12 03:00:00,96.89
2025-02-12 04:00:00,96.89
2025-02-12 05:00:00,97.06
2025-02-12 06:00:00,97.18
2025-02-12 07:00:00,97.24
2025-02-12 08:00:00,97.33
2025-02-12 09:00:00,97.02
2025-02-12 10:00:00,96.53
2025-02-12 11:00:00,96.39
2025-02-12 12:00:00,96.05
2025-02-12 13:00:00,97.27
2025-02-12 14:00:00,99.26
2025-02-12 15:00:00,100.8
2025-02-12 16:00:00,101.92
2025-02-12 17:00:00,102.45
2025-02-12 18:00:00,103.04
2025-02-12 19:00:00,106.02
2025-02-12 20:00:00,106.41
2025-02-12 21:00:00,106.16
2025-02-12 22:00:00,104.01
2025-02-12 23:00:00,101.63
2025-02-13 00:00:00,97.97
2025-02-13 01:00:00,96.38
2025-02-13 02:00:00,96.36
2025-02-13 03:00:00,96.18
2025-02-13 04:00:00,96.15
2025-02-13 05:00:00,96.3
2025-02-13 06:00:00,96.37
2025-02-13 07:00:00,96.44
2025-02-13 08:00:00,96.51
2025-02-13 09:00:00,96.4
2025-02-13 10:00:00,96.23
2025-02-13 11:00:00,95.79
2025-02-13 12:00:00,95.41
2025-02-13 13:00:00,96.9
2025-02-13 14:00:00,98.31
2025-02-13 15:00:00,100.1
2025-02-13 16:00:00,101.29
2025-02-13 17:00:00,101.59
2025-02-13 18:00:00,102.63
2025-02-13 19:00:00,104.13
2025-02-13 20:00:00,104.58
2025-02-13 21:00:00,104.21
2025-02-13 22:00:00,102.54
2025-02-13 23:00:00,100.58
2025-02-14 00:00:00,97.95
2025-02-14 01:00:00,96.3
2025-02-14 02:00:00,96.26
2025-02-14 03:00:00,95.77
2025-02-14 04:00:00,95.78
2025-02-14 05:00:00,96.45
2025-02-14 06:00:00,96.34
2025-02-14 07:00:00,96.26
2025-02-14 08:00:00,96.54
2025-02-14 09:00:00,96.08
2025-02-14 10:00:00,96.0
2025-02-14 11:00:00,95.94
2025-02-14 12:00:00,95.47
2025-02-14 13:00:00,96.87
2025-02-14 14:00:00,97.95
2025-02-14 15:00:00,98.72
2025-02-14 16:00:00,99.42
2025-02-14 17:00:00,100.07
2025-02-14 18:00:00,100.73
2025-02-14 19:00:00,102.89
2025-02-14 20:00:00,102.75
2025-02-14 21:00:00,102.23
2025-02-14 22:00:00,100.35
2025-02-14 23:00:00,99.49
2025-02-15 00:00:00,118.06
2025-02-15 01:00:00,114.62
2025-02-15 02:00:00,114.21
2025-02-15 03:00:00,112.22
2025-02-15 04:00:00,112.09
2025-02-15 05:00:00,112.07
2025-02-15 06:00:00,110.76
2025-02-15 07:00:00,101.78
2025-02-15 08:00:00,86.49
2025-02-15 09:00:00,58.6
2025-02-15 10:00:00,58.6
2025-02-15 11:00:00,58.6
2025-02-15 12:00:00,58.6
2025-02-15 13:00:00,58.6
2025-02-15 14:00:00,83.54
2025-02-15 15:00:00,107.55
2025-02-15 16:00:00,112.15
2025-02-15 17:00:00,115.61
2025-02-15 18:00:00,119.81
2025-02-15 19:00:00,121.38
2025-02-15 20:00:00,121.42
2025-02-15 21:00:00,120.91
2025-02-15 22:00:00,120.17
2025-02-15 23:00:00,119.02
2025-02-16 00:00:00,117.08
2025-02-16 01:00:00,115.0
2025-02-16 02:00:00,113.79
2025-02-16 03:00:00,113.03
2025-02-16 04:00:00,112.59
2025-02-16 05:00:00,111.74
2025-02-16 06:00:00,103.99
2025-02-16 07:00:00,58.6
2025-02-16 08:00:00,58.6
2025-02-16 09:00:00,58.6
2025-02-16 10:00:00,58.6
2025-02-16 11:00:00,58.6
2025-02-16 12:00:00,58.6
2025-02-16 13:00:00,58.6
2025-02-16 14:00:00,58.6
2025-02-16 15:00:00,58.6
2025-02-16 16:00:00,110.33
2025-02-16 17:00:00,114.06
2025-02-16 18:00:00,118.7
2025-02-16 19:00:00,122.5
2025-02-16 20:00:00,122.79
2025-02-16 21:00:00,122.5
2025-02-16 22:00:00,122.11
2025-02-16 23:00:00,119.96
2025-02-17 00:00:00,117.53
2025-02-17 01:00:00,115.45
2025-02-17 02:00:00,114.41
2025-02-17 03:00:00,114.22
2025-02-17 04:00:00,114.22
2025-02-17 05:00:00,115.21
2025-02-17 06:00:00,115.54
2025-02-17 07:00:00,115.16
2025-02-17 08:00:00,115.35
2025-02-17 09:00:00,114.83
2025-02-17 10:00:00,114.35
2025-02-17 11:00:00,114.17
2025-02-17 12:00:00,113.72
2025-02-17 13:00:00,115.86
2025-02-17 14:00:00,118.72
2025-02-17 15:00:00,120.08
2025-02-17 16:00:00,122.89
2025-02-17 17:00:00,123.01
2025-02-17 18:00:00,124.02
2025-02-17 19:00:00,126.51
2025-02-17 20:00:00,128.23
2025-02-17 21:00:00,128.09
2025-02-17 22:00:00,124.6
2025-02-17 23:00:00,122.07
2025-02-18 00:00:00,118.91
2025-02-18 01:00:00,116.48
2025-02-18 02:00:00,115.86
2025-02-18 03:00:00,115.4
2025-02-18 04:00:00,115.45
2025-02-18 05:00:00,116.34
2025-02-18 06:00:00,116.63
2025-02-18 07:00:00,116.51
2025-02-18 08:00:00,116.4
2025-02-18 09:00:00,115.75
2025-02-18 10:00:00,115.63
2025-02-18 11:00:00,115.75
2025-02-18 12:00:00,115.33
2025-02-18 13:00:00,116.52
2025-02-18 14:00:00,119.02
2025-02-18 15:00:00,120.63
2025-02-18 16:00:00,123.19
2025-02-18 17:00:00,123.25
2025-02-18 18:00:00,123.77
2025-02-18 19:00:00,128.16
2025-02-18 20:00:00,129.39
2025-02-18 21:00:00,129.24
2025-02-18 22:00:00,125.65
2025-02-18 23:00:00,122.78
2025-02-19 00:00:00,120.98
2025-02-19 01:00:00,118.63
2025-02-19 02:00:00,117.79
2025-02-19 03:00:00,117.02
2025-02-19 04:00:00,116.4
2025-02-19 05:00:00,117.8
2025-02-19 06:00:00,117.98
2025-02-19 07:00:00,117.73
2025-02-19 08:00:00,117.55
2025-02-19 09:00:00,116.03
2025-02-19 10:00:00,115.71
2025-02-19 11:00:00,115.55
2025-02-19 12:00:00,114.89
2025-02-19 13:00:00,117.09
2025-02-19 14:00:00,118.8
2025-02-19 15:00:00,120.87
2025-02-19 16:00:00,122.75
2025-02-19 17:00:00,123.02
2025-02-19 18:00:00,124.25
2025-02-19 19:00:00,128.73
2025-02-19 20:00:00,128.66
2025-02-19 21:00:00,128.59
2025-02-19 22:00:00,126.32
2025-02-19 23:00:00,123.05
2025-02-20 00:00:00,117.53
2025-02-20 01:00:00,114.3
2025-02-20 02:00:00,113.41
2025-02-20 03:00:00,113.05
2025-02-20 04:00:00,113.19
2025-02-20 05:00:00,113.74
2025-02-20 06:00:00,114.19
2025-02-20 07:00:00,114.17
2025-02-20 08:00:00,114.28
2025-02-20 09:00:00,113.27
2025-02-20 10:00:00,113.03
2025-02-20 11:00:00,112.7
2025-02-20 12:00:00,111.66
2025-02-20 13:00:00,113.5
2025-02-20 14:00:00,116.62
2025-02-20 15:00:00,118.75
2025-02-20 16:00:00,119.88
2025-02-20 17:00:00,120.19
2025-02-20 18:00:00,120.85
2025-02-20 19:00:00,124.82
2025-02-20 20:00:00,123.9
2025-02-20 21:00:00,123.42
2025-02-20 22:00:00,121.66
2025-02-20 23:00:00,120.14
2025-02-21 00:00:00,118.02
2025-02-21 01:00:00,116.13
2025-02-21 02:00:00,114.75
2025-02-21 03:00:00,114.12
2025-02-21 04:00:00,113.98
2025-02-21 05:00:00,114.9
2025-02-21 06:00:00,115.53
2025-02-21 07:00:00,115.28
2025-02-21 08:00:00,114.8
2025-02-21 09:00:00,113.52
2025-02-21 10:00:00,111.98
2025-02-21 11:00:00,111.8
2025-02-21 12:00:00,110.94
2025-02-21 13:00:00,114.05
2025-02-21 14:00:00,116.56
2025-02-21 15:00:00,117.7
2025-02-21 16:00:00,118.97
2025-02-21 17:00:00,119.47
2025-02-21 18:00:00,121.54
2025-02-21 19:00:00,123.68
2025-02-21 20:00:00,123.61
2025-02-21 21:00:00,122.7
2025-02-21 22:00:00,120.99
2025-02-21 23:00:00,119.49
2025-02-22 00:00:00,111.47
2025-02-22 01:00:00,108.81
2025-02-22 02:00:00,107.94
2025-02-22 03:00:00,107.62
2025-02-22 04:00:00,107.46
2025-02-22 05:00:00,107.33
2025-02-22 06:00:00,106.51
2025-02-22 07:00:00,104.46
2025-02-22 08:00:00,98.09
2025-02-22 09:00:00,62.76
2025-02-22 10:00:00,58.6
2025-02-22 11:00:00,58.6
2025-02-22 12:00:00,58.6
2025-02-22 13:00:00,58.6
2025-02-22 14:00:00,83.07
2025-02-22 15:00:00,101.81
2025-02-22 16:00:00,106.38
2025-02-22 17:00:00,108.75
2025-02-22 18:00:00,113.95
2025-02-22 19:00:00,116.78
2025-02-22 20:00:00,116.28
2025-02-22 21:00:00,114.7
2025-02-22 22:00:00,112.77
2025-02-22 23:00:00,110.88
2025-02-23 00:00:00,110.92
2025-02-23 01:00:00,108.36
2025-02-23 02:00:00,107.75
2025-02-23 03:00:00,107.31
2025-02-23 04:00:00,107.28
2025-02-23 05:00:00,106.84
2025-02-23 06:00:00,103.26
2025-02-23 07:00:00,58.6
2025-02-23 08:00:00,58.6
2025-02-23 09:00:00,58.6
2025-02-23 10:00:00,58.6
2025-02-23 11:00:00,58.6
2025-02-23 12:00:00,58.6
2025-02-23 13:00:00,58.6
2025-02-23 14:00:00,58.6
2025-02-23 15:00:00,58.6
2025-02-23 16:00:00,89.18
2025-02-23 17:00:00,109.16
2025-02-23 18:00:00,112.61
2025-02-23 19:00:00,115.55
2025-02-23 20:00:00,116.83
2025-02-23 21:00:00,116.52
2025-02-23 22:00:00,114.59
2025-02-23 23:00:00,113.35
2025-02-24 00:00:00,111.79
2025-02-24 01:00:00,108.33
2025-02-24 02:00:00,108.13
2025-02-24 03:00:00,107.93
2025-02-24 04:00:00,108.0
2025-02-24 05:00:00,108.43
2025-02-24 06:00:00,109.64
2025-02-24 07:00:00,108.58
2025-02-24 08:00:00,108.4
2025-02-24 09:00:00,107.67
2025-02-24 10:00:00,106.76
2025-02-24 11:00:00,105.1
2025-02-24 12:00:00,102.54
2025-02-24 13:00:00,108.61
2025-02-24 14:00:00,111.34
2025-02-24 15:00:00,113.8
2025-02-24 16:00:00,118.44
2025-02-24 17:00:00,119.99
2025-02-24 18:00:00,123.79
2025-02-24 19:00:00,129.33
2025-02-24 20:00:00,130.75
2025-02-24 21:00:00,129.87
2025-02-24 22:00:00,125.36
2025-02-24 23:00:00,119.34
2025-02-25 00:00:00,115.41
2025-02-25 01:00:00,110.63
2025-02-25 02:00:00,108.57
2025-02-25 03:00:00,108.05
2025-02-25 04:00:00,108.02
2025-02-25 05:00:00,109.16
2025-02-25 06:00:00,109.96
2025-02-25 07:00:00,108.99
2025-02-25 08:00:00,108.32
2025-02-25 09:00:00,107.23
2025-02-25 10:00:00,106.83
2025-02-25 11:00:00,106.03
2025-02-25 12:00:00,104.47
2025-02-25 13:00:00,108.25
2025-02-25 14:00:00,111.16
2025-02-25 15:00:00,113.52
2025-02-25 16:00:00,119.07
2025-02-25 17:00:00,121.04
2025-02-25 18:00:00,124.22
2025-02-25 19:00:00,249.81
2025-02-25 20:00:00,254.93
2025-02-25 21:00:00,236.3
2025-02-25 22:00:00,125.79
2025-02-25 23:00:00,118.6
2025-02-26 00:00:00,114.99
2025-02-26 01:00:00,109.48
2025-02-26 02:00:00,108.14
2025-02-26 03:00:00,107.75
2025-02-26 04:00:00,107.79
2025-02-26 05:00:00,108.5
2025-02-26 06:00:00,109.54
2025-02-26 07:00:00,109.06
2025-02-26 08:00:00,108.71
2025-02-26 09:00:00,107.67
2025-02-26 10:00:00,107.54
2025-02-26 11:00:00,107.3
2025-02-26 12:00:00,106.66
2025-02-26 13:00:00,109.53
2025-02-26 14:00:00,113.3
2025-02-26 15:00:00,116.69
2025-02-26 16:00:00,119.77
2025-02-26 17:00:00,121.65
2025-02-26 18:00:00,124.21
2025-02-26 19:00:00,158.15
2025-02-26 20:00:00,143.51
2025-02-26 21:00:00,138.08
2025-02-26 22:00:00,126.38
2025-02-26 23:00:00,121.28
2025-02-27 00:00:00,112.97
2025-02-27 01:00:00,108.48
2025-02-27 02:00:00,108.3
2025-02-27 03:00:00,107.89
2025-02-27 04:00:00,107.85
2025-02-27 05:00:00,107.87
2025-02-27 06:00:00,108.02
2025-02-27 07:00:00,107.92
2025-02-27 08:00:00,107.88
2025-02-27 09:00:00,107.69
2025-02-27 10:00:00,107.23
2025-02-27 11:00:00,107.46
2025-02-27 12:00:00,106.62
2025-02-27 13:00:00,108.46
2025-02-27 14:00:00,111.59
2025-02-27 15:00:00,115.49
2025-02-27 16:00:00,118.05
2025-02-27 17:00:00,119.55
2025-02-27 18:00:00,121.16
2025-02-27 19:00:00,152.66
2025-02-27 20:00:00,143.91
2025-02-27 21:00:00,140.4
2025-02-27 22:00:00,127.76
2025-02-27 23:00:00,119.33
2025-02-28 00:00:00,110.65
2025-02-28 01:00:00,107.73
2025-02-28 02:00:00,107.54
2025-02-28 03:00:00,107.16
2025-02-28 04:00:00,107.21
2025-02-28 05:00:00,107.66
2025-02-28 06:00:00,107.82
2025-02-28 07:00:00,107.61
2025-02-28 08:00:00,107.58
2025-02-28 09:00:00,106.75
2025-02-28 10:00:00,104.73
2025-02-28 11:00:00,103.69
2025-02-28 12:00:00,102.99
2025-02-28 13:00:00,107.34
2025-02-28 14:00:00,109.04
2025-02-28 15:00:00,111.05
2025-02-28 16:00:00,112.96
2025-02-28 17:00:00,115.13
2025-02-28 18:00:00,117.59
2025-02-28 19:00:00,131.13
2025-02-28 20:00:00,130.58
2025-02-28 21:00:00,129.08
2025-02-28 22:00:00,118.99
2025-02-28 23:00:00,111.94
2025-03-01 00:00:00,324.36
2025-03-01 01:00:00,316.5
2025-03-01 02:00:00,315.68
2025-03-01 03:00:00,312.9
2025-03-01 04:00:00,311.58
2025-03-01 05:00:00,310.83
2025-03-01 06:00:00,309.74
2025-03-01 07:00:00,305.3
2025-03-01 08:00:00,293.55
2025-03-01 09:00:00,242.14
2025-03-01 10:00:00,140.52
2025-03-01 11:00:00,58.6
2025-03-01 12:00:00,58.6
2025-03-01 13:00:00,102.95
2025-03-01 14:00:00,253.64
2025-03-01 15:00:00,297.82
2025-03-01 16:00:00,306.11
2025-03-01 17:00:00,315.08
2025-03-01 18:00:00,323.71
2025-03-01 19:00:00,327.21
2025-03-01 20:00:00,327.2
2025-03-01 21:00:00,325.6
2025-03-01 22:00:00,321.99
2025-03-01 23:00:00,320.7
2025-03-02 00:00:00,323.47
2025-03-02 01:00:00,316.78
2025-03-02 02:00:00,314.74
2025-03-02 03:00:00,313.74
2025-03-02 04:00:00,313.16
2025-03-02 05:00:00,312.92
2025-03-02 06:00:00,309.01
2025-03-02 07:00:00,241.48
2025-03-02 08:00:00,58.6
2025-03-02 09:00:00,58.6
2025-03-02 10:00:00,58.6
2025-03-02 11:00:00,58.6
2025-03-02 12:00:00,58.6
2025-03-02 13:00:00,58.6
2025-03-02 14:00:00,58.6
2025-03-02 15:00:00,111.86
2025-03-02 16:00:00,302.86
2025-03-02 17:00:00,317.06
2025-03-02 18:00:00,326.32
2025-03-02 19:00:00,337.5
2025-03-02 20:00:00,339.14
2025-03-02 21:00:00,338.59
2025-03-02 22:00:00,336.8
2025-03-02 23:00:00,330.71
2025-03-03 00:00:00,316.82
2025-03-03 01:00:00,312.22
2025-03-03 02:00:00,311.69
2025-03-03 03:00:00,311.25
2025-03-03 04:00:00,311.17
2025-03-03 05:00:00,311.45
2025-03-03 06:00:00,311.29
2025-03-03 07:00:00,309.56
2025-03-03 08:00:00,278.65
2025-03-03 09:00:00,63.2
2025-03-03 10:00:00,58.6
2025-03-03 11:00:00,58.6
2025-03-03 12:00:00,58.6
2025-03-03 13:00:00,262.5
2025-03-03 14:00:00,304.09
2025-03-03 15:00:00,312.75
2025-03-03 16:00:00,320.68
2025-03-03 17:00:00,327.92
2025-03-03 18:00:00,334.2
2025-03-03 19:00:00,348.02
2025-03-03 20:00:00,347.94
2025-03-03 21:00:00,347.76
2025-03-03 22:00:00,341.06
2025-03-03 23:00:00,330.68
2025-03-04 00:00:00,327.6
2025-03-04 01:00:00,320.38
2025-03-04 02:00:00,316.54
2025-03-04 03:00:00,313.24
2025-03-04 04:00:00,312.61
2025-03-04 05:00:00,313.0
2025-03-04 06:00:00,311.72
2025-03-04 07:00:00,307.41
2025-03-04 08:00:00,281.13
2025-03-04 09:00:00,58.6
2025-03-04 10:00:00,58.6
2025-03-04 11:00:00,58.6
2025-03-04 12:00:00,58.6
2025-03-04 13:00:00,119.72
2025-03-04 14:00:00,288.67
2025-03-04 15:00:00,310.21
2025-03-04 16:00:00,317.83
2025-03-04 17:00:00,327.09
2025-03-04 18:00:00,335.62
2025-03-04 19:00:00,345.21
2025-03-04 20:00:00,342.95
2025-03-04 21:00:00,341.93
2025-03-04 22:00:00,340.24
2025-03-04 23:00:00,332.88
2025-03-05 00:00:00,324.26
2025-03-05 01:00:00,317.86
2025-03-05 02:00:00,313.41
2025-03-05 03:00:00,312.05
2025-03-05 04:00:00,311.92
2025-03-05 05:00:00,313.43
2025-03-05 06:00:00,314.21
2025-03-05 07:00:00,312.69
2025-03-05 08:00:00,312.17
2025-03-05 09:00:00,310.59
2025-03-05 10:00:00,304.28
2025-03-05 11:00:00,298.55
2025-03-05 12:00:00,303.44
2025-03-05 13:00:00,311.32
2025-03-05 14:00:00,316.37
2025-03-05 15:00:00,324.84
2025-03-05 16:00:00,328.46
2025-03-05 17:00:00,332.1
2025-03-05 18:00:00,335.76
2025-03-05 19:00:00,344.07
2025-03-05 20:00:00,344.34
2025-03-05 21:00:00,342.67
2025-03-05 22:00:00,336.72
2025-03-05 23:00:00,332.0
2025-03-06 00:00:00,326.45
2025-03-06 01:00:00,320.86
2025-03-06 02:00:00,315.88
2025-03-06 03:00:00,314.1
2025-03-06 04:00:00,313.2
2025-03-06 05:00:00,316.39
2025-03-06 06:00:00,318.91
2025-03-06 07:00:00,315.13
2025-03-06 08:00:00,313.59
2025-03-06 09:00:00,311.01
2025-03-06 10:00:00,306.21
2025-03-06 11:00:00,305.85
2025-03-06 12:00:00,305.91
2025-03-06 13:00:00,311.23
2025-03-06 14:00:00,315.64
2025-03-06 15:00:00,322.82
2025-03-06 16:00:00,325.87
2025-03-06 17:00:00,330.14
2025-03-06 18:00:00,336.06
2025-03-06 19:00:00,348.51
2025-03-06 20:00:00,346.74
2025-03-06 21:00:00,343.29
2025-03-06 22:00:00,336.25
2025-03-06 23:00:00,332.08
2025-03-07 00:00:00,329.68
2025-03-07 01:00:00,319.48
2025-03-07 02:00:00,318.18
2025-03-07 03:00:00,315.6
2025-03-07 04:00:00,314.3
2025-03-07 05:00:00,318.65
2025-03-07 06:00:00,320.06
2025-03-07 07:00:00,317.17
2025-03-07 08:00:00,314.14
2025-03-07 09:00:00,311.58
2025-03-07 10:00:00,308.34
2025-03-07 11:00:00,305.42
2025-03-07 12:00:00,305.83
2025-03-07 13:00:00,313.39
2025-03-07 14:00:00,320.04
2025-03-07 15:00:00,325.97
2025-03-07 16:00:00,328.47
2025-03-07 17:00:00,331.55
2025-03-07 18:00:00,336.36
2025-03-07 19:00:00,345.83
2025-03-07 20:00:00,344.28
2025-03-07 21:00:00,342.99
2025-03-07 22:00:00,337.12
2025-03-07 23:00:00,333.92
2025-03-08 00:00:00,367.65
2025-03-08 01:00:00,361.88
2025-03-08 02:00:00,356.93
2025-03-08 03:00:00,354.54
2025-03-08 04:00:00,353.82
2025-03-08 05:00:00,354.11
2025-03-08 06:00:00,350.83
2025-03-08 07:00:00,343.94
2025-03-08 08:00:00,319.22
2025-03-08 09:00:00,58.6
2025-03-08 10:00:00,58.6
2025-03-08 11:00:00,58.6
2025-03-08 12:00:00,58.6
2025-03-08 13:00:00,58.6
2025-03-08 14:00:00,292.06
2025-03-08 15:00:00,334.69
2025-03-08 16:00:00,349.91
2025-03-08 17:00:00,362.02
2025-03-08 18:00:00,370.42
2025-03-08 19:00:00,375.76
2025-03-08 20:00:00,376.45
2025-03-08 21:00:00,376.11
2025-03-08 22:00:00,371.81
2025-03-08 23:00:00,367.98
2025-03-09 00:00:00,358.63
2025-03-09 01:00:00,351.16
2025-03-09 02:00:00,349.89
2025-03-09 03:00:00,348.43
2025-03-09 04:00:00,347.16
2025-03-09 05:00:00,344.1
2025-03-09 06:00:00,332.4
2025-03-09 07:00:00,152.35
2025-03-09 08:00:00,58.6
2025-03-09 09:00:00,58.6
2025-03-09 10:00:00,58.6
2025-03-09 11:00:00,58.6
2025-03-09 12:00:00,58.6
2025-03-09 13:00:00,58.6
2025-03-09 14:00:00,58.6
2025-03-09 15:00:00,58.6
2025-03-09 16:00:00,324.21
2025-03-09 17:00:00,350.7
2025-03-09 18:00:00,361.9
2025-03-09 19:00:00,371.37
2025-03-09 20:00:00,372.32
2025-03-09 21:00:00,372.47
2025-03-09 22:00:00,372.9
2025-03-09 23:00:00,368.25
2025-03-10 00:00:00,357.87
2025-03-10 01:00:00,351.74
2025-03-10 02:00:00,349.77
2025-03-10 03:00:00,349.59
2025-03-10 04:00:00,349.5
2025-03-10 05:00:00,353.35
2025-03-10 06:00:00,355.65
2025-03-10 07:00:00,355.45
2025-03-10 08:00:00,353.22
2025-03-10 09:00:00,346.65
2025-03-10 10:00:00,339.43
2025-03-10 11:00:00,334.13
2025-03-10 12:00:00,330.48
2025-03-10 13:00:00,349.07
2025-03-10 14:00:00,358.21
2025-03-10 15:00:00,364.2
2025-03-10 16:00:00,369.7
2025-03-10 17:00:00,372.53
2025-03-10 18:00:00,380.39
2025-03-10 19:00:00,383.99
2025-03-10 20:00:00,383.92
2025-03-10 21:00:00,383.85
2025-03-10 22:00:00,379.09
2025-03-10 23:00:00,369.99
2025-03-11 00:00:00,369.62
2025-03-11 01:00:00,362.97
2025-03-11 02:00:00,359.72
2025-03-11 03:00:00,357.67
2025-03-11 04:00:00,356.57
2025-03-11 05:00:00,359.25
2025-03-11 06:00:00,361.9
2025-03-11 07:00:00,359.66
2025-03-11 08:00:00,357.9
2025-03-11 09:00:00,352.47
2025-03-11 10:00:00,350.89
2025-03-11 11:00:00,350.44
2025-03-11 12:00:00,347.98
2025-03-11 13:00:00,356.3
2025-03-11 14:00:00,363.79
2025-03-11 15:00:00,369.44
2025-03-11 16:00:00,374.0
2025-03-11 17:00:00,377.09
2025-03-11 18:00:00,380.57
2025-03-11 19:00:00,383.37
2025-03-11 20:00:00,383.28
2025-03-11 21:00:00,383.19
2025-03-11 22:00:00,381.58
2025-03-11 23:00:00,372.92
2025-03-12 00:00:00,367.24
2025-03-12 01:00:00,360.44
2025-03-12 02:00:00,356.35
2025-03-12 03:00:00,355.25
2025-03-12 04:00:00,354.59
2025-03-12 05:00:00,357.32
2025-03-12 06:00:00,361.49
2025-03-12 07:00:00,359.24
2025-03-12 08:00:00,357.74
2025-03-12 09:00:00,353.32
2025-03-12 10:00:00,351.19
2025-03-12 11:00:00,349.02
2025-03-12 12:00:00,346.46
2025-03-12 13:00:00,354.45
2025-03-12 14:00:00,362.35
2025-03-12 15:00:00,368.56
2025-03-12 16:00:00,372.93
2025-03-12 17:00:00,375.62
2025-03-12 18:00:00,380.05
2025-03-12 19:00:00,381.64
2025-03-12 20:00:00,381.56
2025-03-12 21:00:00,381.5
2025-03-12 22:00:00,379.85
2025-03-12 23:00:00,372.7
2025-03-13 00:00:00,360.79
2025-03-13 01:00:00,354.88
2025-03-13 02:00:00,350.0
2025-03-13 03:00:00,349.59
2025-03-13 04:00:00,349.46
2025-03-13 05:00:00,354.35
2025-03-13 06:00:00,356.76
2025-03-13 07:00:00,355.19
2025-03-13 08:00:00,353.34
2025-03-13 09:00:00,349.19
2025-03-13 10:00:00,347.7
2025-03-13 11:00:00,344.81
2025-03-13 12:00:00,341.84
2025-03-13 13:00:00,350.45
2025-03-13 14:00:00,357.72
2025-03-13 15:00:00,364.31
2025-03-13 16:00:00,371.17
2025-03-13 17:00:00,372.32
2025-03-13 18:00:00,374.94
2025-03-13 19:00:00,377.99
2025-03-13 20:00:00,377.66
2025-03-13 21:00:00,376.96
2025-03-13 22:00:00,375.54
2025-03-13 23:00:00,370.69
2025-03-14 00:00:00,362.79
2025-03-14 01:00:00,356.25
2025-03-14 02:00:00,352.03
2025-03-14 03:00:00,351.03
2025-03-14 04:00:00,350.72
2025-03-14 05:00:00,353.61
2025-03-14 06:00:00,356.14
2025-03-14 07:00:00,354.01
2025-03-14 08:00:00,352.94
2025-03-14 09:00:00,349.37
2025-03-14 10:00:00,347.0
2025-03-14 11:00:00,344.32
2025-03-14 12:00:00,339.98
2025-03-14 13:00:00,348.79
2025-03-14 14:00:00,357.79
2025-03-14 15:00:00,364.62
2025-03-14 16:00:00,368.37
2025-03-14 17:00:00,370.48
2025-03-14 18:00:00,374.12
2025-03-14 19:00:00,375.88
2025-03-14 20:00:00,375.71
2025-03-14 21:00:00,375.35
2025-03-14 22:00:00,371.49
2025-03-14 23:00:00,365.88
2025-03-15 00:00:00,406.46
2025-03-15 01:00:00,400.66
2025-03-15 02:00:00,399.52
2025-03-15 03:00:00,398.22
2025-03-15 04:00:00,397.54
2025-03-15 05:00:00,395.6
2025-03-15 06:00:00,392.49
2025-03-15 07:00:00,386.28
2025-03-15 08:00:00,345.65
2025-03-15 09:00:00,239.88
2025-03-15 10:00:00,58.6
2025-03-15 11:00:00,58.6
2025-03-15 12:00:00,58.6
2025-03-15 13:00:00,153.25
2025-03-15 14:00:00,340.05
2025-03-15 15:00:00,381.65
2025-03-15 16:00:00,392.96
2025-03-15 17:00:00,401.94
2025-03-15 18:00:00,412.44
2025-03-15 19:00:00,415.1
2025-03-15 20:00:00,413.87
2025-03-15 21:00:00,410.32
2025-03-15 22:00:00,406.43
2025-03-15 23:00:00,403.99
2025-03-16 00:00:00,400.41
2025-03-16 01:00:00,398.72
2025-03-16 02:00:00,397.08
2025-03-16 03:00:00,396.06
2025-03-16 04:00:00,393.98
2025-03-16 05:00:00,391.31
2025-03-16 06:00:00,373.03
2025-03-16 07:00:00,158.53
2025-03-16 08:00:00,58.6
2025-03-16 09:00:00,58.6
2025-03-16 10:00:00,58.6
2025-03-16 11:00:00,58.6
2025-03-16 12:00:00,58.6
2025-03-16 13:00:00,58.6
2025-03-16 14:00:00,58.6
2025-03-16 15:00:00,58.6
2025-03-16 16:00:00,369.55
2025-03-16 17:00:00,397.57
2025-03-16 18:00:00,406.32
2025-03-16 19:00:00,415.12
2025-03-16 20:00:00,417.92
2025-03-16 21:00:00,417.45
2025-03-16 22:00:00,412.73
2025-03-16 23:00:00,407.62
2025-03-17 00:00:00,401.76
2025-03-17 01:00:00,399.27
2025-03-17 02:00:00,398.52
2025-03-17 03:00:00,397.23
2025-03-17 04:00:00,397.65
2025-03-17 05:00:00,399.51
2025-03-17 06:00:00,400.79
2025-03-17 07:00:00,400.57
2025-03-17 08:00:00,400.26
2025-03-17 09:00:00,398.76
2025-03-17 10:00:00,397.34
2025-03-17 11:00:00,397.19
2025-03-17 12:00:00,395.91
2025-03-17 13:00:00,399.79
2025-03-17 14:00:00,404.99
2025-03-17 15:00:00,411.85
2025-03-17 16:00:00,420.04
2025-03-17 17:00:00,421.94
2025-03-17 18:00:00,431.91
2025-03-17 19:00:00,436.65
2025-03-17 20:00:00,434.9
2025-03-17 21:00:00,433.55
2025-03-17 22:00:00,432.65
2025-03-17 23:00:00,419.53
2025-03-18 00:00:00,406.03
2025-03-18 01:00:00,401.43
2025-03-18 02:00:00,399.03
2025-03-18 03:00:00,398.61
2025-03-18 04:00:00,398.45
2025-03-18 05:00:00,399.64
2025-03-18 06:00:00,403.23
2025-03-18 07:00:00,401.6
2025-03-18 08:00:00,400.49
2025-03-18 09:00:00,398.3
2025-03-18 10:00:00,397.56
2025-03-18 11:00:00,396.24
2025-03-18 12:00:00,394.99
2025-03-18 13:00:00,399.49
2025-03-18 14:00:00,405.87
2025-03-18 15:00:00,412.99
2025-03-18 16:00:00,420.63
2025-03-18 17:00:00,421.72
2025-03-18 18:00:00,437.49
2025-03-18 19:00:00,458.08
2025-03-18 20:00:00,459.08
2025-03-18 21:00:00,455.76
2025-03-18 22:00:00,426.85
2025-03-18 23:00:00,416.19
2025-03-19 00:00:00,405.07
2025-03-19 01:00:00,399.94
2025-03-19 02:00:00,397.61
2025-03-19 03:00:00,396.67
2025-03-19 04:00:00,396.46
2025-03-19 05:00:00,398.24
2025-03-19 06:00:00,400.72
2025-03-19 07:00:00,400.19
2025-03-19 08:00:00,399.36
2025-03-19 09:00:00,397.24
2025-03-19 10:00:00,396.02
2025-03-19 11:00:00,395.46
2025-03-19 12:00:00,393.98
2025-03-19 13:00:00,398.24
2025-03-19 14:00:00,405.14
2025-03-19 15:00:00,409.42
2025-03-19 16:00:00,413.91
2025-03-19 17:00:00,417.7
2025-03-19 18:00:00,423.73
2025-03-19 19:00:00,427.11
2025-03-19 20:00:00,426.28
2025-03-19 21:00:00,425.06
2025-03-19 22:00:00,421.52
2025-03-19 23:00:00,413.47
2025-03-20 00:00:00,402.22
2025-03-20 01:00:00,398.3
2025-03-20 02:00:00,395.47
2025-03-20 03:00:00,393.49
2025-03-20 04:00:00,393.84
2025-03-20 05:00:00,397.27
2025-03-20 06:00:00,399.79
2025-03-20 07:00:00,398.86
2025-03-20 08:00:00,397.69
2025-03-20 09:00:00,391.58
2025-03-20 10:00:00,389.46
2025-03-20 11:00:00,387.28
2025-03-20 12:00:00,383.49
2025-03-20 13:00:00,392.25
2025-03-20 14:00:00,399.28
2025-03-20 15:00:00,405.62
2025-03-20 16:00:00,408.37
2025-03-20 17:00:00,412.05
2025-03-20 18:00:00,418.5
2025-03-20 19:00:00,422.44
2025-03-20 20:00:00,421.49
2025-03-20 21:00:00,419.74
2025-03-20 22:00:00,416.39
2025-03-20 23:00:00,408.26
2025-03-21 00:00:00,401.68
2025-03-21 01:00:00,395.82
2025-03-21 02:00:00,392.99
2025-03-21 03:00:00,390.22
2025-03-21 04:00:00,388.75
2025-03-21 05:00:00,394.75
2025-03-21 06:00:00,396.3
2025-03-21 07:00:00,395.38
2025-03-21 08:00:00,393.08
2025-03-21 09:00:00,384.3
2025-03-21 10:00:00,373.44
2025-03-21 11:00:00,365.16
2025-03-21 12:00:00,366.39
2025-03-21 13:00:00,386.69
2025-03-21 14:00:00,396.75
2025-03-21 15:00:00,400.96
2025-03-21 16:00:00,403.13
2025-03-21 17:00:00,405.52
2025-03-21 18:00:00,409.49
2025-03-21 19:00:00,412.55
2025-03-21 20:00:00,410.73
2025-03-21 21:00:00,409.71
2025-03-21 22:00:00,407.52
2025-03-21 23:00:00,402.33
2025-03-22 00:00:00,360.76
2025-03-22 01:00:00,356.27
2025-03-22 02:00:00,354.71
2025-03-22 03:00:00,354.17
2025-03-22 04:00:00,353.85
2025-03-22 05:00:00,354.08
2025-03-22 06:00:00,353.21
2025-03-22 07:00:00,351.94
2025-03-22 08:00:00,322.93
2025-03-22 09:00:00,58.6
2025-03-22 10:00:00,58.6
2025-03-22 11:00:00,58.6
2025-03-22 12:00:00,58.6
2025-03-22 13:00:00,58.6
2025-03-22 14:00:00,150.61
2025-03-22 15:00:00,333.85
2025-03-22 16:00:00,353.0
2025-03-22 17:00:00,359.67
2025-03-22 18:00:00,372.6
2025-03-22 19:00:00,379.37
2025-03-22 20:00:00,373.39
2025-03-22 21:00:00,371.27
2025-03-22 22:00:00,366.23
2025-03-22 23:00:00,362.29
2025-03-23 00:00:00,375.33
2025-03-23 01:00:00,369.52
2025-03-23 02:00:00,366.45
2025-03-23 03:00:00,356.98
2025-03-23 04:00:00,349.59
2025-03-23 05:00:00,344.32
2025-03-23 06:00:00,310.64
2025-03-23 07:00:00,58.6
2025-03-23 08:00:00,58.6
2025-03-23 09:00:00,58.6
2025-03-23 10:00:00,58.6
2025-03-23 11:00:00,58.6
2025-03-23 12:00:00,58.6
2025-03-23 13:00:00,58.6
2025-03-23 14:00:00,58.6
2025-03-23 15:00:00,116.41
2025-03-23 16:00:00,325.21
2025-03-23 17:00:00,367.92
2025-03-23 18:00:00,387.11
2025-03-23 19:00:00,390.54
2025-03-23 20:00:00,392.26
2025-03-23 21:00:00,388.81
2025-03-23 22:00:00,386.47
2025-03-23 23:00:00,380.53
2025-03-24 00:00:00,382.68
2025-03-24 01:00:00,378.48
2025-03-24 02:00:00,377.71
2025-03-24 03:00:00,377.01
2025-03-24 04:00:00,377.0
2025-03-24 05:00:00,378.2
2025-03-24 06:00:00,383.39
2025-03-24 07:00:00,381.93
2025-03-24 08:00:00,381.45
2025-03-24 09:00:00,378.23
2025-03-24 10:00:00,375.99
2025-03-24 11:00:00,371.97
2025-03-24 12:00:00,374.84
2025-03-24 13:00:00,384.06
2025-03-24 14:00:00,390.34
2025-03-24 15:00:00,395.85
2025-03-24 16:00:00,402.41
2025-03-24 17:00:00,403.95
2025-03-24 18:00:00,410.68
2025-03-24 19:00:00,412.69
2025-03-24 20:00:00,412.61
2025-03-24 21:00:00,412.52
2025-03-24 22:00:00,405.42
2025-03-24 23:00:00,395.25
2025-03-25 00:00:00,389.12
2025-03-25 01:00:00,383.96
2025-03-25 02:00:00,380.16
2025-03-25 03:00:00,379.69
2025-03-25 04:00:00,379.6
2025-03-25 05:00:00,381.1
2025-03-25 06:00:00,387.73
2025-03-25 07:00:00,386.8
2025-03-25 08:00:00,386.16
2025-03-25 09:00:00,379.67
2025-03-25 10:00:00,379.28
2025-03-25 11:00:00,378.91
2025-03-25 12:00:00,375.55
2025-03-25 13:00:00,383.79
2025-03-25 14:00:00,391.12
2025-03-25 15:00:00,400.47
2025-03-25 16:00:00,407.02
2025-03-25 17:00:00,408.11
2025-03-25 18:00:00,410.69
2025-03-25 19:00:00,415.25
2025-03-25 20:00:00,413.17
2025-03-25 21:00:00,413.02
2025-03-25 22:00:00,408.31
2025-03-25 23:00:00,396.88
2025-03-26 00:00:00,385.58
2025-03-26 01:00:00,376.27
2025-03-26 02:00:00,374.25
2025-03-26 03:00:00,374.22
2025-03-26 04:00:00,373.49
2025-03-26 05:00:00,376.34
2025-03-26 06:00:00,377.8
2025-03-26 07:00:00,377.84
2025-03-26 08:00:00,378.33
2025-03-26 09:00:00,375.06
2025-03-26 10:00:00,373.92
2025-03-26 11:00:00,372.26
2025-03-26 12:00:00,370.16
2025-03-26 13:00:00,377.66
2025-03-26 14:00:00,386.07
2025-03-26 15:00:00,389.68
2025-03-26 16:00:00,395.61
2025-03-26 17:00:00,397.31
2025-03-26 18:00:00,405.91
2025-03-26 19:00:00,412.91
2025-03-26 20:00:00,409.18
2025-03-26 21:00:00,405.45
2025-03-26 22:00:00,399.18
2025-03-26 23:00:00,390.75
2025-03-27 00:00:00,384.68
2025-03-27 01:00:00,376.02
2025-03-27 02:00:00,373.28
2025-03-27 03:00:00,373.2
2025-03-27 04:00:00,372.35
2025-03-27 05:00:00,376.04
2025-03-27 06:00:00,380.13
2025-03-27 07:00:00,378.9
2025-03-27 08:00:00,378.87
2025-03-27 09:00:00,374.74
2025-03-27 10:00:00,370.41
2025-03-27 11:00:00,369.47
2025-03-27 12:00:00,369.61
2025-03-27 13:00:00,379.99
2025-03-27 14:00:00,388.12
2025-03-27 15:00:00,393.51
2025-03-27 16:00:00,397.13
2025-03-27 17:00:00,401.12
2025-03-27 18:00:00,408.72
2025-03-27 19:00:00,415.2
2025-03-27 20:00:00,408.19
2025-03-27 21:00:00,407.01
2025-03-27 22:00:00,405.53
2025-03-27 23:00:00,397.87
2025-03-28 00:00:00,387.01
2025-03-28 01:00:00,377.33
2025-03-28 02:00:00,374.36
2025-03-28 03:00:00,372.98
2025-03-28 04:00:00,372.93
2025-03-28 05:00:00,376.25
2025-03-28 06:00:00,379.22
2025-03-28 07:00:00,378.45
2025-03-28 08:00:00,377.05
2025-03-28 09:00:00,373.81
2025-03-28 10:00:00,371.09
2025-03-28 11:00:00,367.48
2025-03-28 12:00:00,367.09
2025-03-28 13:00:00,376.0
2025-03-28 14:00:00,385.62
2025-03-28 15:00:00,388.71
2025-03-28 16:00:00,391.94
2025-03-28 17:00:00,397.06
2025-03-28 18:00:00,403.84
2025-03-28 19:00:00,406.73
2025-03-28 20:00:00,402.44
2025-03-28 21:00:00,399.96
2025-03-28 22:00:00,399.56
2025-03-28 23:00:00,394.82
2025-03-29 00:00:00,270.58
2025-03-29 01:00:00,262.9
2025-03-29 02:00:00,261.6
2025-03-29 03:00:00,256.95
2025-03-29 04:00:00,249.93
2025-03-29 05:00:00,249.85
2025-03-29 06:00:00,242.16
2025-03-29 07:00:00,220.16
2025-03-29 08:00:00,128.57
2025-03-29 09:00:00,58.6
2025-03-29 10:00:00,58.6
2025-03-29 11:00:00,58.6
2025-03-29 12:00:00,58.6
2025-03-29 13:00:00,58.6
2025-03-29 14:00:00,88.33
2025-03-29 15:00:00,198.52
2025-03-29 16:00:00,254.22
2025-03-29 17:00:00,266.94
2025-03-29 18:00:00,275.7
2025-03-29 19:00:00,275.43
2025-03-29 20:00:00,273.64
2025-03-29 21:00:00,273.13
2025-03-29 22:00:00,270.82
2025-03-29 23:00:00,268.78
2025-03-30 00:00:00,267.87
2025-03-30 01:00:00,260.02
2025-03-30 02:00:00,255.9
2025-03-30 03:00:00,249.41
2025-03-30 04:00:00,240.45
2025-03-30 05:00:00,237.09
2025-03-30 06:00:00,209.26
2025-03-30 07:00:00,58.6
2025-03-30 08:00:00,58.6
2025-03-30 09:00:00,58.6
2025-03-30 10:00:00,58.6
2025-03-30 11:00:00,58.6
2025-03-30 12:00:00,58.6
2025-03-30 13:00:00,58.6
2025-03-30 14:00:00,58.6
2025-03-30 15:00:00,58.6
2025-03-30 16:00:00,216.69
2025-03-30 17:00:00,262.5
2025-03-30 18:00:00,273.38
2025-03-30 19:00:00,274.75
2025-03-30 20:00:00,274.75
2025-03-30 21:00:00,275.11
2025-03-30 22:00:00,273.48
2025-03-30 23:00:00,271.25
2025-03-31 00:00:00,277.53
2025-03-31 01:00:00,274.15
2025-03-31 02:00:00,272.35
2025-03-31 03:00:00,270.07
2025-03-31 04:00:00,269.84
2025-03-31 05:00:00,275.74
2025-03-31 06:00:00,278.5
2025-03-31 07:00:00,278.68
2025-03-31 08:00:00,277.84
2025-03-31 09:00:00,274.18
2025-03-31 10:00:00,272.53
2025-03-31 11:00:00,271.52
2025-03-31 12:00:00,271.21
2025-03-31 13:00:00,276.58
2025-03-31 14:00:00,282.96
2025-03-31 15:00:00,287.53
2025-03-31 16:00:00,292.36
2025-03-31 17:00:00,294.76
2025-03-31 18:00:00,298.25
2025-03-31 19:00:00,298.17
2025-03-31 20:00:00,298.1
2025-03-31 21:00:00,298.02
2025-03-31 22:00:00,292.07
2025-03-31 23:00:00,285.19
2025-04-01 00:00:00,278.44
2025-04-01 01:00:00,276.76
2025-04-01 02:00:00,275.04
2025-04-01 03:00:00,274.34
2025-04-01 04:00:00,274.16
2025-04-01 05:00:00,276.2
2025-04-01 06:00:00,277.55
2025-04-01 07:00:00,277.42
2025-04-01 08:00:00,276.7
2025-04-01 09:00:00,273.28
2025-04-01 10:00:00,272.31
2025-04-01 11:00:00,272.36
2025-04-01 12:00:00,271.98
2025-04-01 13:00:00,276.27
2025-04-01 14:00:00,279.56
2025-04-01 15:00:00,284.26
2025-04-01 16:00:00,288.86
2025-04-01 17:00:00,291.27
2025-04-01 18:00:00,295.75
2025-04-01 19:00:00,295.94
2025-04-01 20:00:00,295.68
2025-04-01 21:00:00,295.24
2025-04-01 22:00:00,289.93
2025-04-01 23:00:00,284.27
2025-04-02 00:00:00,278.46
2025-04-02 01:00:00,277.06
2025-04-02 02:00:00,275.4
2025-04-02 03:00:00,274.68
2025-04-02 04:00:00,274.69
2025-04-02 05:00:00,276.48
2025-04-02 06:00:00,277.97
2025-04-02 07:00:00,277.7
2025-04-02 08:00:00,277.48
2025-04-02 09:00:00,274.19
2025-04-02 10:00:00,272.0
2025-04-02 11:00:00,271.75
2025-04-02 12:00:00,266.4
2025-04-02 13:00:00,274.67
2025-04-02 14:00:00,279.61
2025-04-02 15:00:00,284.26
2025-04-02 16:00:00,286.87
2025-04-02 17:00:00,289.45
2025-04-02 18:00:00,295.23
2025-04-02 19:00:00,297.12
2025-04-02 20:00:00,296.96
2025-04-02 21:00:00,294.93
2025-04-02 22:00:00,291.75
2025-04-02 23:00:00,285.25
2025-04-03 00:00:00,277.69
2025-04-03 01:00:00,275.6
2025-04-03 02:00:00,274.42
2025-04-03 03:00:00,274.0
2025-04-03 04:00:00,273.91
2025-04-03 05:00:00,275.21
2025-04-03 06:00:00,276.11
2025-04-03 07:00:00,276.2
2025-04-03 08:00:00,276.0
2025-04-03 09:00:00,272.78
2025-04-03 10:00:00,270.32
2025-04-03 11:00:00,269.58
2025-04-03 12:00:00,268.3
2025-04-03 13:00:00,275.19
2025-04-03 14:00:00,278.0
2025-04-03 15:00:00,282.26
2025-04-03 16:00:00,284.22
2025-04-03 17:00:00,286.53
2025-04-03 18:00:00,290.86
2025-04-03 19:00:00,291.42
2025-04-03 20:00:00,289.62
2025-04-03 21:00:00,288.82
2025-04-03 22:00:00,286.16
2025-04-03 23:00:00,282.6
2025-04-04 00:00:00,278.52
2025-04-04 01:00:00,276.38
2025-04-04 02:00:00,274.58
2025-04-04 03:00:00,274.23
2025-04-04 04:00:00,273.71
2025-04-04 05:00:00,275.14
2025-04-04 06:00:00,276.7
2025-04-04 07:00:00,276.27
2025-04-04 08:00:00,274.95
2025-04-04 09:00:00,270.51
2025-04-04 10:00:00,267.94
2025-04-04 11:00:00,264.03
2025-04-04 12:00:00,260.93
2025-04-04 13:00:00,272.33
2025-04-04 14:00:00,277.43
2025-04-04 15:00:00,281.44
2025-04-04 16:00:00,283.73
2025-04-04 17:00:00,288.52
2025-04-04 18:00:00,293.62
2025-04-04 19:00:00,293.21
2025-04-04 20:00:00,291.67
2025-04-04 21:00:00,291.11
2025-04-04 22:00:00,288.09
2025-04-04 23:00:00,283.1
2025-04-05 00:00:00,261.43
2025-04-05 01:00:00,257.84
2025-04-05 02:00:00,255.4
2025-04-05 03:00:00,254.63
2025-04-05 04:00:00,254.88
2025-04-05 05:00:00,255.39
2025-04-05 06:00:00,255.37
2025-04-05 07:00:00,248.13
2025-04-05 08:00:00,117.99
2025-04-05 09:00:00,58.6
2025-04-05 10:00:00,58.6
2025-04-05 11:00:00,58.6
2025-04-05 12:00:00,58.6
2025-04-05 13:00:00,58.6
2025-04-05 14:00:00,106.93
2025-04-05 15:00:00,241.35
2025-04-05 16:00:00,255.66
2025-04-05 17:00:00,263.5
2025-04-05 18:00:00,267.18
2025-04-05 19:00:00,268.27
2025-04-05 20:00:00,267.66
2025-04-05 21:00:00,265.05
2025-04-05 22:00:00,263.31
2025-04-05 23:00:00,260.68
2025-04-06 00:00:00,254.59
2025-04-06 01:00:00,250.64
2025-04-06 02:00:00,226.91
2025-04-06 03:00:00,153.48
2025-04-06 04:00:00,75.52
2025-04-06 05:00:00,75.49
2025-04-06 06:00:00,58.6
2025-04-06 07:00:00,58.6
2025-04-06 08:00:00,58.6
2025-04-06 09:00:00,58.6
2025-04-06 10:00:00,58.6
2025-04-06 11:00:00,58.6
2025-04-06 12:00:00,58.6
2025-04-06 13:00:00,58.6
2025-04-06 14:00:00,58.6
2025-04-06 15:00:00,58.6
2025-04-06 16:00:00,116.32
2025-04-06 17:00:00,257.12
2025-04-06 18:00:00,265.04
2025-04-06 19:00:00,264.39
2025-04-06 20:00:00,263.67
2025-04-06 21:00:00,263.03
2025-04-06 22:00:00,261.18
2025-04-06 23:00:00,257.74
2025-04-07 00:00:00,165.82
2025-04-07 01:00:00,58.6
2025-04-07 02:00:00,58.6
2025-04-07 03:00:00,58.6
2025-04-07 04:00:00,58.6
2025-04-07 05:00:00,118.64
2025-04-07 06:00:00,252.43
2025-04-07 07:00:00,244.37
2025-04-07 08:00:00,230.04
2025-04-07 09:00:00,58.6
2025-04-07 10:00:00,58.6
2025-04-07 11:00:00,58.6
2025-04-07 12:00:00,58.6
2025-04-07 13:00:00,99.04
2025-04-07 14:00:00,243.2
2025-04-07 15:00:00,256.83
2025-04-07 16:00:00,262.37
2025-04-07 17:00:00,263.79
2025-04-07 18:00:00,266.22
2025-04-07 19:00:00,265.76
2025-04-07 20:00:00,265.05
2025-04-07 21:00:00,264.45
2025-04-07 22:00:00,261.8
2025-04-07 23:00:00,256.56
2025-04-08 00:00:00,253.27
2025-04-08 01:00:00,231.31
2025-04-08 02:00:00,58.6
2025-04-08 03:00:00,58.6
2025-04-08 04:00:00,58.6
2025-04-08 05:00:00,245.52
2025-04-08 06:00:00,255.74
2025-04-08 07:00:00,254.13
2025-04-08 08:00:00,243.87
2025-04-08 09:00:00,58.6
2025-04-08 10:00:00,58.6
2025-04-08 11:00:00,58.6
2025-04-08 12:00:00,58.6
2025-04-08 13:00:00,81.25
2025-04-08 14:00:00,244.07
2025-04-08 15:00:00,257.37
2025-04-08 16:00:00,262.09
2025-04-08 17:00:00,264.59
2025-04-08 18:00:00,267.74
2025-04-08 19:00:00,267.15
2025-04-08 20:00:00,265.78
2025-04-08 21:00:00,265.03
2025-04-08 22:00:00,262.41
2025-04-08 23:00:00,258.51
2025-04-09 00:00:00,256.76
2025-04-09 01:00:00,248.21
2025-04-09 02:00:00,240.71
2025-04-09 03:00:00,237.63
2025-04-09 04:00:00,237.97
2025-04-09 05:00:00,254.11
2025-04-09 06:00:00,258.03
2025-04-09 07:00:00,257.61
2025-04-09 08:00:00,257.24
2025-04-09 09:00:00,243.75
2025-04-09 10:00:00,233.47
2025-04-09 11:00:00,225.35
2025-04-09 12:00:00,58.6
2025-04-09 13:00:00,242.38
2025-04-09 14:00:00,257.16
2025-04-09 15:00:00,261.31
2025-04-09 16:00:00,264.32
2025-04-09 17:00:00,265.66
2025-04-09 18:00:00,269.95
2025-04-09 19:00:00,269.99
2025-04-09 20:00:00,268.72
2025-04-09 21:00:00,267.54
2025-04-09 22:00:00,264.85
2025-04-09 23:00:00,261.53
2025-04-10 00:00:00,260.01
2025-04-10 01:00:00,254.79
2025-04-10 02:00:00,246.63
2025-04-10 03:00:00,241.37
2025-04-10 04:00:00,243.6
2025-04-10 05:00:00,256.48
2025-04-10 06:00:00,260.15
2025-04-10 07:00:00,260.11
2025-04-10 08:00:00,259.34
2025-04-10 09:00:00,245.17
2025-04-10 10:00:00,232.58
2025-04-10 11:00:00,202.25
2025-04-10 12:00:00,58.6
2025-04-10 13:00:00,247.14
2025-04-10 14:00:00,259.97
2025-04-10 15:00:00,263.29
2025-04-10 16:00:00,267.31
2025-04-10 17:00:00,268.85
2025-04-10 18:00:00,273.12
2025-04-10 19:00:00,272.8
2025-04-10 20:00:00,270.91
2025-04-10 21:00:00,268.77
2025-04-10 22:00:00,266.24
2025-04-10 23:00:00,262.83
2025-04-11 00:00:00,265.31
2025-04-11 01:00:00,262.61
2025-04-11 02:00:00,261.45
2025-04-11 03:00:00,259.5
2025-04-11 04:00:00,260.39
2025-04-11 05:00:00,262.5
2025-04-11 06:00:00,262.92
2025-04-11 07:00:00,260.98
2025-04-11 08:00:00,259.2
2025-04-11 09:00:00,248.98
2025-04-11 10:00:00,241.0
2025-04-11 11:00:00,235.28
2025-04-11 12:00:00,207.75
2025-04-11 13:00:00,245.49
2025-04-11 14:00:00,259.36
2025-04-11 15:00:00,264.01
2025-04-11 16:00:00,266.85
2025-04-11 17:00:00,271.59
2025-04-11 18:00:00,274.27
2025-04-11 19:00:00,272.64
2025-04-11 20:00:00,270.29
2025-04-11 21:00:00,269.18
2025-04-11 22:00:00,266.04
2025-04-11 23:00:00,263.96
2025-04-12 00:00:00,222.03
2025-04-12 01:00:00,220.04
2025-04-12 02:00:00,218.16
2025-04-12 03:00:00,215.1
2025-04-12 04:00:00,215.07
2025-04-12 05:00:00,217.24
2025-04-12 06:00:00,213.26
2025-04-12 07:00:00,189.81
2025-04-12 08:00:00,58.6
2025-04-12 09:00:00,58.6
2025-04-12 10:00:00,58.6
2025-04-12 11:00:00,58.6
2025-04-12 12:00:00,58.6
2025-04-12 13:00:00,58.6
2025-04-12 14:00:00,58.6
2025-04-12 15:00:00,174.47
2025-04-12 16:00:00,213.27
2025-04-12 17:00:00,222.51
2025-04-12 18:00:00,227.71
2025-04-12 19:00:00,225.16
2025-04-12 20:00:00,223.4
2025-04-12 21:00:00,222.13
2025-04-12 22:00:00,220.27
2025-04-12 23:00:00,218.27
2025-04-13 00:00:00,215.97
2025-04-13 01:00:00,212.84
2025-04-13 02:00:00,201.93
2025-04-13 03:00:00,58.6
2025-04-13 04:00:00,58.6
2025-04-13 05:00:00,58.6
2025-04-13 06:00:00,58.6
2025-04-13 07:00:00,58.6
2025-04-13 08:00:00,58.6
2025-04-13 09:00:00,58.6
2025-04-13 10:00:00,58.6
2025-04-13 11:00:00,58.6
2025-04-13 12:00:00,58.6
2025-04-13 13:00:00,58.6
2025-04-13 14:00:00,58.6
2025-04-13 15:00:00,58.6
2025-04-13 16:00:00,98.75
2025-04-13 17:00:00,218.01
2025-04-13 18:00:00,225.42
2025-04-13 19:00:00,224.69
2025-04-13 20:00:00,224.44
2025-04-13 21:00:00,222.96
2025-04-13 22:00:00,220.87
2025-04-13 23:00:00,217.57
2025-04-14 00:00:00,215.72
2025-04-14 01:00:00,206.42
2025-04-14 02:00:00,197.83
2025-04-14 03:00:00,196.2
2025-04-14 04:00:00,197.4
2025-04-14 05:00:00,209.91
2025-04-14 06:00:00,218.23
2025-04-14 07:00:00,217.2
2025-04-14 08:00:00,214.03
2025-04-14 09:00:00,206.76
2025-04-14 10:00:00,205.55
2025-04-14 11:00:00,203.74
2025-04-14 12:00:00,194.71
2025-04-14 13:00:00,210.56
2025-04-14 14:00:00,215.96
2025-04-14 15:00:00,220.13
2025-04-14 16:00:00,222.86
2025-04-14 17:00:00,225.48
2025-04-14 18:00:00,233.98
2025-04-14 19:00:00,232.84
2025-04-14 20:00:00,231.15
2025-04-14 21:00:00,227.97
2025-04-14 22:00:00,223.54
2025-04-14 23:00:00,221.07
2025-04-15 00:00:00,218.94
2025-04-15 01:00:00,216.43
2025-04-15 02:00:00,214.56
2025-04-15 03:00:00,209.57
2025-04-15 04:00:00,210.73
2025-04-15 05:00:00,215.6
2025-04-15 06:00:00,217.31
2025-04-15 07:00:00,216.87
2025-04-15 08:00:00,214.28
2025-04-15 09:00:00,206.15
2025-04-15 10:00:00,202.01
2025-04-15 11:00:00,201.71
2025-04-15 12:00:00,204.98
2025-04-15 13:00:00,213.57
2025-04-15 14:00:00,217.21
2025-04-15 15:00:00,220.63
2025-04-15 16:00:00,223.73
2025-04-15 17:00:00,227.76
2025-04-15 18:00:00,231.72
2025-04-15 19:00:00,229.33
2025-04-15 20:00:00,227.51
2025-04-15 21:00:00,224.89
2025-04-15 22:00:00,222.59
2025-04-15 23:00:00,220.11
2025-04-16 00:00:00,215.62
2025-04-16 01:00:00,209.76
2025-04-16 02:00:00,205.75
2025-04-16 03:00:00,204.87
2025-04-16 04:00:00,205.11
2025-04-16 05:00:00,210.85
2025-04-16 06:00:00,214.57
2025-04-16 07:00:00,214.69
2025-04-16 08:00:00,214.39
2025-04-16 09:00:00,211.26
2025-04-16 10:00:00,210.4
2025-04-16 11:00:00,210.06
2025-04-16 12:00:00,207.83
2025-04-16 13:00:00,211.04
2025-04-16 14:00:00,214.15
2025-04-16 15:00:00,217.52
2025-04-16 16:00:00,220.2
2025-04-16 17:00:00,222.43
2025-04-16 18:00:00,225.93
2025-04-16 19:00:00,225.25
2025-04-16 20:00:00,223.6
2025-04-16 21:00:00,222.93
2025-04-16 22:00:00,220.97
2025-04-16 23:00:00,218.38
2025-04-17 00:00:00,214.32
2025-04-17 01:00:00,211.27
2025-04-17 02:00:00,208.1
2025-04-17 03:00:00,206.38
2025-04-17 04:00:00,206.59
2025-04-17 05:00:00,211.82
2025-04-17 06:00:00,215.56
2025-04-17 07:00:00,215.27
2025-04-17 08:00:00,214.46
2025-04-17 09:00:00,212.07
2025-04-17 10:00:00,209.77
2025-04-17 11:00:00,207.15
2025-04-17 12:00:00,202.76
2025-04-17 13:00:00,210.14
2025-04-17 14:00:00,215.09
2025-04-17 15:00:00,217.7
2025-04-17 16:00:00,219.93
2025-04-17 17:00:00,221.48
2025-04-17 18:00:00,224.71
2025-04-17 19:00:00,224.62
2025-04-17 20:00:00,222.73
2025-04-17 21:00:00,221.95
2025-04-17 22:00:00,219.47
2025-04-17 23:00:00,216.98
2025-04-18 00:00:00,208.97
2025-04-18 01:00:00,202.65
2025-04-18 02:00:00,185.09
2025-04-18 03:00:00,179.66
2025-04-18 04:00:00,176.86
2025-04-18 05:00:00,171.02
2025-04-18 06:00:00,77.6
2025-04-18 07:00:00,58.6
2025-04-18 08:00:00,58.6
2025-04-18 09:00:00,58.6
2025-04-18 10:00:00,58.6
2025-04-18 11:00:00,58.6
2025-04-18 12:00:00,58.6
2025-04-18 13:00:00,58.6
2025-04-18 14:00:00,58.6
2025-04-18 15:00:00,58.6
2025-04-18 16:00:00,183.72
2025-04-18 17:00:00,212.89
2025-04-18 18:00:00,220.01
2025-04-18 19:00:00,220.56
2025-04-18 20:00:00,219.84
2025-04-18 21:00:00,218.93
2025-04-18 22:00:00,216.87
2025-04-18 23:00:00,214.79
2025-04-19 00:00:00,179.17
2025-04-19 01:00:00,173.38
2025-04-19 02:00:00,169.8
2025-04-19 03:00:00,105.96
2025-04-19 04:00:00,92.92
2025-04-19 05:00:00,168.48
2025-04-19 06:00:00,167.81
2025-04-19 07:00:00,58.6
2025-04-19 08:00:00,58.6
2025-04-19 09:00:00,58.6
2025-04-19 10:00:00,58.6
2025-04-19 11:00:00,58.6
2025-04-19 12:00:00,58.6
2025-04-19 13:00:00,58.6
2025-04-19 14:00:00,58.6
2025-04-19 15:00:00,58.6
2025-04-19 16:00:00,174.16
2025-04-19 17:00:00,182.23
2025-04-19 18:00:00,185.24
2025-04-19 19:00:00,184.28
2025-04-19 20:00:00,183.36
2025-04-19 21:00:00,181.98
2025-04-19 22:00:00,180.93
2025-04-19 23:00:00,178.63
2025-04-20 00:00:00,179.37
2025-04-20 01:00:00,175.86
2025-04-20 02:00:00,172.0
2025-04-20 03:00:00,122.87
2025-04-20 04:00:00,156.68
2025-04-20 05:00:00,170.04
2025-04-20 06:00:00,91.86
2025-04-20 07:00:00,58.6
2025-04-20 08:00:00,58.6
2025-04-20 09:00:00,58.6
2025-04-20 10:00:00,58.6
2025-04-20 11:00:00,58.6
2025-04-20 12:00:00,58.6
2025-04-20 13:00:00,58.6
2025-04-20 14:00:00,58.6
2025-04-20 15:00:00,58.6
2025-04-20 16:00:00,84.74
2025-04-20 17:00:00,181.21
2025-04-20 18:00:00,186.24
2025-04-20 19:00:00,184.49
2025-04-20 20:00:00,183.46
2025-04-20 21:00:00,183.09
2025-04-20 22:00:00,182.75
2025-04-20 23:00:00,181.68
2025-04-21 00:00:00,181.18
2025-04-21 01:00:00,179.22
2025-04-21 02:00:00,176.38
2025-04-21 03:00:00,171.84
2025-04-21 04:00:00,175.6
2025-04-21 05:00:00,176.25
2025-04-21 06:00:00,133.94
2025-04-21 07:00:00,58.6
2025-04-21 08:00:00,58.6
2025-04-21 09:00:00,58.6
2025-04-21 10:00:00,58.6
2025-04-21 11:00:00,58.6
2025-04-21 12:00:00,58.6
2025-04-21 13:00:00,58.6
2025-04-21 14:00:00,58.6
2025-04-21 15:00:00,58.6
2025-04-21 16:00:00,126.08
2025-04-21 17:00:00,182.39
2025-04-21 18:00:00,188.3
2025-04-21 19:00:00,185.07
2025-04-21 20:00:00,183.21
2025-04-21 21:00:00,182.84
2025-04-21 22:00:00,181.56
2025-04-21 23:00:00,180.92
2025-04-22 00:00:00,179.95
2025-04-22 01:00:00,174.13
2025-04-22 02:00:00,151.24
2025-04-22 03:00:00,58.6
2025-04-22 04:00:00,58.6
2025-04-22 05:00:00,147.22
2025-04-22 06:00:00,178.5
2025-04-22 07:00:00,176.91
2025-04-22 08:00:00,166.63
2025-04-22 09:00:00,58.6
2025-04-22 10:00:00,58.6
2025-04-22 11:00:00,58.6
2025-04-22 12:00:00,58.6
2025-04-22 13:00:00,58.6
2025-04-22 14:00:00,86.09
2025-04-22 15:00:00,179.31
2025-04-22 16:00:00,181.98
2025-04-22 17:00:00,183.47
2025-04-22 18:00:00,188.57
2025-04-22 19:00:00,186.68
2025-04-22 20:00:00,184.66
2025-04-22 21:00:00,183.52
2025-04-22 22:00:00,182.66
2025-04-22 23:00:00,180.93
2025-04-23 00:00:00,175.3
2025-04-23 01:00:00,128.15
2025-04-23 02:00:00,58.6
2025-04-23 03:00:00,58.6
2025-04-23 04:00:00,58.6
2025-04-23 05:00:00,168.78
2025-04-23 06:00:00,177.21
2025-04-23 07:00:00,176.92
2025-04-23 08:00:00,174.06
2025-04-23 09:00:00,78.23
2025-04-23 10:00:00,58.6
2025-04-23 11:00:00,58.6
2025-04-23 12:00:00,58.6
2025-04-23 13:00:00,81.79
2025-04-23 14:00:00,175.09
2025-04-23 15:00:00,179.87
2025-04-23 16:00:00,181.95
2025-04-23 17:00:00,185.31
2025-04-23 18:00:00,190.1
2025-04-23 19:00:00,187.92
2025-04-23 20:00:00,186.61
2025-04-23 21:00:00,184.87
2025-04-23 22:00:00,182.75
2025-04-23 23:00:00,180.99
2025-04-24 00:00:00,181.09
2025-04-24 01:00:00,179.02
2025-04-24 02:00:00,177.01
2025-04-24 03:00:00,173.94
2025-04-24 04:00:00,175.72
2025-04-24 05:00:00,179.56
2025-04-24 06:00:00,180.86
2025-04-24 07:00:00,180.85
2025-04-24 08:00:00,179.72
2025-04-24 09:00:00,173.76
2025-04-24 10:00:00,171.57
2025-04-24 11:00:00,171.82
2025-04-24 12:00:00,171.89
2025-04-24 13:00:00,179.53
2025-04-24 14:00:00,181.26
2025-04-24 15:00:00,183.14
2025-04-24 16:00:00,185.41
2025-04-24 17:00:00,188.82
2025-04-24 18:00:00,192.0
2025-04-24 19:00:00,190.43
2025-04-24 20:00:00,188.56
2025-04-24 21:00:00,188.0
2025-04-24 22:00:00,185.09
2025-04-24 23:00:00,182.35
2025-04-25 00:00:00,180.31
2025-04-25 01:00:00,177.63
2025-04-25 02:00:00,172.86
2025-04-25 03:00:00,171.88
2025-04-25 04:00:00,173.18
2025-04-25 05:00:00,177.87
2025-04-25 06:00:00,178.58
2025-04-25 07:00:00,178.84
2025-04-25 08:00:00,177.74
2025-04-25 09:00:00,175.5
2025-04-25 10:00:00,172.64
2025-04-25 11:00:00,169.81
2025-04-25 12:00:00,169.67
2025-04-25 13:00:00,174.93
2025-04-25 14:00:00,180.11
2025-04-25 15:00:00,181.58
2025-04-25 16:00:00,183.0
2025-04-25 17:00:00,184.74
2025-04-25 18:00:00,188.22
2025-04-25 19:00:00,186.29
2025-04-25 20:00:00,185.58
2025-04-25 21:00:00,184.35
2025-04-25 22:00:00,182.85
2025-04-25 23:00:00,182.1
2025-04-26 00:00:00,271.65
2025-04-26 01:00:00,261.66
2025-04-26 02:00:00,233.4
2025-04-26 03:00:00,214.7
2025-04-26 04:00:00,203.71
2025-04-26 05:00:00,203.9
2025-04-26 06:00:00,196.25
2025-04-26 07:00:00,92.98
2025-04-26 08:00:00,58.6
2025-04-26 09:00:00,58.6
2025-04-26 10:00:00,58.6
2025-04-26 11:00:00,58.6
2025-04-26 12:00:00,58.6
2025-04-26 13:00:00,58.6
2025-04-26 14:00:00,58.6
2025-04-26 15:00:00,66.64
2025-04-26 16:00:00,208.11
2025-04-26 17:00:00,280.22
2025-04-26 18:00:00,286.71
2025-04-26 19:00:00,285.21
2025-04-26 20:00:00,283.42
2025-04-26 21:00:00,280.67
2025-04-26 22:00:00,274.91
2025-04-26 23:00:00,269.28
2025-04-27 00:00:00,271.25
2025-04-27 01:00:00,263.37
2025-04-27 02:00:00,258.73
2025-04-27 03:00:00,153.6
2025-04-27 04:00:00,98.99
2025-04-27 05:00:00,116.32
2025-04-27 06:00:00,62.4
2025-04-27 07:00:00,58.6
2025-04-27 08:00:00,58.6
2025-04-27 09:00:00,58.6
2025-04-27 10:00:00,58.6
2025-04-27 11:00:00,58.6
2025-04-27 12:00:00,58.6
2025-04-27 13:00:00,58.6
2025-04-27 14:00:00,58.6
2025-04-27 15:00:00,58.6
2025-04-27 16:00:00,261.8
2025-04-27 17:00:00,279.82
2025-04-27 18:00:00,286.67
2025-04-27 19:00:00,286.62
2025-04-27 20:00:00,285.53
2025-04-27 21:00:00,283.78
2025-04-27 22:00:00,281.26
2025-04-27 23:00:00,276.17
2025-04-28 00:00:00,270.95
2025-04-28 01:00:00,266.4
2025-04-28 02:00:00,266.38
2025-04-28 03:00:00,262.07
2025-04-28 04:00:00,267.04
2025-04-28 05:00:00,274.67
2025-04-28 06:00:00,279.52
2025-04-28 07:00:00,275.53
2025-04-28 08:00:00,275.14
2025-04-28 09:00:00,273.0
2025-04-28 10:00:00,268.64
2025-04-28 11:00:00,266.58
2025-04-28 12:00:00,251.81
2025-04-28 13:00:00,267.19
2025-04-28 14:00:00,275.39
2025-04-28 15:00:00,282.7
2025-04-28 16:00:00,290.02
2025-04-28 17:00:00,294.39
2025-04-28 18:00:00,295.44
2025-04-28 19:00:00,294.87
2025-04-28 20:00:00,293.49
2025-04-28 21:00:00,291.58
2025-04-28 22:00:00,287.84
2025-04-28 23:00:00,283.87
2025-04-29 00:00:00,277.44
2025-04-29 01:00:00,272.34
2025-04-29 02:00:00,270.29
2025-04-29 03:00:00,265.8
2025-04-29 04:00:00,268.41
2025-04-29 05:00:00,275.55
2025-04-29 06:00:00,279.32
2025-04-29 07:00:00,279.11
2025-04-29 08:00:00,274.99
2025-04-29 09:00:00,270.01
2025-04-29 10:00:00,265.12
2025-04-29 11:00:00,259.44
2025-04-29 12:00:00,149.32
2025-04-29 13:00:00,267.84
2025-04-29 14:00:00,274.78
2025-04-29 15:00:00,280.74
2025-04-29 16:00:00,288.91
2025-04-29 17:00:00,293.36
2025-04-29 18:00:00,297.87
2025-04-29 19:00:00,294.08
2025-04-29 20:00:00,294.0
2025-04-29 21:00:00,292.15
2025-04-29 22:00:00,286.87
2025-04-29 23:00:00,282.59
2025-04-30 00:00:00,279.66
2025-04-30 01:00:00,272.39
2025-04-30 02:00:00,270.65
2025-04-30 03:00:00,263.22
2025-04-30 04:00:00,265.52
2025-04-30 05:00:00,272.05
2025-04-30 06:00:00,274.63
2025-04-30 07:00:00,274.36
2025-04-30 08:00:00,272.56
2025-04-30 09:00:00,265.01
2025-04-30 10:00:00,234.6
2025-04-30 11:00:00,195.59
2025-04-30 12:00:00,58.6
2025-04-30 13:00:00,130.37
2025-04-30 14:00:00,271.13
2025-04-30 15:00:00,278.85
2025-04-30 16:00:00,282.33
2025-04-30 17:00:00,288.84
2025-04-30 18:00:00,295.22
2025-04-30 19:00:00,293.48
2025-04-30 20:00:00,292.02
2025-04-30 21:00:00,289.51
2025-04-30 22:00:00,284.7
2025-04-30 23:00:00,281.28
2025-05-01 00:00:00,236.86
2025-05-01 01:00:00,208.85
2025-05-01 02:00:00,67.14
2025-05-01 03:00:00,58.6
2025-05-01 04:00:00,58.6
2025-05-01 05:00:00,58.6
2025-05-01 06:00:00,58.6
2025-05-01 07:00:00,58.6
2025-05-01 08:00:00,58.6
2025-05-01 09:00:00,58.6
2025-05-01 10:00:00,58.6
2025-05-01 11:00:00,58.6
2025-05-01 12:00:00,58.6
2025-05-01 13:00:00,58.6
2025-05-01 14:00:00,58.6
2025-05-01 15:00:00,58.6
2025-05-01 16:00:00,120.76
2025-05-01 17:00:00,277.67
2025-05-01 18:00:00,287.09
2025-05-01 19:00:00,286.51
2025-05-01 20:00:00,285.22
2025-05-01 21:00:00,283.77
2025-05-01 22:00:00,281.06
2025-05-01 23:00:00,276.63
2025-05-02 00:00:00,58.6
2025-05-02 01:00:00,58.6
2025-05-02 02:00:00,58.6
2025-05-02 03:00:00,58.6
2025-05-02 04:00:00,58.6
2025-05-02 05:00:00,58.6
2025-05-02 06:00:00,67.53
2025-05-02 07:00:00,58.6
2025-05-02 08:00:00,58.6
2025-05-02 09:00:00,58.6
2025-05-02 10:00:00,58.6
2025-05-02 11:00:00,58.6
2025-05-02 12:00:00,58.6
2025-05-02 13:00:00,58.6
2025-05-02 14:00:00,58.6
2025-05-02 15:00:00,126.72
2025-05-02 16:00:00,273.28
2025-05-02 17:00:00,285.01
2025-05-02 18:00:00,290.81
2025-05-02 19:00:00,288.54
2025-05-02 20:00:00,284.51
2025-05-02 21:00:00,282.53
2025-05-02 22:00:00,279.02
2025-05-02 23:00:00,273.55
2025-05-03 00:00:00,63.32
2025-05-03 01:00:00,58.6
2025-05-03 02:00:00,58.6
2025-05-03 03:00:00,58.6
2025-05-03 04:00:00,58.6
2025-05-03 05:00:00,58.6
2025-05-03 06:00:00,58.6
2025-05-03 07:00:00,58.6
2025-05-03 08:00:00,58.6
2025-05-03 09:00:00,58.6
2025-05-03 10:00:00,58.6
2025-05-03 11:00:00,58.6
2025-05-03 12:00:00,58.6
2025-05-03 13:00:00,58.6
2025-05-03 14:00:00,58.6
2025-05-03 15:00:00,58.6
2025-05-03 16:00:00,105.91
2025-05-03 17:00:00,265.71
2025-05-03 18:00:00,274.31
2025-05-03 19:00:00,273.58
2025-05-03 20:00:00,270.89
2025-05-03 21:00:00,268.08
2025-05-03 22:00:00,259.96
2025-05-03 23:00:00,63.33
2025-05-04 00:00:00,58.6
2025-05-04 01:00:00,58.6
2025-05-04 02:00:00,58.6
2025-05-04 03:00:00,58.6
2025-05-04 04:00:00,58.6
2025-05-04 05:00:00,58.6
2025-05-04 06:00:00,58.6
2025-05-04 07:00:00,58.6
2025-05-04 08:00:00,58.6
2025-05-04 09:00:00,58.6
2025-05-04 10:00:00,58.6
2025-05-04 11:00:00,58.6
2025-05-04 12:00:00,58.6
2025-05-04 13:00:00,58.6
2025-05-04 14:00:00,58.6
2025-05-04 15:00:00,58.6
2025-05-04 16:00:00,58.6
2025-05-04 17:00:00,254.2
2025-05-04 18:00:00,274.18
2025-05-04 19:00:00,273.09
2025-05-04 20:00:00,272.45
2025-05-04 21:00:00,271.37
2025-05-04 22:00:00,267.63
2025-05-04 23:00:00,260.67
2025-05-05 00:00:00,58.6
2025-05-05 01:00:00,58.6
2025-05-05 02:00:00,58.6
2025-05-05 03:00:00,58.6
2025-05-05 04:00:00,58.6
2025-05-05 05:00:00,129.17
2025-05-05 06:00:00,268.78
2025-05-05 07:00:00,266.73
2025-05-05 08:00:00,130.6
2025-05-05 09:00:00,58.6
2025-05-05 10:00:00,58.6
2025-05-05 11:00:00,58.6
2025-05-05 12:00:00,58.6
2025-05-05 13:00:00,58.6
2025-05-05 14:00:00,126.25
2025-05-05 15:00:00,265.87
2025-05-05 16:00:00,274.48
2025-05-05 17:00:00,279.29
2025-05-05 18:00:00,286.72
2025-05-05 19:00:00,283.34
2025-05-05 20:00:00,280.72
2025-05-05 21:00:00,278.56
2025-05-05 22:00:00,275.47
2025-05-05 23:00:00,272.99
2025-05-06 00:00:00,269.3
2025-05-06 01:00:00,261.11
2025-05-06 02:00:00,125.39
2025-05-06 03:00:00,58.6
2025-05-06 04:00:00,126.67
2025-05-06 05:00:00,266.39
2025-05-06 06:00:00,273.36
2025-05-06 07:00:00,272.38
2025-05-06 08:00:00,268.34
2025-05-06 09:00:00,58.6
2025-05-06 10:00:00,58.6
2025-05-06 11:00:00,58.6
2025-05-06 12:00:00,58.6
2025-05-06 13:00:00,58.6
2025-05-06 14:00:00,261.47
2025-05-06 15:00:00,271.0
2025-05-06 16:00:00,276.46
2025-05-06 17:00:00,279.92
2025-05-06 18:00:00,283.98
2025-05-06 19:00:00,282.91
2025-05-06 20:00:00,281.13
2025-05-06 21:00:00,279.35
2025-05-06 22:00:00,276.44
2025-05-06 23:00:00,273.12
2025-05-07 00:00:00,270.53
2025-05-07 01:00:00,259.74
2025-05-07 02:00:00,235.08
2025-05-07 03:00:00,230.45
2025-05-07 04:00:00,246.36
2025-05-07 05:00:00,268.77
2025-05-07 06:00:00,274.76
2025-05-07 07:00:00,273.67
2025-05-07 08:00:00,266.5
2025-05-07 09:00:00,58.6
2025-05-07 10:00:00,58.6
2025-05-07 11:00:00,58.6
2025-05-07 12:00:00,58.6
2025-05-07 13:00:00,58.6
2025-05-07 14:00:00,254.46
2025-05-07 15:00:00,270.08
2025-05-07 16:00:00,276.93
2025-05-07 17:00:00,283.12
2025-05-07 18:00:00,287.81
2025-05-07 19:00:00,287.54
2025-05-07 20:00:00,284.63
2025-05-07 21:00:00,281.87
2025-05-07 22:00:00,278.23
2025-05-07 23:00:00,274.7
2025-05-08 00:00:00,271.15
2025-05-08 01:00:00,264.75
2025-05-08 02:00:00,259.3
2025-05-08 03:00:00,255.77
2025-05-08 04:00:00,254.58
2025-05-08 05:00:00,268.69
2025-05-08 06:00:00,271.99
2025-05-08 07:00:00,271.74
2025-05-08 08:00:00,269.82
2025-05-08 09:00:00,96.42
2025-05-08 10:00:00,58.6
2025-05-08 11:00:00,58.6
2025-05-08 12:00:00,58.6
2025-05-08 13:00:00,58.6
2025-05-08 14:00:00,257.3
2025-05-08 15:00:00,270.94
2025-05-08 16:00:00,277.23
2025-05-08 17:00:00,281.81
2025-05-08 18:00:00,290.23
2025-05-08 19:00:00,287.93
2025-05-08 20:00:00,285.4
2025-05-08 21:00:00,282.92
2025-05-08 22:00:00,279.04
2025-05-08 23:00:00,275.51
2025-05-09 00:00:00,272.88
2025-05-09 01:00:00,270.02
2025-05-09 02:00:00,265.11
2025-05-09 03:00:00,263.59
2025-05-09 04:00:00,263.49
2025-05-09 05:00:00,269.01
2025-05-09 06:00:00,272.41
2025-05-09 07:00:00,272.26
2025-05-09 08:00:00,269.71
2025-05-09 09:00:00,261.25
2025-05-09 10:00:00,113.36
2025-05-09 11:00:00,58.6
2025-05-09 12:00:00,58.6
2025-05-09 13:00:00,129.77
2025-05-09 14:00:00,268.31
2025-05-09 15:00:00,273.51
2025-05-09 16:00:00,277.03
2025-05-09 17:00:00,281.65
2025-05-09 18:00:00,290.05
2025-05-09 19:00:00,283.88
2025-05-09 20:00:00,281.8
2025-05-09 21:00:00,280.22
2025-05-09 22:00:00,278.39
2025-05-09 23:00:00,275.92
2025-05-10 00:00:00,291.61
2025-05-10 01:00:00,283.34
2025-05-10 02:00:00,281.86
2025-05-10 03:00:00,280.27
2025-05-10 04:00:00,279.95
2025-05-10 05:00:00,280.3
2025-05-10 06:00:00,279.63
2025-05-10 07:00:00,276.36
2025-05-10 08:00:00,112.87
2025-05-10 09:00:00,58.6
2025-05-10 10:00:00,58.6
2025-05-10 11:00:00,58.6
2025-05-10 12:00:00,58.6
2025-05-10 13:00:00,58.6
2025-05-10 14:00:00,58.6
2025-05-10 15:00:00,135.85
2025-05-10 16:00:00,287.95
2025-05-10 17:00:00,307.44
2025-05-10 18:00:00,324.2
2025-05-10 19:00:00,319.38
2025-05-10 20:00:00,317.41
2025-05-10 21:00:00,312.92
2025-05-10 22:00:00,304.12
2025-05-10 23:00:00,296.36
2025-05-11 00:00:00,285.64
2025-05-11 01:00:00,279.68
2025-05-11 02:00:00,239.43
2025-05-11 03:00:00,58.6
2025-05-11 04:00:00,58.6
2025-05-11 05:00:00,58.6
2025-05-11 06:00:00,58.6
2025-05-11 07:00:00,58.6
2025-05-11 08:00:00,58.6
2025-05-11 09:00:00,58.6
2025-05-11 10:00:00,58.6
2025-05-11 11:00:00,58.6
2025-05-11 12:00:00,58.6
2025-05-11 13:00:00,58.6
2025-05-11 14:00:00,58.6
2025-05-11 15:00:00,58.6
2025-05-11 16:00:00,137.35
2025-05-11 17:00:00,293.86
2025-05-11 18:00:00,306.34
2025-05-11 19:00:00,303.13
2025-05-11 20:00:00,300.85
2025-05-11 21:00:00,298.2
2025-05-11 22:00:00,293.75
2025-05-11 23:00:00,287.35
2025-05-12 00:00:00,279.09
2025-05-12 01:00:00,58.6
2025-05-12 02:00:00,58.6
2025-05-12 03:00:00,58.6
2025-05-12 04:00:00,58.6
2025-05-12 05:00:00,235.8
2025-05-12 06:00:00,293.3
2025-05-12 07:00:00,292.15
2025-05-12 08:00:00,290.92
2025-05-12 09:00:00,277.38
2025-05-12 10:00:00,58.6
2025-05-12 11:00:00,107.89
2025-05-12 12:00:00,58.6
2025-05-12 13:00:00,133.8
2025-05-12 14:00:00,283.64
2025-05-12 15:00:00,292.01
2025-05-12 16:00:00,302.7
2025-05-12 17:00:00,319.01
2025-05-12 18:00:00,321.05
2025-05-12 19:00:00,319.49
2025-05-12 20:00:00,319.14
2025-05-12 21:00:00,315.87
2025-05-12 22:00:00,300.04
2025-05-12 23:00:00,294.79
2025-05-13 00:00:00,283.79
2025-05-13 01:00:00,134.53
2025-05-13 02:00:00,58.6
2025-05-13 03:00:00,58.6
2025-05-13 04:00:00,58.6
2025-05-13 05:00:00,279.22
2025-05-13 06:00:00,290.35
2025-05-13 07:00:00,286.73
2025-05-13 08:00:00,283.59
2025-05-13 09:00:00,130.74
2025-05-13 10:00:00,58.6
2025-05-13 11:00:00,58.6
2025-05-13 12:00:00,58.6
2025-05-13 13:00:00,58.6
2025-05-13 14:00:00,135.28
2025-05-13 15:00:00,283.43
2025-05-13 16:00:00,289.29
2025-05-13 17:00:00,298.33
2025-05-13 18:00:00,310.11
2025-05-13 19:00:00,302.59
2025-05-13 20:00:00,300.23
2025-05-13 21:00:00,296.27
2025-05-13 22:00:00,293.37
2025-05-13 23:00:00,286.6
2025-05-14 00:00:00,286.05
2025-05-14 01:00:00,271.23
2025-05-14 02:00:00,58.6
2025-05-14 03:00:00,58.6
2025-05-14 04:00:00,114.44
2025-05-14 05:00:00,283.42
2025-05-14 06:00:00,292.04
2025-05-14 07:00:00,286.89
2025-05-14 08:00:00,283.82
2025-05-14 09:00:00,58.6
2025-05-14 10:00:00,58.6
2025-05-14 11:00:00,58.6
2025-05-14 12:00:00,58.6
2025-05-14 13:00:00,58.6
2025-05-14 14:00:00,129.2
2025-05-14 15:00:00,281.35
2025-05-14 16:00:00,290.49
2025-05-14 17:00:00,299.45
2025-05-14 18:00:00,318.61
2025-05-14 19:00:00,305.92
2025-05-14 20:00:00,302.11
2025-05-14 21:00:00,298.18
2025-05-14 22:00:00,295.37
2025-05-14 23:00:00,290.52
2025-05-15 00:00:00,287.85
2025-05-15 01:00:00,282.72
2025-05-15 02:00:00,271.33
2025-05-15 03:00:00,233.78
2025-05-15 04:00:00,248.32
2025-05-15 05:00:00,284.46
2025-05-15 06:00:00,289.01
2025-05-15 07:00:00,287.16
2025-05-15 08:00:00,279.95
2025-05-15 09:00:00,58.6
2025-05-15 10:00:00,58.6
2025-05-15 11:00:00,58.6
2025-05-15 12:00:00,58.6
2025-05-15 13:00:00,58.6
2025-05-15 14:00:00,133.42
2025-05-15 15:00:00,284.65
2025-05-15 16:00:00,292.4
2025-05-15 17:00:00,303.34
2025-05-15 18:00:00,323.08
2025-05-15 19:00:00,313.12
2025-05-15 20:00:00,305.75
2025-05-15 21:00:00,300.95
2025-05-15 22:00:00,296.94
2025-05-15 23:00:00,293.11
2025-05-16 00:00:00,287.85
2025-05-16 01:00:00,282.72
2025-05-16 02:00:00,271.33
2025-05-16 03:00:00,233.78
2025-05-16 04:00:00,248.32
2025-05-16 05:00:00,284.46
2025-05-16 06:00:00,289.01
2025-05-16 07:00:00,287.16
2025-05-16 08:00:00,279.95
2025-05-16 09:00:00,58.6
2025-05-16 10:00:00,58.6
2025-05-16 11:00:00,58.6
2025-05-16 12:00:00,58.6
2025-05-16 13:00:00,58.6
2025-05-16 14:00:00,133.42
2025-05-16 15:00:00,284.65
2025-05-16 16:00:00,292.4
2025-05-16 17:00:00,303.34
2025-05-16 18:00:00,323.08
2025-05-16 19:00:00,313.12
2025-05-16 20:00:00,305.75
2025-05-16 21:00:00,300.95
2025-05-16 22:00:00,296.94
2025-05-16 23:00:00,293.11
2025-05-17 00:00:00,272.21
2025-05-17 01:00:00,253.72
2025-05-17 02:00:00,228.96
2025-05-17 03:00:00,201.23
2025-05-17 04:00:00,183.32
2025-05-17 05:00:00,186.9
2025-05-17 06:00:00,188.34
2025-05-17 07:00:00,82.53
2025-05-17 08:00:00,58.6
2025-05-17 09:00:00,58.6
2025-05-17 10:00:00,58.6
2025-05-17 11:00:00,58.6
2025-05-17 12:00:00,58.6
2025-05-17 13:00:00,58.6
2025-05-17 14:00:00,58.6
2025-05-17 15:00:00,58.6
2025-05-17 16:00:00,221.51
2025-05-17 17:00:00,293.36
2025-05-17 18:00:00,305.94
2025-05-17 19:00:00,300.28
2025-05-17 20:00:00,300.44
2025-05-17 21:00:00,293.61
2025-05-17 22:00:00,282.78
2025-05-17 23:00:00,274.28
2025-05-18 00:00:00,252.41
2025-05-18 01:00:00,58.6
2025-05-18 02:00:00,58.6
2025-05-18 03:00:00,58.6
2025-05-18 04:00:00,58.6
2025-05-18 05:00:00,58.6
2025-05-18 06:00:00,58.6
2025-05-18 07:00:00,58.6
2025-05-18 08:00:00,58.6
2025-05-18 09:00:00,58.6
2025-05-18 10:00:00,58.6
2025-05-18 11:00:00,58.6
2025-05-18 12:00:00,58.6
2025-05-18 13:00:00,58.6
2025-05-18 14:00:00,58.6
2025-05-18 15:00:00,58.6
2025-05-18 16:00:00,123.45
2025-05-18 17:00:00,291.92
2025-05-18 18:00:00,300.35
2025-05-18 19:00:00,298.92
2025-05-18 20:00:00,296.66
2025-05-18 21:00:00,292.87
2025-05-18 22:00:00,290.05
2025-05-18 23:00:00,283.24
2025-05-19 00:00:00,135.51
2025-05-19 01:00:00,58.6
2025-05-19 02:00:00,58.6
2025-05-19 03:00:00,58.6
2025-05-19 04:00:00,58.6
2025-05-19 05:00:00,138.48
2025-05-19 06:00:00,288.33
2025-05-19 07:00:00,285.49
2025-05-19 08:00:00,280.75
2025-05-19 09:00:00,129.46
2025-05-19 10:00:00,58.6
2025-05-19 11:00:00,58.6
2025-05-19 12:00:00,58.6
2025-05-19 13:00:00,58.6
2025-05-19 14:00:00,132.58
2025-05-19 15:00:00,282.71
2025-05-19 16:00:00,296.58
2025-05-19 17:00:00,315.87
2025-05-19 18:00:00,322.67
2025-05-19 19:00:00,322.35
2025-05-19 20:00:00,318.58
2025-05-19 21:00:00,310.65
2025-05-19 22:00:00,301.25
2025-05-19 23:00:00,294.6
2025-05-20 00:00:00,287.65
2025-05-20 01:00:00,281.54
2025-05-20 02:00:00,278.97
2025-05-20 03:00:00,279.17
2025-05-20 04:00:00,279.66
2025-05-20 05:00:00,286.79
2025-05-20 06:00:00,294.57
2025-05-20 07:00:00,291.69
2025-05-20 08:00:00,286.0
2025-05-20 09:00:00,269.15
2025-05-20 10:00:00,222.84
2025-05-20 11:00:00,228.08
2025-05-20 12:00:00,234.53
2025-05-20 13:00:00,270.58
2025-05-20 14:00:00,283.39
2025-05-20 15:00:00,292.16
2025-05-20 16:00:00,307.36
2025-05-20 17:00:00,321.15
2025-05-20 18:00:00,324.37
2025-05-20 19:00:00,321.0
2025-05-20 20:00:00,320.37
2025-05-20 21:00:00,314.92
2025-05-20 22:00:00,303.1
2025-05-20 23:00:00,296.54
2025-05-21 00:00:00,291.52
2025-05-21 01:00:00,287.9
2025-05-21 02:00:00,287.63
2025-05-21 03:00:00,286.25
2025-05-21 04:00:00,286.58
2025-05-21 05:00:00,290.31
2025-05-21 06:00:00,295.27
2025-05-21 07:00:00,291.54
2025-05-21 08:00:00,285.63
2025-05-21 09:00:00,270.88
2025-05-21 10:00:00,264.29
2025-05-21 11:00:00,264.19
2025-05-21 12:00:00,259.55
2025-05-21 13:00:00,273.68
2025-05-21 14:00:00,283.19
2025-05-21 15:00:00,291.38
2025-05-21 16:00:00,303.99
2025-05-21 17:00:00,320.86
2025-05-21 18:00:00,341.22
2025-05-21 19:00:00,330.19
2025-05-21 20:00:00,322.29
2025-05-21 21:00:00,316.12
2025-05-21 22:00:00,302.61
2025-05-21 23:00:00,298.08
2025-05-22 00:00:00,294.51
2025-05-22 01:00:00,290.71
2025-05-22 02:00:00,287.85
2025-05-22 03:00:00,285.82
2025-05-22 04:00:00,287.02
2025-05-22 05:00:00,291.96
2025-05-22 06:00:00,295.38
2025-05-22 07:00:00,292.37
2025-05-22 08:00:00,285.32
2025-05-22 09:00:00,274.52
2025-05-22 10:00:00,259.36
2025-05-22 11:00:00,262.38
2025-05-22 12:00:00,264.99
2025-05-22 13:00:00,275.46
2025-05-22 14:00:00,285.39
2025-05-22 15:00:00,294.05
2025-05-22 16:00:00,304.46
2025-05-22 17:00:00,320.73
2025-05-22 18:00:00,331.21
2025-05-22 19:00:00,320.73
2025-05-22 20:00:00,315.52
2025-05-22 21:00:00,311.93
2025-05-22 22:00:00,301.66
2025-05-22 23:00:00,297.56
2025-05-23 00:00:00,291.18
2025-05-23 01:00:00,289.38
2025-05-23 02:00:00,286.58
2025-05-23 03:00:00,286.52
2025-05-23 04:00:00,287.33
2025-05-23 05:00:00,290.78
2025-05-23 06:00:00,297.31
2025-05-23 07:00:00,294.19
2025-05-23 08:00:00,287.77
2025-05-23 09:00:00,277.92
2025-05-23 10:00:00,260.02
2025-05-23 11:00:00,262.89
2025-05-23 12:00:00,263.75
2025-05-23 13:00:00,270.6
2025-05-23 14:00:00,281.58
2025-05-23 15:00:00,292.64
2025-05-23 16:00:00,304.12
2025-05-23 17:00:00,320.11
2025-05-23 18:00:00,326.23
2025-05-23 19:00:00,321.99
2025-05-23 20:00:00,311.39
2025-05-23 21:00:00,307.96
2025-05-23 22:00:00,303.23
2025-05-23 23:00:00,298.58
2025-05-24 00:00:00,259.86
2025-05-24 01:00:00,208.21
2025-05-24 02:00:00,173.33
2025-05-24 03:00:00,101.33
2025-05-24 04:00:00,101.2
2025-05-24 05:00:00,150.81
2025-05-24 06:00:00,170.12
2025-05-24 07:00:00,58.6
2025-05-24 08:00:00,58.6
2025-05-24 09:00:00,58.6
2025-05-24 10:00:00,58.6
2025-05-24 11:00:00,58.6
2025-05-24 12:00:00,58.6
2025-05-24 13:00:00,58.6
2025-05-24 14:00:00,58.6
2025-05-24 15:00:00,58.6
2025-05-24 16:00:00,271.15
2025-05-24 17:00:00,300.44
2025-05-24 18:00:00,310.48
2025-05-24 19:00:00,306.08
2025-05-24 20:00:00,302.55
2025-05-24 21:00:00,296.94
2025-05-24 22:00:00,290.28
2025-05-24 23:00:00,282.2
2025-05-25 00:00:00,146.43
2025-05-25 01:00:00,58.6
2025-05-25 02:00:00,58.6
2025-05-25 03:00:00,58.6
2025-05-25 04:00:00,58.6
2025-05-25 05:00:00,58.6
2025-05-25 06:00:00,58.6
2025-05-25 07:00:00,58.6
2025-05-25 08:00:00,58.6
2025-05-25 09:00:00,58.6
2025-05-25 10:00:00,58.6
2025-05-25 11:00:00,58.6
2025-05-25 12:00:00,58.6
2025-05-25 13:00:00,58.6
2025-05-25 14:00:00,58.6
2025-05-25 15:00:00,58.6
2025-05-25 16:00:00,108.7
2025-05-25 17:00:00,290.8
2025-05-25 18:00:00,308.23
2025-05-25 19:00:00,305.2
2025-05-25 20:00:00,298.8
2025-05-25 21:00:00,294.48
2025-05-25 22:00:00,288.8
2025-05-25 23:00:00,282.32
2025-05-26 00:00:00,132.21
2025-05-26 01:00:00,58.6
2025-05-26 02:00:00,58.6
2025-05-26 03:00:00,58.6
2025-05-26 04:00:00,58.6
2025-05-26 05:00:00,141.96
2025-05-26 06:00:00,294.19
2025-05-26 07:00:00,292.14
2025-05-26 08:00:00,285.56
2025-05-26 09:00:00,134.85
2025-05-26 10:00:00,58.6
2025-05-26 11:00:00,58.6
2025-05-26 12:00:00,58.6
2025-05-26 13:00:00,58.6
2025-05-26 14:00:00,135.54
2025-05-26 15:00:00,286.4
2025-05-26 16:00:00,299.26
2025-05-26 17:00:00,316.41
2025-05-26 18:00:00,322.26
2025-05-26 19:00:00,318.49
2025-05-26 20:00:00,315.26
2025-05-26 21:00:00,310.42
2025-05-26 22:00:00,303.26
2025-05-26 23:00:00,295.17
2025-05-27 00:00:00,292.37
2025-05-27 01:00:00,276.99
2025-05-27 02:00:00,114.6
2025-05-27 03:00:00,93.02
2025-05-27 04:00:00,143.13
2025-05-27 05:00:00,283.14
2025-05-27 06:00:00,297.76
2025-05-27 07:00:00,297.2
2025-05-27 08:00:00,293.69
2025-05-27 09:00:00,143.32
2025-05-27 10:00:00,58.6
2025-05-27 11:00:00,58.6
2025-05-27 12:00:00,58.6
2025-05-27 13:00:00,58.6
2025-05-27 14:00:00,280.02
2025-05-27 15:00:00,294.16
2025-05-27 16:00:00,305.61
2025-05-27 17:00:00,321.32
2025-05-27 18:00:00,323.18
2025-05-27 19:00:00,321.42
2025-05-27 20:00:00,316.49
2025-05-27 21:00:00,312.11
2025-05-27 22:00:00,304.48
2025-05-27 23:00:00,297.67
2025-05-28 00:00:00,290.06
2025-05-28 01:00:00,277.76
2025-05-28 02:00:00,269.61
2025-05-28 03:00:00,271.62
2025-05-28 04:00:00,272.29
2025-05-28 05:00:00,282.44
2025-05-28 06:00:00,296.53
2025-05-28 07:00:00,295.85
2025-05-28 08:00:00,295.96
2025-05-28 09:00:00,287.83
2025-05-28 10:00:00,278.4
2025-05-28 11:00:00,271.79
2025-05-28 12:00:00,258.64
2025-05-28 13:00:00,280.46
2025-05-28 14:00:00,291.2
2025-05-28 15:00:00,298.32
2025-05-28 16:00:00,310.15
2025-05-28 17:00:00,318.78
2025-05-28 18:00:00,320.21
2025-05-28 19:00:00,319.17
2025-05-28 20:00:00,315.63
2025-05-28 21:00:00,312.29
2025-05-28 22:00:00,305.41
2025-05-28 23:00:00,298.54
2025-05-29 00:00:00,294.27
2025-05-29 01:00:00,292.06
2025-05-29 02:00:00,290.59
2025-05-29 03:00:00,289.59
2025-05-29 04:00:00,290.11
2025-05-29 05:00:00,293.59
2025-05-29 06:00:00,297.17
2025-05-29 07:00:00,294.52
2025-05-29 08:00:00,290.05
2025-05-29 09:00:00,287.47
2025-05-29 10:00:00,286.35
2025-05-29 11:00:00,284.13
2025-05-29 12:00:00,267.31
2025-05-29 13:00:00,282.56
2025-05-29 14:00:00,289.72
2025-05-29 15:00:00,296.49
2025-05-29 16:00:00,306.4
2025-05-29 17:00:00,317.4
2025-05-29 18:00:00,318.97
2025-05-29 19:00:00,317.54
2025-05-29 20:00:00,314.45
2025-05-29 21:00:00,312.04
2025-05-29 22:00:00,304.29
2025-05-29 23:00:00,298.51
2025-05-30 00:00:00,298.68
2025-05-30 01:00:00,295.86
2025-05-30 02:00:00,295.01
2025-05-30 03:00:00,294.97
2025-05-30 04:00:00,294.53
2025-05-30 05:00:00,297.52
2025-05-30 06:00:00,300.53
2025-05-30 07:00:00,297.31
2025-05-30 08:00:00,294.22
2025-05-30 09:00:00,289.35
2025-05-30 10:00:00,288.1
2025-05-30 11:00:00,286.7
2025-05-30 12:00:00,273.81
2025-05-30 13:00:00,285.16
2025-05-30 14:00:00,292.81
2025-05-30 15:00:00,297.73
2025-05-30 16:00:00,305.64
2025-05-30 17:00:00,316.53
2025-05-30 18:00:00,317.78
2025-05-30 19:00:00,313.85
2025-05-30 20:00:00,309.87
2025-05-30 21:00:00,305.35
2025-05-30 22:00:00,301.47
2025-05-30 23:00:00,297.16
2025-05-31 00:00:00,307.39
2025-05-31 01:00:00,302.3
2025-05-31 02:00:00,301.38
2025-05-31 03:00:00,298.74
2025-05-31 04:00:00,300.43
2025-05-31 05:00:00,301.5
2025-05-31 06:00:00,301.24
2025-05-31 07:00:00,287.69
2025-05-31 08:00:00,107.79
2025-05-31 09:00:00,58.6
2025-05-31 10:00:00,58.6
2025-05-31 11:00:00,58.6
2025-05-31 12:00:00,58.6
2025-05-31 13:00:00,58.6
2025-05-31 14:00:00,58.6
2025-05-31 15:00:00,281.33
2025-05-31 16:00:00,308.0
2025-05-31 17:00:00,320.08
2025-05-31 18:00:00,320.1
2025-05-31 19:00:00,316.39
2025-05-31 20:00:00,314.03
2025-05-31 21:00:00,311.54
2025-05-31 22:00:00,306.9
2025-05-31 23:00:00,302.13
2025-06-01 00:00:00,303.91
2025-06-01 01:00:00,297.83
2025-06-01 02:00:00,255.52
2025-06-01 03:00:00,186.57
2025-06-01 04:00:00,194.93
2025-06-01 05:00:00,220.07
2025-06-01 06:00:00,118.29
2025-06-01 07:00:00,58.6
2025-06-01 08:00:00,58.6
2025-06-01 09:00:00,58.6
2025-06-01 10:00:00,58.6
2025-06-01 11:00:00,58.6
2025-06-01 12:00:00,58.6
2025-06-01 13:00:00,58.6
2025-06-01 14:00:00,58.6
2025-06-01 15:00:00,58.6
2025-06-01 16:00:00,297.94
2025-06-01 17:00:00,316.15
2025-06-01 18:00:00,319.63
2025-06-01 19:00:00,314.44
2025-06-01 20:00:00,310.92
2025-06-01 21:00:00,309.75
2025-06-01 22:00:00,304.05
2025-06-01 23:00:00,296.61
2025-06-02 00:00:00,304.51
2025-06-02 01:00:00,299.23
2025-06-02 02:00:00,284.42
2025-06-02 03:00:00,287.43
2025-06-02 04:00:00,292.45
2025-06-02 05:00:00,303.62
2025-06-02 06:00:00,309.53
2025-06-02 07:00:00,306.82
2025-06-02 08:00:00,305.11
2025-06-02 09:00:00,269.88
2025-06-02 10:00:00,165.24
2025-06-02 11:00:00,58.6
2025-06-02 12:00:00,58.6
2025-06-02 13:00:00,259.85
2025-06-02 14:00:00,303.46
2025-06-02 15:00:00,312.19
2025-06-02 16:00:00,317.77
2025-06-02 17:00:00,324.2
2025-06-02 18:00:00,325.86
2025-06-02 19:00:00,321.5
2025-06-02 20:00:00,319.81
2025-06-02 21:00:00,318.53
2025-06-02 22:00:00,314.75
2025-06-02 23:00:00,310.42
2025-06-03 00:00:00,309.78
2025-06-03 01:00:00,306.11
2025-06-03 02:00:00,304.72
2025-06-03 03:00:00,301.92
2025-06-03 04:00:00,304.72
2025-06-03 05:00:00,308.55
2025-06-03 06:00:00,312.19
2025-06-03 07:00:00,312.21
2025-06-03 08:00:00,310.82
2025-06-03 09:00:00,304.71
2025-06-03 10:00:00,206.95
2025-06-03 11:00:00,58.6
2025-06-03 12:00:00,58.6
2025-06-03 13:00:00,290.58
2025-06-03 14:00:00,308.79
2025-06-03 15:00:00,313.78
2025-06-03 16:00:00,318.75
2025-06-03 17:00:00,326.34
2025-06-03 18:00:00,327.53
2025-06-03 19:00:00,324.68
2025-06-03 20:00:00,321.26
2025-06-03 21:00:00,319.57
2025-06-03 22:00:00,316.13
2025-06-03 23:00:00,312.69
2025-06-04 00:00:00,311.84
2025-06-04 01:00:00,309.01
2025-06-04 02:00:00,305.37
2025-06-04 03:00:00,304.7
2025-06-04 04:00:00,307.41
2025-06-04 05:00:00,311.82
2025-06-04 06:00:00,313.78
2025-06-04 07:00:00,312.62
2025-06-04 08:00:00,309.61
2025-06-04 09:00:00,297.26
2025-06-04 10:00:00,255.96
2025-06-04 11:00:00,257.88
2025-06-04 12:00:00,265.18
2025-06-04 13:00:00,303.63
2025-06-04 14:00:00,312.75
2025-06-04 15:00:00,316.64
2025-06-04 16:00:00,323.19
2025-06-04 17:00:00,327.04
2025-06-04 18:00:00,330.92
2025-06-04 19:00:00,326.57
2025-06-04 20:00:00,325.19
2025-06-04 21:00:00,321.82
2025-06-04 22:00:00,318.31
2025-06-04 23:00:00,315.24
2025-06-05 00:00:00,312.83
2025-06-05 01:00:00,311.88
2025-06-05 02:00:00,311.33
2025-06-05 03:00:00,309.65
2025-06-05 04:00:00,310.33
2025-06-05 05:00:00,312.23
2025-06-05 06:00:00,313.19
2025-06-05 07:00:00,312.48
2025-06-05 08:00:00,310.65
2025-06-05 09:00:00,302.77
2025-06-05 10:00:00,297.43
2025-06-05 11:00:00,293.45
2025-06-05 12:00:00,290.73
2025-06-05 13:00:00,308.75
2025-06-05 14:00:00,312.98
2025-06-05 15:00:00,316.54
2025-06-05 16:00:00,322.79
2025-06-05 17:00:00,326.12
2025-06-05 18:00:00,329.52
2025-06-05 19:00:00,325.37
2025-06-05 20:00:00,324.32
2025-06-05 21:00:00,321.75
2025-06-05 22:00:00,319.38
2025-06-05 23:00:00,315.71
2025-06-06 00:00:00,312.33
2025-06-06 01:00:00,311.33
2025-06-06 02:00:00,310.09
2025-06-06 03:00:00,309.25
2025-06-06 04:00:00,310.05
2025-06-06 05:00:00,311.87
2025-06-06 06:00:00,312.88
2025-06-06 07:00:00,311.82
2025-06-06 08:00:00,309.38
2025-06-06 09:00:00,302.96
2025-06-06 10:00:00,301.38
2025-06-06 11:00:00,299.13
2025-06-06 12:00:00,295.58
2025-06-06 13:00:00,305.25
2025-06-06 14:00:00,310.18
2025-06-06 15:00:00,313.11
2025-06-06 16:00:00,318.41
2025-06-06 17:00:00,323.81
2025-06-06 18:00:00,325.16
2025-06-06 19:00:00,323.09
2025-06-06 20:00:00,320.36
2025-06-06 21:00:00,318.03
2025-06-06 22:00:00,315.15
2025-06-06 23:00:00,312.94
2025-06-07 00:00:00,279.88
2025-06-07 01:00:00,275.95
2025-06-07 02:00:00,274.02
2025-06-07 03:00:00,267.2
2025-06-07 04:00:00,272.79
2025-06-07 05:00:00,274.41
2025-06-07 06:00:00,272.87
2025-06-07 07:00:00,262.57
2025-06-07 08:00:00,157.79
2025-06-07 09:00:00,58.6
2025-06-07 10:00:00,58.6
2025-06-07 11:00:00,58.6
2025-06-07 12:00:00,58.6
2025-06-07 13:00:00,58.6
2025-06-07 14:00:00,159.18
2025-06-07 15:00:00,263.58
2025-06-07 16:00:00,280.69
2025-06-07 17:00:00,292.14
2025-06-07 18:00:00,292.87
2025-06-07 19:00:00,288.81
2025-06-07 20:00:00,286.79
2025-06-07 21:00:00,283.78
2025-06-07 22:00:00,280.9
2025-06-07 23:00:00,277.58
2025-06-08 00:00:00,278.5
2025-06-08 01:00:00,274.52
2025-06-08 02:00:00,271.54
2025-06-08 03:00:00,267.94
2025-06-08 04:00:00,269.77
2025-06-08 05:00:00,269.92
2025-06-08 06:00:00,261.43
2025-06-08 07:00:00,58.6
2025-06-08 08:00:00,58.6
2025-06-08 09:00:00,58.6
2025-06-08 10:00:00,58.6
2025-06-08 11:00:00,58.6
2025-06-08 12:00:00,58.6
2025-06-08 13:00:00,58.6
2025-06-08 14:00:00,58.6
2025-06-08 15:00:00,189.84
2025-06-08 16:00:00,280.07
2025-06-08 17:00:00,294.22
2025-06-08 18:00:00,297.78
2025-06-08 19:00:00,292.58
2025-06-08 20:00:00,288.67
2025-06-08 21:00:00,285.48
2025-06-08 22:00:00,282.19
2025-06-08 23:00:00,280.61
2025-06-09 00:00:00,282.34
2025-06-09 01:00:00,281.47
2025-06-09 02:00:00,281.52
2025-06-09 03:00:00,281.46
2025-06-09 04:00:00,282.1
2025-06-09 05:00:00,283.49
2025-06-09 06:00:00,286.52
2025-06-09 07:00:00,283.44
2025-06-09 08:00:00,281.88
2025-06-09 09:00:00,281.35
2025-06-09 10:00:00,281.4
2025-06-09 11:00:00,280.95
2025-06-09 12:00:00,279.9
2025-06-09 13:00:00,281.09
2025-06-09 14:00:00,282.03
2025-06-09 15:00:00,285.48
2025-06-09 16:00:00,296.09
2025-06-09 17:00:00,305.23
2025-06-09 18:00:00,312.13
2025-06-09 19:00:00,304.16
2025-06-09 20:00:00,301.39
2025-06-09 21:00:00,298.33
2025-06-09 22:00:00,292.81
2025-06-09 23:00:00,288.33
2025-06-10 00:00:00,285.68
2025-06-10 01:00:00,282.18
2025-06-10 02:00:00,281.04
2025-06-10 03:00:00,280.93
2025-06-10 04:00:00,281.08
2025-06-10 05:00:00,284.49
2025-06-10 06:00:00,288.22
2025-06-10 07:00:00,285.0
2025-06-10 08:00:00,281.64
2025-06-10 09:00:00,279.9
2025-06-10 10:00:00,279.46
2025-06-10 11:00:00,277.94
2025-06-10 12:00:00,275.58
2025-06-10 13:00:00,278.65
2025-06-10 14:00:00,280.45
2025-06-10 15:00:00,284.09
2025-06-10 16:00:00,294.9
2025-06-10 17:00:00,304.58
2025-06-10 18:00:00,309.72
2025-06-10 19:00:00,302.84
2025-06-10 20:00:00,299.95
2025-06-10 21:00:00,296.24
2025-06-10 22:00:00,291.22
2025-06-10 23:00:00,285.66
2025-06-11 00:00:00,281.32
2025-06-11 01:00:00,279.91
2025-06-11 02:00:00,279.47
2025-06-11 03:00:00,278.9
2025-06-11 04:00:00,279.22
2025-06-11 05:00:00,280.57
2025-06-11 06:00:00,281.93
2025-06-11 07:00:00,280.44
2025-06-11 08:00:00,278.25
2025-06-11 09:00:00,274.73
2025-06-11 10:00:00,272.51
2025-06-11 11:00:00,272.41
2025-06-11 12:00:00,264.64
2025-06-11 13:00:00,275.82
2025-06-11 14:00:00,278.45
2025-06-11 15:00:00,281.97
2025-06-11 16:00:00,287.74
2025-06-11 17:00:00,295.55
2025-06-11 18:00:00,300.88
2025-06-11 19:00:00,291.98
2025-06-11 20:00:00,290.0
2025-06-11 21:00:00,289.19
2025-06-11 22:00:00,285.81
2025-06-11 23:00:00,281.87
2025-06-12 00:00:00,277.3
2025-06-12 01:00:00,272.6
2025-06-12 02:00:00,269.19
2025-06-12 03:00:00,267.3
2025-06-12 04:00:00,268.79
2025-06-12 05:00:00,274.18
2025-06-12 06:00:00,276.05
2025-06-12 07:00:00,273.78
2025-06-12 08:00:00,268.52
2025-06-12 09:00:00,259.17
2025-06-12 10:00:00,258.0
2025-06-12 11:00:00,256.31
2025-06-12 12:00:00,58.6
2025-06-12 13:00:00,256.0
2025-06-12 14:00:00,274.0
2025-06-12 15:00:00,277.6
2025-06-12 16:00:00,282.64
2025-06-12 17:00:00,289.01
2025-06-12 18:00:00,290.58
2025-06-12 19:00:00,286.79
2025-06-12 20:00:00,283.38
2025-06-12 21:00:00,282.06
2025-06-12 22:00:00,279.75
2025-06-12 23:00:00,276.06
2025-06-13 00:00:00,275.38
2025-06-13 01:00:00,267.16
2025-06-13 02:00:00,256.1
2025-06-13 03:00:00,254.24
2025-06-13 04:00:00,261.35
2025-06-13 05:00:00,270.08
2025-06-13 06:00:00,271.78
2025-06-13 07:00:00,270.46
2025-06-13 08:00:00,266.7
2025-06-13 09:00:00,58.6
2025-06-13 10:00:00,58.6
2025-06-13 11:00:00,58.6
2025-06-13 12:00:00,58.6
2025-06-13 13:00:00,58.6
2025-06-13 14:00:00,108.8
2025-06-13 15:00:00,272.38
2025-06-13 16:00:00,278.94
2025-06-13 17:00:00,285.7
2025-06-13 18:00:00,288.1
2025-06-13 19:00:00,285.27
2025-06-13 20:00:00,284.54
2025-06-13 21:00:00,283.27
2025-06-13 22:00:00,279.84
2025-06-13 23:00:00,276.83
2025-06-14 00:00:00,268.23
2025-06-14 01:00:00,229.08
2025-06-14 02:00:00,189.46
2025-06-14 03:00:00,154.63
2025-06-14 04:00:00,178.09
2025-06-14 05:00:00,197.75
2025-06-14 06:00:00,198.74
2025-06-14 07:00:00,58.6
2025-06-14 08:00:00,58.6
2025-06-14 09:00:00,58.6
2025-06-14 10:00:00,58.6
2025-06-14 11:00:00,58.6
2025-06-14 12:00:00,58.6
2025-06-14 13:00:00,58.6
2025-06-14 14:00:00,58.6
2025-06-14 15:00:00,58.6
2025-06-14 16:00:00,262.72
2025-06-14 17:00:00,291.85
2025-06-14 18:00:00,296.15
2025-06-14 19:00:00,294.65
2025-06-14 20:00:00,289.27
2025-06-14 21:00:00,288.29
2025-06-14 22:00:00,284.8
2025-06-14 23:00:00,277.41
2025-06-15 00:00:00,280.05
2025-06-15 01:00:00,270.63
2025-06-15 02:00:00,261.8
2025-06-15 03:00:00,240.46
2025-06-15 04:00:00,248.17
2025-06-15 05:00:00,252.31
2025-06-15 06:00:00,128.52
2025-06-15 07:00:00,58.6
2025-06-15 08:00:00,58.6
2025-06-15 09:00:00,58.6
2025-06-15 10:00:00,58.6
2025-06-15 11:00:00,58.6
2025-06-15 12:00:00,58.6
2025-06-15 13:00:00,58.6
2025-06-15 14:00:00,58.6
2025-06-15 15:00:00,60.41
2025-06-15 16:00:00,286.87
2025-06-15 17:00:00,301.36
2025-06-15 18:00:00,307.25
2025-06-15 19:00:00,297.9
2025-06-15 20:00:00,295.0
2025-06-15 21:00:00,291.69
2025-06-15 22:00:00,287.45
2025-06-15 23:00:00,285.13
2025-06-16 00:00:00,287.52
2025-06-16 01:00:00,284.11
2025-06-16 02:00:00,282.65
2025-06-16 03:00:00,281.83
2025-06-16 04:00:00,282.31
2025-06-16 05:00:00,285.19
2025-06-16 06:00:00,289.36
2025-06-16 07:00:00,286.89
2025-06-16 08:00:00,282.03
2025-06-16 09:00:00,270.14
2025-06-16 10:00:00,259.45
2025-06-16 11:00:00,244.24
2025-06-16 12:00:00,58.6
2025-06-16 13:00:00,267.97
2025-06-16 14:00:00,283.2
2025-06-16 15:00:00,288.99
2025-06-16 16:00:00,296.0
2025-06-16 17:00:00,307.95
2025-06-16 18:00:00,309.51
2025-06-16 19:00:00,305.37
2025-06-16 20:00:00,298.21
2025-06-16 21:00:00,295.8
2025-06-16 22:00:00,291.28
2025-06-16 23:00:00,286.97
2025-06-17 00:00:00,284.04
2025-06-17 01:00:00,280.81
2025-06-17 02:00:00,278.11
2025-06-17 03:00:00,266.02
2025-06-17 04:00:00,276.99
2025-06-17 05:00:00,283.62
2025-06-17 06:00:00,287.09
2025-06-17 07:00:00,286.19
2025-06-17 08:00:00,282.6
2025-06-17 09:00:00,150.49
2025-06-17 10:00:00,58.6
2025-06-17 11:00:00,58.6
2025-06-17 12:00:00,58.6
2025-06-17 13:00:00,106.85
2025-06-17 14:00:00,280.89
2025-06-17 15:00:00,287.75
2025-06-17 16:00:00,296.16
2025-06-17 17:00:00,309.21
2025-06-17 18:00:00,311.22
2025-06-17 19:00:00,310.69
2025-06-17 20:00:00,303.11
2025-06-17 21:00:00,298.24
2025-06-17 22:00:00,291.71
2025-06-17 23:00:00,287.16
2025-06-18 00:00:00,286.02
2025-06-18 01:00:00,282.55
2025-06-18 02:00:00,278.76
2025-06-18 03:00:00,273.53
2025-06-18 04:00:00,277.52
2025-06-18 05:00:00,284.05
2025-06-18 06:00:00,287.75
2025-06-18 07:00:00,286.2
2025-06-18 08:00:00,283.69
2025-06-18 09:00:00,261.51
2025-06-18 10:00:00,58.6
2025-06-18 11:00:00,58.6
2025-06-18 12:00:00,58.6
2025-06-18 13:00:00,58.6
2025-06-18 14:00:00,275.02
2025-06-18 15:00:00,286.51
2025-06-18 16:00:00,297.57
2025-06-18 17:00:00,305.48
2025-06-18 18:00:00,308.53
2025-06-18 19:00:00,306.17
2025-06-18 20:00:00,299.34
2025-06-18 21:00:00,295.35
2025-06-18 22:00:00,291.59
2025-06-18 23:00:00,287.9
2025-06-19 00:00:00,284.87
2025-06-19 01:00:00,282.69
2025-06-19 02:00:00,281.76
2025-06-19 03:00:00,281.05
2025-06-19 04:00:00,281.89
2025-06-19 05:00:00,282.16
2025-06-19 06:00:00,279.97
2025-06-19 07:00:00,106.85
2025-06-19 08:00:00,58.6
2025-06-19 09:00:00,58.6
2025-06-19 10:00:00,58.6
2025-06-19 11:00:00,58.6
2025-06-19 12:00:00,58.6
2025-06-19 13:00:00,58.6
2025-06-19 14:00:00,58.6
2025-06-19 15:00:00,256.0
2025-06-19 16:00:00,288.21
2025-06-19 17:00:00,303.3
2025-06-19 18:00:00,305.79
2025-06-19 19:00:00,299.92
2025-06-19 20:00:00,294.11
2025-06-19 21:00:00,291.19
2025-06-19 22:00:00,287.19
2025-06-19 23:00:00,284.57
2025-06-20 00:00:00,286.63
2025-06-20 01:00:00,284.15
2025-06-20 02:00:00,283.06
2025-06-20 03:00:00,281.76
2025-06-20 04:00:00,282.08
2025-06-20 05:00:00,284.15
2025-06-20 06:00:00,284.78
2025-06-20 07:00:00,282.97
2025-06-20 08:00:00,279.49
2025-06-20 09:00:00,58.6
2025-06-20 10:00:00,58.6
2025-06-20 11:00:00,58.6
2025-06-20 12:00:00,58.61
2025-06-20 13:00:00,275.94
2025-06-20 14:00:00,283.63
2025-06-20 15:00:00,289.95
2025-06-20 16:00:00,296.94
2025-06-20 17:00:00,306.66
2025-06-20 18:00:00,309.65
2025-06-20 19:00:00,305.89
2025-06-20 20:00:00,299.22
2025-06-20 21:00:00,295.06
2025-06-20 22:00:00,290.3
2025-06-20 23:00:00,287.12
2025-06-21 00:00:00,249.25
2025-06-21 01:00:00,245.98
2025-06-21 02:00:00,243.73
2025-06-21 03:00:00,236.01
2025-06-21 04:00:00,241.25
2025-06-21 05:00:00,244.23
2025-06-21 06:00:00,244.06
2025-06-21 07:00:00,225.68
2025-06-21 08:00:00,58.6
2025-06-21 09:00:00,58.6
2025-06-21 10:00:00,58.6
2025-06-21 11:00:00,58.6
2025-06-21 12:00:00,58.6
2025-06-21 13:00:00,58.6
2025-06-21 14:00:00,69.35
2025-06-21 15:00:00,239.59
2025-06-21 16:00:00,252.99
2025-06-21 17:00:00,267.0
2025-06-21 18:00:00,273.95
2025-06-21 19:00:00,261.66
2025-06-21 20:00:00,255.38
2025-06-21 21:00:00,253.94
2025-06-21 22:00:00,249.66
2025-06-21 23:00:00,246.48
2025-06-22 00:00:00,246.95
2025-06-22 01:00:00,244.16
2025-06-22 02:00:00,243.05
2025-06-22 03:00:00,242.15
2025-06-22 04:00:00,243.01
2025-06-22 05:00:00,243.06
2025-06-22 06:00:00,239.32
2025-06-22 07:00:00,58.6
2025-06-22 08:00:00,58.6
2025-06-22 09:00:00,58.6
2025-06-22 10:00:00,58.6
2025-06-22 11:00:00,58.6
2025-06-22 12:00:00,58.6
2025-06-22 13:00:00,58.6
2025-06-22 14:00:00,58.6
2025-06-22 15:00:00,58.6
2025-06-22 16:00:00,247.06
2025-06-22 17:00:00,261.75
2025-06-22 18:00:00,271.62
2025-06-22 19:00:00,256.87
2025-06-22 20:00:00,253.61
2025-06-22 21:00:00,251.3
2025-06-22 22:00:00,248.04
2025-06-22 23:00:00,245.52
2025-06-23 00:00:00,245.01
2025-06-23 01:00:00,242.25
2025-06-23 02:00:00,231.07
2025-06-23 03:00:00,232.88
2025-06-23 04:00:00,238.92
2025-06-23 05:00:00,245.67
2025-06-23 06:00:00,247.95
2025-06-23 07:00:00,245.3
2025-06-23 08:00:00,240.59
2025-06-23 09:00:00,106.77
2025-06-23 10:00:00,106.56
2025-06-23 11:00:00,111.18
2025-06-23 12:00:00,95.1
2025-06-23 13:00:00,232.81
2025-06-23 14:00:00,247.08
2025-06-23 15:00:00,252.56
2025-06-23 16:00:00,255.89
2025-06-23 17:00:00,266.59
2025-06-23 18:00:00,269.03
2025-06-23 19:00:00,262.73
2025-06-23 20:00:00,258.23
2025-06-23 21:00:00,254.79
2025-06-23 22:00:00,252.98
2025-06-23 23:00:00,249.74
2025-06-24 00:00:00,245.74
2025-06-24 01:00:00,243.92
2025-06-24 02:00:00,243.36
2025-06-24 03:00:00,242.91
2025-06-24 04:00:00,243.66
2025-06-24 05:00:00,245.69
2025-06-24 06:00:00,250.0
2025-06-24 07:00:00,247.01
2025-06-24 08:00:00,243.37
2025-06-24 09:00:00,236.24
2025-06-24 10:00:00,236.27
2025-06-24 11:00:00,231.53
2025-06-24 12:00:00,119.88
2025-06-24 13:00:00,227.28
2025-06-24 14:00:00,243.8
2025-06-24 15:00:00,250.89
2025-06-24 16:00:00,254.94
2025-06-24 17:00:00,271.13
2025-06-24 18:00:00,280.49
2025-06-24 19:00:00,266.98
2025-06-24 20:00:00,260.93
2025-06-24 21:00:00,253.71
2025-06-24 22:00:00,252.02
2025-06-24 23:00:00,247.3
2025-06-25 00:00:00,243.26
2025-06-25 01:00:00,239.13
2025-06-25 02:00:00,231.2
2025-06-25 03:00:00,230.09
2025-06-25 04:00:00,231.26
2025-06-25 05:00:00,240.83
2025-06-25 06:00:00,242.96
2025-06-25 07:00:00,241.34
2025-06-25 08:00:00,230.19
2025-06-25 09:00:00,58.6
2025-06-25 10:00:00,58.6
2025-06-25 11:00:00,58.6
2025-06-25 12:00:00,58.6
2025-06-25 13:00:00,94.47
2025-06-25 14:00:00,231.72
2025-06-25 15:00:00,244.13
2025-06-25 16:00:00,250.45
2025-06-25 17:00:00,259.3
2025-06-25 18:00:00,262.61
2025-06-25 19:00:00,258.01
2025-06-25 20:00:00,253.07
2025-06-25 21:00:00,251.54
2025-06-25 22:00:00,248.39
2025-06-25 23:00:00,242.65
2025-06-26 00:00:00,242.76
2025-06-26 01:00:00,235.33
2025-06-26 02:00:00,209.64
2025-06-26 03:00:00,212.71
2025-06-26 04:00:00,217.09
2025-06-26 05:00:00,237.97
2025-06-26 06:00:00,242.53
2025-06-26 07:00:00,242.69
2025-06-26 08:00:00,235.81
2025-06-26 09:00:00,58.6
2025-06-26 10:00:00,58.6
2025-06-26 11:00:00,58.6
2025-06-26 12:00:00,58.6
2025-06-26 13:00:00,58.6
2025-06-26 14:00:00,176.1
2025-06-26 15:00:00,245.64
2025-06-26 16:00:00,252.93
2025-06-26 17:00:00,264.3
2025-06-26 18:00:00,266.14
2025-06-26 19:00:00,261.66
2025-06-26 20:00:00,255.33
2025-06-26 21:00:00,251.74
2025-06-26 22:00:00,250.19
2025-06-26 23:00:00,245.11
2025-06-27 00:00:00,245.76
2025-06-27 01:00:00,242.51
2025-06-27 02:00:00,241.72
2025-06-27 03:00:00,240.9
2025-06-27 04:00:00,241.11
2025-06-27 05:00:00,243.13
2025-06-27 06:00:00,243.35
2025-06-27 07:00:00,242.57
2025-06-27 08:00:00,239.71
2025-06-27 09:00:00,233.64
2025-06-27 10:00:00,228.51
2025-06-27 11:00:00,222.36
2025-06-27 12:00:00,158.12
2025-06-27 13:00:00,232.64
2025-06-27 14:00:00,241.7
2025-06-27 15:00:00,247.63
2025-06-27 16:00:00,250.25
2025-06-27 17:00:00,264.0
2025-06-27 18:00:00,268.58
2025-06-27 19:00:00,260.58
2025-06-27 20:00:00,253.39
2025-06-27 21:00:00,250.46
2025-06-27 22:00:00,248.57
2025-06-27 23:00:00,244.98
2025-06-28 00:00:00,232.22
2025-06-28 01:00:00,216.62
2025-06-28 02:00:00,175.86
2025-06-28 03:00:00,112.43
2025-06-28 04:00:00,120.46
2025-06-28 05:00:00,143.89
2025-06-28 06:00:00,164.36
2025-06-28 07:00:00,58.6
2025-06-28 08:00:00,58.6
2025-06-28 09:00:00,58.6
2025-06-28 10:00:00,58.6
2025-06-28 11:00:00,58.6
2025-06-28 12:00:00,58.6
2025-06-28 13:00:00,58.6
2025-06-28 14:00:00,58.6
2025-06-28 15:00:00,58.6
2025-06-28 16:00:00,217.74
2025-06-28 17:00:00,243.42
2025-06-28 18:00:00,255.13
2025-06-28 19:00:00,245.14
2025-06-28 20:00:00,237.01
2025-06-28 21:00:00,232.18
2025-06-28 22:00:00,226.47
2025-06-28 23:00:00,166.96
2025-06-29 00:00:00,223.44
2025-06-29 01:00:00,102.14
2025-06-29 02:00:00,58.6
2025-06-29 03:00:00,58.6
2025-06-29 04:00:00,58.6
2025-06-29 05:00:00,58.6
2025-06-29 06:00:00,58.6
2025-06-29 07:00:00,58.6
2025-06-29 08:00:00,58.6
2025-06-29 09:00:00,58.6
2025-06-29 10:00:00,58.6
2025-06-29 11:00:00,58.6
2025-06-29 12:00:00,58.6
2025-06-29 13:00:00,58.6
2025-06-29 14:00:00,58.6
2025-06-29 15:00:00,58.6
2025-06-29 16:00:00,215.57
2025-06-29 17:00:00,249.66
2025-06-29 18:00:00,256.75
2025-06-29 19:00:00,251.09
2025-06-29 20:00:00,245.21
2025-06-29 21:00:00,239.26
2025-06-29 22:00:00,232.18
2025-06-29 23:00:00,227.66
2025-06-30 00:00:00,221.22
2025-06-30 01:00:00,215.33
2025-06-30 02:00:00,211.4
2025-06-30 03:00:00,210.14
2025-06-30 04:00:00,212.85
2025-06-30 05:00:00,217.11
2025-06-30 06:00:00,224.91
2025-06-30 07:00:00,220.08
2025-06-30 08:00:00,212.96
2025-06-30 09:00:00,178.39
2025-06-30 10:00:00,194.2
2025-06-30 11:00:00,194.99
2025-06-30 12:00:00,135.67
2025-06-30 13:00:00,205.48
2025-06-30 14:00:00,222.09
2025-06-30 15:00:00,232.66
2025-06-30 16:00:00,241.01
2025-06-30 17:00:00,249.63
2025-06-30 18:00:00,254.72
2025-06-30 19:00:00,248.68
2025-06-30 20:00:00,245.04
2025-06-30 21:00:00,242.11
2025-06-30 22:00:00,236.31
2025-06-30 23:00:00,228.63
2025-07-01 00:00:00,224.49
2025-07-01 01:00:00,208.77
2025-07-01 02:00:00,196.43
2025-07-01 03:00:00,199.58
2025-07-01 04:00:00,201.2
2025-07-01 05:00:00,217.68
2025-07-01 06:00:00,223.04
2025-07-01 07:00:00,220.49
2025-07-01 08:00:00,203.17
2025-07-01 09:00:00,176.36
2025-07-01 10:00:00,173.74
2025-07-01 11:00:00,136.41
2025-07-01 12:00:00,58.6
2025-07-01 13:00:00,137.42
2025-07-01 14:00:00,202.82
2025-07-01 15:00:00,225.19
2025-07-01 16:00:00,240.1
2025-07-01 17:00:00,249.13
2025-07-01 18:00:00,256.65
2025-07-01 19:00:00,246.73
2025-07-01 20:00:00,241.78
2025-07-01 21:00:00,238.45
2025-07-01 22:00:00,229.58
2025-07-01 23:00:00,223.49
2025-07-02 00:00:00,201.72
2025-07-02 01:00:00,113.61
2025-07-02 02:00:00,58.6
2025-07-02 03:00:00,58.6
2025-07-02 04:00:00,73.38
2025-07-02 05:00:00,160.93
2025-07-02 06:00:00,173.83
2025-07-02 07:00:00,152.99
2025-07-02 08:00:00,58.6
2025-07-02 09:00:00,58.6
2025-07-02 10:00:00,58.6
2025-07-02 11:00:00,58.6
2025-07-02 12:00:00,58.6
2025-07-02 13:00:00,58.6
2025-07-02 14:00:00,58.6
2025-07-02 15:00:00,195.15
2025-07-02 16:00:00,228.32
2025-07-02 17:00:00,243.32
2025-07-02 18:00:00,245.04
2025-07-02 19:00:00,243.58
2025-07-02 20:00:00,241.88
2025-07-02 21:00:00,235.65
2025-07-02 22:00:00,225.38
2025-07-02 23:00:00,187.73
2025-07-03 00:00:00,199.67
2025-07-03 01:00:00,172.7
2025-07-03 02:00:00,127.35
2025-07-03 03:00:00,125.84
2025-07-03 04:00:00,148.66
2025-07-03 05:00:00,176.4
2025-07-03 06:00:00,188.11
2025-07-03 07:00:00,169.37
2025-07-03 08:00:00,58.6
2025-07-03 09:00:00,58.6
2025-07-03 10:00:00,58.6
2025-07-03 11:00:00,58.6
2025-07-03 12:00:00,58.6
2025-07-03 13:00:00,58.6
2025-07-03 14:00:00,58.6
2025-07-03 15:00:00,194.72
2025-07-03 16:00:00,237.22
2025-07-03 17:00:00,246.76
2025-07-03 18:00:00,247.71
2025-07-03 19:00:00,244.55
2025-07-03 20:00:00,241.78
2025-07-03 21:00:00,240.14
2025-07-03 22:00:00,229.71
2025-07-03 23:00:00,208.42
2025-07-04 00:00:00,223.35
2025-07-04 01:00:00,218.26
2025-07-04 02:00:00,192.65
2025-07-04 03:00:00,193.91
2025-07-04 04:00:00,197.53
2025-07-04 05:00:00,218.46
2025-07-04 06:00:00,222.23
2025-07-04 07:00:00,218.12
2025-07-04 08:00:00,98.79
2025-07-04 09:00:00,58.6
2025-07-04 10:00:00,58.6
2025-07-04 11:00:00,58.6
2025-07-04 12:00:00,58.6
2025-07-04 13:00:00,58.6
2025-07-04 14:00:00,95.02
2025-07-04 15:00:00,221.33
2025-07-04 16:00:00,232.99
2025-07-04 17:00:00,242.71
2025-07-04 18:00:00,245.38
2025-07-04 19:00:00,241.6
2025-07-04 20:00:00,235.64
2025-07-04 21:00:00,230.58
2025-07-04 22:00:00,227.18
2025-07-04 23:00:00,222.98
2025-07-05 00:00:00,191.02
2025-07-05 01:00:00,138.35
2025-07-05 02:00:00,74.28
2025-07-05 03:00:00,63.83
2025-07-05 04:00:00,79.08
2025-07-05 05:00:00,107.89
2025-07-05 06:00:00,112.31
2025-07-05 07:00:00,58.6
2025-07-05 08:00:00,58.6
2025-07-05 09:00:00,58.6
2025-07-05 10:00:00,58.6
2025-07-05 11:00:00,58.6
2025-07-05 12:00:00,58.6
2025-07-05 13:00:00,58.6
2025-07-05 14:00:00,58.6
2025-07-05 15:00:00,58.6
2025-07-05 16:00:00,186.0
2025-07-05 17:00:00,254.81
2025-07-05 18:00:00,265.15
2025-07-05 19:00:00,257.16
2025-07-05 20:00:00,244.89
2025-07-05 21:00:00,239.84
2025-07-05 22:00:00,190.75
2025-07-05 23:00:00,157.61
2025-07-06 00:00:00,71.81
2025-07-06 01:00:00,58.6
2025-07-06 02:00:00,58.6
2025-07-06 03:00:00,58.6
2025-07-06 04:00:00,58.6
2025-07-06 05:00:00,58.6
2025-07-06 06:00:00,58.6
2025-07-06 07:00:00,58.6
2025-07-06 08:00:00,58.6
2025-07-06 09:00:00,58.6
2025-07-06 10:00:00,58.6
2025-07-06 11:00:00,58.6
2025-07-06 12:00:00,58.6
2025-07-06 13:00:00,58.6
2025-07-06 14:00:00,58.6
2025-07-06 15:00:00,58.6
2025-07-06 16:00:00,58.6
2025-07-06 17:00:00,237.56
2025-07-06 18:00:00,256.28
2025-07-06 19:00:00,244.88
2025-07-06 20:00:00,232.93
2025-07-06 21:00:00,188.56
2025-07-06 22:00:00,112.7
2025-07-06 23:00:00,95.97
2025-07-07 00:00:00,58.6
2025-07-07 01:00:00,58.6
2025-07-07 02:00:00,58.6
2025-07-07 03:00:00,58.6
2025-07-07 04:00:00,58.6
2025-07-07 05:00:00,58.6
2025-07-07 06:00:00,58.6
2025-07-07 07:00:00,58.6
2025-07-07 08:00:00,58.6
2025-07-07 09:00:00,58.6
2025-07-07 10:00:00,58.6
2025-07-07 11:00:00,58.6
2025-07-07 12:00:00,58.6
2025-07-07 13:00:00,58.6
2025-07-07 14:00:00,58.6
2025-07-07 15:00:00,58.6
2025-07-07 16:00:00,191.9
2025-07-07 17:00:00,255.11
2025-07-07 18:00:00,263.56
2025-07-07 19:00:00,259.69
2025-07-07 20:00:00,249.36
2025-07-07 21:00:00,243.03
2025-07-07 22:00:00,205.91
2025-07-07 23:00:00,58.6
2025-07-08 00:00:00,113.14
2025-07-08 01:00:00,108.86
2025-07-08 02:00:00,108.24
2025-07-08 03:00:00,108.34
2025-07-08 04:00:00,108.28
2025-07-08 05:00:00,109.77
2025-07-08 06:00:00,160.04
2025-07-08 07:00:00,111.11
2025-07-08 08:00:00,65.89
2025-07-08 09:00:00,58.6
2025-07-08 10:00:00,58.6
2025-07-08 11:00:00,58.6
2025-07-08 12:00:00,58.6
2025-07-08 13:00:00,58.6
2025-07-08 14:00:00,58.6
2025-07-08 15:00:00,143.47
2025-07-08 16:00:00,242.63
2025-07-08 17:00:00,261.51
2025-07-08 18:00:00,266.03
2025-07-08 19:00:00,264.26
2025-07-08 20:00:00,257.17
2025-07-08 21:00:00,249.28
2025-07-08 22:00:00,241.26
2025-07-08 23:00:00,159.03
2025-07-09 00:00:00,202.55
2025-07-09 01:00:00,141.37
2025-07-09 02:00:00,139.22
2025-07-09 03:00:00,139.05
2025-07-09 04:00:00,139.3
2025-07-09 05:00:00,141.56
2025-07-09 06:00:00,180.98
2025-07-09 07:00:00,141.36
2025-07-09 08:00:00,75.04
2025-07-09 09:00:00,58.6
2025-07-09 10:00:00,58.6
2025-07-09 11:00:00,58.6
2025-07-09 12:00:00,58.6
2025-07-09 13:00:00,58.6
2025-07-09 14:00:00,136.13
2025-07-09 15:00:00,185.04
2025-07-09 16:00:00,245.0
2025-07-09 17:00:00,261.29
2025-07-09 18:00:00,265.83
2025-07-09 19:00:00,263.13
2025-07-09 20:00:00,254.27
2025-07-09 21:00:00,244.86
2025-07-09 22:00:00,238.9
2025-07-09 23:00:00,144.74
2025-07-10 00:00:00,225.94
2025-07-10 01:00:00,218.72
2025-07-10 02:00:00,215.56
2025-07-10 03:00:00,215.21
2025-07-10 04:00:00,214.76
2025-07-10 05:00:00,221.12
2025-07-10 06:00:00,224.26
2025-07-10 07:00:00,220.23
2025-07-10 08:00:00,210.54
2025-07-10 09:00:00,58.6
2025-07-10 10:00:00,58.6
2025-07-10 11:00:00,58.6
2025-07-10 12:00:00,58.6
2025-07-10 13:00:00,58.6
2025-07-10 14:00:00,177.67
2025-07-10 15:00:00,227.14
2025-07-10 16:00:00,246.04
2025-07-10 17:00:00,260.39
2025-07-10 18:00:00,267.35
2025-07-10 19:00:00,260.35
2025-07-10 20:00:00,252.67
2025-07-10 21:00:00,245.23
2025-07-10 22:00:00,241.25
2025-07-10 23:00:00,234.1
2025-07-11 00:00:00,240.86
2025-07-11 01:00:00,237.32
2025-07-11 02:00:00,235.29
2025-07-11 03:00:00,235.01
2025-07-11 04:00:00,235.29
2025-07-11 05:00:00,238.42
2025-07-11 06:00:00,240.7
2025-07-11 07:00:00,239.0
2025-07-11 08:00:00,236.33
2025-07-11 09:00:00,58.6
2025-07-11 10:00:00,58.6
2025-07-11 11:00:00,58.6
2025-07-11 12:00:00,58.6
2025-07-11 13:00:00,58.6
2025-07-11 14:00:00,224.93
2025-07-11 15:00:00,238.9
2025-07-11 16:00:00,246.25
2025-07-11 17:00:00,256.01
2025-07-11 18:00:00,262.77
2025-07-11 19:00:00,256.14
2025-07-11 20:00:00,250.94
2025-07-11 21:00:00,246.27
2025-07-11 22:00:00,243.14
2025-07-11 23:00:00,240.65
2025-07-12 00:00:00,224.93
2025-07-12 01:00:00,74.46
2025-07-12 02:00:00,58.6
2025-07-12 03:00:00,58.6
2025-07-12 04:00:00,58.6
2025-07-12 05:00:00,58.6
2025-07-12 06:00:00,58.6
2025-07-12 07:00:00,58.6
2025-07-12 08:00:00,58.6
2025-07-12 09:00:00,58.6
2025-07-12 10:00:00,58.6
2025-07-12 11:00:00,58.6
2025-07-12 12:00:00,58.6
2025-07-12 13:00:00,58.6
2025-07-12 14:00:00,58.6
2025-07-12 15:00:00,58.6
2025-07-12 16:00:00,156.71
2025-07-12 17:00:00,259.93
2025-07-12 18:00:00,269.27
2025-07-12 19:00:00,265.09
2025-07-12 20:00:00,255.5
2025-07-12 21:00:00,249.26
2025-07-12 22:00:00,230.06
2025-07-12 23:00:00,138.54
2025-07-13 00:00:00,58.6
2025-07-13 01:00:00,58.6
2025-07-13 02:00:00,58.6
2025-07-13 03:00:00,58.6
2025-07-13 04:00:00,58.6
2025-07-13 05:00:00,58.6
2025-07-13 06:00:00,58.6
2025-07-13 07:00:00,58.6
2025-07-13 08:00:00,58.6
2025-07-13 09:00:00,58.6
2025-07-13 10:00:00,58.6
2025-07-13 11:00:00,58.6
2025-07-13 12:00:00,58.6
2025-07-13 13:00:00,58.6
2025-07-13 14:00:00,58.6
2025-07-13 15:00:00,58.6
2025-07-13 16:00:00,102.54
2025-07-13 17:00:00,254.1
2025-07-13 18:00:00,268.75
2025-07-13 19:00:00,260.85
2025-07-13 20:00:00,251.56
2025-07-13 21:00:00,242.05
2025-07-13 22:00:00,234.12
2025-07-13 23:00:00,221.26
2025-07-14 00:00:00,243.33
2025-07-14 01:00:00,229.58
2025-07-14 02:00:00,215.8
2025-07-14 03:00:00,215.55
2025-07-14 04:00:00,216.04
2025-07-14 05:00:00,244.65
2025-07-14 06:00:00,246.79
2025-07-14 07:00:00,245.93
2025-07-14 08:00:00,239.66
2025-07-14 09:00:00,106.6
2025-07-14 10:00:00,58.6
2025-07-14 11:00:00,58.6
2025-07-14 12:00:00,58.6
2025-07-14 13:00:00,208.38
2025-07-14 14:00:00,243.31
2025-07-14 15:00:00,248.88
2025-07-14 16:00:00,257.26
2025-07-14 17:00:00,268.21
2025-07-14 18:00:00,276.0
2025-07-14 19:00:00,269.64
2025-07-14 20:00:00,263.54
2025-07-14 21:00:00,258.47
2025-07-14 22:00:00,253.59
2025-07-14 23:00:00,249.21
2025-07-15 00:00:00,249.18
2025-07-15 01:00:00,247.47
2025-07-15 02:00:00,245.73
2025-07-15 03:00:00,245.06
2025-07-15 04:00:00,245.76
2025-07-15 05:00:00,248.24
2025-07-15 06:00:00,249.47
2025-07-15 07:00:00,248.73
2025-07-15 08:00:00,247.1
2025-07-15 09:00:00,148.62
2025-07-15 10:00:00,58.6
2025-07-15 11:00:00,58.6
2025-07-15 12:00:00,58.6
2025-07-15 13:00:00,134.25
2025-07-15 14:00:00,244.79
2025-07-15 15:00:00,249.92
2025-07-15 16:00:00,259.68
2025-07-15 17:00:00,270.35
2025-07-15 18:00:00,275.06
2025-07-15 19:00:00,269.48
2025-07-15 20:00:00,261.93
2025-07-15 21:00:00,257.99
2025-07-15 22:00:00,253.29
2025-07-15 23:00:00,249.86
2025-07-16 00:00:00,250.61
2025-07-16 01:00:00,247.46
2025-07-16 02:00:00,246.6
2025-07-16 03:00:00,246.04
2025-07-16 04:00:00,246.37
2025-07-16 05:00:00,249.28
2025-07-16 06:00:00,250.86
2025-07-16 07:00:00,249.65
2025-07-16 08:00:00,246.6
2025-07-16 09:00:00,197.45
2025-07-16 10:00:00,58.6
2025-07-16 11:00:00,58.6
2025-07-16 12:00:00,58.6
2025-07-16 13:00:00,109.45
2025-07-16 14:00:00,244.48
2025-07-16 15:00:00,250.83
2025-07-16 16:00:00,260.31
2025-07-16 17:00:00,269.72
2025-07-16 18:00:00,276.09
2025-07-16 19:00:00,270.17
2025-07-16 20:00:00,266.16
2025-07-16 21:00:00,260.42
2025-07-16 22:00:00,254.85
2025-07-16 23:00:00,252.42
2025-07-17 00:00:00,252.11
2025-07-17 01:00:00,249.8
2025-07-17 02:00:00,249.47
2025-07-17 03:00:00,249.37
2025-07-17 04:00:00,249.72
2025-07-17 05:00:00,250.37
2025-07-17 06:00:00,251.28
2025-07-17 07:00:00,250.55
2025-07-17 08:00:00,248.99
2025-07-17 09:00:00,241.16
2025-07-17 10:00:00,224.38
2025-07-17 11:00:00,213.49
2025-07-17 12:00:00,181.53
2025-07-17 13:00:00,239.34
2025-07-17 14:00:00,249.34
2025-07-17 15:00:00,252.06
2025-07-17 16:00:00,263.49
2025-07-17 17:00:00,272.75
2025-07-17 18:00:00,278.48
2025-07-17 19:00:00,274.69
2025-07-17 20:00:00,268.61
2025-07-17 21:00:00,264.42
2025-07-17 22:00:00,258.82
2025-07-17 23:00:00,254.38
2025-07-18 00:00:00,251.76
2025-07-18 01:00:00,250.13
2025-07-18 02:00:00,248.98
2025-07-18 03:00:00,249.25
2025-07-18 04:00:00,249.38
2025-07-18 05:00:00,250.28
2025-07-18 06:00:00,251.46
2025-07-18 07:00:00,251.02
2025-07-18 08:00:00,249.52
2025-07-18 09:00:00,246.25
2025-07-18 10:00:00,245.35
2025-07-18 11:00:00,243.76
2025-07-18 12:00:00,222.82
2025-07-18 13:00:00,243.53
2025-07-18 14:00:00,248.45
2025-07-18 15:00:00,251.62
2025-07-18 16:00:00,258.73
2025-07-18 17:00:00,268.97
2025-07-18 18:00:00,277.14
2025-07-18 19:00:00,269.64
2025-07-18 20:00:00,265.64
2025-07-18 21:00:00,260.1
2025-07-18 22:00:00,254.95
2025-07-18 23:00:00,252.52
2025-07-19 00:00:00,268.58
2025-07-19 01:00:00,263.95
2025-07-19 02:00:00,263.25
2025-07-19 03:00:00,261.18
2025-07-19 04:00:00,261.44
2025-07-19 05:00:00,261.59
2025-07-19 06:00:00,261.7
2025-07-19 07:00:00,257.47
2025-07-19 08:00:00,100.1
2025-07-19 09:00:00,58.6
2025-07-19 10:00:00,58.6
2025-07-19 11:00:00,58.6
2025-07-19 12:00:00,58.6
2025-07-19 13:00:00,58.6
2025-07-19 14:00:00,58.6
2025-07-19 15:00:00,231.53
2025-07-19 16:00:00,268.17
2025-07-19 17:00:00,295.6
2025-07-19 18:00:00,335.0
2025-07-19 19:00:00,289.52
2025-07-19 20:00:00,280.38
2025-07-19 21:00:00,273.87
2025-07-19 22:00:00,268.51
2025-07-19 23:00:00,265.28
2025-07-20 00:00:00,265.19
2025-07-20 01:00:00,262.99
2025-07-20 02:00:00,260.72
2025-07-20 03:00:00,257.6
2025-07-20 04:00:00,257.69
2025-07-20 05:00:00,258.7
2025-07-20 06:00:00,232.01
2025-07-20 07:00:00,58.6
2025-07-20 08:00:00,58.6
2025-07-20 09:00:00,58.6
2025-07-20 10:00:00,58.6
2025-07-20 11:00:00,58.6
2025-07-20 12:00:00,58.6
2025-07-20 13:00:00,58.6
2025-07-20 14:00:00,58.6
2025-07-20 15:00:00,58.6
2025-07-20 16:00:00,262.84
2025-07-20 17:00:00,282.9
2025-07-20 18:00:00,296.59
2025-07-20 19:00:00,281.16
2025-07-20 20:00:00,275.46
2025-07-20 21:00:00,274.37
2025-07-20 22:00:00,270.24
2025-07-20 23:00:00,267.14
2025-07-21 00:00:00,265.1
2025-07-21 01:00:00,263.44
2025-07-21 02:00:00,262.66
2025-07-21 03:00:00,263.47
2025-07-21 04:00:00,263.72
2025-07-21 05:00:00,265.26
2025-07-21 06:00:00,267.72
2025-07-21 07:00:00,266.78
2025-07-21 08:00:00,264.11
2025-07-21 09:00:00,255.75
2025-07-21 10:00:00,250.69
2025-07-21 11:00:00,249.71
2025-07-21 12:00:00,215.05
2025-07-21 13:00:00,254.75
2025-07-21 14:00:00,264.05
2025-07-21 15:00:00,268.16
2025-07-21 16:00:00,278.14
2025-07-21 17:00:00,292.24
2025-07-21 18:00:00,299.84
2025-07-21 19:00:00,295.61
2025-07-21 20:00:00,285.07
2025-07-21 21:00:00,280.09
2025-07-21 22:00:00,276.0
2025-07-21 23:00:00,271.6
2025-07-22 00:00:00,269.74
2025-07-22 01:00:00,266.59
2025-07-22 02:00:00,265.65
2025-07-22 03:00:00,265.6
2025-07-22 04:00:00,265.99
2025-07-22 05:00:00,268.16
2025-07-22 06:00:00,270.36
2025-07-22 07:00:00,268.19
2025-07-22 08:00:00,264.77
2025-07-22 09:00:00,257.12
2025-07-22 10:00:00,229.12
2025-07-22 11:00:00,229.67
2025-07-22 12:00:00,208.47
2025-07-22 13:00:00,248.8
2025-07-22 14:00:00,261.78
2025-07-22 15:00:00,268.83
2025-07-22 16:00:00,279.07
2025-07-22 17:00:00,295.23
2025-07-22 18:00:00,335.62
2025-07-22 19:00:00,297.33
2025-07-22 20:00:00,287.52
2025-07-22 21:00:00,281.88
2025-07-22 22:00:00,276.96
2025-07-22 23:00:00,272.82
2025-07-23 00:00:00,270.27
2025-07-23 01:00:00,266.83
2025-07-23 02:00:00,265.13
2025-07-23 03:00:00,265.12
2025-07-23 04:00:00,265.9
2025-07-23 05:00:00,268.01
2025-07-23 06:00:00,270.56
2025-07-23 07:00:00,267.9
2025-07-23 08:00:00,264.49
2025-07-23 09:00:00,258.2
2025-07-23 10:00:00,240.65
2025-07-23 11:00:00,232.12
2025-07-23 12:00:00,187.99
2025-07-23 13:00:00,247.59
2025-07-23 14:00:00,261.45
2025-07-23 15:00:00,268.13
2025-07-23 16:00:00,278.39
2025-07-23 17:00:00,295.24
2025-07-23 18:00:00,391.82
2025-07-23 19:00:00,300.88
2025-07-23 20:00:00,291.44
2025-07-23 21:00:00,284.3
2025-07-23 22:00:00,277.89
2025-07-23 23:00:00,274.01
2025-07-24 00:00:00,270.31
2025-07-24 01:00:00,266.22
2025-07-24 02:00:00,264.98
2025-07-24 03:00:00,264.22
2025-07-24 04:00:00,264.55
2025-07-24 05:00:00,265.9
2025-07-24 06:00:00,267.74
2025-07-24 07:00:00,266.05
2025-07-24 08:00:00,263.91
2025-07-24 09:00:00,259.7
2025-07-24 10:00:00,248.27
2025-07-24 11:00:00,225.32
2025-07-24 12:00:00,212.94
2025-07-24 13:00:00,256.07
2025-07-24 14:00:00,263.06
2025-07-24 15:00:00,268.36
2025-07-24 16:00:00,275.45
2025-07-24 17:00:00,291.11
2025-07-24 18:00:00,314.39
2025-07-24 19:00:00,292.95
2025-07-24 20:00:00,284.96
2025-07-24 21:00:00,278.92
2025-07-24 22:00:00,273.93
2025-07-24 23:00:00,270.96
2025-07-25 00:00:00,267.09
2025-07-25 01:00:00,263.77
2025-07-25 02:00:00,262.1
2025-07-25 03:00:00,262.07
2025-07-25 04:00:00,262.52
2025-07-25 05:00:00,264.67
2025-07-25 06:00:00,267.41
2025-07-25 07:00:00,265.45
2025-07-25 08:00:00,263.14
2025-07-25 09:00:00,258.37
2025-07-25 10:00:00,240.13
2025-07-25 11:00:00,125.3
2025-07-25 12:00:00,116.82
2025-07-25 13:00:00,249.18
2025-07-25 14:00:00,259.76
2025-07-25 15:00:00,266.86
2025-07-25 16:00:00,274.98
2025-07-25 17:00:00,290.86
2025-07-25 18:00:00,311.38
2025-07-25 19:00:00,291.0
2025-07-25 20:00:00,281.78
2025-07-25 21:00:00,278.37
2025-07-25 22:00:00,273.01
2025-07-25 23:00:00,270.54
2025-07-26 00:00:00,309.01
2025-07-26 01:00:00,306.51
2025-07-26 02:00:00,303.99
2025-07-26 03:00:00,302.63
2025-07-26 04:00:00,303.24
2025-07-26 05:00:00,304.27
2025-07-26 06:00:00,304.08
2025-07-26 07:00:00,300.21
2025-07-26 08:00:00,199.4
2025-07-26 09:00:00,58.6
2025-07-26 10:00:00,58.6
2025-07-26 11:00:00,58.6
2025-07-26 12:00:00,58.6
2025-07-26 13:00:00,58.6
2025-07-26 14:00:00,114.62
2025-07-26 15:00:00,291.94
2025-07-26 16:00:00,308.85
2025-07-26 17:00:00,327.69
2025-07-26 18:00:00,334.31
2025-07-26 19:00:00,324.09
2025-07-26 20:00:00,317.09
2025-07-26 21:00:00,315.32
2025-07-26 22:00:00,311.32
2025-07-26 23:00:00,309.0
2025-07-27 00:00:00,300.94
2025-07-27 01:00:00,291.07
2025-07-27 02:00:00,275.4
2025-07-27 03:00:00,255.29
2025-07-27 04:00:00,258.26
2025-07-27 05:00:00,253.26
2025-07-27 06:00:00,237.97
2025-07-27 07:00:00,58.6
2025-07-27 08:00:00,58.6
2025-07-27 09:00:00,58.6
2025-07-27 10:00:00,58.6
2025-07-27 11:00:00,58.6
2025-07-27 12:00:00,58.6
2025-07-27 13:00:00,58.6
2025-07-27 14:00:00,58.6
2025-07-27 15:00:00,101.54
2025-07-27 16:00:00,291.44
2025-07-27 17:00:00,316.78
2025-07-27 18:00:00,329.53
2025-07-27 19:00:00,319.35
2025-07-27 20:00:00,315.53
2025-07-27 21:00:00,314.18
2025-07-27 22:00:00,310.25
2025-07-27 23:00:00,309.46
2025-07-28 00:00:00,306.72
2025-07-28 01:00:00,305.39
2025-07-28 02:00:00,304.21
2025-07-28 03:00:00,304.63
2025-07-28 04:00:00,305.37
2025-07-28 05:00:00,306.9
2025-07-28 06:00:00,308.1
2025-07-28 07:00:00,307.0
2025-07-28 08:00:00,305.58
2025-07-28 09:00:00,303.27
2025-07-28 10:00:00,303.52
2025-07-28 11:00:00,303.94
2025-07-28 12:00:00,301.45
2025-07-28 13:00:00,305.24
2025-07-28 14:00:00,307.56
2025-07-28 15:00:00,312.1
2025-07-28 16:00:00,321.17
2025-07-28 17:00:00,337.83
2025-07-28 18:00:00,354.53
2025-07-28 19:00:00,340.38
2025-07-28 20:00:00,331.75
2025-07-28 21:00:00,329.03
2025-07-28 22:00:00,322.1
2025-07-28 23:00:00,316.52
2025-07-29 00:00:00,314.81
2025-07-29 01:00:00,310.96
2025-07-29 02:00:00,309.8
2025-07-29 03:00:00,309.24
2025-07-29 04:00:00,309.61
2025-07-29 05:00:00,311.49
2025-07-29 06:00:00,314.53
2025-07-29 07:00:00,312.15
2025-07-29 08:00:00,308.79
2025-07-29 09:00:00,305.7
2025-07-29 10:00:00,304.55
2025-07-29 11:00:00,302.18
2025-07-29 12:00:00,296.47
2025-07-29 13:00:00,299.03
2025-07-29 14:00:00,304.79
2025-07-29 15:00:00,310.27
2025-07-29 16:00:00,322.34
2025-07-29 17:00:00,339.48
2025-07-29 18:00:00,360.64
2025-07-29 19:00:00,347.42
2025-07-29 20:00:00,333.09
2025-07-29 21:00:00,328.92
2025-07-29 22:00:00,322.11
2025-07-29 23:00:00,316.32
2025-07-30 00:00:00,314.95
2025-07-30 01:00:00,310.53
2025-07-30 02:00:00,309.45
2025-07-30 03:00:00,308.52
2025-07-30 04:00:00,308.9
2025-07-30 05:00:00,310.86
2025-07-30 06:00:00,313.19
2025-07-30 07:00:00,310.72
2025-07-30 08:00:00,306.87
2025-07-30 09:00:00,303.26
2025-07-30 10:00:00,299.67
2025-07-30 11:00:00,297.75
2025-07-30 12:00:00,292.43
2025-07-30 13:00:00,300.04
2025-07-30 14:00:00,304.49
2025-07-30 15:00:00,308.35
2025-07-30 16:00:00,316.28
2025-07-30 17:00:00,329.18
2025-07-30 18:00:00,333.47
2025-07-30 19:00:00,327.28
2025-07-30 20:00:00,323.06
2025-07-30 21:00:00,318.87
2025-07-30 22:00:00,314.26
2025-07-30 23:00:00,310.83
2025-07-31 00:00:00,306.88
2025-07-31 01:00:00,304.85
2025-07-31 02:00:00,303.0
2025-07-31 03:00:00,302.06
2025-07-31 04:00:00,302.94
2025-07-31 05:00:00,304.39
2025-07-31 06:00:00,305.38
2025-07-31 07:00:00,304.13
2025-07-31 08:00:00,300.36
2025-07-31 09:00:00,259.2
2025-07-31 10:00:00,58.6
2025-07-31 11:00:00,58.6
2025-07-31 12:00:00,58.6
2025-07-31 13:00:00,58.6
2025-07-31 14:00:00,269.31
2025-07-31 15:00:00,301.76
2025-07-31 16:00:00,310.2
2025-07-31 17:00:00,321.81
2025-07-31 18:00:00,323.86
2025-07-31 19:00:00,321.66
2025-07-31 20:00:00,317.27
2025-07-31 21:00:00,314.52
2025-07-31 22:00:00,311.37
2025-07-31 23:00:00,308.05
2025-08-01 00:00:00,306.75
2025-08-01 01:00:00,304.35
2025-08-01 02:00:00,303.14
2025-08-01 03:00:00,303.02
2025-08-01 04:00:00,303.12
2025-08-01 05:00:00,304.29
2025-08-01 06:00:00,306.28
2025-08-01 07:00:00,304.47
2025-08-01 08:00:00,300.66
2025-08-01 09:00:00,252.69
2025-08-01 10:00:00,58.6
2025-08-01 11:00:00,58.6
2025-08-01 12:00:00,58.6
2025-08-01 13:00:00,58.6
2025-08-01 14:00:00,284.43
2025-08-01 15:00:00,304.72
2025-08-01 16:00:00,311.09
2025-08-01 17:00:00,321.39
2025-08-01 18:00:00,323.19
2025-08-01 19:00:00,321.3
2025-08-01 20:00:00,315.43
2025-08-01 21:00:00,313.45
2025-08-01 22:00:00,311.06
2025-08-01 23:00:00,309.39
2025-08-02 00:00:00,331.64
2025-08-02 01:00:00,325.01
2025-08-02 02:00:00,322.19
2025-08-02 03:00:00,317.75
2025-08-02 04:00:00,319.59
2025-08-02 05:00:00,320.42
2025-08-02 06:00:00,321.14
2025-08-02 07:00:00,304.1
2025-08-02 08:00:00,58.6
2025-08-02 09:00:00,58.6
2025-08-02 10:00:00,58.6
2025-08-02 11:00:00,58.6
2025-08-02 12:00:00,58.6
2025-08-02 13:00:00,58.6
2025-08-02 14:00:00,58.6
2025-08-02 15:00:00,264.33
2025-08-02 16:00:00,328.6
2025-08-02 17:00:00,344.34
2025-08-02 18:00:00,354.28
2025-08-02 19:00:00,342.85
2025-08-02 20:00:00,337.25
2025-08-02 21:00:00,335.04
2025-08-02 22:00:00,332.25
2025-08-02 23:00:00,331.01
2025-08-03 00:00:00,326.72
2025-08-03 01:00:00,316.44
2025-08-03 02:00:00,314.59
2025-08-03 03:00:00,303.71
2025-08-03 04:00:00,308.11
2025-08-03 05:00:00,308.75
2025-08-03 06:00:00,285.09
2025-08-03 07:00:00,58.6
2025-08-03 08:00:00,58.6
2025-08-03 09:00:00,58.6
2025-08-03 10:00:00,58.6
2025-08-03 11:00:00,58.6
2025-08-03 12:00:00,58.6
2025-08-03 13:00:00,58.6
2025-08-03 14:00:00,58.6
2025-08-03 15:00:00,58.6
2025-08-03 16:00:00,314.64
2025-08-03 17:00:00,340.03
2025-08-03 18:00:00,353.48
2025-08-03 19:00:00,344.35
2025-08-03 20:00:00,339.54
2025-08-03 21:00:00,337.5
2025-08-03 22:00:00,334.5
2025-08-03 23:00:00,332.43
2025-08-04 00:00:00,330.88
2025-08-04 01:00:00,328.79
2025-08-04 02:00:00,326.86
2025-08-04 03:00:00,326.6
2025-08-04 04:00:00,327.27
2025-08-04 05:00:00,329.35
2025-08-04 06:00:00,330.51
2025-08-04 07:00:00,330.15
2025-08-04 08:00:00,329.06
2025-08-04 09:00:00,322.51
2025-08-04 10:00:00,319.17
2025-08-04 11:00:00,318.13
2025-08-04 12:00:00,317.24
2025-08-04 13:00:00,327.0
2025-08-04 14:00:00,331.64
2025-08-04 15:00:00,334.04
2025-08-04 16:00:00,342.82
2025-08-04 17:00:00,354.16
2025-08-04 18:00:00,371.74
2025-08-04 19:00:00,357.41
2025-08-04 20:00:00,352.63
2025-08-04 21:00:00,347.14
2025-08-04 22:00:00,343.23
2025-08-04 23:00:00,341.07
2025-08-05 00:00:00,335.67
2025-08-05 01:00:00,332.91
2025-08-05 02:00:00,331.9
2025-08-05 03:00:00,331.3
2025-08-05 04:00:00,331.43
2025-08-05 05:00:00,332.7
2025-08-05 06:00:00,333.7
2025-08-05 07:00:00,332.74
2025-08-05 08:00:00,331.25
2025-08-05 09:00:00,328.79
2025-08-05 10:00:00,327.56
2025-08-05 11:00:00,327.82
2025-08-05 12:00:00,326.42
2025-08-05 13:00:00,329.58
2025-08-05 14:00:00,331.88
2025-08-05 15:00:00,334.82
2025-08-05 16:00:00,342.43
2025-08-05 17:00:00,354.55
2025-08-05 18:00:00,412.37
2025-08-05 19:00:00,361.17
2025-08-05 20:00:00,354.02
2025-08-05 21:00:00,346.71
2025-08-05 22:00:00,342.27
2025-08-05 23:00:00,337.61
2025-08-06 00:00:00,333.95
2025-08-06 01:00:00,331.88
2025-08-06 02:00:00,330.92
2025-08-06 03:00:00,329.74
2025-08-06 04:00:00,330.73
2025-08-06 05:00:00,332.04
2025-08-06 06:00:00,332.4
2025-08-06 07:00:00,332.31
2025-08-06 08:00:00,330.95
2025-08-06 09:00:00,319.83
2025-08-06 10:00:00,295.77
2025-08-06 11:00:00,285.57
2025-08-06 12:00:00,163.37
2025-08-06 13:00:00,310.58
2025-08-06 14:00:00,328.16
2025-08-06 15:00:00,333.87
2025-08-06 16:00:00,342.63
2025-08-06 17:00:00,353.05
2025-08-06 18:00:00,497.76
2025-08-06 19:00:00,358.19
2025-08-06 20:00:00,349.04
2025-08-06 21:00:00,346.59
2025-08-06 22:00:00,341.8
2025-08-06 23:00:00,337.95
2025-08-07 00:00:00,333.45
2025-08-07 01:00:00,330.46
2025-08-07 02:00:00,329.91
2025-08-07 03:00:00,328.95
2025-08-07 04:00:00,329.5
2025-08-07 05:00:00,331.47
2025-08-07 06:00:00,332.72
2025-08-07 07:00:00,332.24
2025-08-07 08:00:00,328.94
2025-08-07 09:00:00,313.06
2025-08-07 10:00:00,271.98
2025-08-07 11:00:00,250.75
2025-08-07 12:00:00,231.79
2025-08-07 13:00:00,315.25
2025-08-07 14:00:00,329.42
2025-08-07 15:00:00,333.45
2025-08-07 16:00:00,341.65
2025-08-07 17:00:00,351.76
2025-08-07 18:00:00,391.62
2025-08-07 19:00:00,354.46
2025-08-07 20:00:00,346.74
2025-08-07 21:00:00,344.84
2025-08-07 22:00:00,341.75
2025-08-07 23:00:00,336.99
2025-08-08 00:00:00,333.95
2025-08-08 01:00:00,331.82
2025-08-08 02:00:00,330.74
2025-08-08 03:00:00,330.0
2025-08-08 04:00:00,330.78
2025-08-08 05:00:00,332.62
2025-08-08 06:00:00,334.3
2025-08-08 07:00:00,332.26
2025-08-08 08:00:00,328.53
2025-08-08 09:00:00,321.23
2025-08-08 10:00:00,319.93
2025-08-08 11:00:00,320.33
2025-08-08 12:00:00,314.76
2025-08-08 13:00:00,326.55
2025-08-08 14:00:00,331.83
2025-08-08 15:00:00,335.86
2025-08-08 16:00:00,341.69
2025-08-08 17:00:00,352.53
2025-08-08 18:00:00,364.67
2025-08-08 19:00:00,353.37
2025-08-08 20:00:00,350.44
2025-08-08 21:00:00,345.89
2025-08-08 22:00:00,342.78
2025-08-08 23:00:00,338.96
2025-08-09 00:00:00,325.91
2025-08-09 01:00:00,321.58
2025-08-09 02:00:00,321.04
2025-08-09 03:00:00,320.07
2025-08-09 04:00:00,320.16
2025-08-09 05:00:00,321.3
2025-08-09 06:00:00,321.26
2025-08-09 07:00:00,317.7
2025-08-09 08:00:00,166.75
2025-08-09 09:00:00,58.6
2025-08-09 10:00:00,58.6
2025-08-09 11:00:00,58.6
2025-08-09 12:00:00,58.6
2025-08-09 13:00:00,58.6
2025-08-09 14:00:00,58.6
2025-08-09 15:00:00,297.48
2025-08-09 16:00:00,325.03
2025-08-09 17:00:00,384.89
2025-08-09 18:00:00,889.68
2025-08-09 19:00:00,384.64
2025-08-09 20:00:00,346.31
2025-08-09 21:00:00,342.81
2025-08-09 22:00:00,333.05
2025-08-09 23:00:00,329.71
2025-08-10 00:00:00,323.11
2025-08-10 01:00:00,319.54
2025-08-10 02:00:00,317.72
2025-08-10 03:00:00,315.73
2025-08-10 04:00:00,315.95
2025-08-10 05:00:00,316.25
2025-08-10 06:00:00,315.38
2025-08-10 07:00:00,141.6
2025-08-10 08:00:00,58.6
2025-08-10 09:00:00,58.6
2025-08-10 10:00:00,58.6
2025-08-10 11:00:00,58.6
2025-08-10 12:00:00,58.6
2025-08-10 13:00:00,58.6
2025-08-10 14:00:00,58.6
2025-08-10 15:00:00,86.46
2025-08-10 16:00:00,316.07
2025-08-10 17:00:00,335.88
2025-08-10 18:00:00,373.16
2025-08-10 19:00:00,340.77
2025-08-10 20:00:00,336.35
2025-08-10 21:00:00,331.7
2025-08-10 22:00:00,327.03
2025-08-10 23:00:00,322.75
2025-08-11 00:00:00,320.0
2025-08-11 01:00:00,316.28
2025-08-11 02:00:00,315.49
2025-08-11 03:00:00,315.31
2025-08-11 04:00:00,315.72
2025-08-11 05:00:00,319.65
2025-08-11 06:00:00,321.92
2025-08-11 07:00:00,319.96
2025-08-11 08:00:00,314.18
2025-08-11 09:00:00,298.15
2025-08-11 10:00:00,271.61
2025-08-11 11:00:00,282.61
2025-08-11 12:00:00,58.6
2025-08-11 13:00:00,122.36
2025-08-11 14:00:00,304.64
2025-08-11 15:00:00,318.12
2025-08-11 16:00:00,327.42
2025-08-11 17:00:00,338.51
2025-08-11 18:00:00,344.3
2025-08-11 19:00:00,346.21
2025-08-11 20:00:00,342.48
2025-08-11 21:00:00,336.08
2025-08-11 22:00:00,329.62
2025-08-11 23:00:00,325.02
2025-08-12 00:00:00,322.9
2025-08-12 01:00:00,320.68
2025-08-12 02:00:00,319.68
2025-08-12 03:00:00,319.15
2025-08-12 04:00:00,319.36
2025-08-12 05:00:00,321.19
2025-08-12 06:00:00,322.73
2025-08-12 07:00:00,320.96
2025-08-12 08:00:00,313.39
2025-08-12 09:00:00,268.78
2025-08-12 10:00:00,226.56
2025-08-12 11:00:00,180.51
2025-08-12 12:00:00,58.6
2025-08-12 13:00:00,241.37
2025-08-12 14:00:00,309.5
2025-08-12 15:00:00,320.54
2025-08-12 16:00:00,327.52
2025-08-12 17:00:00,339.64
2025-08-12 18:00:00,362.63
2025-08-12 19:00:00,343.62
2025-08-12 20:00:00,341.08
2025-08-12 21:00:00,335.3
2025-08-12 22:00:00,328.54
2025-08-12 23:00:00,324.21
2025-08-13 00:00:00,323.47
2025-08-13 01:00:00,321.19
2025-08-13 02:00:00,320.66
2025-08-13 03:00:00,320.37
2025-08-13 04:00:00,319.69
2025-08-13 05:00:00,321.9
2025-08-13 06:00:00,322.7
2025-08-13 07:00:00,320.79
2025-08-13 08:00:00,314.97
2025-08-13 09:00:00,175.62
2025-08-13 10:00:00,58.6
2025-08-13 11:00:00,58.6
2025-08-13 12:00:00,58.6
2025-08-13 13:00:00,185.52
2025-08-13 14:00:00,307.68
2025-08-13 15:00:00,320.2
2025-08-13 16:00:00,326.98
2025-08-13 17:00:00,339.67
2025-08-13 18:00:00,398.77
2025-08-13 19:00:00,343.86
2025-08-13 20:00:00,339.96
2025-08-13 21:00:00,335.28
2025-08-13 22:00:00,329.42
2025-08-13 23:00:00,325.8
2025-08-14 00:00:00,323.23
2025-08-14 01:00:00,321.0
2025-08-14 02:00:00,319.31
2025-08-14 03:00:00,319.07
2025-08-14 04:00:00,319.61
2025-08-14 05:00:00,322.43
2025-08-14 06:00:00,323.51
2025-08-14 07:00:00,322.13
2025-08-14 08:00:00,316.84
2025-08-14 09:00:00,273.36
2025-08-14 10:00:00,243.92
2025-08-14 11:00:00,233.11
2025-08-14 12:00:00,207.89
2025-08-14 13:00:00,297.03
2025-08-14 14:00:00,314.01
2025-08-14 15:00:00,322.07
2025-08-14 16:00:00,330.28
2025-08-14 17:00:00,342.29
2025-08-14 18:00:00,424.57
2025-08-14 19:00:00,348.01
2025-08-14 20:00:00,340.03
2025-08-14 21:00:00,337.19
2025-08-14 22:00:00,329.89
2025-08-14 23:00:00,326.45
2025-08-15 00:00:00,324.26
2025-08-15 01:00:00,322.31
2025-08-15 02:00:00,321.21
2025-08-15 03:00:00,320.94
2025-08-15 04:00:00,321.05
2025-08-15 05:00:00,322.88
2025-08-15 06:00:00,323.65
2025-08-15 07:00:00,322.01
2025-08-15 08:00:00,318.13
2025-08-15 09:00:00,308.15
2025-08-15 10:00:00,301.95
2025-08-15 11:00:00,299.55
2025-08-15 12:00:00,235.53
2025-08-15 13:00:00,275.44
2025-08-15 14:00:00,315.28
2025-08-15 15:00:00,321.37
2025-08-15 16:00:00,326.14
2025-08-15 17:00:00,338.08
2025-08-15 18:00:00,342.1
2025-08-15 19:00:00,344.28
2025-08-15 20:00:00,338.33
2025-08-15 21:00:00,333.93
2025-08-15 22:00:00,329.11
2025-08-15 23:00:00,326.08
2025-08-16 00:00:00,329.94
2025-08-16 01:00:00,324.76
2025-08-16 02:00:00,322.6
2025-08-16 03:00:00,319.07
2025-08-16 04:00:00,321.16
2025-08-16 05:00:00,322.09
2025-08-16 06:00:00,322.28
2025-08-16 07:00:00,314.02
2025-08-16 08:00:00,58.6
2025-08-16 09:00:00,58.6
2025-08-16 10:00:00,58.6
2025-08-16 11:00:00,58.6
2025-08-16 12:00:00,58.6
2025-08-16 13:00:00,58.6
2025-08-16 14:00:00,58.6
2025-08-16 15:00:00,261.55
2025-08-16 16:00:00,326.8
2025-08-16 17:00:00,344.0
2025-08-16 18:00:00,364.06
2025-08-16 19:00:00,351.18
2025-08-16 20:00:00,343.55
2025-08-16 21:00:00,340.34
2025-08-16 22:00:00,335.92
2025-08-16 23:00:00,331.87
2025-08-17 00:00:00,320.9
2025-08-17 01:00:00,315.19
2025-08-17 02:00:00,308.18
2025-08-17 03:00:00,293.26
2025-08-17 04:00:00,295.34
2025-08-17 05:00:00,298.63
2025-08-17 06:00:00,292.58
2025-08-17 07:00:00,58.6
2025-08-17 08:00:00,58.6
2025-08-17 09:00:00,58.6
2025-08-17 10:00:00,58.6
2025-08-17 11:00:00,58.6
2025-08-17 12:00:00,58.6
2025-08-17 13:00:00,58.6
2025-08-17 14:00:00,58.6
2025-08-17 15:00:00,58.6
2025-08-17 16:00:00,263.22
2025-08-17 17:00:00,335.63
2025-08-17 18:00:00,352.9
2025-08-17 19:00:00,344.02
2025-08-17 20:00:00,337.72
2025-08-17 21:00:00,335.47
2025-08-17 22:00:00,331.63
2025-08-17 23:00:00,325.81
2025-08-18 00:00:00,324.12
2025-08-18 01:00:00,319.37
2025-08-18 02:00:00,319.04
2025-08-18 03:00:00,318.66
2025-08-18 04:00:00,319.19
2025-08-18 05:00:00,323.84
2025-08-18 06:00:00,327.47
2025-08-18 07:00:00,325.09
2025-08-18 08:00:00,320.42
2025-08-18 09:00:00,291.13
2025-08-18 10:00:00,218.75
2025-08-18 11:00:00,201.63
2025-08-18 12:00:00,58.6
2025-08-18 13:00:00,268.06
2025-08-18 14:00:00,320.66
2025-08-18 15:00:00,328.3
2025-08-18 16:00:00,339.02
2025-08-18 17:00:00,352.04
2025-08-18 18:00:00,362.29
2025-08-18 19:00:00,358.52
2025-08-18 20:00:00,348.4
2025-08-18 21:00:00,343.84
2025-08-18 22:00:00,336.88
2025-08-18 23:00:00,331.89
2025-08-19 00:00:00,324.69
2025-08-19 01:00:00,320.21
2025-08-19 02:00:00,317.92
2025-08-19 03:00:00,317.59
2025-08-19 04:00:00,317.68
2025-08-19 05:00:00,322.18
2025-08-19 06:00:00,325.61
2025-08-19 07:00:00,323.58
2025-08-19 08:00:00,319.12
2025-08-19 09:00:00,189.78
2025-08-19 10:00:00,58.6
2025-08-19 11:00:00,58.6
2025-08-19 12:00:00,58.6
2025-08-19 13:00:00,58.6
2025-08-19 14:00:00,300.04
2025-08-19 15:00:00,322.74
2025-08-19 16:00:00,333.02
2025-08-19 17:00:00,343.11
2025-08-19 18:00:00,351.64
2025-08-19 19:00:00,347.92
2025-08-19 20:00:00,342.39
2025-08-19 21:00:00,338.7
2025-08-19 22:00:00,334.98
2025-08-19 23:00:00,331.33
2025-08-20 00:00:00,328.51
2025-08-20 01:00:00,325.25
2025-08-20 02:00:00,323.38
2025-08-20 03:00:00,322.76
2025-08-20 04:00:00,324.36
2025-08-20 05:00:00,327.01
2025-08-20 06:00:00,329.12
2025-08-20 07:00:00,326.55
2025-08-20 08:00:00,322.5
2025-08-20 09:00:00,307.87
2025-08-20 10:00:00,222.52
2025-08-20 11:00:00,259.79
2025-08-20 12:00:00,201.63
2025-08-20 13:00:00,309.8
2025-08-20 14:00:00,323.38
2025-08-20 15:00:00,328.51
2025-08-20 16:00:00,337.34
2025-08-20 17:00:00,348.79
2025-08-20 18:00:00,360.54
2025-08-20 19:00:00,353.22
2025-08-20 20:00:00,348.04
2025-08-20 21:00:00,342.52
2025-08-20 22:00:00,338.13
2025-08-20 23:00:00,333.25
2025-08-21 00:00:00,329.89
2025-08-21 01:00:00,327.48
2025-08-21 02:00:00,326.81
2025-08-21 03:00:00,326.12
2025-08-21 04:00:00,326.8
2025-08-21 05:00:00,328.71
2025-08-21 06:00:00,330.49
2025-08-21 07:00:00,328.58
2025-08-21 08:00:00,325.91
2025-08-21 09:00:00,314.3
2025-08-21 10:00:00,289.1
2025-08-21 11:00:00,291.97
2025-08-21 12:00:00,256.77
2025-08-21 13:00:00,313.31
2025-08-21 14:00:00,325.96
2025-08-21 15:00:00,330.14
2025-08-21 16:00:00,338.42
2025-08-21 17:00:00,348.11
2025-08-21 18:00:00,359.55
2025-08-21 19:00:00,351.73
2025-08-21 20:00:00,345.93
2025-08-21 21:00:00,342.97
2025-08-21 22:00:00,338.18
2025-08-21 23:00:00,333.69
2025-08-22 00:00:00,329.22
2025-08-22 01:00:00,325.79
2025-08-22 02:00:00,324.19
2025-08-22 03:00:00,322.54
2025-08-22 04:00:00,324.33
2025-08-22 05:00:00,326.5
2025-08-22 06:00:00,328.33
2025-08-22 07:00:00,326.38
2025-08-22 08:00:00,323.13
2025-08-22 09:00:00,302.29
2025-08-22 10:00:00,207.74
2025-08-22 11:00:00,73.59
2025-08-22 12:00:00,58.6
2025-08-22 13:00:00,255.82
2025-08-22 14:00:00,319.45
2025-08-22 15:00:00,328.06
2025-08-22 16:00:00,333.95
2025-08-22 17:00:00,343.64
2025-08-22 18:00:00,348.8
2025-08-22 19:00:00,347.02
2025-08-22 20:00:00,345.22
2025-08-22 21:00:00,341.59
2025-08-22 22:00:00,337.76
2025-08-22 23:00:00,335.03
2025-08-23 00:00:00,331.64
2025-08-23 01:00:00,325.44
2025-08-23 02:00:00,322.58
2025-08-23 03:00:00,322.3
2025-08-23 04:00:00,322.41
2025-08-23 05:00:00,322.4
2025-08-23 06:00:00,322.66
2025-08-23 07:00:00,313.3
2025-08-23 08:00:00,105.03
2025-08-23 09:00:00,58.6
2025-08-23 10:00:00,58.6
2025-08-23 11:00:00,58.6
2025-08-23 12:00:00,58.6
2025-08-23 13:00:00,58.6
2025-08-23 14:00:00,58.6
2025-08-23 15:00:00,187.09
2025-08-23 16:00:00,329.46
2025-08-23 17:00:00,346.62
2025-08-23 18:00:00,359.7
2025-08-23 19:00:00,352.27
2025-08-23 20:00:00,346.93
2025-08-23 21:00:00,343.6
2025-08-23 22:00:00,339.61
2025-08-23 23:00:00,335.96
2025-08-24 00:00:00,332.47
2025-08-24 01:00:00,329.83
2025-08-24 02:00:00,327.68
2025-08-24 03:00:00,327.51
2025-08-24 04:00:00,327.57
2025-08-24 05:00:00,327.43
2025-08-24 06:00:00,322.03
2025-08-24 07:00:00,58.6
2025-08-24 08:00:00,58.6
2025-08-24 09:00:00,58.6
2025-08-24 10:00:00,58.6
2025-08-24 11:00:00,58.6
2025-08-24 12:00:00,58.6
2025-08-24 13:00:00,58.6
2025-08-24 14:00:00,58.6
2025-08-24 15:00:00,106.92
2025-08-24 16:00:00,325.34
2025-08-24 17:00:00,346.15
2025-08-24 18:00:00,365.36
2025-08-24 19:00:00,352.53
2025-08-24 20:00:00,348.8
2025-08-24 21:00:00,345.58
2025-08-24 22:00:00,339.32
2025-08-24 23:00:00,334.31
2025-08-25 00:00:00,328.91
2025-08-25 01:00:00,325.18
2025-08-25 02:00:00,320.53
2025-08-25 03:00:00,322.43
2025-08-25 04:00:00,324.16
2025-08-25 05:00:00,327.78
2025-08-25 06:00:00,329.0
2025-08-25 07:00:00,328.53
2025-08-25 08:00:00,325.32
2025-08-25 09:00:00,311.99
2025-08-25 10:00:00,297.11
2025-08-25 11:00:00,293.32
2025-08-25 12:00:00,273.21
2025-08-25 13:00:00,310.34
2025-08-25 14:00:00,326.96
2025-08-25 15:00:00,333.07
2025-08-25 16:00:00,344.44
2025-08-25 17:00:00,357.21
2025-08-25 18:00:00,362.96
2025-08-25 19:00:00,361.76
2025-08-25 20:00:00,359.28
2025-08-25 21:00:00,354.36
2025-08-25 22:00:00,345.24
2025-08-25 23:00:00,337.24
2025-08-26 00:00:00,330.03
2025-08-26 01:00:00,327.04
2025-08-26 02:00:00,326.53
2025-08-26 03:00:00,324.87
2025-08-26 04:00:00,326.5
2025-08-26 05:00:00,328.58
2025-08-26 06:00:00,330.04
2025-08-26 07:00:00,328.01
2025-08-26 08:00:00,324.87
2025-08-26 09:00:00,310.5
2025-08-26 10:00:00,281.31
2025-08-26 11:00:00,294.71
2025-08-26 12:00:00,215.82
2025-08-26 13:00:00,311.83
2025-08-26 14:00:00,325.17
2025-08-26 15:00:00,332.02
2025-08-26 16:00:00,342.64
2025-08-26 17:00:00,355.86
2025-08-26 18:00:00,363.67
2025-08-26 19:00:00,360.23
2025-08-26 20:00:00,355.61
2025-08-26 21:00:00,351.1
2025-08-26 22:00:00,343.89
2025-08-26 23:00:00,336.63
2025-08-27 00:00:00,332.06
2025-08-27 01:00:00,328.54
2025-08-27 02:00:00,323.74
2025-08-27 03:00:00,323.38
2025-08-27 04:00:00,325.18
2025-08-27 05:00:00,330.71
2025-08-27 06:00:00,332.27
2025-08-27 07:00:00,327.3
2025-08-27 08:00:00,316.96
2025-08-27 09:00:00,58.6
2025-08-27 10:00:00,58.6
2025-08-27 11:00:00,58.6
2025-08-27 12:00:00,58.6
2025-08-27 13:00:00,257.57
2025-08-27 14:00:00,324.44
2025-08-27 15:00:00,333.69
2025-08-27 16:00:00,347.8
2025-08-27 17:00:00,357.61
2025-08-27 18:00:00,373.79
2025-08-27 19:00:00,358.99
2025-08-27 20:00:00,357.97
2025-08-27 21:00:00,352.79
2025-08-27 22:00:00,345.04
2025-08-27 23:00:00,337.63
2025-08-28 00:00:00,334.82
2025-08-28 01:00:00,325.62
2025-08-28 02:00:00,322.49
2025-08-28 03:00:00,321.84
2025-08-28 04:00:00,324.32
2025-08-28 05:00:00,327.22
2025-08-28 06:00:00,326.91
2025-08-28 07:00:00,322.54
2025-08-28 08:00:00,307.59
2025-08-28 09:00:00,101.11
2025-08-28 10:00:00,58.6
2025-08-28 11:00:00,58.6
2025-08-28 12:00:00,58.6
2025-08-28 13:00:00,289.65
2025-08-28 14:00:00,321.0
2025-08-28 15:00:00,334.0
2025-08-28 16:00:00,341.65
2025-08-28 17:00:00,353.12
2025-08-28 18:00:00,370.22
2025-08-28 19:00:00,356.51
2025-08-28 20:00:00,351.03
2025-08-28 21:00:00,350.28
2025-08-28 22:00:00,344.72
2025-08-28 23:00:00,339.7
2025-08-29 00:00:00,335.93
2025-08-29 01:00:00,331.72
2025-08-29 02:00:00,327.42
2025-08-29 03:00:00,327.28
2025-08-29 04:00:00,328.7
2025-08-29 05:00:00,333.51
2025-08-29 06:00:00,335.42
2025-08-29 07:00:00,327.79
2025-08-29 08:00:00,321.4
2025-08-29 09:00:00,308.17
2025-08-29 10:00:00,305.3
2025-08-29 11:00:00,307.83
2025-08-29 12:00:00,298.71
2025-08-29 13:00:00,317.69
2025-08-29 14:00:00,328.01
2025-08-29 15:00:00,336.07
2025-08-29 16:00:00,342.44
2025-08-29 17:00:00,353.08
2025-08-29 18:00:00,356.79
2025-08-29 19:00:00,353.36
2025-08-29 20:00:00,352.21
2025-08-29 21:00:00,349.36
2025-08-29 22:00:00,343.76
2025-08-29 23:00:00,339.61
2025-08-30 00:00:00,307.09
2025-08-30 01:00:00,294.32
2025-08-30 02:00:00,289.72
2025-08-30 03:00:00,285.08
2025-08-30 04:00:00,289.95
2025-08-30 05:00:00,292.01
2025-08-30 06:00:00,287.52
2025-08-30 07:00:00,105.87
2025-08-30 08:00:00,58.6
2025-08-30 09:00:00,58.6
2025-08-30 10:00:00,58.6
2025-08-30 11:00:00,58.6
2025-08-30 12:00:00,58.6
2025-08-30 13:00:00,58.6
2025-08-30 14:00:00,58.6
2025-08-30 15:00:00,227.8
2025-08-30 16:00:00,305.35
2025-08-30 17:00:00,330.4
2025-08-30 18:00:00,339.24
2025-08-30 19:00:00,336.51
2025-08-30 20:00:00,327.52
2025-08-30 21:00:00,322.59
2025-08-30 22:00:00,316.48
2025-08-30 23:00:00,311.25
2025-08-31 00:00:00,300.16
2025-08-31 01:00:00,291.36
2025-08-31 02:00:00,283.84
2025-08-31 03:00:00,280.23
2025-08-31 04:00:00,279.13
2025-08-31 05:00:00,279.78
2025-08-31 06:00:00,139.22
2025-08-31 07:00:00,58.6
2025-08-31 08:00:00,58.6
2025-08-31 09:00:00,58.6
2025-08-31 10:00:00,58.6
2025-08-31 11:00:00,58.6
2025-08-31 12:00:00,58.6
2025-08-31 13:00:00,58.6
2025-08-31 14:00:00,58.6
2025-08-31 15:00:00,58.6
2025-08-31 16:00:00,219.76
2025-08-31 17:00:00,317.94
2025-08-31 18:00:00,334.4
2025-08-31 19:00:00,323.63
2025-08-31 20:00:00,315.85
2025-08-31 21:00:00,313.77
2025-08-31 22:00:00,310.06
2025-08-31 23:00:00,304.88
2025-09-01 00:00:00,295.38
2025-09-01 01:00:00,285.59
2025-09-01 02:00:00,280.04
2025-09-01 03:00:00,279.01
2025-09-01 04:00:00,283.18
2025-09-01 05:00:00,288.05
2025-09-01 06:00:00,293.13
2025-09-01 07:00:00,284.23
2025-09-01 08:00:00,138.43
2025-09-01 09:00:00,58.6
2025-09-01 10:00:00,58.6
2025-09-01 11:00:00,58.6
2025-09-01 12:00:00,58.6
2025-09-01 13:00:00,129.0
2025-09-01 14:00:00,284.67
2025-09-01 15:00:00,300.12
2025-09-01 16:00:00,313.91
2025-09-01 17:00:00,326.6
2025-09-01 18:00:00,337.44
2025-09-01 19:00:00,332.89
2025-09-01 20:00:00,323.37
2025-09-01 21:00:00,318.67
2025-09-01 22:00:00,313.51
2025-09-01 23:00:00,309.83
2025-09-02 00:00:00,303.99
2025-09-02 01:00:00,292.07
2025-09-02 02:00:00,284.93
2025-09-02 03:00:00,283.98
2025-09-02 04:00:00,285.68
2025-09-02 05:00:00,291.53
2025-09-02 06:00:00,298.5
2025-09-02 07:00:00,290.08
2025-09-02 08:00:00,242.67
2025-09-02 09:00:00,58.6
2025-09-02 10:00:00,58.6
2025-09-02 11:00:00,58.6
2025-09-02 12:00:00,58.6
2025-09-02 13:00:00,58.6
2025-09-02 14:00:00,135.58
2025-09-02 15:00:00,290.94
2025-09-02 16:00:00,312.57
2025-09-02 17:00:00,327.45
2025-09-02 18:00:00,336.29
2025-09-02 19:00:00,332.48
2025-09-02 20:00:00,323.98
2025-09-02 21:00:00,319.12
2025-09-02 22:00:00,313.54
2025-09-02 23:00:00,308.93
2025-09-03 00:00:00,306.71
2025-09-03 01:00:00,299.01
2025-09-03 02:00:00,294.15
2025-09-03 03:00:00,293.88
2025-09-03 04:00:00,296.19
2025-09-03 05:00:00,300.59
2025-09-03 06:00:00,302.21
2025-09-03 07:00:00,295.35
2025-09-03 08:00:00,283.19
2025-09-03 09:00:00,58.6
2025-09-03 10:00:00,58.6
2025-09-03 11:00:00,58.6
2025-09-03 12:00:00,58.6
2025-09-03 13:00:00,58.6
2025-09-03 14:00:00,274.44
2025-09-03 15:00:00,300.4
2025-09-03 16:00:00,315.62
2025-09-03 17:00:00,330.78
2025-09-03 18:00:00,342.54
2025-09-03 19:00:00,336.18
2025-09-03 20:00:00,334.04
2025-09-03 21:00:00,323.7
2025-09-03 22:00:00,317.49
2025-09-03 23:00:00,309.71
2025-09-04 00:00:00,309.99
2025-09-04 01:00:00,301.38
2025-09-04 02:00:00,296.51
2025-09-04 03:00:00,295.7
2025-09-04 04:00:00,298.14
2025-09-04 05:00:00,302.06
2025-09-04 06:00:00,303.76
2025-09-04 07:00:00,297.22
2025-09-04 08:00:00,287.89
2025-09-04 09:00:00,101.18
2025-09-04 10:00:00,58.6
2025-09-04 11:00:00,58.6
2025-09-04 12:00:00,58.6
2025-09-04 13:00:00,279.82
2025-09-04 14:00:00,296.11
2025-09-04 15:00:00,307.35
2025-09-04 16:00:00,319.63
2025-09-04 17:00:00,338.16
2025-09-04 18:00:00,342.56
2025-09-04 19:00:00,341.68
2025-09-04 20:00:00,336.18
2025-09-04 21:00:00,333.67
2025-09-04 22:00:00,321.79
2025-09-04 23:00:00,313.83
2025-09-05 00:00:00,312.69
2025-09-05 01:00:00,304.33
2025-09-05 02:00:00,299.91
2025-09-05 03:00:00,297.73
2025-09-05 04:00:00,299.95
2025-09-05 05:00:00,302.53
2025-09-05 06:00:00,305.04
2025-09-05 07:00:00,298.93
2025-09-05 08:00:00,293.82
2025-09-05 09:00:00,278.45
2025-09-05 10:00:00,250.28
2025-09-05 11:00:00,271.12
2025-09-05 12:00:00,253.13
2025-09-05 13:00:00,291.05
2025-09-05 14:00:00,298.15
2025-09-05 15:00:00,307.91
2025-09-05 16:00:00,320.31
2025-09-05 17:00:00,336.88
2025-09-05 18:00:00,342.53
2025-09-05 19:00:00,340.59
2025-09-05 20:00:00,335.81
2025-09-05 21:00:00,334.4
2025-09-05 22:00:00,325.9
2025-09-05 23:00:00,317.53
2025-09-06 00:00:00,328.15
2025-09-06 01:00:00,324.53
2025-09-06 02:00:00,321.65
2025-09-06 03:00:00,319.05
2025-09-06 04:00:00,320.73
2025-09-06 05:00:00,320.83
2025-09-06 06:00:00,314.24
2025-09-06 07:00:00,241.93
2025-09-06 08:00:00,58.6
2025-09-06 09:00:00,58.6
2025-09-06 10:00:00,58.6
2025-09-06 11:00:00,58.6
2025-09-06 12:00:00,58.6
2025-09-06 13:00:00,58.6
2025-09-06 14:00:00,58.6
2025-09-06 15:00:00,238.1
2025-09-06 16:00:00,318.01
2025-09-06 17:00:00,345.27
2025-09-06 18:00:00,357.28
2025-09-06 19:00:00,349.18
2025-09-06 20:00:00,342.9
2025-09-06 21:00:00,340.56
2025-09-06 22:00:00,330.28
2025-09-06 23:00:00,327.28
2025-09-07 00:00:00,315.82
2025-09-07 01:00:00,304.66
2025-09-07 02:00:00,301.64
2025-09-07 03:00:00,297.46
2025-09-07 04:00:00,296.77
2025-09-07 05:00:00,295.65
2025-09-07 06:00:00,229.07
2025-09-07 07:00:00,58.6
2025-09-07 08:00:00,58.6
2025-09-07 09:00:00,58.6
2025-09-07 10:00:00,58.6
2025-09-07 11:00:00,58.6
2025-09-07 12:00:00,58.6
2025-09-07 13:00:00,58.6
2025-09-07 14:00:00,58.6
2025-09-07 15:00:00,58.6
2025-09-07 16:00:00,257.1
2025-09-07 17:00:00,322.24
2025-09-07 18:00:00,337.99
2025-09-07 19:00:00,332.63
2025-09-07 20:00:00,328.51
2025-09-07 21:00:00,327.55
2025-09-07 22:00:00,322.48
2025-09-07 23:00:00,316.53
2025-09-08 00:00:00,305.92
2025-09-08 01:00:00,299.14
2025-09-08 02:00:00,296.69
2025-09-08 03:00:00,296.96
2025-09-08 04:00:00,299.23
2025-09-08 05:00:00,301.13
2025-09-08 06:00:00,302.71
2025-09-08 07:00:00,299.12
2025-09-08 08:00:00,291.85
2025-09-08 09:00:00,275.27
2025-09-08 10:00:00,266.3
2025-09-08 11:00:00,265.09
2025-09-08 12:00:00,250.37
2025-09-08 13:00:00,289.44
2025-09-08 14:00:00,300.33
2025-09-08 15:00:00,316.89
2025-09-08 16:00:00,331.02
2025-09-08 17:00:00,342.03
2025-09-08 18:00:00,347.7
2025-09-08 19:00:00,343.7
2025-09-08 20:00:00,342.06
2025-09-08 21:00:00,338.87
2025-09-08 22:00:00,332.08
2025-09-08 23:00:00,326.09
2025-09-09 00:00:00,324.86
2025-09-09 01:00:00,319.24
2025-09-09 02:00:00,313.74
2025-09-09 03:00:00,312.74
2025-09-09 04:00:00,313.83
2025-09-09 05:00:00,320.55
2025-09-09 06:00:00,320.93
2025-09-09 07:00:00,312.5
2025-09-09 08:00:00,297.88
2025-09-09 09:00:00,261.03
2025-09-09 10:00:00,272.33
2025-09-09 11:00:00,279.38
2025-09-09 12:00:00,266.93
2025-09-09 13:00:00,298.21
2025-09-09 14:00:00,316.0
2025-09-09 15:00:00,326.29
2025-09-09 16:00:00,337.28
2025-09-09 17:00:00,349.25
2025-09-09 18:00:00,354.46
2025-09-09 19:00:00,352.11
2025-09-09 20:00:00,345.38
2025-09-09 21:00:00,342.15
2025-09-09 22:00:00,338.41
2025-09-09 23:00:00,331.01
2025-09-10 00:00:00,328.47
2025-09-10 01:00:00,323.7
2025-09-10 02:00:00,321.68
2025-09-10 03:00:00,320.96
2025-09-10 04:00:00,322.23
2025-09-10 05:00:00,324.67
2025-09-10 06:00:00,325.57
2025-09-10 07:00:00,319.93
2025-09-10 08:00:00,310.49
2025-09-10 09:00:00,278.98
2025-09-10 10:00:00,268.74
2025-09-10 11:00:00,267.85
2025-09-10 12:00:00,185.26
2025-09-10 13:00:00,291.12
2025-09-10 14:00:00,313.04
2025-09-10 15:00:00,324.8
2025-09-10 16:00:00,340.48
2025-09-10 17:00:00,353.04
2025-09-10 18:00:00,392.33
2025-09-10 19:00:00,363.34
2025-09-10 20:00:00,354.5
2025-09-10 21:00:00,353.0
2025-09-10 22:00:00,344.02
2025-09-10 23:00:00,333.2
2025-09-11 00:00:00,328.63
2025-09-11 01:00:00,322.92
2025-09-11 02:00:00,320.59
2025-09-11 03:00:00,319.16
2025-09-11 04:00:00,319.76
2025-09-11 05:00:00,321.95
2025-09-11 06:00:00,322.56
2025-09-11 07:00:00,314.7
2025-09-11 08:00:00,299.74
2025-09-11 09:00:00,268.73
2025-09-11 10:00:00,265.36
2025-09-11 11:00:00,274.3
2025-09-11 12:00:00,251.04
2025-09-11 13:00:00,298.35
2025-09-11 14:00:00,316.21
2025-09-11 15:00:00,325.61
2025-09-11 16:00:00,336.74
2025-09-11 17:00:00,346.08
2025-09-11 18:00:00,354.93
2025-09-11 19:00:00,349.96
2025-09-11 20:00:00,347.65
2025-09-11 21:00:00,345.03
2025-09-11 22:00:00,339.32
2025-09-11 23:00:00,331.96
2025-09-12 00:00:00,323.43
2025-09-12 01:00:00,318.14
2025-09-12 02:00:00,312.82
2025-09-12 03:00:00,311.45
2025-09-12 04:00:00,316.26
2025-09-12 05:00:00,319.58
2025-09-12 06:00:00,319.78
2025-09-12 07:00:00,307.09
2025-09-12 08:00:00,273.38
2025-09-12 09:00:00,267.88
2025-09-12 10:00:00,268.15
2025-09-12 11:00:00,268.16
2025-09-12 12:00:00,237.08
2025-09-12 13:00:00,283.66
2025-09-12 14:00:00,308.58
2025-09-12 15:00:00,321.66
2025-09-12 16:00:00,330.01
2025-09-12 17:00:00,339.84
2025-09-12 18:00:00,341.75
2025-09-12 19:00:00,341.74
2025-09-12 20:00:00,339.5
2025-09-12 21:00:00,337.92
2025-09-12 22:00:00,333.0
2025-09-12 23:00:00,327.48
2025-09-13 00:00:00,310.78
2025-09-13 01:00:00,306.37
2025-09-13 02:00:00,301.98
2025-09-13 03:00:00,301.16
2025-09-13 04:00:00,300.87
2025-09-13 05:00:00,300.69
2025-09-13 06:00:00,293.39
2025-09-13 07:00:00,112.73
2025-09-13 08:00:00,58.6
2025-09-13 09:00:00,58.6
2025-09-13 10:00:00,58.6
2025-09-13 11:00:00,58.6
2025-09-13 12:00:00,58.6
2025-09-13 13:00:00,58.6
2025-09-13 14:00:00,58.6
2025-09-13 15:00:00,247.0
2025-09-13 16:00:00,305.46
2025-09-13 17:00:00,328.56
2025-09-13 18:00:00,342.81
2025-09-13 19:00:00,331.37
2025-09-13 20:00:00,328.82
2025-09-13 21:00:00,326.01
2025-09-13 22:00:00,318.72
2025-09-13 23:00:00,312.91
2025-09-14 00:00:00,286.55
2025-09-14 01:00:00,263.0
2025-09-14 02:00:00,250.54
2025-09-14 03:00:00,218.89
2025-09-14 04:00:00,224.24
2025-09-14 05:00:00,227.31
2025-09-14 06:00:00,108.08
2025-09-14 07:00:00,58.6
2025-09-14 08:00:00,58.6
2025-09-14 09:00:00,58.6
2025-09-14 10:00:00,58.6
2025-09-14 11:00:00,58.6
2025-09-14 12:00:00,58.6
2025-09-14 13:00:00,58.6
2025-09-14 14:00:00,58.6
2025-09-14 15:00:00,58.6
2025-09-14 16:00:00,131.29
2025-09-14 17:00:00,304.06
2025-09-14 18:00:00,324.16
2025-09-14 19:00:00,318.49
2025-09-14 20:00:00,311.69
2025-09-14 21:00:00,307.33
2025-09-14 22:00:00,305.5
2025-09-14 23:00:00,297.9
2025-09-15 00:00:00,295.65
2025-09-15 01:00:00,274.63
2025-09-15 02:00:00,262.0
2025-09-15 03:00:00,260.52
2025-09-15 04:00:00,267.27
2025-09-15 05:00:00,274.43
2025-09-15 06:00:00,274.84
2025-09-15 07:00:00,251.34
2025-09-15 08:00:00,152.24
2025-09-15 09:00:00,58.6
2025-09-15 10:00:00,58.6
2025-09-15 11:00:00,58.6
2025-09-15 12:00:00,58.6
2025-09-15 13:00:00,259.77
2025-09-15 14:00:00,286.77
2025-09-15 15:00:00,303.79
2025-09-15 16:00:00,320.06
2025-09-15 17:00:00,332.09
2025-09-15 18:00:00,340.59
2025-09-15 19:00:00,339.08
2025-09-15 20:00:00,333.27
2025-09-15 21:00:00,327.52
2025-09-15 22:00:00,319.05
2025-09-15 23:00:00,312.9
2025-09-16 00:00:00,310.56
2025-09-16 01:00:00,303.03
2025-09-16 02:00:00,300.42
2025-09-16 03:00:00,300.23
2025-09-16 04:00:00,301.41
2025-09-16 05:00:00,304.21
2025-09-16 06:00:00,303.42
2025-09-16 07:00:00,285.7
2025-09-16 08:00:00,258.24
2025-09-16 09:00:00,190.67
2025-09-16 10:00:00,194.53
2025-09-16 11:00:00,254.24
2025-09-16 12:00:00,236.04
2025-09-16 13:00:00,291.51
2025-09-16 14:00:00,304.12
2025-09-16 15:00:00,314.76
2025-09-16 16:00:00,327.34
2025-09-16 17:00:00,334.15
2025-09-16 18:00:00,337.15
2025-09-16 19:00:00,335.46
2025-09-16 20:00:00,335.37
2025-09-16 21:00:00,332.6
2025-09-16 22:00:00,324.73
2025-09-16 23:00:00,315.91
2025-09-17 00:00:00,313.99
2025-09-17 01:00:00,306.58
2025-09-17 02:00:00,302.26
2025-09-17 03:00:00,301.08
2025-09-17 04:00:00,302.46
2025-09-17 05:00:00,306.23
2025-09-17 06:00:00,304.87
2025-09-17 07:00:00,285.04
2025-09-17 08:00:00,235.71
2025-09-17 09:00:00,182.66
2025-09-17 10:00:00,191.8
2025-09-17 11:00:00,216.88
2025-09-17 12:00:00,202.96
2025-09-17 13:00:00,275.04
2025-09-17 14:00:00,302.77
2025-09-17 15:00:00,312.68
2025-09-17 16:00:00,327.52
2025-09-17 17:00:00,334.7
2025-09-17 18:00:00,347.26
2025-09-17 19:00:00,339.82
2025-09-17 20:00:00,334.07
2025-09-17 21:00:00,333.99
2025-09-17 22:00:00,326.44
2025-09-17 23:00:00,318.61
2025-09-18 00:00:00,313.16
2025-09-18 01:00:00,305.85
2025-09-18 02:00:00,301.65
2025-09-18 03:00:00,301.27
2025-09-18 04:00:00,303.13
2025-09-18 05:00:00,306.69
2025-09-18 06:00:00,305.86
2025-09-18 07:00:00,290.85
2025-09-18 08:00:00,216.64
2025-09-18 09:00:00,58.6
2025-09-18 10:00:00,58.6
2025-09-18 11:00:00,152.65
2025-09-18 12:00:00,58.6
2025-09-18 13:00:00,269.92
2025-09-18 14:00:00,302.34
2025-09-18 15:00:00,314.13
2025-09-18 16:00:00,326.12
2025-09-18 17:00:00,331.68
2025-09-18 18:00:00,334.83
2025-09-18 19:00:00,332.47
2025-09-18 20:00:00,331.32
2025-09-18 21:00:00,328.53
2025-09-18 22:00:00,324.11
2025-09-18 23:00:00,317.98
2025-09-19 00:00:00,308.47
2025-09-19 01:00:00,299.43
2025-09-19 02:00:00,290.87
2025-09-19 03:00:00,289.43
2025-09-19 04:00:00,293.6
2025-09-19 05:00:00,300.64
2025-09-19 06:00:00,301.57
2025-09-19 07:00:00,289.4
2025-09-19 08:00:00,232.13
2025-09-19 09:00:00,103.82
2025-09-19 10:00:00,58.6
2025-09-19 11:00:00,58.6
2025-09-19 12:00:00,58.6
2025-09-19 13:00:00,225.42
2025-09-19 14:00:00,297.37
2025-09-19 15:00:00,309.35
2025-09-19 16:00:00,320.88
2025-09-19 17:00:00,328.83
2025-09-19 18:00:00,331.01
2025-09-19 19:00:00,330.4
2025-09-19 20:00:00,326.1
2025-09-19 21:00:00,325.0
2025-09-19 22:00:00,321.97
2025-09-19 23:00:00,317.64
2025-09-20 00:00:00,310.41
2025-09-20 01:00:00,305.02
2025-09-20 02:00:00,301.34
2025-09-20 03:00:00,299.74
2025-09-20 04:00:00,300.04
2025-09-20 05:00:00,300.22
2025-09-20 06:00:00,295.21
2025-09-20 07:00:00,266.08
2025-09-20 08:00:00,68.24
2025-09-20 09:00:00,58.6
2025-09-20 10:00:00,58.6
2025-09-20 11:00:00,58.6
2025-09-20 12:00:00,58.6
2025-09-20 13:00:00,68.23
2025-09-20 14:00:00,248.99
2025-09-20 15:00:00,295.15
2025-09-20 16:00:00,305.88
2025-09-20 17:00:00,320.1
2025-09-20 18:00:00,327.52
2025-09-20 19:00:00,325.05
2025-09-20 20:00:00,319.66
2025-09-20 21:00:00,316.58
2025-09-20 22:00:00,313.48
2025-09-20 23:00:00,310.61
2025-09-21 00:00:00,305.75
2025-09-21 01:00:00,299.95
2025-09-21 02:00:00,298.64
2025-09-21 03:00:00,297.94
2025-09-21 04:00:00,298.12
2025-09-21 05:00:00,297.6
2025-09-21 06:00:00,273.51
2025-09-21 07:00:00,58.6
2025-09-21 08:00:00,58.6
2025-09-21 09:00:00,58.6
2025-09-21 10:00:00,58.6
2025-09-21 11:00:00,58.6
2025-09-21 12:00:00,58.6
2025-09-21 13:00:00,58.6
2025-09-21 14:00:00,58.6
2025-09-21 15:00:00,270.25
2025-09-21 16:00:00,302.99
2025-09-21 17:00:00,318.98
2025-09-21 18:00:00,326.29
2025-09-21 19:00:00,323.08
2025-09-21 20:00:00,318.39
2025-09-21 21:00:00,316.28
2025-09-21 22:00:00,314.16
2025-09-21 23:00:00,311.13
2025-09-22 00:00:00,312.25
2025-09-22 01:00:00,307.29
2025-09-22 02:00:00,305.58
2025-09-22 03:00:00,304.96
2025-09-22 04:00:00,306.17
2025-09-22 05:00:00,307.56
2025-09-22 06:00:00,306.49
2025-09-22 07:00:00,303.48
2025-09-22 08:00:00,303.16
2025-09-22 09:00:00,302.96
2025-09-22 10:00:00,304.38
2025-09-22 11:00:00,305.06
2025-09-22 12:00:00,304.51
2025-09-22 13:00:00,307.68
2025-09-22 14:00:00,314.39
2025-09-22 15:00:00,322.57
2025-09-22 16:00:00,337.03
2025-09-22 17:00:00,346.24
2025-09-22 18:00:00,372.0
2025-09-22 19:00:00,357.99
2025-09-22 20:00:00,345.88
2025-09-22 21:00:00,345.8
2025-09-22 22:00:00,338.29
2025-09-22 23:00:00,327.4
2025-09-23 00:00:00,310.97
2025-09-23 01:00:00,306.34
2025-09-23 02:00:00,301.06
2025-09-23 03:00:00,300.53
2025-09-23 04:00:00,302.11
2025-09-23 05:00:00,305.98
2025-09-23 06:00:00,305.98
2025-09-23 07:00:00,298.69
2025-09-23 08:00:00,293.04
2025-09-23 09:00:00,284.49
2025-09-23 10:00:00,286.28
2025-09-23 11:00:00,289.02
2025-09-23 12:00:00,285.31
2025-09-23 13:00:00,292.35
2025-09-23 14:00:00,301.44
2025-09-23 15:00:00,311.1
2025-09-23 16:00:00,323.37
2025-09-23 17:00:00,344.97
2025-09-23 18:00:00,352.94
2025-09-23 19:00:00,348.19
2025-09-23 20:00:00,347.49
2025-09-23 21:00:00,341.96
2025-09-23 22:00:00,321.77
2025-09-23 23:00:00,313.86
2025-09-24 00:00:00,310.09
2025-09-24 01:00:00,301.77
2025-09-24 02:00:00,297.77
2025-09-24 03:00:00,297.05
2025-09-24 04:00:00,298.51
2025-09-24 05:00:00,302.37
2025-09-24 06:00:00,300.67
2025-09-24 07:00:00,291.13
2025-09-24 08:00:00,279.4
2025-09-24 09:00:00,58.6
2025-09-24 10:00:00,58.6
2025-09-24 11:00:00,58.6
2025-09-24 12:00:00,58.6
2025-09-24 13:00:00,128.54
2025-09-24 14:00:00,287.0
2025-09-24 15:00:00,304.0
2025-09-24 16:00:00,317.89
2025-09-24 17:00:00,330.58
2025-09-24 18:00:00,342.27
2025-09-24 19:00:00,341.51
2025-09-24 20:00:00,339.98
2025-09-24 21:00:00,329.13
2025-09-24 22:00:00,322.06
2025-09-24 23:00:00,313.68
2025-09-25 00:00:00,305.76
2025-09-25 01:00:00,297.4
2025-09-25 02:00:00,293.65
2025-09-25 03:00:00,293.7
2025-09-25 04:00:00,294.37
2025-09-25 05:00:00,300.19
2025-09-25 06:00:00,297.21
2025-09-25 07:00:00,282.14
2025-09-25 08:00:00,75.85
2025-09-25 09:00:00,58.6
2025-09-25 10:00:00,58.6
2025-09-25 11:00:00,58.6
2025-09-25 12:00:00,58.6
2025-09-25 13:00:00,102.64
2025-09-25 14:00:00,286.72
2025-09-25 15:00:00,300.6
2025-09-25 16:00:00,316.09
2025-09-25 17:00:00,327.15
2025-09-25 18:00:00,344.81
2025-09-25 19:00:00,340.09
2025-09-25 20:00:00,326.54
2025-09-25 21:00:00,323.41
2025-09-25 22:00:00,318.4
2025-09-25 23:00:00,310.84
2025-09-26 00:00:00,303.7
2025-09-26 01:00:00,187.0
2025-09-26 02:00:00,101.96
2025-09-26 03:00:00,102.03
2025-09-26 04:00:00,107.64
2025-09-26 05:00:00,253.31
2025-09-26 06:00:00,177.78
2025-09-26 07:00:00,58.6
2025-09-26 08:00:00,58.6
2025-09-26 09:00:00,58.6
2025-09-26 10:00:00,58.6
2025-09-26 11:00:00,58.6
2025-09-26 12:00:00,58.6
2025-09-26 13:00:00,58.6
2025-09-26 14:00:00,61.98
2025-09-26 15:00:00,290.16
2025-09-26 16:00:00,308.71
2025-09-26 17:00:00,322.56
2025-09-26 18:00:00,326.56
2025-09-26 19:00:00,324.31
2025-09-26 20:00:00,319.41
2025-09-26 21:00:00,314.78
2025-09-26 22:00:00,311.53
2025-09-26 23:00:00,306.99
2025-09-27 00:00:00,280.89
2025-09-27 01:00:00,229.44
2025-09-27 02:00:00,213.41
2025-09-27 03:00:00,176.53
2025-09-27 04:00:00,199.8
2025-09-27 05:00:00,206.02
2025-09-27 06:00:00,84.91
2025-09-27 07:00:00,58.6
2025-09-27 08:00:00,58.6
2025-09-27 09:00:00,58.6
2025-09-27 10:00:00,58.6
2025-09-27 11:00:00,58.6
2025-09-27 12:00:00,58.6
2025-09-27 13:00:00,58.6
2025-09-27 14:00:00,58.6
2025-09-27 15:00:00,58.6
2025-09-27 16:00:00,136.64
2025-09-27 17:00:00,295.09
2025-09-27 18:00:00,302.72
2025-09-27 19:00:00,300.49
2025-09-27 20:00:00,296.81
2025-09-27 21:00:00,293.78
2025-09-27 22:00:00,291.12
2025-09-27 23:00:00,285.44
2025-09-28 00:00:00,286.84
2025-09-28 01:00:00,284.5
2025-09-28 02:00:00,282.82
2025-09-28 03:00:00,279.43
2025-09-28 04:00:00,280.07
2025-09-28 05:00:00,280.47
2025-09-28 06:00:00,58.6
2025-09-28 07:00:00,58.6
2025-09-28 08:00:00,58.6
2025-09-28 09:00:00,58.6
2025-09-28 10:00:00,58.6
2025-09-28 11:00:00,58.6
2025-09-28 12:00:00,58.6
2025-09-28 13:00:00,58.6
2025-09-28 14:00:00,58.6
2025-09-28 15:00:00,58.6
2025-09-28 16:00:00,142.58
2025-09-28 17:00:00,296.08
2025-09-28 18:00:00,304.95
2025-09-28 19:00:00,302.27
2025-09-28 20:00:00,298.44
2025-09-28 21:00:00,295.37
2025-09-28 22:00:00,293.16
2025-09-28 23:00:00,289.02
2025-09-29 00:00:00,291.52
2025-09-29 01:00:00,287.14
2025-09-29 02:00:00,284.49
2025-09-29 03:00:00,284.32
2025-09-29 04:00:00,286.16
2025-09-29 05:00:00,288.28
2025-09-29 06:00:00,287.8
2025-09-29 07:00:00,273.01
2025-09-29 08:00:00,95.26
2025-09-29 09:00:00,58.6
2025-09-29 10:00:00,58.6
2025-09-29 11:00:00,58.6
2025-09-29 12:00:00,69.68
2025-09-29 13:00:00,271.59
2025-09-29 14:00:00,289.49
2025-09-29 15:00:00,295.08
2025-09-29 16:00:00,300.35
2025-09-29 17:00:00,305.61
2025-09-29 18:00:00,310.61
2025-09-29 19:00:00,309.91
2025-09-29 20:00:00,307.08
2025-09-29 21:00:00,303.83
2025-09-29 22:00:00,301.18
2025-09-29 23:00:00,296.31
2025-09-30 00:00:00,295.59
2025-09-30 01:00:00,290.64
2025-09-30 02:00:00,289.3
2025-09-30 03:00:00,286.9
2025-09-30 04:00:00,288.15
2025-09-30 05:00:00,290.97
2025-09-30 06:00:00,291.39
2025-09-30 07:00:00,285.79
2025-09-30 08:00:00,271.08
2025-09-30 09:00:00,146.45
2025-09-30 10:00:00,102.0
2025-09-30 11:00:00,187.09
2025-09-30 12:00:00,187.1
2025-09-30 13:00:00,272.14
2025-09-30 14:00:00,291.1
2025-09-30 15:00:00,296.83
2025-09-30 16:00:00,302.73
2025-09-30 17:00:00,308.18
2025-09-30 18:00:00,316.57
2025-09-30 19:00:00,316.32
2025-09-30 20:00:00,314.0
2025-09-30 21:00:00,309.23
2025-09-30 22:00:00,304.08
2025-09-30 23:00:00,300.0
2025-10-01 00:00:00,297.09
2025-10-01 01:00:00,292.27
2025-10-01 02:00:00,291.18
2025-10-01 03:00:00,290.61
2025-10-01 04:00:00,291.29
2025-10-01 05:00:00,292.41
2025-10-01 06:00:00,292.04
2025-10-01 07:00:00,286.87
2025-10-01 08:00:00,241.45
2025-10-01 09:00:00,58.6
2025-10-01 10:00:00,58.6
2025-10-01 11:00:00,86.49
2025-10-01 12:00:00,73.31
2025-10-01 13:00:00,271.85
2025-10-01 14:00:00,290.72
2025-10-01 15:00:00,296.84
2025-10-01 16:00:00,305.64
2025-10-01 17:00:00,314.42
2025-10-01 18:00:00,316.85
2025-10-01 19:00:00,317.3
2025-10-01 20:00:00,315.95
2025-10-01 21:00:00,314.16
2025-10-01 22:00:00,307.89
2025-10-01 23:00:00,302.35
2025-10-02 00:00:00,299.84
2025-10-02 01:00:00,294.17
2025-10-02 02:00:00,291.9
2025-10-02 03:00:00,291.14
2025-10-02 04:00:00,291.65
2025-10-02 05:00:00,293.63
2025-10-02 06:00:00,293.5
2025-10-02 07:00:00,289.57
2025-10-02 08:00:00,281.89
2025-10-02 09:00:00,224.77
2025-10-02 10:00:00,201.18
2025-10-02 11:00:00,255.57
2025-10-02 12:00:00,251.9
2025-10-02 13:00:00,282.92
2025-10-02 14:00:00,292.74
2025-10-02 15:00:00,299.33
2025-10-02 16:00:00,305.69
2025-10-02 17:00:00,312.5
2025-10-02 18:00:00,315.78
2025-10-02 19:00:00,315.85
2025-10-02 20:00:00,314.68
2025-10-02 21:00:00,312.81
2025-10-02 22:00:00,308.35
2025-10-02 23:00:00,303.25
2025-10-03 00:00:00,297.67
2025-10-03 01:00:00,292.15
2025-10-03 02:00:00,288.77
2025-10-03 03:00:00,288.0
2025-10-03 04:00:00,288.19
2025-10-03 05:00:00,293.73
2025-10-03 06:00:00,291.97
2025-10-03 07:00:00,285.04
2025-10-03 08:00:00,269.25
2025-10-03 09:00:00,166.94
2025-10-03 10:00:00,153.8
2025-10-03 11:00:00,165.33
2025-10-03 12:00:00,177.13
2025-10-03 13:00:00,279.45
2025-10-03 14:00:00,290.09
2025-10-03 15:00:00,295.59
2025-10-03 16:00:00,300.25
2025-10-03 17:00:00,309.93
2025-10-03 18:00:00,314.73
2025-10-03 19:00:00,314.5
2025-10-03 20:00:00,311.71
2025-10-03 21:00:00,308.55
2025-10-03 22:00:00,306.19
2025-10-03 23:00:00,301.39
2025-10-04 00:00:00,304.08
2025-10-04 01:00:00,293.19
2025-10-04 02:00:00,280.49
2025-10-04 03:00:00,274.86
2025-10-04 04:00:00,274.59
2025-10-04 05:00:00,274.66
2025-10-04 06:00:00,234.28
2025-10-04 07:00:00,58.6
2025-10-04 08:00:00,58.6
2025-10-04 09:00:00,58.6
2025-10-04 10:00:00,58.6
2025-10-04 11:00:00,58.6
2025-10-04 12:00:00,58.6
2025-10-04 13:00:00,58.6
2025-10-04 14:00:00,58.6
2025-10-04 15:00:00,97.56
2025-10-04 16:00:00,286.59
2025-10-04 17:00:00,310.59
2025-10-04 18:00:00,325.3
2025-10-04 19:00:00,323.68
2025-10-04 20:00:00,319.2
2025-10-04 21:00:00,313.12
2025-10-04 22:00:00,310.9
2025-10-04 23:00:00,307.39
2025-10-05 00:00:00,304.39
2025-10-05 01:00:00,289.55
2025-10-05 02:00:00,263.47
2025-10-05 03:00:00,230.0
2025-10-05 04:00:00,213.78
2025-10-05 05:00:00,212.66
2025-10-05 06:00:00,88.38
2025-10-05 07:00:00,58.6
2025-10-05 08:00:00,58.6
2025-10-05 09:00:00,58.6
2025-10-05 10:00:00,58.6
2025-10-05 11:00:00,58.6
2025-10-05 12:00:00,58.6
2025-10-05 13:00:00,58.6
2025-10-05 14:00:00,58.6
2025-10-05 15:00:00,58.6
2025-10-05 16:00:00,231.82
2025-10-05 17:00:00,308.88
2025-10-05 18:00:00,315.78
2025-10-05 19:00:00,315.11
2025-10-05 20:00:00,312.75
2025-10-05 21:00:00,311.16
2025-10-05 22:00:00,309.63
2025-10-05 23:00:00,306.28
2025-10-06 00:00:00,301.24
2025-10-06 01:00:00,294.68
2025-10-06 02:00:00,288.56
2025-10-06 03:00:00,288.25
2025-10-06 04:00:00,289.12
2025-10-06 05:00:00,293.95
2025-10-06 06:00:00,291.33
2025-10-06 07:00:00,261.51
2025-10-06 08:00:00,224.84
2025-10-06 09:00:00,139.56
2025-10-06 10:00:00,162.88
2025-10-06 11:00:00,236.34
2025-10-06 12:00:00,260.61
2025-10-06 13:00:00,294.39
2025-10-06 14:00:00,303.45
2025-10-06 15:00:00,308.98
2025-10-06 16:00:00,316.26
2025-10-06 17:00:00,322.73
2025-10-06 18:00:00,333.48
2025-10-06 19:00:00,334.34
2025-10-06 20:00:00,326.9
2025-10-06 21:00:00,323.98
2025-10-06 22:00:00,318.37
2025-10-06 23:00:00,311.41
2025-10-07 00:00:00,308.85
2025-10-07 01:00:00,304.14
2025-10-07 02:00:00,300.69
2025-10-07 03:00:00,299.7
2025-10-07 04:00:00,301.1
2025-10-07 05:00:00,303.18
2025-10-07 06:00:00,298.1
2025-10-07 07:00:00,283.3
2025-10-07 08:00:00,271.75
2025-10-07 09:00:00,255.49
2025-10-07 10:00:00,271.11
2025-10-07 11:00:00,282.2
2025-10-07 12:00:00,281.75
2025-10-07 13:00:00,298.62
2025-10-07 14:00:00,305.36
2025-10-07 15:00:00,308.81
2025-10-07 16:00:00,317.88
2025-10-07 17:00:00,328.71
2025-10-07 18:00:00,344.57
2025-10-07 19:00:00,344.86
2025-10-07 20:00:00,344.05
2025-10-07 21:00:00,338.14
2025-10-07 22:00:00,319.49
2025-10-07 23:00:00,311.85
2025-10-08 00:00:00,310.01
2025-10-08 01:00:00,306.67
2025-10-08 02:00:00,304.02
2025-10-08 03:00:00,302.27
2025-10-08 04:00:00,305.15
2025-10-08 05:00:00,307.31
2025-10-08 06:00:00,302.93
2025-10-08 07:00:00,261.43
2025-10-08 08:00:00,225.61
2025-10-08 09:00:00,186.44
2025-10-08 10:00:00,205.96
2025-10-08 11:00:00,215.93
2025-10-08 12:00:00,214.26
2025-10-08 13:00:00,285.62
2025-10-08 14:00:00,304.9
2025-10-08 15:00:00,309.12
2025-10-08 16:00:00,319.07
2025-10-08 17:00:00,328.84
2025-10-08 18:00:00,341.0
2025-10-08 19:00:00,341.48
2025-10-08 20:00:00,341.17
2025-10-08 21:00:00,328.23
2025-10-08 22:00:00,320.03
2025-10-08 23:00:00,314.48
2025-10-09 00:00:00,307.2
2025-10-09 01:00:00,300.75
2025-10-09 02:00:00,296.51
2025-10-09 03:00:00,296.05
2025-10-09 04:00:00,296.51
2025-10-09 05:00:00,298.15
2025-10-09 06:00:00,296.06
2025-10-09 07:00:00,259.75
2025-10-09 08:00:00,168.24
2025-10-09 09:00:00,58.6
2025-10-09 10:00:00,58.6
2025-10-09 11:00:00,58.6
2025-10-09 12:00:00,58.6
2025-10-09 13:00:00,280.34
2025-10-09 14:00:00,296.89
2025-10-09 15:00:00,306.75
2025-10-09 16:00:00,312.83
2025-10-09 17:00:00,318.49
2025-10-09 18:00:00,322.26
2025-10-09 19:00:00,325.93
2025-10-09 20:00:00,320.46
2025-10-09 21:00:00,319.37
2025-10-09 22:00:00,314.71
2025-10-09 23:00:00,308.03
2025-10-10 00:00:00,305.8
2025-10-10 01:00:00,299.89
2025-10-10 02:00:00,297.75
2025-10-10 03:00:00,297.13
2025-10-10 04:00:00,298.91
2025-10-10 05:00:00,300.57
2025-10-10 06:00:00,298.94
2025-10-10 07:00:00,259.44
2025-10-10 08:00:00,183.66
2025-10-10 09:00:00,101.92
2025-10-10 10:00:00,99.97
2025-10-10 11:00:00,182.91
2025-10-10 12:00:00,191.8
2025-10-10 13:00:00,285.45
2025-10-10 14:00:00,299.63
2025-10-10 15:00:00,306.18
2025-10-10 16:00:00,313.16
2025-10-10 17:00:00,318.97
2025-10-10 18:00:00,324.17
2025-10-10 19:00:00,322.49
2025-10-10 20:00:00,318.08
2025-10-10 21:00:00,316.48
2025-10-10 22:00:00,314.26
2025-10-10 23:00:00,309.12
2025-10-11 00:00:00,302.34
2025-10-11 01:00:00,287.59
2025-10-11 02:00:00,265.39
2025-10-11 03:00:00,254.87
2025-10-11 04:00:00,255.09
2025-10-11 05:00:00,255.78
2025-10-11 06:00:00,124.1
2025-10-11 07:00:00,58.6
2025-10-11 08:00:00,58.6
2025-10-11 09:00:00,58.6
2025-10-11 10:00:00,58.6
2025-10-11 11:00:00,58.6
2025-10-11 12:00:00,58.6
2025-10-11 13:00:00,58.6
2025-10-11 14:00:00,58.6
2025-10-11 15:00:00,162.24
2025-10-11 16:00:00,297.46
2025-10-11 17:00:00,317.43
2025-10-11 18:00:00,329.98
2025-10-11 19:00:00,319.17
2025-10-11 20:00:00,315.71
2025-10-11 21:00:00,311.76
2025-10-11 22:00:00,305.89
2025-10-11 23:00:00,303.91
2025-10-12 00:00:00,304.73
2025-10-12 01:00:00,299.87
2025-10-12 02:00:00,293.69
2025-10-12 03:00:00,280.91
2025-10-12 04:00:00,281.12
2025-10-12 05:00:00,276.97
2025-10-12 06:00:00,58.6
2025-10-12 07:00:00,58.6
2025-10-12 08:00:00,58.6
2025-10-12 09:00:00,58.6
2025-10-12 10:00:00,58.6
2025-10-12 11:00:00,58.6
2025-10-12 12:00:00,58.6
2025-10-12 13:00:00,58.6
2025-10-12 14:00:00,58.6
2025-10-12 15:00:00,58.6
2025-10-12 16:00:00,279.04
2025-10-12 17:00:00,311.24
2025-10-12 18:00:00,322.89
2025-10-12 19:00:00,314.96
2025-10-12 20:00:00,311.23
2025-10-12 21:00:00,307.39
2025-10-12 22:00:00,306.57
2025-10-12 23:00:00,304.51
2025-10-13 00:00:00,297.43
2025-10-13 01:00:00,292.26
2025-10-13 02:00:00,291.52
2025-10-13 03:00:00,293.04
2025-10-13 04:00:00,293.54
2025-10-13 05:00:00,295.12
2025-10-13 06:00:00,271.34
2025-10-13 07:00:00,227.29
2025-10-13 08:00:00,210.14
2025-10-13 09:00:00,58.6
2025-10-13 10:00:00,98.84
2025-10-13 11:00:00,248.09
2025-10-13 12:00:00,251.28
2025-10-13 13:00:00,293.58
2025-10-13 14:00:00,302.89
2025-10-13 15:00:00,310.57
2025-10-13 16:00:00,320.89
2025-10-13 17:00:00,331.72
2025-10-13 18:00:00,348.91
2025-10-13 19:00:00,358.03
2025-10-13 20:00:00,344.64
2025-10-13 21:00:00,331.04
2025-10-13 22:00:00,322.14
2025-10-13 23:00:00,316.58
2025-10-14 00:00:00,307.91
2025-10-14 01:00:00,303.93
2025-10-14 02:00:00,301.0
2025-10-14 03:00:00,300.33
2025-10-14 04:00:00,300.85
2025-10-14 05:00:00,302.84
2025-10-14 06:00:00,293.62
2025-10-14 07:00:00,225.63
2025-10-14 08:00:00,197.24
2025-10-14 09:00:00,100.21
2025-10-14 10:00:00,110.33
2025-10-14 11:00:00,182.15
2025-10-14 12:00:00,152.54
2025-10-14 13:00:00,278.03
2025-10-14 14:00:00,298.99
2025-10-14 15:00:00,310.66
2025-10-14 16:00:00,320.01
2025-10-14 17:00:00,328.09
2025-10-14 18:00:00,333.63
2025-10-14 19:00:00,334.13
2025-10-14 20:00:00,333.58
2025-10-14 21:00:00,325.83
2025-10-14 22:00:00,319.03
2025-10-14 23:00:00,313.44
2025-10-15 00:00:00,306.73
2025-10-15 01:00:00,298.43
2025-10-15 02:00:00,295.16
2025-10-15 03:00:00,295.87
2025-10-15 04:00:00,295.83
2025-10-15 05:00:00,299.63
2025-10-15 06:00:00,289.14
2025-10-15 07:00:00,194.34
2025-10-15 08:00:00,127.67
2025-10-15 09:00:00,58.6
2025-10-15 10:00:00,58.6
2025-10-15 11:00:00,58.6
2025-10-15 12:00:00,73.59
2025-10-15 13:00:00,266.66
2025-10-15 14:00:00,296.96
2025-10-15 15:00:00,305.18
2025-10-15 16:00:00,314.17
2025-10-15 17:00:00,321.21
2025-10-15 18:00:00,323.25
2025-10-15 19:00:00,323.5
2025-10-15 20:00:00,321.37
2025-10-15 21:00:00,319.15
2025-10-15 22:00:00,314.85
2025-10-15 23:00:00,308.64
2025-10-16 00:00:00,304.78
2025-10-16 01:00:00,295.94
2025-10-16 02:00:00,293.43
2025-10-16 03:00:00,293.47
2025-10-16 04:00:00,294.46
2025-10-16 05:00:00,294.91
2025-10-16 06:00:00,285.6
2025-10-16 07:00:00,209.28
2025-10-16 08:00:00,148.34
2025-10-16 09:00:00,68.92
2025-10-16 10:00:00,69.75
2025-10-16 11:00:00,126.07
2025-10-16 12:00:00,102.56
2025-10-16 13:00:00,273.45
2025-10-16 14:00:00,298.45
2025-10-16 15:00:00,306.86
2025-10-16 16:00:00,317.57
2025-10-16 17:00:00,322.83
2025-10-16 18:00:00,326.8
2025-10-16 19:00:00,326.24
2025-10-16 20:00:00,324.61
2025-10-16 21:00:00,322.2
2025-10-16 22:00:00,316.77
2025-10-16 23:00:00,309.74
2025-10-17 00:00:00,302.2
2025-10-17 01:00:00,290.9
2025-10-17 02:00:00,287.27
2025-10-17 03:00:00,286.02
2025-10-17 04:00:00,289.11
2025-10-17 05:00:00,289.27
2025-10-17 06:00:00,247.55
2025-10-17 07:00:00,175.11
2025-10-17 08:00:00,58.6
2025-10-17 09:00:00,58.6
2025-10-17 10:00:00,58.6
2025-10-17 11:00:00,104.23
2025-10-17 12:00:00,205.95
2025-10-17 13:00:00,258.72
2025-10-17 14:00:00,293.68
2025-10-17 15:00:00,305.14
2025-10-17 16:00:00,314.69
2025-10-17 17:00:00,319.56
2025-10-17 18:00:00,323.29
2025-10-17 19:00:00,321.12
2025-10-17 20:00:00,316.35
2025-10-17 21:00:00,315.06
2025-10-17 22:00:00,314.31
2025-10-17 23:00:00,312.29
2025-10-18 00:00:00,269.1
2025-10-18 01:00:00,195.32
2025-10-18 02:00:00,200.84
2025-10-18 03:00:00,190.98
2025-10-18 04:00:00,197.79
2025-10-18 05:00:00,188.4
2025-10-18 06:00:00,179.7
2025-10-18 07:00:00,174.08
2025-10-18 08:00:00,151.38
2025-10-18 09:00:00,168.85
2025-10-18 10:00:00,168.87
2025-10-18 11:00:00,175.86
2025-10-18 12:00:00,177.32
2025-10-18 13:00:00,180.57
2025-10-18 14:00:00,183.27
2025-10-18 15:00:00,186.7
2025-10-18 16:00:00,245.91
2025-10-18 17:00:00,310.87
2025-10-18 18:00:00,335.36
2025-10-18 19:00:00,331.4
2025-10-18 20:00:00,322.06
2025-10-18 21:00:00,315.41
2025-10-18 22:00:00,311.05
2025-10-18 23:00:00,301.64
2025-10-19 00:00:00,286.99
2025-10-19 01:00:00,261.17
2025-10-19 02:00:00,252.63
2025-10-19 03:00:00,249.12
2025-10-19 04:00:00,251.17
2025-10-19 05:00:00,249.52
2025-10-19 06:00:00,216.53
2025-10-19 07:00:00,58.6
2025-10-19 08:00:00,58.6
2025-10-19 09:00:00,58.6
2025-10-19 10:00:00,58.6
2025-10-19 11:00:00,58.6
2025-10-19 12:00:00,58.6
2025-10-19 13:00:00,58.6
2025-10-19 14:00:00,133.58
2025-10-19 15:00:00,201.6
2025-10-19 16:00:00,253.31
2025-10-19 17:00:00,314.55
2025-10-19 18:00:00,326.24
2025-10-19 19:00:00,324.45
2025-10-19 20:00:00,321.6
2025-10-19 21:00:00,319.03
2025-10-19 22:00:00,314.46
2025-10-19 23:00:00,309.75
2025-10-20 00:00:00,282.39
2025-10-20 01:00:00,253.57
2025-10-20 02:00:00,256.21
2025-10-20 03:00:00,248.67
2025-10-20 04:00:00,249.42
2025-10-20 05:00:00,245.69
2025-10-20 06:00:00,241.53
2025-10-20 07:00:00,58.6
2025-10-20 08:00:00,58.6
2025-10-20 09:00:00,58.6
2025-10-20 10:00:00,58.6
2025-10-20 11:00:00,58.6
2025-10-20 12:00:00,95.05
2025-10-20 13:00:00,234.99
2025-10-20 14:00:00,267.09
2025-10-20 15:00:00,287.27
2025-10-20 16:00:00,309.86
2025-10-20 17:00:00,313.33
2025-10-20 18:00:00,317.64
2025-10-20 19:00:00,317.66
2025-10-20 20:00:00,315.19
2025-10-20 21:00:00,314.8
2025-10-20 22:00:00,313.01
2025-10-20 23:00:00,301.2
2025-10-21 00:00:00,58.6
2025-10-21 01:00:00,58.6
2025-10-21 02:00:00,58.6
2025-10-21 03:00:00,58.6
2025-10-21 04:00:00,58.6
2025-10-21 05:00:00,58.6
2025-10-21 06:00:00,58.6
2025-10-21 07:00:00,58.6
2025-10-21 08:00:00,58.6
2025-10-21 09:00:00,58.6
2025-10-21 10:00:00,58.6
2025-10-21 11:00:00,58.6
2025-10-21 12:00:00,58.6
2025-10-21 13:00:00,58.6
2025-10-21 14:00:00,58.6
2025-10-21 15:00:00,58.6
2025-10-21 16:00:00,269.43
2025-10-21 17:00:00,305.92
2025-10-21 18:00:00,320.13
2025-10-21 19:00:00,323.29
2025-10-21 20:00:00,320.34
2025-10-21 21:00:00,315.74
2025-10-21 22:00:00,306.59
2025-10-21 23:00:00,243.21
2025-10-22 00:00:00,273.23
2025-10-22 01:00:00,237.86
2025-10-22 02:00:00,232.32
2025-10-22 03:00:00,232.03
2025-10-22 04:00:00,234.88
2025-10-22 05:00:00,238.38
2025-10-22 06:00:00,229.58
2025-10-22 07:00:00,58.6
2025-10-22 08:00:00,58.6
2025-10-22 09:00:00,58.6
2025-10-22 10:00:00,58.6
2025-10-22 11:00:00,58.6
2025-10-22 12:00:00,58.6
2025-10-22 13:00:00,58.6
2025-10-22 14:00:00,155.13
2025-10-22 15:00:00,241.07
2025-10-22 16:00:00,286.67
2025-10-22 17:00:00,304.06
2025-10-22 18:00:00,319.47
2025-10-22 19:00:00,322.4
2025-10-22 20:00:00,317.48
2025-10-22 21:00:00,313.44
2025-10-22 22:00:00,310.78
2025-10-22 23:00:00,298.31
2025-10-23 00:00:00,243.16
2025-10-23 01:00:00,153.7
2025-10-23 02:00:00,145.05
2025-10-23 03:00:00,58.6
2025-10-23 04:00:00,149.13
2025-10-23 05:00:00,154.24
2025-10-23 06:00:00,127.42
2025-10-23 07:00:00,58.6
2025-10-23 08:00:00,58.6
2025-10-23 09:00:00,58.6
2025-10-23 10:00:00,58.6
2025-10-23 11:00:00,58.6
2025-10-23 12:00:00,58.6
2025-10-23 13:00:00,58.6
2025-10-23 14:00:00,58.6
2025-10-23 15:00:00,223.04
2025-10-23 16:00:00,285.94
2025-10-23 17:00:00,306.25
2025-10-23 18:00:00,320.7
2025-10-23 19:00:00,322.86
2025-10-23 20:00:00,319.7
2025-10-23 21:00:00,315.22
2025-10-23 22:00:00,309.75
2025-10-23 23:00:00,302.63
2025-10-24 00:00:00,292.62
2025-10-24 01:00:00,264.57
2025-10-24 02:00:00,249.97
2025-10-24 03:00:00,236.57
2025-10-24 04:00:00,255.43
2025-10-24 05:00:00,262.8
2025-10-24 06:00:00,252.55
2025-10-24 07:00:00,58.6
2025-10-24 08:00:00,58.6
2025-10-24 09:00:00,58.6
2025-10-24 10:00:00,58.6
2025-10-24 11:00:00,58.6
2025-10-24 12:00:00,58.6
2025-10-24 13:00:00,58.6
2025-10-24 14:00:00,222.57
2025-10-24 15:00:00,271.94
2025-10-24 16:00:00,298.34
2025-10-24 17:00:00,311.13
2025-10-24 18:00:00,322.76
2025-10-24 19:00:00,324.32
2025-10-24 20:00:00,318.92
2025-10-24 21:00:00,318.35
2025-10-24 22:00:00,316.56
2025-10-24 23:00:00,309.28
2025-10-25 00:00:00,316.59
2025-10-25 01:00:00,295.57
2025-10-25 02:00:00,295.15
2025-10-25 03:00:00,292.06
2025-10-25 04:00:00,284.62
2025-10-25 05:00:00,279.58
2025-10-25 06:00:00,191.27
2025-10-25 07:00:00,58.6
2025-10-25 08:00:00,58.6
2025-10-25 09:00:00,58.6
2025-10-25 10:00:00,58.6
2025-10-25 11:00:00,58.6
2025-10-25 12:00:00,58.6
2025-10-25 13:00:00,58.6
2025-10-25 14:00:00,58.6
2025-10-25 15:00:00,243.64
2025-10-25 16:00:00,286.91
2025-10-25 17:00:00,323.54
2025-10-25 18:00:00,334.91
2025-10-25 19:00:00,333.99
2025-10-25 20:00:00,333.24
2025-10-25 21:00:00,328.54
2025-10-25 22:00:00,323.73
2025-10-25 23:00:00,320.43
2025-10-26 00:00:00,307.22
2025-10-26 01:00:00,296.44
2025-10-26 02:00:00,291.19
2025-10-26 03:00:00,285.93
2025-10-26 04:00:00,285.48
2025-10-26 05:00:00,274.56
2025-10-26 06:00:00,58.6
2025-10-26 07:00:00,58.6
2025-10-26 08:00:00,58.6
2025-10-26 09:00:00,58.6
2025-10-26 10:00:00,58.6
2025-10-26 11:00:00,58.6
2025-10-26 12:00:00,58.6
2025-10-26 13:00:00,58.6
2025-10-26 14:00:00,58.6
2025-10-26 15:00:00,58.6
2025-10-26 16:00:00,286.4
2025-10-26 17:00:00,314.53
2025-10-26 18:00:00,329.33
2025-10-26 19:00:00,329.98
2025-10-26 20:00:00,326.44
2025-10-26 21:00:00,325.65
2025-10-26 22:00:00,321.33
2025-10-26 23:00:00,316.89
2025-10-27 00:00:00,311.29
2025-10-27 01:00:00,304.25
2025-10-27 02:00:00,302.43
2025-10-27 03:00:00,302.38
2025-10-27 04:00:00,302.5
2025-10-27 05:00:00,303.04
2025-10-27 06:00:00,297.27
2025-10-27 07:00:00,292.9
2025-10-27 08:00:00,293.83
2025-10-27 09:00:00,290.35
2025-10-27 10:00:00,292.19
2025-10-27 11:00:00,294.65
2025-10-27 12:00:00,295.59
2025-10-27 13:00:00,305.61
2025-10-27 14:00:00,311.33
2025-10-27 15:00:00,320.03
2025-10-27 16:00:00,333.0
2025-10-27 17:00:00,345.65
2025-10-27 18:00:00,360.6
2025-10-27 19:00:00,362.51
2025-10-27 20:00:00,358.13
2025-10-27 21:00:00,356.84
2025-10-27 22:00:00,348.8
2025-10-27 23:00:00,328.87
2025-10-28 00:00:00,315.01
2025-10-28 01:00:00,305.39
2025-10-28 02:00:00,302.31
2025-10-28 03:00:00,300.13
2025-10-28 04:00:00,302.11
2025-10-28 05:00:00,302.83
2025-10-28 06:00:00,297.15
2025-10-28 07:00:00,290.23
2025-10-28 08:00:00,285.72
2025-10-28 09:00:00,272.79
2025-10-28 10:00:00,271.39
2025-10-28 11:00:00,282.43
2025-10-28 12:00:00,283.98
2025-10-28 13:00:00,298.2
2025-10-28 14:00:00,306.76
2025-10-28 15:00:00,315.86
2025-10-28 16:00:00,329.57
2025-10-28 17:00:00,346.34
2025-10-28 18:00:00,355.62
2025-10-28 19:00:00,356.16
2025-10-28 20:00:00,352.23
2025-10-28 21:00:00,351.89
2025-10-28 22:00:00,342.49
2025-10-28 23:00:00,320.98
2025-10-29 00:00:00,319.89
2025-10-29 01:00:00,312.2
2025-10-29 02:00:00,306.06
2025-10-29 03:00:00,304.69
2025-10-29 04:00:00,305.97
2025-10-29 05:00:00,308.74
2025-10-29 06:00:00,301.89
2025-10-29 07:00:00,294.67
2025-10-29 08:00:00,290.38
2025-10-29 09:00:00,274.32
2025-10-29 10:00:00,279.43
2025-10-29 11:00:00,293.07
2025-10-29 12:00:00,286.65
2025-10-29 13:00:00,303.86
2025-10-29 14:00:00,314.13
2025-10-29 15:00:00,321.08
2025-10-29 16:00:00,338.03
2025-10-29 17:00:00,347.85
2025-10-29 18:00:00,357.12
2025-10-29 19:00:00,362.0
2025-10-29 20:00:00,357.86
2025-10-29 21:00:00,351.17
2025-10-29 22:00:00,350.17
2025-10-29 23:00:00,334.84
2025-10-30 00:00:00,323.09
2025-10-30 01:00:00,316.98
2025-10-30 02:00:00,311.6
2025-10-30 03:00:00,310.56
2025-10-30 04:00:00,311.62
2025-10-30 05:00:00,314.61
2025-10-30 06:00:00,304.79
2025-10-30 07:00:00,290.42
2025-10-30 08:00:00,286.27
2025-10-30 09:00:00,286.25
2025-10-30 10:00:00,295.99
2025-10-30 11:00:00,305.46
2025-10-30 12:00:00,295.89
2025-10-30 13:00:00,311.09
2025-10-30 14:00:00,316.45
2025-10-30 15:00:00,323.47
2025-10-30 16:00:00,337.64
2025-10-30 17:00:00,353.32
2025-10-30 18:00:00,359.77
2025-10-30 19:00:00,358.56
2025-10-30 20:00:00,354.63
2025-10-30 21:00:00,354.54
2025-10-30 22:00:00,346.08
2025-10-30 23:00:00,332.84
2025-10-31 00:00:00,320.45
2025-10-31 01:00:00,311.17
2025-10-31 02:00:00,307.61
2025-10-31 03:00:00,305.26
2025-10-31 04:00:00,306.57
2025-10-31 05:00:00,307.98
2025-10-31 06:00:00,294.08
2025-10-31 07:00:00,280.69
2025-10-31 08:00:00,283.53
2025-10-31 09:00:00,285.35
2025-10-31 10:00:00,285.26
2025-10-31 11:00:00,291.78
2025-10-31 12:00:00,285.55
2025-10-31 13:00:00,305.37
2025-10-31 14:00:00,312.93
2025-10-31 15:00:00,318.14
2025-10-31 16:00:00,329.31
2025-10-31 17:00:00,343.55
2025-10-31 18:00:00,349.57
2025-10-31 19:00:00,349.32
2025-10-31 20:00:00,346.48
2025-10-31 21:00:00,339.62
2025-10-31 22:00:00,333.81
2025-10-31 23:00:00,328.27
2025-11-01 00:00:00,340.65
2025-11-01 01:00:00,334.82
2025-11-01 02:00:00,333.36
2025-11-01 03:00:00,331.46
2025-11-01 04:00:00,331.34
2025-11-01 05:00:00,329.97
2025-11-01 06:00:00,318.75
2025-11-01 07:00:00,136.23
2025-11-01 08:00:00,58.6
2025-11-01 09:00:00,58.6
2025-11-01 10:00:00,58.6
2025-11-01 11:00:00,91.52
2025-11-01 12:00:00,240.75
2025-11-01 13:00:00,307.6
2025-11-01 14:00:00,315.3
2025-11-01 15:00:00,328.55
2025-11-01 16:00:00,336.27
2025-11-01 17:00:00,342.78
2025-11-01 18:00:00,348.68
2025-11-01 19:00:00,348.43
2025-11-01 20:00:00,344.46
2025-11-01 21:00:00,341.89
2025-11-01 22:00:00,341.34
2025-11-01 23:00:00,339.43
2025-11-02 00:00:00,336.33
2025-11-02 01:00:00,331.73
2025-11-02 02:00:00,330.36
2025-11-02 03:00:00,327.58
2025-11-02 04:00:00,328.99
2025-11-02 05:00:00,327.82
2025-11-02 06:00:00,157.23
2025-11-02 07:00:00,58.6
2025-11-02 08:00:00,58.6
2025-11-02 09:00:00,58.6
2025-11-02 10:00:00,58.6
2025-11-02 11:00:00,58.6
2025-11-02 12:00:00,58.6
2025-11-02 13:00:00,58.6
2025-11-02 14:00:00,58.6
2025-11-02 15:00:00,309.0
2025-11-02 16:00:00,330.01
2025-11-02 17:00:00,339.79
2025-11-02 18:00:00,344.71
2025-11-02 19:00:00,343.99
2025-11-02 20:00:00,342.28
2025-11-02 21:00:00,340.89
2025-11-02 22:00:00,339.97
2025-11-02 23:00:00,337.9
2025-11-03 00:00:00,337.03
2025-11-03 01:00:00,333.23
2025-11-03 02:00:00,332.71
2025-11-03 03:00:00,333.02
2025-11-03 04:00:00,333.26
2025-11-03 05:00:00,333.53
2025-11-03 06:00:00,332.86
2025-11-03 07:00:00,330.56
2025-11-03 08:00:00,330.9
2025-11-03 09:00:00,332.26
2025-11-03 10:00:00,331.93
2025-11-03 11:00:00,332.91
2025-11-03 12:00:00,332.96
2025-11-03 13:00:00,334.79
2025-11-03 14:00:00,338.37
2025-11-03 15:00:00,345.94
2025-11-03 16:00:00,356.1
2025-11-03 17:00:00,369.8
2025-11-03 18:00:00,370.59
2025-11-03 19:00:00,372.84
2025-11-03 20:00:00,370.94
2025-11-03 21:00:00,369.17
2025-11-03 22:00:00,362.39
2025-11-03 23:00:00,352.72
2025-11-04 00:00:00,345.62
2025-11-04 01:00:00,336.1
2025-11-04 02:00:00,335.38
2025-11-04 03:00:00,335.09
2025-11-04 04:00:00,334.61
2025-11-04 05:00:00,334.32
2025-11-04 06:00:00,333.31
2025-11-04 07:00:00,330.65
2025-11-04 08:00:00,330.5
2025-11-04 09:00:00,330.03
2025-11-04 10:00:00,328.98
2025-11-04 11:00:00,330.13
2025-11-04 12:00:00,329.29
2025-11-04 13:00:00,331.9
2025-11-04 14:00:00,334.82
2025-11-04 15:00:00,339.86
2025-11-04 16:00:00,350.02
2025-11-04 17:00:00,359.94
2025-11-04 18:00:00,369.89
2025-11-04 19:00:00,369.69
2025-11-04 20:00:00,361.87
2025-11-04 21:00:00,356.42
2025-11-04 22:00:00,353.83
2025-11-04 23:00:00,345.07
2025-11-05 00:00:00,340.78
2025-11-05 01:00:00,334.36
2025-11-05 02:00:00,332.64
2025-11-05 03:00:00,332.58
2025-11-05 04:00:00,332.61
2025-11-05 05:00:00,332.7
2025-11-05 06:00:00,325.95
2025-11-05 07:00:00,319.47
2025-11-05 08:00:00,319.0
2025-11-05 09:00:00,319.16
2025-11-05 10:00:00,318.71
2025-11-05 11:00:00,318.8
2025-11-05 12:00:00,320.15
2025-11-05 13:00:00,326.67
2025-11-05 14:00:00,332.88
2025-11-05 15:00:00,340.22
2025-11-05 16:00:00,352.05
2025-11-05 17:00:00,366.87
2025-11-05 18:00:00,387.25
2025-11-05 19:00:00,386.65
2025-11-05 20:00:00,377.4
2025-11-05 21:00:00,366.09
2025-11-05 22:00:00,357.6
2025-11-05 23:00:00,348.75
2025-11-06 00:00:00,353.48
2025-11-06 01:00:00,344.08
2025-11-06 02:00:00,340.34
2025-11-06 03:00:00,338.76
2025-11-06 04:00:00,339.39
2025-11-06 05:00:00,340.11
2025-11-06 06:00:00,334.88
2025-11-06 07:00:00,328.79
2025-11-06 08:00:00,326.87
2025-11-06 09:00:00,325.6
2025-11-06 10:00:00,325.59
2025-11-06 11:00:00,326.02
2025-11-06 12:00:00,319.21
2025-11-06 13:00:00,327.08
2025-11-06 14:00:00,330.42
2025-11-06 15:00:00,342.39
2025-11-06 16:00:00,356.97
2025-11-06 17:00:00,378.96
2025-11-06 18:00:00,488.4
2025-11-06 19:00:00,734.46
2025-11-06 20:00:00,460.75
2025-11-06 21:00:00,406.54
2025-11-06 22:00:00,363.71
2025-11-06 23:00:00,352.91
2025-11-07 00:00:00,352.86
2025-11-07 01:00:00,342.75
2025-11-07 02:00:00,338.34
2025-11-07 03:00:00,337.56
2025-11-07 04:00:00,337.62
2025-11-07 05:00:00,337.58
2025-11-07 06:00:00,333.98
2025-11-07 07:00:00,329.02
2025-11-07 08:00:00,327.91
2025-11-07 09:00:00,327.06
2025-11-07 10:00:00,328.04
2025-11-07 11:00:00,328.86
2025-11-07 12:00:00,326.96
2025-11-07 13:00:00,329.49
2025-11-07 14:00:00,334.71
2025-11-07 15:00:00,340.4
2025-11-07 16:00:00,350.62
2025-11-07 17:00:00,360.23
2025-11-07 18:00:00,381.96
2025-11-07 19:00:00,386.58
2025-11-07 20:00:00,368.7
2025-11-07 21:00:00,359.35
2025-11-07 22:00:00,353.23
2025-11-07 23:00:00,348.48
2025-11-08 00:00:00,310.93
2025-11-08 01:00:00,308.11
2025-11-08 02:00:00,306.42
2025-11-08 03:00:00,304.64
2025-11-08 04:00:00,304.81
2025-11-08 05:00:00,301.58
2025-11-08 06:00:00,288.38
2025-11-08 07:00:00,198.37
2025-11-08 08:00:00,90.33
2025-11-08 09:00:00,59.29
2025-11-08 10:00:00,58.6
2025-11-08 11:00:00,58.6
2025-11-08 12:00:00,58.6
2025-11-08 13:00:00,58.6
2025-11-08 14:00:00,160.81
2025-11-08 15:00:00,288.01
2025-11-08 16:00:00,307.91
2025-11-08 17:00:00,320.74
2025-11-08 18:00:00,350.69
2025-11-08 19:00:00,345.3
2025-11-08 20:00:00,335.7
2025-11-08 21:00:00,324.19
2025-11-08 22:00:00,317.8
2025-11-08 23:00:00,313.09
2025-11-09 00:00:00,312.56
2025-11-09 01:00:00,308.42
2025-11-09 02:00:00,307.2
2025-11-09 03:00:00,306.31
2025-11-09 04:00:00,305.77
2025-11-09 05:00:00,301.13
2025-11-09 06:00:00,143.92
2025-11-09 07:00:00,58.6
2025-11-09 08:00:00,58.6
2025-11-09 09:00:00,58.6
2025-11-09 10:00:00,58.6
2025-11-09 11:00:00,58.6
2025-11-09 12:00:00,58.6
2025-11-09 13:00:00,58.6
2025-11-09 14:00:00,58.6
2025-11-09 15:00:00,58.6
2025-11-09 16:00:00,295.7
2025-11-09 17:00:00,309.18
2025-11-09 18:00:00,325.14
2025-11-09 19:00:00,319.07
2025-11-09 20:00:00,316.59
2025-11-09 21:00:00,312.41
2025-11-09 22:00:00,311.52
2025-11-09 23:00:00,308.8
2025-11-10 00:00:00,301.71
2025-11-10 01:00:00,298.46
2025-11-10 02:00:00,296.42
2025-11-10 03:00:00,296.13
2025-11-10 04:00:00,296.62
2025-11-10 05:00:00,297.56
2025-11-10 06:00:00,295.14
2025-11-10 07:00:00,292.23
2025-11-10 08:00:00,290.58
2025-11-10 09:00:00,286.14
2025-11-10 10:00:00,285.53
2025-11-10 11:00:00,287.85
2025-11-10 12:00:00,284.75
2025-11-10 13:00:00,293.12
2025-11-10 14:00:00,298.36
2025-11-10 15:00:00,302.1
2025-11-10 16:00:00,307.22
2025-11-10 17:00:00,309.63
2025-11-10 18:00:00,312.08
2025-11-10 19:00:00,312.38
2025-11-10 20:00:00,310.26
2025-11-10 21:00:00,309.22
2025-11-10 22:00:00,309.12
2025-11-10 23:00:00,305.31
2025-11-11 00:00:00,291.54
2025-11-11 01:00:00,225.14
2025-11-11 02:00:00,202.25
2025-11-11 03:00:00,195.06
2025-11-11 04:00:00,220.41
2025-11-11 05:00:00,225.02
2025-11-11 06:00:00,188.73
2025-11-11 07:00:00,58.6
2025-11-11 08:00:00,58.6
2025-11-11 09:00:00,58.6
2025-11-11 10:00:00,58.6
2025-11-11 11:00:00,58.6
2025-11-11 12:00:00,58.6
2025-11-11 13:00:00,165.85
2025-11-11 14:00:00,274.96
2025-11-11 15:00:00,298.27
2025-11-11 16:00:00,305.92
2025-11-11 17:00:00,306.57
2025-11-11 18:00:00,307.11
2025-11-11 19:00:00,307.67
2025-11-11 20:00:00,307.08
2025-11-11 21:00:00,306.78
2025-11-11 22:00:00,306.28
2025-11-11 23:00:00,302.15
2025-11-12 00:00:00,298.27
2025-11-12 01:00:00,287.49
2025-11-12 02:00:00,285.77
2025-11-12 03:00:00,283.42
2025-11-12 04:00:00,284.12
2025-11-12 05:00:00,284.07
2025-11-12 06:00:00,198.95
2025-11-12 07:00:00,58.6
2025-11-12 08:00:00,58.6
2025-11-12 09:00:00,58.6
2025-11-12 10:00:00,58.6
2025-11-12 11:00:00,58.6
2025-11-12 12:00:00,58.6
2025-11-12 13:00:00,277.53
2025-11-12 14:00:00,294.44
2025-11-12 15:00:00,300.47
2025-11-12 16:00:00,306.95
2025-11-12 17:00:00,309.88
2025-11-12 18:00:00,311.65
2025-11-12 19:00:00,311.59
2025-11-12 20:00:00,311.49
2025-11-12 21:00:00,311.17
2025-11-12 22:00:00,309.21
2025-11-12 23:00:00,304.91
2025-11-13 00:00:00,300.9
2025-11-13 01:00:00,294.46
2025-11-13 02:00:00,293.73
2025-11-13 03:00:00,293.69
2025-11-13 04:00:00,293.99
2025-11-13 05:00:00,294.25
2025-11-13 06:00:00,286.1
2025-11-13 07:00:00,280.46
2025-11-13 08:00:00,277.69
2025-11-13 09:00:00,269.74
2025-11-13 10:00:00,274.38
2025-11-13 11:00:00,280.21
2025-11-13 12:00:00,277.86
2025-11-13 13:00:00,290.27
2025-11-13 14:00:00,295.55
2025-11-13 15:00:00,301.85
2025-11-13 16:00:00,310.63
2025-11-13 17:00:00,315.89
2025-11-13 18:00:00,316.0
2025-11-13 19:00:00,315.91
2025-11-13 20:00:00,315.68
2025-11-13 21:00:00,315.52
2025-11-13 22:00:00,312.52
2025-11-13 23:00:00,307.04
2025-11-14 00:00:00,304.76
2025-11-14 01:00:00,296.55
2025-11-14 02:00:00,293.16
2025-11-14 03:00:00,292.99
2025-11-14 04:00:00,293.57
2025-11-14 05:00:00,293.94
2025-11-14 06:00:00,289.78
2025-11-14 07:00:00,289.08
2025-11-14 08:00:00,288.65
2025-11-14 09:00:00,286.56
2025-11-14 10:00:00,287.73
2025-11-14 11:00:00,288.72
2025-11-14 12:00:00,288.23
2025-11-14 13:00:00,293.11
2025-11-14 14:00:00,300.13
2025-11-14 15:00:00,306.75
2025-11-14 16:00:00,312.13
2025-11-14 17:00:00,317.76
2025-11-14 18:00:00,323.65
2025-11-14 19:00:00,323.73
2025-11-14 20:00:00,320.48
2025-11-14 21:00:00,320.29
2025-11-14 22:00:00,314.66
2025-11-14 23:00:00,308.86
2025-11-15 00:00:00,307.61
2025-11-15 01:00:00,298.38
2025-11-15 02:00:00,289.0
2025-11-15 03:00:00,280.59
2025-11-15 04:00:00,284.63
2025-11-15 05:00:00,270.61
2025-11-15 06:00:00,66.82
2025-11-15 07:00:00,58.6
2025-11-15 08:00:00,58.6
2025-11-15 09:00:00,58.6
2025-11-15 10:00:00,58.6
2025-11-15 11:00:00,58.6
2025-11-15 12:00:00,58.6
2025-11-15 13:00:00,62.55
2025-11-15 14:00:00,132.6
2025-11-15 15:00:00,267.18
2025-11-15 16:00:00,306.05
2025-11-15 17:00:00,316.24
2025-11-15 18:00:00,325.87
2025-11-15 19:00:00,323.57
2025-11-15 20:00:00,319.62
2025-11-15 21:00:00,315.93
2025-11-15 22:00:00,313.01
2025-11-15 23:00:00,307.77
2025-11-16 00:00:00,293.24
2025-11-16 01:00:00,280.39
2025-11-16 02:00:00,239.31
2025-11-16 03:00:00,131.0
2025-11-16 04:00:00,135.39
2025-11-16 05:00:00,71.92
2025-11-16 06:00:00,58.6
2025-11-16 07:00:00,58.6
2025-11-16 08:00:00,58.6
2025-11-16 09:00:00,58.6
2025-11-16 10:00:00,58.6
2025-11-16 11:00:00,58.6
2025-11-16 12:00:00,58.6
2025-11-16 13:00:00,58.6
2025-11-16 14:00:00,58.6
2025-11-16 15:00:00,58.6
2025-11-16 16:00:00,250.68
2025-11-16 17:00:00,301.38
2025-11-16 18:00:00,313.82
2025-11-16 19:00:00,315.78
2025-11-16 20:00:00,310.04
2025-11-16 21:00:00,308.34
2025-11-16 22:00:00,302.9
2025-11-16 23:00:00,300.36
2025-11-17 00:00:00,289.75
2025-11-17 01:00:00,285.41
2025-11-17 02:00:00,284.45
2025-11-17 03:00:00,284.42
2025-11-17 04:00:00,286.52
2025-11-17 05:00:00,287.63
2025-11-17 06:00:00,283.49
2025-11-17 07:00:00,282.45
2025-11-17 08:00:00,283.2
2025-11-17 09:00:00,282.75
2025-11-17 10:00:00,283.68
2025-11-17 11:00:00,283.45
2025-11-17 12:00:00,283.55
2025-11-17 13:00:00,288.6
2025-11-17 14:00:00,296.32
2025-11-17 15:00:00,304.26
2025-11-17 16:00:00,314.74
2025-11-17 17:00:00,318.75
2025-11-17 18:00:00,323.75
2025-11-17 19:00:00,325.11
2025-11-17 20:00:00,321.03
2025-11-17 21:00:00,319.65
2025-11-17 22:00:00,316.13
2025-11-17 23:00:00,312.84
2025-11-18 00:00:00,312.72
2025-11-18 01:00:00,301.99
2025-11-18 02:00:00,300.71
2025-11-18 03:00:00,300.43
2025-11-18 04:00:00,301.65
2025-11-18 05:00:00,302.29
2025-11-18 06:00:00,300.25
2025-11-18 07:00:00,295.66
2025-11-18 08:00:00,293.04
2025-11-18 09:00:00,291.02
2025-11-18 10:00:00,291.23
2025-11-18 11:00:00,291.5
2025-11-18 12:00:00,289.97
2025-11-18 13:00:00,295.98
2025-11-18 14:00:00,301.05
2025-11-18 15:00:00,305.62
2025-11-18 16:00:00,316.7
2025-11-18 17:00:00,329.5
2025-11-18 18:00:00,346.28
2025-11-18 19:00:00,352.11
2025-11-18 20:00:00,346.49
2025-11-18 21:00:00,340.28
2025-11-18 22:00:00,327.27
2025-11-18 23:00:00,320.58
2025-11-19 00:00:00,316.52
2025-11-19 01:00:00,306.0
2025-11-19 02:00:00,304.03
2025-11-19 03:00:00,304.06
2025-11-19 04:00:00,305.25
2025-11-19 05:00:00,305.32
2025-11-19 06:00:00,299.54
2025-11-19 07:00:00,290.64
2025-11-19 08:00:00,284.8
2025-11-19 09:00:00,283.83
2025-11-19 10:00:00,283.92
2025-11-19 11:00:00,283.64
2025-11-19 12:00:00,283.62
2025-11-19 13:00:00,289.46
2025-11-19 14:00:00,294.37
2025-11-19 15:00:00,300.53
2025-11-19 16:00:00,314.65
2025-11-19 17:00:00,345.11
2025-11-19 18:00:00,576.43
2025-11-19 19:00:00,694.35
2025-11-19 20:00:00,662.85
2025-11-19 21:00:00,689.05
2025-11-19 22:00:00,493.29
2025-11-19 23:00:00,354.94
2025-11-20 00:00:00,335.68
2025-11-20 01:00:00,319.56
2025-11-20 02:00:00,315.78
2025-11-20 03:00:00,312.07
2025-11-20 04:00:00,312.29
2025-11-20 05:00:00,307.98
2025-11-20 06:00:00,290.29
2025-11-20 07:00:00,123.92
2025-11-20 08:00:00,58.6
2025-11-20 09:00:00,58.6
2025-11-20 10:00:00,58.6
2025-11-20 11:00:00,58.6
2025-11-20 12:00:00,58.6
2025-11-20 13:00:00,58.6
2025-11-20 14:00:00,136.84
2025-11-20 15:00:00,273.37
2025-11-20 16:00:00,301.37
2025-11-20 17:00:00,322.31
2025-11-20 18:00:00,385.52
2025-11-20 19:00:00,434.59
2025-11-20 20:00:00,390.26
2025-11-20 21:00:00,353.26
2025-11-20 22:00:00,336.7
2025-11-20 23:00:00,321.34
2025-11-21 00:00:00,311.98
2025-11-21 01:00:00,304.07
2025-11-21 02:00:00,301.92
2025-11-21 03:00:00,297.8
2025-11-21 04:00:00,298.12
2025-11-21 05:00:00,297.41
2025-11-21 06:00:00,287.01
2025-11-21 07:00:00,231.59
2025-11-21 08:00:00,225.79
2025-11-21 09:00:00,224.76
2025-11-21 10:00:00,225.74
2025-11-21 11:00:00,228.02
2025-11-21 12:00:00,222.23
2025-11-21 13:00:00,279.86
2025-11-21 14:00:00,293.46
2025-11-21 15:00:00,300.36
2025-11-21 16:00:00,308.61
2025-11-21 17:00:00,316.77
2025-11-21 18:00:00,332.24
2025-11-21 19:00:00,332.45
2025-11-21 20:00:00,322.21
2025-11-21 21:00:00,319.18
2025-11-21 22:00:00,317.85
2025-11-21 23:00:00,311.88
2025-11-22 00:00:00,315.72
2025-11-22 01:00:00,311.45
2025-11-22 02:00:00,309.56
2025-11-22 03:00:00,302.99
2025-11-22 04:00:00,302.65
2025-11-22 05:00:00,300.51
2025-11-22 06:00:00,250.68
2025-11-22 07:00:00,82.21
2025-11-22 08:00:00,58.6
2025-11-22 09:00:00,58.6
2025-11-22 10:00:00,58.6
2025-11-22 11:00:00,58.6
2025-11-22 12:00:00,58.6
2025-11-22 13:00:00,58.6
2025-11-22 14:00:00,106.81
2025-11-22 15:00:00,256.45
2025-11-22 16:00:00,306.12
2025-11-22 17:00:00,316.76
2025-11-22 18:00:00,327.65
2025-11-22 19:00:00,330.1
2025-11-22 20:00:00,325.25
2025-11-22 21:00:00,322.55
2025-11-22 22:00:00,320.32
2025-11-22 23:00:00,317.45
2025-11-23 00:00:00,313.06
2025-11-23 01:00:00,307.24
2025-11-23 02:00:00,303.18
2025-11-23 03:00:00,288.95
2025-11-23 04:00:00,281.25
2025-11-23 05:00:00,269.63
2025-11-23 06:00:00,104.19
2025-11-23 07:00:00,58.6
2025-11-23 08:00:00,58.6
2025-11-23 09:00:00,58.6
2025-11-23 10:00:00,58.6
2025-11-23 11:00:00,58.6
2025-11-23 12:00:00,58.6
2025-11-23 13:00:00,58.6
2025-11-23 14:00:00,58.6
2025-11-23 15:00:00,107.36
2025-11-23 16:00:00,261.87
2025-11-23 17:00:00,310.29
2025-11-23 18:00:00,319.15
2025-11-23 19:00:00,323.83
2025-11-23 20:00:00,319.73
2025-11-23 21:00:00,318.84
2025-11-23 22:00:00,317.24
2025-11-23 23:00:00,314.16
2025-11-24 00:00:00,311.03
2025-11-24 01:00:00,307.18
2025-11-24 02:00:00,305.33
2025-11-24 03:00:00,303.89
2025-11-24 04:00:00,304.92
2025-11-24 05:00:00,305.27
2025-11-24 06:00:00,304.47
2025-11-24 07:00:00,299.07
2025-11-24 08:00:00,299.43
2025-11-24 09:00:00,298.94
2025-11-24 10:00:00,299.51
2025-11-24 11:00:00,302.38
2025-11-24 12:00:00,295.82
2025-11-24 13:00:00,303.37
2025-11-24 14:00:00,307.06
2025-11-24 15:00:00,311.82
2025-11-24 16:00:00,323.05
2025-11-24 17:00:00,327.51
2025-11-24 18:00:00,339.46
2025-11-24 19:00:00,345.17
2025-11-24 20:00:00,344.03
2025-11-24 21:00:00,343.59
2025-11-24 22:00:00,336.43
2025-11-24 23:00:00,325.51
2025-11-25 00:00:00,317.35
2025-11-25 01:00:00,311.33
2025-11-25 02:00:00,307.6
2025-11-25 03:00:00,306.25
2025-11-25 04:00:00,306.67
2025-11-25 05:00:00,307.59
2025-11-25 06:00:00,305.23
2025-11-25 07:00:00,299.84
2025-11-25 08:00:00,297.1
2025-11-25 09:00:00,286.45
2025-11-25 10:00:00,276.5
2025-11-25 11:00:00,280.96
2025-11-25 12:00:00,255.86
2025-11-25 13:00:00,293.3
2025-11-25 14:00:00,306.43
2025-11-25 15:00:00,311.6
2025-11-25 16:00:00,321.37
2025-11-25 17:00:00,325.6
2025-11-25 18:00:00,340.27
2025-11-25 19:00:00,341.14
2025-11-25 20:00:00,340.94
2025-11-25 21:00:00,339.34
2025-11-25 22:00:00,328.45
2025-11-25 23:00:00,323.42
2025-11-26 00:00:00,317.74
2025-11-26 01:00:00,310.48
2025-11-26 02:00:00,308.54
2025-11-26 03:00:00,308.11
2025-11-26 04:00:00,308.9
2025-11-26 05:00:00,309.49
2025-11-26 06:00:00,305.66
2025-11-26 07:00:00,283.43
2025-11-26 08:00:00,244.49
2025-11-26 09:00:00,216.37
2025-11-26 10:00:00,214.81
2025-11-26 11:00:00,214.82
2025-11-26 12:00:00,132.41
2025-11-26 13:00:00,279.9
2025-11-26 14:00:00,306.64
2025-11-26 15:00:00,311.89
2025-11-26 16:00:00,321.28
2025-11-26 17:00:00,324.63
2025-11-26 18:00:00,338.31
2025-11-26 19:00:00,339.3
2025-11-26 20:00:00,339.14
2025-11-26 21:00:00,338.46
2025-11-26 22:00:00,330.69
2025-11-26 23:00:00,322.49
2025-11-27 00:00:00,315.94
2025-11-27 01:00:00,309.97
2025-11-27 02:00:00,306.64
2025-11-27 03:00:00,305.42
2025-11-27 04:00:00,305.69
2025-11-27 05:00:00,305.85
2025-11-27 06:00:00,301.81
2025-11-27 07:00:00,269.0
2025-11-27 08:00:00,240.27
2025-11-27 09:00:00,215.11
2025-11-27 10:00:00,215.08
2025-11-27 11:00:00,215.07
2025-11-27 12:00:00,147.55
2025-11-27 13:00:00,276.31
2025-11-27 14:00:00,301.7
2025-11-27 15:00:00,309.49
2025-11-27 16:00:00,317.66
2025-11-27 17:00:00,319.48
2025-11-27 18:00:00,324.17
2025-11-27 19:00:00,325.66
2025-11-27 20:00:00,324.9
2025-11-27 21:00:00,321.27
2025-11-27 22:00:00,318.22
2025-11-27 23:00:00,314.47
2025-11-28 00:00:00,312.41
2025-11-28 01:00:00,306.0
2025-11-28 02:00:00,304.36
2025-11-28 03:00:00,302.95
2025-11-28 04:00:00,303.7
2025-11-28 05:00:00,303.87
2025-11-28 06:00:00,295.7
2025-11-28 07:00:00,230.26
2025-11-28 08:00:00,156.59
2025-11-28 09:00:00,59.33
2025-11-28 10:00:00,59.1
2025-11-28 11:00:00,149.99
2025-11-28 12:00:00,60.62
2025-11-28 13:00:00,280.21
2025-11-28 14:00:00,302.74
2025-11-28 15:00:00,308.89
2025-11-28 16:00:00,313.63
2025-11-28 17:00:00,318.45
2025-11-28 18:00:00,324.8
2025-11-28 19:00:00,326.12
2025-11-28 20:00:00,322.94
2025-11-28 21:00:00,318.72
2025-11-28 22:00:00,317.32
2025-11-28 23:00:00,316.36
2025-11-29 00:00:00,328.96
2025-11-29 01:00:00,317.31
2025-11-29 02:00:00,314.78
2025-11-29 03:00:00,313.82
2025-11-29 04:00:00,314.56
2025-11-29 05:00:00,312.81
2025-11-29 06:00:00,303.31
2025-11-29 07:00:00,239.68
2025-11-29 08:00:00,58.6
2025-11-29 09:00:00,58.6
2025-11-29 10:00:00,58.6
2025-11-29 11:00:00,58.6
2025-11-29 12:00:00,58.6
2025-11-29 13:00:00,215.56
2025-11-29 14:00:00,278.93
2025-11-29 15:00:00,308.47
2025-11-29 16:00:00,319.04
2025-11-29 17:00:00,336.58
2025-11-29 18:00:00,346.33
2025-11-29 19:00:00,352.38
2025-11-29 20:00:00,348.17
2025-11-29 21:00:00,344.2
2025-11-29 22:00:00,339.29
2025-11-29 23:00:00,335.82
2025-11-30 00:00:00,332.11
2025-11-30 01:00:00,322.96
2025-11-30 02:00:00,321.68
2025-11-30 03:00:00,320.96
2025-11-30 04:00:00,321.1
2025-11-30 05:00:00,317.71
2025-11-30 06:00:00,295.33
2025-11-30 07:00:00,58.6
2025-11-30 08:00:00,58.6
2025-11-30 09:00:00,58.6
2025-11-30 10:00:00,58.6
2025-11-30 11:00:00,58.6
2025-11-30 12:00:00,58.6
2025-11-30 13:00:00,58.6
2025-11-30 14:00:00,65.39
2025-11-30 15:00:00,281.38
2025-11-30 16:00:00,320.86
2025-11-30 17:00:00,337.38
2025-11-30 18:00:00,350.06
2025-11-30 19:00:00,351.84
2025-11-30 20:00:00,350.87
2025-11-30 21:00:00,351.32
2025-11-30 22:00:00,348.55
2025-11-30 23:00:00,341.36
2025-12-01 00:00:00,329.36
2025-12-01 01:00:00,325.98
2025-12-01 02:00:00,325.9
2025-12-01 03:00:00,325.82
2025-12-01 04:00:00,325.74
2025-12-01 05:00:00,325.87
2025-12-01 06:00:00,324.76
2025-12-01 07:00:00,320.04
2025-12-01 08:00:00,321.03
2025-12-01 09:00:00,320.78
2025-12-01 10:00:00,320.75
2025-12-01 11:00:00,321.28
2025-12-01 12:00:00,316.78
2025-12-01 13:00:00,324.56
2025-12-01 14:00:00,327.23
2025-12-01 15:00:00,336.07
2025-12-01 16:00:00,347.59
2025-12-01 17:00:00,351.81
2025-12-01 18:00:00,351.69
2025-12-01 19:00:00,366.36
2025-12-01 20:00:00,359.17
2025-12-01 21:00:00,363.58
2025-12-01 22:00:00,354.48
2025-12-01 23:00:00,345.33
2025-12-02 00:00:00,340.12
2025-12-02 01:00:00,330.45
2025-12-02 02:00:00,325.35
2025-12-02 03:00:00,324.21
2025-12-02 04:00:00,324.5
2025-12-02 05:00:00,325.05
2025-12-02 06:00:00,323.28
2025-12-02 07:00:00,320.22
2025-12-02 08:00:00,320.34
2025-12-02 09:00:00,319.78
2025-12-02 10:00:00,319.75
2025-12-02 11:00:00,319.69
2025-12-02 12:00:00,318.8
2025-12-02 13:00:00,321.93
2025-12-02 14:00:00,325.95
2025-12-02 15:00:00,330.9
2025-12-02 16:00:00,341.32
2025-12-02 17:00:00,349.04
2025-12-02 18:00:00,358.31
2025-12-02 19:00:00,638.33
2025-12-02 20:00:00,470.69
2025-12-02 21:00:00,554.49
2025-12-02 22:00:00,447.51
2025-12-02 23:00:00,344.13
2025-12-03 00:00:00,348.3
2025-12-03 01:00:00,335.21
2025-12-03 02:00:00,329.7
2025-12-03 03:00:00,326.49
2025-12-03 04:00:00,324.64
2025-12-03 05:00:00,323.95
2025-12-03 06:00:00,319.72
2025-12-03 07:00:00,316.68
2025-12-03 08:00:00,317.1
2025-12-03 09:00:00,316.7
2025-12-03 10:00:00,317.11
2025-12-03 11:00:00,318.02
2025-12-03 12:00:00,317.72
2025-12-03 13:00:00,320.24
2025-12-03 14:00:00,325.43
2025-12-03 15:00:00,332.85
2025-12-03 16:00:00,348.23
2025-12-03 17:00:00,362.44
2025-12-03 18:00:00,616.74
2025-12-03 19:00:00,1421.65
2025-12-03 20:00:00,1080.09
2025-12-03 21:00:00,1421.87
2025-12-03 22:00:00,733.27
2025-12-03 23:00:00,349.53
2025-12-04 00:00:00,328.66
2025-12-04 01:00:00,320.43
2025-12-04 02:00:00,319.07
2025-12-04 03:00:00,316.96
2025-12-04 04:00:00,317.05
2025-12-04 05:00:00,316.72
2025-12-04 06:00:00,313.48
2025-12-04 07:00:00,311.73
2025-12-04 08:00:00,311.51
2025-12-04 09:00:00,310.67
2025-12-04 10:00:00,310.68
2025-12-04 11:00:00,310.64
2025-12-04 12:00:00,309.49
2025-12-04 13:00:00,311.14
2025-12-04 14:00:00,315.65
2025-12-04 15:00:00,319.34
2025-12-04 16:00:00,327.27
2025-12-04 17:00:00,337.82
2025-12-04 18:00:00,367.3
2025-12-04 19:00:00,389.69
2025-12-04 20:00:00,369.36
2025-12-04 21:00:00,381.92
2025-12-04 22:00:00,341.04
2025-12-04 23:00:00,334.82
2025-12-05 00:00:00,335.88
2025-12-05 01:00:00,324.68
2025-12-05 02:00:00,321.33
2025-12-05 03:00:00,318.48
2025-12-05 04:00:00,318.28
2025-12-05 05:00:00,318.26
2025-12-05 06:00:00,315.5
2025-12-05 07:00:00,313.18
2025-12-05 08:00:00,312.41
2025-12-05 09:00:00,310.95
2025-12-05 10:00:00,310.93
2025-12-05 11:00:00,310.77
2025-12-05 12:00:00,310.48
2025-12-05 13:00:00,312.22
2025-12-05 14:00:00,316.05
2025-12-05 15:00:00,319.48
2025-12-05 16:00:00,329.13
2025-12-05 17:00:00,335.73
2025-12-05 18:00:00,346.77
2025-12-05 19:00:00,352.96
2025-12-05 20:00:00,346.38
2025-12-05 21:00:00,346.98
2025-12-05 22:00:00,342.0
2025-12-05 23:00:00,334.97
2025-12-06 00:00:00,316.61
2025-12-06 01:00:00,305.45
2025-12-06 02:00:00,301.79
2025-12-06 03:00:00,298.26
2025-12-06 04:00:00,297.39
2025-12-06 05:00:00,295.81
2025-12-06 06:00:00,289.07
2025-12-06 07:00:00,279.83
2025-12-06 08:00:00,256.55
2025-12-06 09:00:00,244.99
2025-12-06 10:00:00,236.9
2025-12-06 11:00:00,240.76
2025-12-06 12:00:00,247.09
2025-12-06 13:00:00,257.86
2025-12-06 14:00:00,276.84
2025-12-06 15:00:00,285.45
2025-12-06 16:00:00,298.63
2025-12-06 17:00:00,314.02
2025-12-06 18:00:00,323.9
2025-12-06 19:00:00,324.63
2025-12-06 20:00:00,323.06
2025-12-06 21:00:00,316.98
2025-12-06 22:00:00,315.43
2025-12-06 23:00:00,310.78
2025-12-07 00:00:00,303.6
2025-12-07 01:00:00,294.76
2025-12-07 02:00:00,293.53
2025-12-07 03:00:00,292.04
2025-12-07 04:00:00,289.82
2025-12-07 05:00:00,285.85
2025-12-07 06:00:00,250.37
2025-12-07 07:00:00,89.84
2025-12-07 08:00:00,58.6
2025-12-07 09:00:00,58.6
2025-12-07 10:00:00,58.6
2025-12-07 11:00:00,58.6
2025-12-07 12:00:00,58.6
2025-12-07 13:00:00,58.6
2025-12-07 14:00:00,200.98
2025-12-07 15:00:00,254.64
2025-12-07 16:00:00,289.59
2025-12-07 17:00:00,310.96
2025-12-07 18:00:00,320.47
2025-12-07 19:00:00,323.29
2025-12-07 20:00:00,322.72
2025-12-07 21:00:00,321.3
2025-12-07 22:00:00,319.77
2025-12-07 23:00:00,317.59
2025-12-08 00:00:00,326.4
2025-12-08 01:00:00,307.44
2025-12-08 02:00:00,301.23
2025-12-08 03:00:00,299.4
2025-12-08 04:00:00,300.93
2025-12-08 05:00:00,300.96
2025-12-08 06:00:00,298.19
2025-12-08 07:00:00,296.3
2025-12-08 08:00:00,297.6
2025-12-08 09:00:00,296.87
2025-12-08 10:00:00,298.41
2025-12-08 11:00:00,297.98
2025-12-08 12:00:00,292.92
2025-12-08 13:00:00,299.99
2025-12-08 14:00:00,306.96
2025-12-08 15:00:00,327.76
2025-12-08 16:00:00,372.8
2025-12-08 17:00:00,388.91
2025-12-08 18:00:00,384.37
2025-12-08 19:00:00,397.93
2025-12-08 20:00:00,394.32
2025-12-08 21:00:00,394.16
2025-12-08 22:00:00,391.05
2025-12-08 23:00:00,346.93
2025-12-09 00:00:00,312.38
2025-12-09 01:00:00,297.59
2025-12-09 02:00:00,293.32
2025-12-09 03:00:00,293.29
2025-12-09 04:00:00,293.66
2025-12-09 05:00:00,293.94
2025-12-09 06:00:00,292.71
2025-12-09 07:00:00,291.83
2025-12-09 08:00:00,293.46
2025-12-09 09:00:00,293.52
2025-12-09 10:00:00,293.71
2025-12-09 11:00:00,294.05
2025-12-09 12:00:00,288.65
2025-12-09 13:00:00,292.57
2025-12-09 14:00:00,298.29
2025-12-09 15:00:00,311.16
2025-12-09 16:00:00,339.83
2025-12-09 17:00:00,358.73
2025-12-09 18:00:00,394.63
2025-12-09 19:00:00,415.73
2025-12-09 20:00:00,413.36
2025-12-09 21:00:00,414.59
2025-12-09 22:00:00,407.35
2025-12-09 23:00:00,356.72
2025-12-10 00:00:00,392.08
2025-12-10 01:00:00,320.34
2025-12-10 02:00:00,301.1
2025-12-10 03:00:00,289.98
2025-12-10 04:00:00,295.88
2025-12-10 05:00:00,299.86
2025-12-10 06:00:00,286.73
2025-12-10 07:00:00,284.83
2025-12-10 08:00:00,284.79
2025-12-10 09:00:00,282.1
2025-12-10 10:00:00,279.65
2025-12-10 11:00:00,280.01
2025-12-10 12:00:00,270.83
2025-12-10 13:00:00,278.99
2025-12-10 14:00:00,285.61
2025-12-10 15:00:00,300.05
2025-12-10 16:00:00,353.82
2025-12-10 17:00:00,393.42
2025-12-10 18:00:00,522.44
2025-12-10 19:00:00,661.04
2025-12-10 20:00:00,660.65
2025-12-10 21:00:00,664.01
2025-12-10 22:00:00,643.16
2025-12-10 23:00:00,434.89
2025-12-11 00:00:00,315.46
2025-12-11 01:00:00,295.23
2025-12-11 02:00:00,290.95
2025-12-11 03:00:00,288.72
2025-12-11 04:00:00,289.53
2025-12-11 05:00:00,289.92
2025-12-11 06:00:00,286.89
2025-12-11 07:00:00,280.59
2025-12-11 08:00:00,278.97
2025-12-11 09:00:00,274.74
2025-12-11 10:00:00,271.3
2025-12-11 11:00:00,271.77
2025-12-11 12:00:00,256.14
2025-12-11 13:00:00,276.46
2025-12-11 14:00:00,284.03
2025-12-11 15:00:00,295.63
2025-12-11 16:00:00,317.97
2025-12-11 17:00:00,344.86
2025-12-11 18:00:00,378.3
2025-12-11 19:00:00,396.21
2025-12-11 20:00:00,394.98
2025-12-11 21:00:00,393.94
2025-12-11 22:00:00,392.89
2025-12-11 23:00:00,375.79
2025-12-12 00:00:00,302.51
2025-12-12 01:00:00,293.25
2025-12-12 02:00:00,288.52
2025-12-12 03:00:00,287.11
2025-12-12 04:00:00,287.09
2025-12-12 05:00:00,287.05
2025-12-12 06:00:00,282.72
2025-12-12 07:00:00,277.69
2025-12-12 08:00:00,277.92
2025-12-12 09:00:00,277.46
2025-12-12 10:00:00,277.64
2025-12-12 11:00:00,277.39
2025-12-12 12:00:00,276.43
2025-12-12 13:00:00,281.68
2025-12-12 14:00:00,288.48
2025-12-12 15:00:00,293.99
2025-12-12 16:00:00,303.59
2025-12-12 17:00:00,307.28
2025-12-12 18:00:00,307.17
2025-12-12 19:00:00,307.28
2025-12-12 20:00:00,306.96
2025-12-12 21:00:00,306.85
2025-12-12 22:00:00,306.74
2025-12-12 23:00:00,304.17
2025-12-13 00:00:00,306.56
2025-12-13 01:00:00,300.37
2025-12-13 02:00:00,294.93
2025-12-13 03:00:00,289.55
2025-12-13 04:00:00,286.84
2025-12-13 05:00:00,285.3
2025-12-13 06:00:00,271.75
2025-12-13 07:00:00,256.16
2025-12-13 08:00:00,234.52
2025-12-13 09:00:00,225.03
2025-12-13 10:00:00,224.31
2025-12-13 11:00:00,223.89
2025-12-13 12:00:00,224.34
2025-12-13 13:00:00,225.54
2025-12-13 14:00:00,251.97
2025-12-13 15:00:00,265.19
2025-12-13 16:00:00,277.96
2025-12-13 17:00:00,294.3
2025-12-13 18:00:00,303.12
2025-12-13 19:00:00,306.56
2025-12-13 20:00:00,303.96
2025-12-13 21:00:00,302.22
2025-12-13 22:00:00,302.16
2025-12-13 23:00:00,300.94
2025-12-14 00:00:00,299.95
2025-12-14 01:00:00,294.54
2025-12-14 02:00:00,290.65
2025-12-14 03:00:00,287.96
2025-12-14 04:00:00,287.59
2025-12-14 05:00:00,282.38
2025-12-14 06:00:00,259.61
2025-12-14 07:00:00,107.56
2025-12-14 08:00:00,58.6
2025-12-14 09:00:00,58.6
2025-12-14 10:00:00,58.6
2025-12-14 11:00:00,58.6
2025-12-14 12:00:00,58.6
2025-12-14 13:00:00,58.6
2025-12-14 14:00:00,100.89
2025-12-14 15:00:00,257.63
2025-12-14 16:00:00,277.74
2025-12-14 17:00:00,295.76
2025-12-14 18:00:00,311.29
2025-12-14 19:00:00,318.41
2025-12-14 20:00:00,318.45
2025-12-14 21:00:00,317.4
2025-12-14 22:00:00,315.68
2025-12-14 23:00:00,309.3
2025-12-15 00:00:00,277.71
2025-12-15 01:00:00,276.09
2025-12-15 02:00:00,274.91
2025-12-15 03:00:00,275.55
2025-12-15 04:00:00,276.35
2025-12-15 05:00:00,276.58
2025-12-15 06:00:00,275.85
2025-12-15 07:00:00,275.61
2025-12-15 08:00:00,276.14
2025-12-15 09:00:00,275.68
2025-12-15 10:00:00,275.17
2025-12-15 11:00:00,276.79
2025-12-15 12:00:00,275.29
2025-12-15 13:00:00,279.53
2025-12-15 14:00:00,288.12
2025-12-15 15:00:00,292.49
2025-12-15 16:00:00,297.21
2025-12-15 17:00:00,297.88
2025-12-15 18:00:00,297.1
2025-12-15 19:00:00,299.52
2025-12-15 20:00:00,298.85
2025-12-15 21:00:00,299.28
2025-12-15 22:00:00,299.08
2025-12-15 23:00:00,295.29
2025-12-16 00:00:00,279.08
2025-12-16 01:00:00,274.3
2025-12-16 02:00:00,272.48
2025-12-16 03:00:00,271.96
2025-12-16 04:00:00,272.48
2025-12-16 05:00:00,272.52
2025-12-16 06:00:00,272.14
2025-12-16 07:00:00,270.42
2025-12-16 08:00:00,271.54
2025-12-16 09:00:00,270.62
2025-12-16 10:00:00,270.0
2025-12-16 11:00:00,268.83
2025-12-16 12:00:00,267.7
2025-12-16 13:00:00,272.36
2025-12-16 14:00:00,277.82
2025-12-16 15:00:00,280.52
2025-12-16 16:00:00,287.12
2025-12-16 17:00:00,287.14
2025-12-16 18:00:00,287.04
2025-12-16 19:00:00,288.9
2025-12-16 20:00:00,290.64
2025-12-16 21:00:00,290.27
2025-12-16 22:00:00,288.57
2025-12-16 23:00:00,285.1
2025-12-17 00:00:00,282.07
2025-12-17 01:00:00,274.99
2025-12-17 02:00:00,272.3
2025-12-17 03:00:00,269.95
2025-12-17 04:00:00,270.75
2025-12-17 05:00:00,271.41
2025-12-17 06:00:00,271.08
2025-12-17 07:00:00,268.16
2025-12-17 08:00:00,266.87
2025-12-17 09:00:00,265.64
2025-12-17 10:00:00,265.29
2025-12-17 11:00:00,267.1
2025-12-17 12:00:00,263.98
2025-12-17 13:00:00,266.09
2025-12-17 14:00:00,272.72
2025-12-17 15:00:00,277.41
2025-12-17 16:00:00,280.68
2025-12-17 17:00:00,281.66
2025-12-17 18:00:00,283.89
2025-12-17 19:00:00,286.04
2025-12-17 20:00:00,285.65
2025-12-17 21:00:00,284.6
2025-12-17 22:00:00,282.46
2025-12-17 23:00:00,279.42
2025-12-18 00:00:00,274.68
2025-12-18 01:00:00,272.48
2025-12-18 02:00:00,271.06
2025-12-18 03:00:00,269.12
2025-12-18 04:00:00,268.86
2025-12-18 05:00:00,267.97
2025-12-18 06:00:00,267.11
2025-12-18 07:00:00,264.41
2025-12-18 08:00:00,263.68
2025-12-18 09:00:00,262.92
2025-12-18 10:00:00,262.16
2025-12-18 11:00:00,260.96
2025-12-18 12:00:00,259.28
2025-12-18 13:00:00,260.98
2025-12-18 14:00:00,266.12
2025-12-18 15:00:00,273.34
2025-12-18 16:00:00,277.84
2025-12-18 17:00:00,280.63
2025-12-18 18:00:00,282.23
2025-12-18 19:00:00,283.76
2025-12-18 20:00:00,281.62
2025-12-18 21:00:00,279.1
2025-12-18 22:00:00,278.56
2025-12-18 23:00:00,278.19
2025-12-19 00:00:00,260.32
2025-12-19 01:00:00,257.2
2025-12-19 02:00:00,254.87
2025-12-19 03:00:00,252.61
2025-12-19 04:00:00,250.34
2025-12-19 05:00:00,248.15
2025-12-19 06:00:00,241.19
2025-12-19 07:00:00,232.66
2025-12-19 08:00:00,235.04
2025-12-19 09:00:00,231.85
2025-12-19 10:00:00,230.75
2025-12-19 11:00:00,239.14
2025-12-19 12:00:00,231.95
2025-12-19 13:00:00,240.39
2025-12-19 14:00:00,247.49
2025-12-19 15:00:00,255.44
2025-12-19 16:00:00,260.74
2025-12-19 17:00:00,263.19
2025-12-19 18:00:00,264.39
2025-12-19 19:00:00,264.74
2025-12-19 20:00:00,263.93
2025-12-19 21:00:00,262.14
2025-12-19 22:00:00,261.4
2025-12-19 23:00:00,260.7
2025-12-20 00:00:00,225.36
2025-12-20 01:00:00,221.32
2025-12-20 02:00:00,217.16
2025-12-20 03:00:00,213.64
2025-12-20 04:00:00,215.5
2025-12-20 05:00:00,215.85
2025-12-20 06:00:00,75.87
2025-12-20 07:00:00,58.6
2025-12-20 08:00:00,58.6
2025-12-20 09:00:00,58.6
2025-12-20 10:00:00,58.6
2025-12-20 11:00:00,58.6
2025-12-20 12:00:00,58.6
2025-12-20 13:00:00,58.6
2025-12-20 14:00:00,58.6
2025-12-20 15:00:00,75.61
2025-12-20 16:00:00,211.01
2025-12-20 17:00:00,226.39
2025-12-20 18:00:00,231.06
2025-12-20 19:00:00,230.93
2025-12-20 20:00:00,227.77
2025-12-20 21:00:00,226.79
2025-12-20 22:00:00,226.46
2025-12-20 23:00:00,225.23
2025-12-21 00:00:00,229.27
2025-12-21 01:00:00,225.66
2025-12-21 02:00:00,224.48
2025-12-21 03:00:00,223.43
2025-12-21 04:00:00,224.37
2025-12-21 05:00:00,222.65
2025-12-21 06:00:00,108.46
2025-12-21 07:00:00,58.6
2025-12-21 08:00:00,58.6
2025-12-21 09:00:00,58.6
2025-12-21 10:00:00,58.6
2025-12-21 11:00:00,58.6
2025-12-21 12:00:00,58.6
2025-12-21 13:00:00,58.6
2025-12-21 14:00:00,58.6
2025-12-21 15:00:00,103.72
2025-12-21 16:00:00,222.98
2025-12-21 17:00:00,228.66
2025-12-21 18:00:00,235.13
2025-12-21 19:00:00,234.83
2025-12-21 20:00:00,232.97
2025-12-21 21:00:00,232.27
2025-12-21 22:00:00,232.53
2025-12-21 23:00:00,232.32
2025-12-22 00:00:00,236.7
2025-12-22 01:00:00,233.97
2025-12-22 02:00:00,231.02
2025-12-22 03:00:00,230.01
2025-12-22 04:00:00,230.02
2025-12-22 05:00:00,229.98
2025-12-22 06:00:00,225.82
2025-12-22 07:00:00,219.49
2025-12-22 08:00:00,219.4
2025-12-22 09:00:00,220.07
2025-12-22 10:00:00,217.77
2025-12-22 11:00:00,217.73
2025-12-22 12:00:00,218.97
2025-12-22 13:00:00,227.99
2025-12-22 14:00:00,232.04
2025-12-22 15:00:00,236.68
2025-12-22 16:00:00,239.85
2025-12-22 17:00:00,239.93
2025-12-22 18:00:00,240.46
2025-12-22 19:00:00,241.51
2025-12-22 20:00:00,241.32
2025-12-22 21:00:00,241.33
2025-12-22 22:00:00,241.14
2025-12-22 23:00:00,239.46
2025-12-23 00:00:00,236.83
2025-12-23 01:00:00,232.1
2025-12-23 02:00:00,230.4
2025-12-23 03:00:00,229.35
2025-12-23 04:00:00,229.48
2025-12-23 05:00:00,228.72
2025-12-23 06:00:00,224.7
2025-12-23 07:00:00,214.66
2025-12-23 08:00:00,208.3
2025-12-23 09:00:00,205.26
2025-12-23 10:00:00,198.69
2025-12-23 11:00:00,205.86
2025-12-23 12:00:00,192.01
2025-12-23 13:00:00,221.42
2025-12-23 14:00:00,225.87
2025-12-23 15:00:00,228.72
2025-12-23 16:00:00,231.8
2025-12-23 17:00:00,235.5
2025-12-23 18:00:00,237.22
2025-12-23 19:00:00,237.41
2025-12-23 20:00:00,237.33
2025-12-23 21:00:00,237.25
2025-12-23 22:00:00,236.67
2025-12-23 23:00:00,232.59
2025-12-24 00:00:00,226.41
2025-12-24 01:00:00,223.93
2025-12-24 02:00:00,223.75
2025-12-24 03:00:00,223.15
2025-12-24 04:00:00,223.46
2025-12-24 05:00:00,222.39
2025-12-24 06:00:00,109.1
2025-12-24 07:00:00,58.6
2025-12-24 08:00:00,58.6
2025-12-24 09:00:00,58.6
2025-12-24 10:00:00,58.6
2025-12-24 11:00:00,58.6
2025-12-24 12:00:00,58.6
2025-12-24 13:00:00,58.6
2025-12-24 14:00:00,58.6
2025-12-24 15:00:00,216.04
2025-12-24 16:00:00,225.34
2025-12-24 17:00:00,230.06
2025-12-24 18:00:00,232.15
2025-12-24 19:00:00,235.16
2025-12-24 20:00:00,232.26
2025-12-24 21:00:00,229.69
2025-12-24 22:00:00,227.37
2025-12-24 23:00:00,226.26
2025-12-25 00:00:00,231.51
2025-12-25 01:00:00,232.11
2025-12-25 02:00:00,231.52
2025-12-25 03:00:00,230.47
2025-12-25 04:00:00,230.19
2025-12-25 05:00:00,229.14
2025-12-25 06:00:00,218.28
2025-12-25 07:00:00,58.6
2025-12-25 08:00:00,58.6
2025-12-25 09:00:00,58.6
2025-12-25 10:00:00,58.6
2025-12-25 11:00:00,58.6
2025-12-25 12:00:00,58.6
2025-12-25 13:00:00,58.6
2025-12-25 14:00:00,58.6
2025-12-25 15:00:00,58.6
2025-12-25 16:00:00,218.98
2025-12-25 17:00:00,229.91
2025-12-25 18:00:00,236.27
2025-12-25 19:00:00,238.58
2025-12-25 20:00:00,238.23
2025-12-25 21:00:00,237.7
2025-12-25 22:00:00,237.38
2025-12-25 23:00:00,236.8
2025-12-26 00:00:00,238.79
2025-12-26 01:00:00,235.27
2025-12-26 02:00:00,232.81
2025-12-26 03:00:00,230.74
2025-12-26 04:00:00,230.83
2025-12-26 05:00:00,230.54
2025-12-26 06:00:00,227.85
2025-12-26 07:00:00,218.75
2025-12-26 08:00:00,202.24
2025-12-26 09:00:00,58.6
2025-12-26 10:00:00,58.6
2025-12-26 11:00:00,58.6
2025-12-26 12:00:00,58.6
2025-12-26 13:00:00,185.96
2025-12-26 14:00:00,224.95
2025-12-26 15:00:00,229.22
2025-12-26 16:00:00,233.41
2025-12-26 17:00:00,237.57
2025-12-26 18:00:00,240.38
2025-12-26 19:00:00,241.93
2025-12-26 20:00:00,242.32
2025-12-26 21:00:00,240.52
2025-12-26 22:00:00,238.36
2025-12-26 23:00:00,236.52
2025-12-27 00:00:00,203.43
2025-12-27 01:00:00,198.3
2025-12-27 02:00:00,194.31
2025-12-27 03:00:00,191.86
2025-12-27 04:00:00,193.39
2025-12-27 05:00:00,190.47
2025-12-27 06:00:00,185.32
2025-12-27 07:00:00,173.29
2025-12-27 08:00:00,58.6
2025-12-27 09:00:00,58.6
2025-12-27 10:00:00,58.6
2025-12-27 11:00:00,58.6
2025-12-27 12:00:00,58.6
2025-12-27 13:00:00,58.6
2025-12-27 14:00:00,75.91
2025-12-27 15:00:00,177.71
2025-12-27 16:00:00,186.2
2025-12-27 17:00:00,199.1
2025-12-27 18:00:00,207.18
2025-12-27 19:00:00,209.88
2025-12-27 20:00:00,206.69
2025-12-27 21:00:00,204.77
2025-12-27 22:00:00,204.64
2025-12-27 23:00:00,202.59
2025-12-28 00:00:00,214.11
2025-12-28 01:00:00,207.26
2025-12-28 02:00:00,203.68
2025-12-28 03:00:00,197.96
2025-12-28 04:00:00,197.09
2025-12-28 05:00:00,193.54
2025-12-28 06:00:00,184.13
2025-12-28 07:00:00,112.5
2025-12-28 08:00:00,58.6
2025-12-28 09:00:00,58.6
2025-12-28 10:00:00,58.6
2025-12-28 11:00:00,58.6
2025-12-28 12:00:00,58.6
2025-12-28 13:00:00,58.6
2025-12-28 14:00:00,58.6
2025-12-28 15:00:00,168.38
2025-12-28 16:00:00,186.46
2025-12-28 17:00:00,201.69
2025-12-28 18:00:00,211.48
2025-12-28 19:00:00,215.36
2025-12-28 20:00:00,213.12
2025-12-28 21:00:00,212.74
2025-12-28 22:00:00,212.8
2025-12-28 23:00:00,211.54
2025-12-29 00:00:00,574.89
2025-12-29 01:00:00,511.88
2025-12-29 02:00:00,482.15
2025-12-29 03:00:00,327.12
2025-12-29 04:00:00,326.35
2025-12-29 05:00:00,319.93
2025-12-29 06:00:00,221.53
2025-12-29 07:00:00,200.37
2025-12-29 08:00:00,196.2
2025-12-29 09:00:00,190.55
2025-12-29 10:00:00,190.49
2025-12-29 11:00:00,190.76
2025-12-29 12:00:00,190.87
2025-12-29 13:00:00,195.82
2025-12-29 14:00:00,203.83
2025-12-29 15:00:00,214.72
2025-12-29 16:00:00,444.96
2025-12-29 17:00:00,496.31
2025-12-29 18:00:00,523.71
2025-12-29 19:00:00,1102.02
2025-12-29 20:00:00,697.2
2025-12-29 21:00:00,589.33
2025-12-29 22:00:00,646.77
2025-12-29 23:00:00,607.32
2025-12-30 00:00:00,251.68
2025-12-30 01:00:00,219.5
2025-12-30 02:00:00,212.93
2025-12-30 03:00:00,210.64
2025-12-30 04:00:00,211.69
2025-12-30 05:00:00,211.14
2025-12-30 06:00:00,197.91
2025-12-30 07:00:00,190.31
2025-12-30 08:00:00,186.6
2025-12-30 09:00:00,185.69
2025-12-30 10:00:00,184.87
2025-12-30 11:00:00,184.77
2025-12-30 12:00:00,183.18
2025-12-30 13:00:00,185.76
2025-12-30 14:00:00,189.77
2025-12-30 15:00:00,194.96
2025-12-30 16:00:00,202.41
2025-12-30 17:00:00,214.82
2025-12-30 18:00:00,221.63
2025-12-30 19:00:00,232.1
2025-12-30 20:00:00,230.81
2025-12-30 21:00:00,222.4
2025-12-30 22:00:00,220.6
2025-12-30 23:00:00,217.78
2025-12-31 00:00:00,205.26
2025-12-31 01:00:00,197.52
2025-12-31 02:00:00,192.36
2025-12-31 03:00:00,191.5
2025-12-31 04:00:00,191.54
2025-12-31 05:00:00,191.02
2025-12-31 06:00:00,186.25
2025-12-31 07:00:00,181.34
2025-12-31 08:00:00,176.79
2025-12-31 09:00:00,144.68
2025-12-31 10:00:00,58.6
2025-12-31 11:00:00,58.6
2025-12-31 12:00:00,78.13
2025-12-31 13:00:00,174.86
2025-12-31 14:00:00,180.61
2025-12-31 15:00:00,184.65
2025-12-31 16:00:00,188.77
2025-12-31 17:00:00,192.89
2025-12-31 18:00:00,200.15
2025-12-31 19:00:00,207.31
2025-12-31 20:00:00,202.02
2025-12-31 21:00:00,195.04
2025-12-31 22:00:00,192.36
2025-12-31 23:00:00,192.04
