timestamp,pld
2025-01-01 00:00:00,101.73032820000002
2025-01-01 01:00:00,102.32308120000002
2025-01-01 02:00:00,101.78839380000001
2025-01-01 03:00:00,102.89889839999998
2025-01-01 04:00:00,102.412599
2025-01-01 05:00:00,101.15451100000001
2025-01-01 06:00:00,99.59157860000002
2025-01-01 07:00:00,99.5601264
2025-01-01 08:00:00,99.58432040000001
2025-01-01 09:00:00,100.3827224
2025-01-01 10:00:00,101.04321860000002
2025-01-01 11:00:00,101.1956408
2025-01-01 12:00:00,101.14241400000002
2025-01-01 13:00:00,100.94160380000002
2025-01-01 14:00:00,100.87869940000002
2025-01-01 15:00:00,100.7359548
2025-01-01 16:00:00,101.07225140000001
2025-01-01 17:00:00,102.60373159999999
2025-01-01 18:00:00,104.03359699999999
2025-01-01 19:00:00,108.051612
2025-01-01 20:00:00,109.105918
2025-01-01 21:00:00,108.9920128
2025-01-01 22:00:00,107.8166644
2025-01-01 23:00:00,105.20216719999999
2025-01-02 00:00:00,122.44841560000002
2025-01-02 01:00:00,121.31129760000002
2025-01-02 02:00:00,120.79354599999999
2025-01-02 03:00:00,121.14677840000002
2025-01-02 04:00:00,121.1274232
2025-01-02 05:00:00,120.58063880000002
2025-01-02 06:00:00,120.01691860000003
2025-01-02 07:00:00,120.65322080000003
2025-01-02 08:00:00,121.1274232
2025-01-02 09:00:00,122.6056766
2025-01-02 10:00:00,124.10570460000001
2025-01-02 11:00:00,124.66458599999999
2025-01-02 12:00:00,124.66700540000004
2025-01-02 13:00:00,124.67184420000001
2025-01-02 14:00:00,124.61861740000002
2025-01-02 15:00:00,124.6815218
2025-01-02 16:00:00,124.833944
2025-01-02 17:00:00,125.26943600000001
2025-01-02 18:00:00,126.96059659999999
2025-01-02 19:00:00,128.8721294
2025-01-02 20:00:00,128.6471252
2025-01-02 21:00:00,128.42695980000002
2025-01-02 22:00:00,127.97453200000002
2025-01-02 23:00:00,126.41381220000001
2025-01-03 00:00:00,121.53870880000002
2025-01-03 01:00:00,117.8459516
2025-01-03 02:00:00,117.3862656
2025-01-03 03:00:00,117.74191739999999
2025-01-03 04:00:00,117.7201428
2025-01-03 05:00:00,116.91932140000002
2025-01-03 06:00:00,117.46614600000001
2025-01-03 07:00:00,117.28545219999998
2025-01-03 08:00:00,119.02154800000001
2025-01-03 09:00:00,120.07130279999998
2025-01-03 10:00:00,120.49231459999999
2025-01-03 11:00:00,121.19122020000002
2025-01-03 12:00:00,120.51726679999999
2025-01-03 13:00:00,120.45941839999998
2025-01-03 14:00:00,121.11098380000001
2025-01-03 15:00:00,121.96168580000001
2025-01-03 16:00:00,122.839146
2025-01-03 17:00:00,124.65758320000002
2025-01-03 18:00:00,126.6972936
2025-01-03 19:00:00,129.18528080000004
2025-01-03 20:00:00,129.30231500000002
2025-01-03 21:00:00,129.07703360000002
2025-01-03 22:00:00,127.00553280000001
2025-01-03 23:00:00,125.23642080000002
2025-01-04 00:00:00,123.28181040000001
2025-01-04 01:00:00,121.83105900000002
2025-01-04 02:00:00,121.630225
2025-01-04 03:00:00,121.82860339999999
2025-01-04 04:00:00,122.2062232
2025-01-04 05:00:00,121.97000020000003
2025-01-04 06:00:00,122.70514919999998
2025-01-04 07:00:00,126.92403040000002
2025-01-04 08:00:00,129.724625
2025-01-04 09:00:00,130.33884020000002
2025-01-04 10:00:00,130.6316238
2025-01-04 11:00:00,130.51740619999998
2025-01-04 12:00:00,130.36634420000001
2025-01-04 13:00:00,130.7641488
2025-01-04 14:00:00,131.6462554
2025-01-04 15:00:00,132.06440300000003
2025-01-04 16:00:00,131.780876
2025-01-04 17:00:00,130.815222
2025-01-04 18:00:00,130.59003680000004
2025-01-04 19:00:00,131.30624020000002
2025-01-04 20:00:00,131.2864878
2025-01-04 21:00:00,132.0117782
2025-01-04 22:00:00,130.53221220000003
2025-01-04 23:00:00,128.7932036
2025-01-05 00:00:00,128.47152160000002
2025-01-05 01:00:00,125.713536
2025-01-05 02:00:00,125.276479
2025-01-05 03:00:00,125.72547580000003
2025-01-05 04:00:00,125.99307860000002
2025-01-05 05:00:00,125.53175520000002
2025-01-05 06:00:00,125.8561958
2025-01-05 07:00:00,127.73721360000002
2025-01-05 08:00:00,129.31924980000002
2025-01-05 09:00:00,130.0507154
2025-01-05 10:00:00,130.21354960000002
2025-01-05 11:00:00,129.9795898
2025-01-05 12:00:00,129.7980624
2025-01-05 13:00:00,130.11422180000002
2025-01-05 14:00:00,130.6987784
2025-01-05 15:00:00,131.3739234
2025-01-05 16:00:00,131.3323602
2025-01-05 17:00:00,130.508705
2025-01-05 18:00:00,130.5041672
2025-01-05 19:00:00,130.93480900000003
2025-01-05 20:00:00,131.0071986
2025-01-05 21:00:00,130.8126712
2025-01-05 22:00:00,130.484511
2025-01-05 23:00:00,129.70171980000003
2025-01-06 00:00:00,128.6589574
2025-01-06 01:00:00,125.9867234
2025-01-06 02:00:00,123.93705820000002
2025-01-06 03:00:00,123.44998819999998
2025-01-06 04:00:00,123.98205140000002
2025-01-06 05:00:00,123.87078280000003
2025-01-06 06:00:00,124.37571540000002
2025-01-06 07:00:00,127.44465860000003
2025-01-06 08:00:00,129.63941640000002
2025-01-06 09:00:00,129.93577480000002
2025-01-06 10:00:00,129.90146980000003
2025-01-06 11:00:00,129.8129388
2025-01-06 12:00:00,129.6477814
2025-01-06 13:00:00,130.85947979999997
2025-01-06 14:00:00,132.66209
2025-01-06 15:00:00,132.7049172
2025-01-06 16:00:00,132.5226316
2025-01-06 17:00:00,130.3119982
2025-01-06 18:00:00,130.20998620000003
2025-01-06 19:00:00,132.20080380000002
2025-01-06 20:00:00,131.74924280000002
2025-01-06 21:00:00,132.04278460000003
2025-01-06 22:00:00,130.59825800000002
2025-01-06 23:00:00,129.45992360000002
2025-01-07 00:00:00,129.173696
2025-01-07 01:00:00,127.83071179999999
2025-01-07 02:00:00,127.16254780000001
2025-01-07 03:00:00,126.89866359999999
2025-01-07 04:00:00,126.94200800000002
2025-01-07 05:00:00,126.84727800000003
2025-01-07 06:00:00,127.62767459999998
2025-01-07 07:00:00,128.07155640000002
2025-01-07 08:00:00,131.2534532
2025-01-07 09:00:00,133.7168358
2025-01-07 10:00:00,134.930484
2025-01-07 11:00:00,134.19704480000001
2025-01-07 12:00:00,133.08550480000002
2025-01-07 13:00:00,135.159003
2025-01-07 14:00:00,137.72416900000002
2025-01-07 15:00:00,136.9200014
2025-01-07 16:00:00,134.8095864
2025-01-07 17:00:00,132.5161276
2025-01-07 18:00:00,131.5957326
2025-01-07 19:00:00,133.74473799999998
2025-01-07 20:00:00,134.20462880000002
2025-01-07 21:00:00,135.3562632
2025-01-07 22:00:00,133.0029328
2025-01-07 23:00:00,130.7698866
2025-01-08 00:00:00,127.93243020000003
2025-01-08 01:00:00,125.93158639999999
2025-01-08 02:00:00,125.36786620000001
2025-01-08 03:00:00,124.90576080000002
2025-01-08 04:00:00,125.71867920000003
2025-01-08 05:00:00,125.59528980000002
2025-01-08 06:00:00,125.59287040000001
2025-01-08 07:00:00,125.989652
2025-01-08 08:00:00,126.8195062
2025-01-08 09:00:00,129.0332572
2025-01-08 10:00:00,129.3719732
2025-01-08 11:00:00,128.6050234
2025-01-08 12:00:00,127.68323200000002
2025-01-08 13:00:00,129.5872998
2025-01-08 14:00:00,130.93006680000002
2025-01-08 15:00:00,130.9566802
2025-01-08 16:00:00,130.05182459999997
2025-01-08 17:00:00,127.39774279999999
2025-01-08 18:00:00,127.4969382
2025-01-08 19:00:00,129.73246380000003
2025-01-08 20:00:00,129.4397164
2025-01-08 21:00:00,129.55342819999998
2025-01-08 22:00:00,128.8251888
2025-01-08 23:00:00,126.83160319999999
2025-01-09 00:00:00,125.75980900000002
2025-01-09 01:00:00,123.18556740000001
2025-01-09 02:00:00,122.4065206
2025-01-09 03:00:00,122.10893440000002
2025-01-09 04:00:00,122.3653908
2025-01-09 05:00:00,121.6177962
2025-01-09 06:00:00,120.58713180000002
2025-01-09 07:00:00,121.75812140000001
2025-01-09 08:00:00,122.5468458
2025-01-09 09:00:00,123.05975860000001
2025-01-09 10:00:00,123.05975860000001
2025-01-09 11:00:00,122.9315304
2025-01-09 12:00:00,122.80088280000002
2025-01-09 13:00:00,122.70652619999998
2025-01-09 14:00:00,122.60249200000001
2025-01-09 15:00:00,122.3895848
2025-01-09 16:00:00,122.1137732
2025-01-09 17:00:00,122.04603
2025-01-09 18:00:00,122.8637872
2025-01-09 19:00:00,124.63655879999999
2025-01-09 20:00:00,124.5978484
2025-01-09 21:00:00,124.182446
2025-01-09 22:00:00,123.1101222
2025-01-09 23:00:00,122.142806
2025-01-10 00:00:00,123.46379840000002
2025-01-10 01:00:00,120.88955680000001
2025-01-10 02:00:00,120.25325460000002
2025-01-10 03:00:00,119.8056656
2025-01-10 04:00:00,119.39920639999998
2025-01-10 05:00:00,118.52338360000002
2025-01-10 06:00:00,117.78304720000003
2025-01-10 07:00:00,117.64514139999999
2025-01-10 08:00:00,118.2163018
2025-01-10 09:00:00,118.832684
2025-01-10 10:00:00,119.5413158
2025-01-10 11:00:00,119.54373520000001
2025-01-10 12:00:00,119.37612220000003
2025-01-10 13:00:00,119.4712494
2025-01-10 14:00:00,119.4426862
2025-01-10 15:00:00,119.5471538
2025-01-10 16:00:00,120.85833620000001
2025-01-10 17:00:00,122.653531
2025-01-10 18:00:00,123.853421
2025-01-10 19:00:00,125.58922620000001
2025-01-10 20:00:00,125.93211899999999
2025-01-10 21:00:00,126.50728660000001
2025-01-10 22:00:00,125.01503399999999
2025-01-10 23:00:00,123.832236
2025-01-11 00:00:00,127.55056520000001
2025-01-11 01:00:00,125.1374098
2025-01-11 02:00:00,124.0396156
2025-01-11 03:00:00,124.04687380000003
2025-01-11 04:00:00,124.06622899999999
2025-01-11 05:00:00,123.99122760000003
2025-01-11 06:00:00,124.2888138
2025-01-11 07:00:00,126.02508960000003
2025-01-11 08:00:00,128.3470536
2025-01-11 09:00:00,131.46664700000002
2025-01-11 10:00:00,131.2415828
2025-01-11 11:00:00,130.4611396
2025-01-11 12:00:00,129.7996804
2025-01-11 13:00:00,131.3707502
2025-01-11 14:00:00,132.6625898
2025-01-11 15:00:00,132.3686508
2025-01-11 16:00:00,131.7316866
2025-01-11 17:00:00,130.00194800000003
2025-01-11 18:00:00,129.2968434
2025-01-11 19:00:00,131.3936812
2025-01-11 20:00:00,131.6650512
2025-01-11 21:00:00,133.539209
2025-01-11 22:00:00,131.06481140000002
2025-01-11 23:00:00,129.00013539999998
2025-01-12 00:00:00,131.9825058
2025-01-12 01:00:00,128.6848636
2025-01-12 02:00:00,126.90660460000001
2025-01-12 03:00:00,126.89450760000003
2025-01-12 04:00:00,126.87757180000001
2025-01-12 05:00:00,126.75902119999998
2025-01-12 06:00:00,126.582405
2025-01-12 07:00:00,126.848539
2025-01-12 08:00:00,130.3227974
2025-01-12 09:00:00,132.95752399999998
2025-01-12 10:00:00,135.5269268
2025-01-12 11:00:00,134.70675020000002
2025-01-12 12:00:00,132.19299359999997
2025-01-12 13:00:00,133.99060780000002
2025-01-12 14:00:00,135.74709220000003
2025-01-12 15:00:00,135.558379
2025-01-12 16:00:00,133.5454382
2025-01-12 17:00:00,131.1260382
2025-01-12 18:00:00,130.8865176
2025-01-12 19:00:00,132.5994528
2025-01-12 20:00:00,134.4406162
2025-01-12 21:00:00,135.5922506
2025-01-12 22:00:00,134.1381912
2025-01-12 23:00:00,130.35666899999998
2025-01-13 00:00:00,137.8108404
2025-01-13 01:00:00,128.4501818
2025-01-13 02:00:00,126.82434500000002
2025-01-13 03:00:00,126.4590156
2025-01-13 04:00:00,126.1420742
2025-01-13 05:00:00,125.29286479999999
2025-01-13 06:00:00,124.26220040000001
2025-01-13 07:00:00,126.35740080000002
2025-01-13 08:00:00,131.8857298
2025-01-13 09:00:00,136.7221104
2025-01-13 10:00:00,137.02211600000004
2025-01-13 11:00:00,135.340633
2025-01-13 12:00:00,132.11073400000004
2025-01-13 13:00:00,134.54948919999998
2025-01-13 14:00:00,137.27131419999998
2025-01-13 15:00:00,137.43099460000002
2025-01-13 16:00:00,135.29224499999998
2025-01-13 17:00:00,131.90024620000003
2025-01-13 18:00:00,130.18489160000001
2025-01-13 19:00:00,131.89782680000002
2025-01-13 20:00:00,132.1034758
2025-01-13 21:00:00,134.4672296
2025-01-13 22:00:00,132.352674
2025-01-13 23:00:00,129.3937478
2025-01-14 00:00:00,129.31390760000002
2025-01-14 01:00:00,123.08879140000002
2025-01-14 02:00:00,122.09199860000001
2025-01-14 03:00:00,121.41456660000001
2025-01-14 04:00:00,121.72666919999999
2025-01-14 05:00:00,121.25004740000001
2025-01-14 06:00:00,121.24036979999998
2025-01-14 07:00:00,124.32510479999999
2025-01-14 08:00:00,127.634844
2025-01-14 09:00:00,129.6743982
2025-01-14 10:00:00,129.60907440000003
2025-01-14 11:00:00,128.4235684
2025-01-14 12:00:00,127.39048460000001
2025-01-14 13:00:00,128.21066119999998
2025-01-14 14:00:00,129.558267
2025-01-14 15:00:00,130.07601860000003
2025-01-14 16:00:00,129.3856952
2025-01-14 17:00:00,127.17515800000004
2025-01-14 18:00:00,126.49288720000001
2025-01-14 19:00:00,127.87689259999999
2025-01-14 20:00:00,128.62922980000002
2025-01-14 21:00:00,130.1824722
2025-01-14 22:00:00,128.3292118
2025-01-14 23:00:00,126.71305260000001
2025-01-15 00:00:00,124.2547652
2025-01-15 01:00:00,122.36453940000004
2025-01-15 02:00:00,121.66428499999999
2025-01-15 03:00:00,121.65353580000003
2025-01-15 04:00:00,121.511718
2025-01-15 05:00:00,121.1013706
2025-01-15 06:00:00,121.27934699999999
2025-01-15 07:00:00,122.80129440000003
2025-01-15 08:00:00,124.92716499999999
2025-01-15 09:00:00,126.00715660000003
2025-01-15 10:00:00,127.983674
2025-01-15 11:00:00,126.9399858
2025-01-15 12:00:00,125.6851116
2025-01-15 13:00:00,127.4125632
2025-01-15 14:00:00,129.1039286
2025-01-15 15:00:00,128.94713720000001
2025-01-15 16:00:00,127.48114940000002
2025-01-15 17:00:00,125.6165264
2025-01-15 18:00:00,125.229591
2025-01-15 19:00:00,127.68436759999997
2025-01-15 20:00:00,128.6066524
2025-01-15 21:00:00,129.43805920000003
2025-01-15 22:00:00,127.38338660000002
2025-01-15 23:00:00,124.54428640000003
2025-01-16 00:00:00,105.504017
2025-01-16 01:00:00,104.0799524
2025-01-16 02:00:00,103.415267
2025-01-16 03:00:00,102.5104466
2025-01-16 04:00:00,102.65440659999999
2025-01-16 05:00:00,102.4561482
2025-01-16 06:00:00,102.32066180000001
2025-01-16 07:00:00,102.60373159999999
2025-01-16 08:00:00,102.7779284
2025-01-16 09:00:00,102.99809379999999
2025-01-16 10:00:00,103.14187379999998
2025-01-16 11:00:00,103.2757838
2025-01-16 12:00:00,103.3075008
2025-01-16 13:00:00,103.4018574
2025-01-16 14:00:00,103.79791699999998
2025-01-16 15:00:00,104.02253639999999
2025-01-16 16:00:00,104.3699556
2025-01-16 17:00:00,105.1870032
2025-01-16 18:00:00,106.18566200000001
2025-01-16 19:00:00,106.53737799999999
2025-01-16 20:00:00,106.54423899999999
2025-01-16 21:00:00,106.5096692
2025-01-16 22:00:00,105.94899419999999
2025-01-16 23:00:00,104.7963606
2025-01-17 00:00:00,106.604483
2025-01-17 01:00:00,104.788488
2025-01-17 02:00:00,103.34796959999998
2025-01-17 03:00:00,102.6338732
2025-01-17 04:00:00,101.90457460000002
2025-01-17 05:00:00,101.46972080000002
2025-01-17 06:00:00,100.98171260000001
2025-01-17 07:00:00,101.0756606
2025-01-17 08:00:00,101.83052580000002
2025-01-17 09:00:00,102.271952
2025-01-17 10:00:00,102.69859699999999
2025-01-17 11:00:00,102.68905179999999
2025-01-17 12:00:00,102.6993914
2025-01-17 13:00:00,102.95029939999999
2025-01-17 14:00:00,103.0328
2025-01-17 15:00:00,103.25144900000001
2025-01-17 16:00:00,103.875979
2025-01-17 17:00:00,104.6739838
2025-01-17 18:00:00,106.812962
2025-01-17 19:00:00,108.76191539999999
2025-01-17 20:00:00,108.9071518
2025-01-17 21:00:00,108.74690559999999
2025-01-17 22:00:00,108.07700799999998
2025-01-17 23:00:00,105.68410039999999
2025-01-18 00:00:00,107.30946759999999
2025-01-18 01:00:00,104.72355
2025-01-18 02:00:00,103.66446619999999
2025-01-18 03:00:00,103.5858538
2025-01-18 04:00:00,103.43802939999998
2025-01-18 05:00:00,103.4298806
2025-01-18 06:00:00,103.8343662
2025-01-18 07:00:00,106.85445179999999
2025-01-18 08:00:00,108.9260002
2025-01-18 09:00:00,109.4095916
2025-01-18 10:00:00,110.24858239999999
2025-01-18 11:00:00,110.53722539999998
2025-01-18 12:00:00,109.7657254
2025-01-18 13:00:00,110.46906119999998
2025-01-18 14:00:00,111.206581
2025-01-18 15:00:00,111.20502839999999
2025-01-18 16:00:00,110.90014780000001
2025-01-18 17:00:00,109.96622319999999
2025-01-18 18:00:00,109.8210592
2025-01-18 19:00:00,110.3363914
2025-01-18 20:00:00,110.4285934
2025-01-18 21:00:00,111.67471680000001
2025-01-18 22:00:00,109.8289546
2025-01-18 23:00:00,108.33281380000001
2025-01-19 00:00:00,108.24779760000001
2025-01-19 01:00:00,106.6730206
2025-01-19 02:00:00,105.55051519999999
2025-01-19 03:00:00,105.3017742
2025-01-19 04:00:00,105.20655079999999
2025-01-19 05:00:00,105.1732088
2025-01-19 06:00:00,105.562215
2025-01-19 07:00:00,106.9606044
2025-01-19 08:00:00,108.84434259999998
2025-01-19 09:00:00,109.77716039999999
2025-01-19 10:00:00,110.78507579999999
2025-01-19 11:00:00,110.6032598
2025-01-19 12:00:00,109.82334619999999
2025-01-19 13:00:00,110.62019559999999
2025-01-19 14:00:00,111.112935
2025-01-19 15:00:00,111.29648460000001
2025-01-19 16:00:00,110.8386522
2025-01-19 17:00:00,109.79017280000001
2025-01-19 18:00:00,108.9858366
2025-01-19 19:00:00,110.0284056
2025-01-19 20:00:00,110.18384920000001
2025-01-19 21:00:00,111.10653119999999
2025-01-19 22:00:00,109.8110806
2025-01-19 23:00:00,107.8308188
2025-01-20 00:00:00,118.62344560000001
2025-01-20 01:00:00,105.88259880000001
2025-01-20 02:00:00,105.0746516
2025-01-20 03:00:00,105.03010319999999
2025-01-20 04:00:00,104.93769639999998
2025-01-20 05:00:00,104.89722859999999
2025-01-20 06:00:00,104.97366259999998
2025-01-20 07:00:00,106.12852319999999
2025-01-20 08:00:00,107.5705704
2025-01-20 09:00:00,108.37548480000001
2025-01-20 10:00:00,109.12779819999999
2025-01-20 11:00:00,109.08723419999998
2025-01-20 12:00:00,108.4014124
2025-01-20 13:00:00,109.3481932
2025-01-20 14:00:00,109.74617879999998
2025-01-20 15:00:00,109.6306734
2025-01-20 16:00:00,109.3779604
2025-01-20 17:00:00,108.51946960000001
2025-01-20 18:00:00,107.69080699999999
2025-01-20 19:00:00,116.67057960000002
2025-01-20 20:00:00,124.23278020000001
2025-01-20 21:00:00,125.6192094
2025-01-20 22:00:00,115.20976799999998
2025-01-20 23:00:00,106.78472259999998
2025-01-21 00:00:00,104.32598580000001
2025-01-21 01:00:00,103.12762419999999
2025-01-21 02:00:00,102.33415719999999
2025-01-21 03:00:00,102.2937856
2025-01-21 04:00:00,102.25129560000002
2025-01-21 05:00:00,102.2316756
2025-01-21 06:00:00,102.27741560000001
2025-01-21 07:00:00,103.3147248
2025-01-21 08:00:00,104.18827300000001
2025-01-21 09:00:00,104.53119059999999
2025-01-21 10:00:00,104.80310259999999
2025-01-21 11:00:00,104.68388999999999
2025-01-21 12:00:00,104.8329898
2025-01-21 13:00:00,105.9264872
2025-01-21 14:00:00,106.1916344
2025-01-21 15:00:00,106.3937086
2025-01-21 16:00:00,106.2643126
2025-01-21 17:00:00,105.38705719999999
2025-01-21 18:00:00,104.51638559999999
2025-01-21 19:00:00,106.21048379999999
2025-01-21 20:00:00,106.2227132
2025-01-21 21:00:00,106.31478279999999
2025-01-21 22:00:00,105.35647079999998
2025-01-21 23:00:00,103.86664900000001
2025-01-22 00:00:00,103.21642
2025-01-22 01:00:00,101.967359
2025-01-22 02:00:00,101.22264100000001
2025-01-22 03:00:00,100.946095
2025-01-22 04:00:00,101.05963820000001
2025-01-22 05:00:00,101.12025560000001
2025-01-22 06:00:00,101.1759018
2025-01-22 07:00:00,102.47727419999998
2025-01-22 08:00:00,102.8118258
2025-01-22 09:00:00,103.8792146
2025-01-22 10:00:00,104.13056739999999
2025-01-22 11:00:00,104.13553859999999
2025-01-22 12:00:00,104.15260679999999
2025-01-22 13:00:00,104.48353499999999
2025-01-22 14:00:00,105.00377839999999
2025-01-22 15:00:00,105.1247846
2025-01-22 16:00:00,104.7458056
2025-01-22 17:00:00,104.21920700000001
2025-01-22 18:00:00,102.9568822
2025-01-22 19:00:00,105.56045859999999
2025-01-22 20:00:00,105.1291434
2025-01-22 21:00:00,104.177079
2025-01-22 22:00:00,103.49147339999999
2025-01-22 23:00:00,102.89241279999999
2025-01-23 00:00:00,100.19983680000001
2025-01-23 01:00:00,99.61357140000001
2025-01-23 02:00:00,96.7339072
2025-01-23 03:00:00,95.70883980000002
2025-01-23 04:00:00,95.66446000000002
2025-01-23 05:00:00,95.08014440000001
2025-01-23 06:00:00,94.31221920000002
2025-01-23 07:00:00,95.1209608
2025-01-23 08:00:00,96.02025560000001
2025-01-23 09:00:00,97.94490640000001
2025-01-23 10:00:00,99.4059354
2025-01-23 11:00:00,99.49552560000001
2025-01-23 12:00:00,99.53950820000001
2025-01-23 13:00:00,99.5742104
2025-01-23 14:00:00,99.59747760000002
2025-01-23 15:00:00,99.6480564
2025-01-23 16:00:00,99.68627339999999
2025-01-23 17:00:00,99.9077152
2025-01-23 18:00:00,103.00690660000001
2025-01-23 19:00:00,104.8245866
2025-01-23 20:00:00,104.8541852
2025-01-23 21:00:00,104.16959119999999
2025-01-23 22:00:00,102.80153480000001
2025-01-23 23:00:00,100.0178884
2025-01-24 00:00:00,95.32374760000002
2025-01-24 01:00:00,94.09277780000001
2025-01-24 02:00:00,93.638484
2025-01-24 03:00:00,93.5249046
2025-01-24 04:00:00,93.35325960000002
2025-01-24 05:00:00,93.22987020000002
2025-01-24 06:00:00,92.85486320000001
2025-01-24 07:00:00,92.78996140000001
2025-01-24 08:00:00,93.1979142
2025-01-24 09:00:00,93.8218794
2025-01-24 10:00:00,94.16323200000001
2025-01-24 11:00:00,94.38489000000001
2025-01-24 12:00:00,94.1425404
2025-01-24 13:00:00,94.6553818
2025-01-24 14:00:00,95.2388916
2025-01-24 15:00:00,96.14639620000001
2025-01-24 16:00:00,96.24685460000002
2025-01-24 17:00:00,96.17062440000001
2025-01-24 18:00:00,97.22066680000002
2025-01-24 19:00:00,98.6164092
2025-01-24 20:00:00,99.07410920000001
2025-01-24 21:00:00,98.8636214
2025-01-24 22:00:00,98.1439156
2025-01-24 23:00:00,97.07815080000002
2025-01-25 00:00:00,98.75034760000001
2025-01-25 01:00:00,96.41752620000003
2025-01-25 02:00:00,95.5981504
2025-01-25 03:00:00,95.8415106
2025-01-25 04:00:00,95.90458360000001
2025-01-25 05:00:00,95.9957626
2025-01-25 06:00:00,95.97882680000001
2025-01-25 07:00:00,96.9200582
2025-01-25 08:00:00,99.14345260000002
2025-01-25 09:00:00,100.3788764
2025-01-25 10:00:00,101.08986860000002
2025-01-25 11:00:00,100.9853886
2025-01-25 12:00:00,100.6594668
2025-01-25 13:00:00,105.8666162
2025-01-25 14:00:00,135.8693348
2025-01-25 15:00:00,156.11783080000004
2025-01-25 16:00:00,130.53896459999999
2025-01-25 17:00:00,103.0425094
2025-01-25 18:00:00,101.02667
2025-01-25 19:00:00,106.189753
2025-01-25 20:00:00,107.55423379999999
2025-01-25 21:00:00,107.6474518
2025-01-25 22:00:00,104.07126020000001
2025-01-25 23:00:00,100.09694720000002
2025-01-26 00:00:00,97.9216994
2025-01-26 01:00:00,96.54521540000002
2025-01-26 02:00:00,95.9916938
2025-01-26 03:00:00,95.90619620000001
2025-01-26 04:00:00,95.92515420000001
2025-01-26 05:00:00,95.97354220000001
2025-01-26 06:00:00,96.11698500000001
2025-01-26 07:00:00,96.8487516
2025-01-26 08:00:00,98.35150200000001
2025-01-26 09:00:00,98.734514
2025-01-26 10:00:00,99.20027900000001
2025-01-26 11:00:00,99.00658220000001
2025-01-26 12:00:00,98.9946176
2025-01-26 13:00:00,100.07355100000001
2025-01-26 14:00:00,101.18884779999999
2025-01-26 15:00:00,102.94670779999998
2025-01-26 16:00:00,101.8372118
2025-01-26 17:00:00,100.01123620000001
2025-01-26 18:00:00,99.94023999999999
2025-01-26 19:00:00,102.0895334
2025-01-26 20:00:00,102.29093060000001
2025-01-26 21:00:00,101.8422224
2025-01-26 22:00:00,100.8798244
2025-01-26 23:00:00,99.0076198
2025-01-27 00:00:00,97.0151968
2025-01-27 01:00:00,95.63060080000001
2025-01-27 02:00:00,95.31563300000002
2025-01-27 03:00:00,95.19392860000002
2025-01-27 04:00:00,95.2457952
2025-01-27 05:00:00,95.41602000000002
2025-01-27 06:00:00,95.42099120000002
2025-01-27 07:00:00,96.03375
2025-01-27 08:00:00,97.77889660000002
2025-01-27 09:00:00,98.76579560000002
2025-01-27 10:00:00,99.48746360000001
2025-01-27 11:00:00,99.48517660000002
2025-01-27 12:00:00,99.2406
2025-01-27 13:00:00,100.23172539999999
2025-01-27 14:00:00,100.8318452
2025-01-27 15:00:00,100.8213008
2025-01-27 16:00:00,100.875602
2025-01-27 17:00:00,99.8549214
2025-01-27 18:00:00,100.52403340000002
2025-01-27 19:00:00,102.15140679999999
2025-01-27 20:00:00,102.2172924
2025-01-27 21:00:00,102.2286576
2025-01-27 22:00:00,100.942524
2025-01-27 23:00:00,99.08520660000002
2025-01-28 00:00:00,97.3211092
2025-01-28 01:00:00,95.3248172
2025-01-28 02:00:00,95.03220220000001
2025-01-28 03:00:00,95.0006414
2025-01-28 04:00:00,95.04787400000001
2025-01-28 05:00:00,95.0310706
2025-01-28 06:00:00,95.203992
2025-01-28 07:00:00,96.58266520000001
2025-01-28 08:00:00,98.29702160000001
2025-01-28 09:00:00,99.60252320000001
2025-01-28 10:00:00,100.23161580000001
2025-01-28 11:00:00,100.28192980000003
2025-01-28 12:00:00,100.1521728
2025-01-28 13:00:00,102.18563660000001
2025-01-28 14:00:00,106.08465119999998
2025-01-28 15:00:00,107.0555288
2025-01-28 16:00:00,105.928495
2025-01-28 17:00:00,100.3184666
2025-01-28 18:00:00,100.71807019999999
2025-01-28 19:00:00,106.4310414
2025-01-28 20:00:00,107.59170220000001
2025-01-28 21:00:00,107.5306476
2025-01-28 22:00:00,102.5732054
2025-01-28 23:00:00,99.0893308
2025-01-29 00:00:00,95.0866558
2025-01-29 01:00:00,94.3850298
2025-01-29 02:00:00,94.22293
2025-01-29 03:00:00,94.2447046
2025-01-29 04:00:00,94.18905840000001
2025-01-29 05:00:00,94.10921820000002
2025-01-29 06:00:00,94.10196000000002
2025-01-29 07:00:00,94.40196560000001
2025-01-29 08:00:00,95.95522040000002
2025-01-29 09:00:00,96.47781080000001
2025-01-29 10:00:00,96.78507460000002
2025-01-29 11:00:00,96.59152259999999
2025-01-29 12:00:00,96.267323
2025-01-29 13:00:00,97.5278304
2025-01-29 14:00:00,101.614197
2025-01-29 15:00:00,101.22225420000001
2025-01-29 16:00:00,98.52220380000003
2025-01-29 17:00:00,96.43919460000002
2025-01-29 18:00:00,97.06699499999999
2025-01-29 19:00:00,100.04451500000002
2025-01-29 20:00:00,100.7270768
2025-01-29 21:00:00,100.2352624
2025-01-29 22:00:00,97.5228834
2025-01-29 23:00:00,95.9600878
2025-01-30 00:00:00,90.1559186
2025-01-30 01:00:00,88.7454084
2025-01-30 02:00:00,88.68250400000001
2025-01-30 03:00:00,88.6413742
2025-01-30 04:00:00,88.49137140000002
2025-01-30 05:00:00,87.9470064
2025-01-30 06:00:00,85.8179344
2025-01-30 07:00:00,87.84297219999999
2025-01-30 08:00:00,88.60266380000002
2025-01-30 09:00:00,88.60024440000001
2025-01-30 10:00:00,88.597825
2025-01-30 11:00:00,88.68250400000001
2025-01-30 12:00:00,88.74056960000001
2025-01-30 13:00:00,88.80105460000001
2025-01-30 14:00:00,88.87121720000002
2025-01-30 15:00:00,88.8494426
2025-01-30 16:00:00,89.127862
2025-01-30 17:00:00,89.69541960000001
2025-01-30 18:00:00,90.618823
2025-01-30 19:00:00,92.39407220000001
2025-01-30 20:00:00,91.9738384
2025-01-30 21:00:00,91.58699119999999
2025-01-30 22:00:00,91.153696
2025-01-30 23:00:00,89.8941014
2025-01-31 00:00:00,87.8449722
2025-01-31 01:00:00,87.7897454
2025-01-31 02:00:00,86.78327500000002
2025-01-31 03:00:00,85.97277600000001
2025-01-31 04:00:00,85.96793720000001
2025-01-31 05:00:00,85.0437264
2025-01-31 06:00:00,83.55337600000001
2025-01-31 07:00:00,83.432406
2025-01-31 08:00:00,83.722734
2025-01-31 09:00:00,83.83160699999999
2025-01-31 10:00:00,84.0082232
2025-01-31 11:00:00,84.89614300000001
2025-01-31 12:00:00,85.9703566
2025-01-31 13:00:00,85.9776148
2025-01-31 14:00:00,85.9897118
2025-01-31 15:00:00,86.6719826
2025-01-31 16:00:00,87.56716060000001
2025-01-31 17:00:00,87.7945842
2025-01-31 18:00:00,88.73504899999999
2025-01-31 19:00:00,89.9900986
2025-01-31 20:00:00,89.9429688
2025-01-31 21:00:00,89.98451800000001
2025-01-31 22:00:00,89.4269946
2025-01-31 23:00:00,88.7015026
2025-02-01 00:00:00,87.460707
2025-02-01 01:00:00,87.23086400000001
2025-02-01 02:00:00,87.0953776
2025-02-01 03:00:00,87.2211864
2025-02-01 04:00:00,87.2163476
2025-02-01 05:00:00,87.146185
2025-02-01 06:00:00,87.09295820000001
2025-02-01 07:00:00,87.46796520000001
2025-02-01 08:00:00,88.6123414
2025-02-01 09:00:00,89.2413854
2025-02-01 10:00:00,90.0349486
2025-02-01 11:00:00,89.6357476
2025-02-01 12:00:00,89.36477479999999
2025-02-01 13:00:00,89.7446206
2025-02-01 14:00:00,91.03658020000002
2025-02-01 15:00:00,90.59866880000001
2025-02-01 16:00:00,89.8873652
2025-02-01 17:00:00,89.11073780000001
2025-02-01 18:00:00,88.9994454
2025-02-01 19:00:00,89.27041820000001
2025-02-01 20:00:00,89.2607406
2025-02-01 21:00:00,89.79058920000001
2025-02-01 22:00:00,89.1567064
2025-02-01 23:00:00,88.815571
2025-02-02 00:00:00,88.3050776
2025-02-02 01:00:00,87.5502248
2025-02-02 02:00:00,86.42278440000001
2025-02-02 03:00:00,86.7179512
2025-02-02 04:00:00,86.44939780000001
2025-02-02 05:00:00,86.45181720000001
2025-02-02 06:00:00,86.15423100000001
2025-02-02 07:00:00,87.07844180000001
2025-02-02 08:00:00,88.28088360000001
2025-02-02 09:00:00,88.52282360000001
2025-02-02 10:00:00,88.7115368
2025-02-02 11:00:00,88.7454084
2025-02-02 12:00:00,88.706698
2025-02-02 13:00:00,90.581733
2025-02-02 14:00:00,92.8100004
2025-02-02 15:00:00,93.60598300000001
2025-02-02 16:00:00,92.32853980000002
2025-02-02 17:00:00,88.9583156
2025-02-02 18:00:00,88.6752458
2025-02-02 19:00:00,90.62286280000001
2025-02-02 20:00:00,91.13577560000002
2025-02-02 21:00:00,91.11642040000001
2025-02-02 22:00:00,89.35509720000002
2025-02-02 23:00:00,88.5155654
2025-02-03 00:00:00,87.968781
2025-02-03 01:00:00,86.7735974
2025-02-03 02:00:00,86.52681860000001
2025-02-03 03:00:00,86.74214520000001
2025-02-03 04:00:00,86.7179512
2025-02-03 05:00:00,86.7034348
2025-02-03 06:00:00,86.674402
2025-02-03 07:00:00,87.46796520000001
2025-02-03 08:00:00,89.1252542
2025-02-03 09:00:00,89.26557940000001
2025-02-03 10:00:00,89.56316560000002
2025-02-03 11:00:00,89.55590740000001
2025-02-03 12:00:00,89.52687460000001
2025-02-03 13:00:00,91.00270860000002
2025-02-03 14:00:00,93.206782
2025-02-03 15:00:00,93.3567848
2025-02-03 16:00:00,92.9430674
2025-02-03 17:00:00,89.44461500000001
2025-02-03 18:00:00,89.50993880000001
2025-02-03 19:00:00,91.234971
2025-02-03 20:00:00,91.72127040000001
2025-02-03 21:00:00,91.79143300000001
2025-02-03 22:00:00,90.04946500000001
2025-02-03 23:00:00,89.23170780000001
2025-02-04 00:00:00,88.259109
2025-02-04 01:00:00,86.444559
2025-02-04 02:00:00,86.02842220000001
2025-02-04 03:00:00,86.7397258
2025-02-04 04:00:00,87.51635320000001
2025-02-04 05:00:00,87.9470064
2025-02-04 06:00:00,87.4897398
2025-02-04 07:00:00,87.8284558
2025-02-04 08:00:00,88.948638
2025-02-04 09:00:00,89.6091342
2025-02-04 10:00:00,89.95268899999999
2025-02-04 11:00:00,89.9260756
2025-02-04 12:00:00,89.8994622
2025-02-04 13:00:00,92.021276
2025-02-04 14:00:00,94.3584164
2025-02-04 15:00:00,94.44551480000001
2025-02-04 16:00:00,92.928551
2025-02-04 17:00:00,89.81236380000001
2025-02-04 18:00:00,89.372033
2025-02-04 19:00:00,91.2850966
2025-02-04 20:00:00,92.0857184
2025-02-04 21:00:00,91.5530394
2025-02-04 22:00:00,90.0034964
2025-02-04 23:00:00,89.323645
2025-02-05 00:00:00,90.267211
2025-02-05 01:00:00,89.892204
2025-02-05 02:00:00,89.8704294
2025-02-05 03:00:00,89.8849458
2025-02-05 04:00:00,89.892204
2025-02-05 05:00:00,89.8994622
2025-02-05 06:00:00,89.9018816
2025-02-05 07:00:00,90.2938244
2025-02-05 08:00:00,91.6486884
2025-02-05 09:00:00,91.70433460000001
2025-02-05 10:00:00,92.23176380000001
2025-02-05 11:00:00,91.95595220000001
2025-02-05 12:00:00,91.60030040000001
2025-02-05 13:00:00,91.99224320000002
2025-02-05 14:00:00,92.18337580000001
2025-02-05 15:00:00,92.17127880000001
2025-02-05 16:00:00,91.997082
2025-02-05 17:00:00,90.9857728
2025-02-05 18:00:00,90.9422236
2025-02-05 19:00:00,91.5035244
2025-02-05 20:00:00,91.46239460000001
2025-02-05 21:00:00,91.60997800000001
2025-02-05 22:00:00,91.5470736
2025-02-05 23:00:00,90.630121
2025-02-06 00:00:00,94.0269586
2025-02-06 01:00:00,93.412431
2025-02-06 02:00:00,92.94548680000001
2025-02-06 03:00:00,92.46886500000002
2025-02-06 04:00:00,92.4785426
2025-02-06 05:00:00,92.5970932
2025-02-06 06:00:00,92.8100004
2025-02-06 07:00:00,92.8172586
2025-02-06 08:00:00,92.7809676
2025-02-06 09:00:00,92.70354680000001
2025-02-06 10:00:00,92.7132244
2025-02-06 11:00:00,92.73983780000002
2025-02-06 12:00:00,92.783387
2025-02-06 13:00:00,92.79306460000001
2025-02-06 14:00:00,92.79306460000001
2025-02-06 15:00:00,92.77370940000002
2025-02-06 16:00:00,92.74225720000001
2025-02-06 17:00:00,92.783387
2025-02-06 18:00:00,93.3083968
2025-02-06 19:00:00,94.12857340000002
2025-02-06 20:00:00,93.98824820000002
2025-02-06 21:00:00,93.61082180000002
2025-02-06 22:00:00,93.1414582
2025-02-06 23:00:00,92.69386920000001
2025-02-07 00:00:00,93.14387760000001
2025-02-07 01:00:00,92.31402340000001
2025-02-07 02:00:00,92.0478894
2025-02-07 03:00:00,91.1672278
2025-02-07 04:00:00,91.4430394
2025-02-07 05:00:00,91.41158720000001
2025-02-07 06:00:00,90.75834920000001
2025-02-07 07:00:00,91.4261036
2025-02-07 08:00:00,91.72852860000002
2025-02-07 09:00:00,91.84465980000002
2025-02-07 10:00:00,91.8059494
2025-02-07 11:00:00,91.71401220000001
2025-02-07 12:00:00,91.69949580000001
2025-02-07 13:00:00,91.68739880000001
2025-02-07 14:00:00,91.585784
2025-02-07 15:00:00,91.52046020000002
2025-02-07 16:00:00,91.62691380000003
2025-02-07 17:00:00,91.98498500000002
2025-02-07 18:00:00,93.07129560000001
2025-02-07 19:00:00,93.932602
2025-02-07 20:00:00,94.02937800000001
2025-02-07 21:00:00,94.0366362
2025-02-07 22:00:00,93.9035692
2025-02-07 23:00:00,93.19952380000001
2025-02-08 00:00:00,100.0418008
2025-02-08 01:00:00,98.7911706
2025-02-08 02:00:00,97.59961299999999
2025-02-08 03:00:00,96.5456186
2025-02-08 04:00:00,96.4860464
2025-02-08 05:00:00,96.39518460000002
2025-02-08 06:00:00,95.8977408
2025-02-08 07:00:00,93.70033960000002
2025-02-08 08:00:00,94.37535220000001
2025-02-08 09:00:00,94.7890696
2025-02-08 10:00:00,94.9052008
2025-02-08 11:00:00,94.68261600000002
2025-02-08 12:00:00,94.2447046
2025-02-08 13:00:00,94.5592266
2025-02-08 14:00:00,94.88826500000002
2025-02-08 15:00:00,94.92213660000002
2025-02-08 16:00:00,98.413198
2025-02-08 17:00:00,101.47234799999998
2025-02-08 18:00:00,101.87741220000001
2025-02-08 19:00:00,102.9040368
2025-02-08 20:00:00,103.04768580000002
2025-02-08 21:00:00,102.95223640000002
2025-02-08 22:00:00,102.25458180000001
2025-02-08 23:00:00,101.7158972
2025-02-09 00:00:00,100.7902656
2025-02-09 01:00:00,99.74467380000002
2025-02-09 02:00:00,99.48386640000001
2025-02-09 03:00:00,99.0184798
2025-02-09 04:00:00,98.72551260000002
2025-02-09 05:00:00,98.48257960000001
2025-02-09 06:00:00,93.0446822
2025-02-09 07:00:00,93.557595
2025-02-09 08:00:00,94.62696980000001
2025-02-09 09:00:00,94.77697260000001
2025-02-09 10:00:00,94.71406820000001
2025-02-09 11:00:00,94.45277300000001
2025-02-09 12:00:00,94.1576062
2025-02-09 13:00:00,94.6560026
2025-02-09 14:00:00,95.2947242
2025-02-09 15:00:00,95.02617080000002
2025-02-09 16:00:00,94.4963222
2025-02-09 17:00:00,100.9129586
2025-02-09 18:00:00,102.005027
2025-02-09 19:00:00,102.84255040000001
2025-02-09 20:00:00,102.960034
2025-02-09 21:00:00,102.99358320000002
2025-02-09 22:00:00,102.510833
2025-02-09 23:00:00,101.60985459999999
2025-02-10 00:00:00,100.9947192
2025-02-10 01:00:00,100.3468706
2025-02-10 02:00:00,99.8142488
2025-02-10 03:00:00,100.09464240000001
2025-02-10 04:00:00,100.26012879999999
2025-02-10 05:00:00,100.452066
2025-02-10 06:00:00,100.53687339999999
2025-02-10 07:00:00,100.9632042
2025-02-10 08:00:00,101.85477019999999
2025-02-10 09:00:00,101.8493864
2025-02-10 10:00:00,102.1217486
2025-02-10 11:00:00,101.489706
2025-02-10 12:00:00,101.1758288
2025-02-10 13:00:00,102.09184000000002
2025-02-10 14:00:00,102.9848526
2025-02-10 15:00:00,103.22362580000001
2025-02-10 16:00:00,103.1912008
2025-02-10 17:00:00,102.1348902
2025-02-10 18:00:00,102.28408280000001
2025-02-10 19:00:00,104.15574860000001
2025-02-10 20:00:00,104.28449040000001
2025-02-10 21:00:00,104.35549180000001
2025-02-10 22:00:00,103.1390242
2025-02-10 23:00:00,101.7133298
2025-02-11 00:00:00,100.66412600000001
2025-02-11 01:00:00,99.85418039999999
2025-02-11 02:00:00,99.78018039999999
2025-02-11 03:00:00,99.394948
2025-02-11 04:00:00,99.3413018
2025-02-11 05:00:00,99.9903458
2025-02-11 06:00:00,100.2217694
2025-02-11 07:00:00,100.9124596
2025-02-11 08:00:00,101.5953752
2025-02-11 09:00:00,101.59608560000001
2025-02-11 10:00:00,101.53511840000002
2025-02-11 11:00:00,101.544311
2025-02-11 12:00:00,101.2940172
2025-02-11 13:00:00,101.86805700000001
2025-02-11 14:00:00,102.81164880000001
2025-02-11 15:00:00,103.1342936
2025-02-11 16:00:00,103.3114834
2025-02-11 17:00:00,102.54708140000002
2025-02-11 18:00:00,102.6666306
2025-02-11 19:00:00,104.15793420000003
2025-02-11 20:00:00,104.55958319999999
2025-02-11 21:00:00,104.0507674
2025-02-11 22:00:00,103.0800172
2025-02-11 23:00:00,102.33601440000001
2025-02-12 00:00:00,100.67164100000001
2025-02-12 01:00:00,99.504851
2025-02-12 02:00:00,98.56531920000002
2025-02-12 03:00:00,99.12523339999998
2025-02-12 04:00:00,99.4179808
2025-02-12 05:00:00,100.233447
2025-02-12 06:00:00,100.59858240000001
2025-02-12 07:00:00,101.0363968
2025-02-12 08:00:00,101.4076292
2025-02-12 09:00:00,102.8892064
2025-02-12 10:00:00,102.6508812
2025-02-12 11:00:00,102.35190839999999
2025-02-12 12:00:00,101.86051340000002
2025-02-12 13:00:00,103.71583380000001
2025-02-12 14:00:00,105.21224140000001
2025-02-12 15:00:00,105.43798180000002
2025-02-12 16:00:00,104.6071234
2025-02-12 17:00:00,103.6364904
2025-02-12 18:00:00,103.48835640000001
2025-02-12 19:00:00,105.5021248
2025-02-12 20:00:00,105.52447860000002
2025-02-12 21:00:00,105.61964259999999
2025-02-12 22:00:00,104.0017172
2025-02-12 23:00:00,102.9305448
2025-02-13 00:00:00,100.67190339999999
2025-02-13 01:00:00,99.9571218
2025-02-13 02:00:00,99.754731
2025-02-13 03:00:00,99.8179264
2025-02-13 04:00:00,99.82160400000001
2025-02-13 05:00:00,99.85644280000001
2025-02-13 06:00:00,99.8583458
2025-02-13 07:00:00,99.89412039999999
2025-02-13 08:00:00,100.159738
2025-02-13 09:00:00,100.2393528
2025-02-13 10:00:00,100.38680780000001
2025-02-13 11:00:00,100.414939
2025-02-13 12:00:00,100.03893339999999
2025-02-13 13:00:00,100.43129000000002
2025-02-13 14:00:00,100.8003884
2025-02-13 15:00:00,101.05919300000001
2025-02-13 16:00:00,101.2875154
2025-02-13 17:00:00,101.3765482
2025-02-13 18:00:00,102.11923560000001
2025-02-13 19:00:00,103.20070180000002
2025-02-13 20:00:00,102.9011784
2025-02-13 21:00:00,102.3142656
2025-02-13 22:00:00,101.7238092
2025-02-13 23:00:00,100.99551260000001
2025-02-14 00:00:00,99.8743402
2025-02-14 01:00:00,99.3701434
2025-02-14 02:00:00,98.88068280000002
2025-02-14 03:00:00,98.7730052
2025-02-14 04:00:00,98.7653276
2025-02-14 05:00:00,98.37915660000002
2025-02-14 06:00:00,97.4329458
2025-02-14 07:00:00,98.827456
2025-02-14 08:00:00,99.02862
2025-02-14 09:00:00,99.44711339999999
2025-02-14 10:00:00,99.5883744
2025-02-14 11:00:00,99.70218320000001
2025-02-14 12:00:00,99.64205480000001
2025-02-14 13:00:00,99.92447419999999
2025-02-14 14:00:00,100.13321599999999
2025-02-14 15:00:00,100.30173239999999
2025-02-14 16:00:00,100.4707652
2025-02-14 17:00:00,100.92254540000002
2025-02-14 18:00:00,101.9134324
2025-02-14 19:00:00,103.06883300000001
2025-02-14 20:00:00,103.12551199999999
2025-02-14 21:00:00,102.900542
2025-02-14 22:00:00,102.1325992
2025-02-14 23:00:00,101.19123
2025-02-15 00:00:00,105.48588600000001
2025-02-15 01:00:00,103.53737860000001
2025-02-15 02:00:00,103.24731019999999
2025-02-15 03:00:00,102.9291504
2025-02-15 04:00:00,103.0749278
2025-02-15 05:00:00,103.97094460000001
2025-02-15 06:00:00,103.80572060000001
2025-02-15 07:00:00,102.8081226
2025-02-15 08:00:00,100.417877
2025-02-15 09:00:00,95.04068720000001
2025-02-15 10:00:00,95.17133480000001
2025-02-15 11:00:00,95.08181700000002
2025-02-15 12:00:00,94.4987416
2025-02-15 13:00:00,95.37214500000002
2025-02-15 14:00:00,100.54160000000002
2025-02-15 15:00:00,105.3895686
2025-02-15 16:00:00,106.2732776
2025-02-15 17:00:00,106.68704659999999
2025-02-15 18:00:00,107.6601136
2025-02-15 19:00:00,108.4313802
2025-02-15 20:00:00,108.4272832
2025-02-15 21:00:00,108.27931460000002
2025-02-15 22:00:00,107.9353432
2025-02-15 23:00:00,107.04968580000002
2025-02-16 00:00:00,106.6399112
2025-02-16 01:00:00,105.13034240000002
2025-02-16 02:00:00,104.76011420000002
2025-02-16 03:00:00,104.7000514
2025-02-16 04:00:00,104.5225336
2025-02-16 05:00:00,104.3041456
2025-02-16 06:00:00,103.2114122
2025-02-16 07:00:00,94.49390280000001
2025-02-16 08:00:00,95.2124646
2025-02-16 09:00:00,95.38666140000001
2025-02-16 10:00:00,95.25359440000001
2025-02-16 11:00:00,94.98504100000001
2025-02-16 12:00:00,95.25359440000001
2025-02-16 13:00:00,95.384242
2025-02-16 14:00:00,95.5366642
2025-02-16 15:00:00,95.7665072
2025-02-16 16:00:00,106.3931576
2025-02-16 17:00:00,106.7036656
2025-02-16 18:00:00,107.6171492
2025-02-16 19:00:00,108.8271576
2025-02-16 20:00:00,108.8222532
2025-02-16 21:00:00,108.77151140000001
2025-02-16 22:00:00,108.35479539999999
2025-02-16 23:00:00,107.70221060000002
2025-02-17 00:00:00,107.00814220000002
2025-02-17 01:00:00,105.7042224
2025-02-17 02:00:00,104.9542768
2025-02-17 03:00:00,104.9332126
2025-02-17 04:00:00,105.0227304
2025-02-17 05:00:00,105.55702699999999
2025-02-17 06:00:00,105.64722100000002
2025-02-17 07:00:00,106.0938114
2025-02-17 08:00:00,106.734242
2025-02-17 09:00:00,106.83347160000001
2025-02-17 10:00:00,106.90441019999999
2025-02-17 11:00:00,106.73534320000002
2025-02-17 12:00:00,106.5074374
2025-02-17 13:00:00,107.15318339999999
2025-02-17 14:00:00,108.15825600000001
2025-02-17 15:00:00,108.5052574
2025-02-17 16:00:00,108.91483520000001
2025-02-17 17:00:00,108.32188820000002
2025-02-17 18:00:00,108.48759720000001
2025-02-17 19:00:00,109.45738020000002
2025-02-17 20:00:00,109.7747668
2025-02-17 21:00:00,109.8580592
2025-02-17 22:00:00,108.7318254
2025-02-17 23:00:00,107.969369
2025-02-18 00:00:00,107.38575700000001
2025-02-18 01:00:00,105.96344919999999
2025-02-18 02:00:00,105.61686439999998
2025-02-18 03:00:00,105.54421960000002
2025-02-18 04:00:00,105.58083300000001
2025-02-18 05:00:00,105.82899560000001
2025-02-18 06:00:00,105.98135219999999
2025-02-18 07:00:00,106.54768580000002
2025-02-18 08:00:00,107.03375980000001
2025-02-18 09:00:00,107.0706984
2025-02-18 10:00:00,106.9983104
2025-02-18 11:00:00,106.86021060000003
2025-02-18 12:00:00,106.6552406
2025-02-18 13:00:00,107.03356580000002
2025-02-18 14:00:00,108.15051280000003
2025-02-18 15:00:00,108.41202779999999
2025-02-18 16:00:00,108.7038624
2025-02-18 17:00:00,108.17875560000002
2025-02-18 18:00:00,108.2706586
2025-02-18 19:00:00,109.48495520000002
2025-02-18 20:00:00,109.7406328
2025-02-18 21:00:00,109.7832148
2025-02-18 22:00:00,108.7773062
2025-02-18 23:00:00,107.9758826
2025-02-19 00:00:00,106.59489579999999
2025-02-19 01:00:00,104.94664800000001
2025-02-19 02:00:00,104.88752100000002
2025-02-19 03:00:00,104.84965220000001
2025-02-19 04:00:00,104.75952380000001
2025-02-19 05:00:00,105.3225936
2025-02-19 06:00:00,105.51585459999998
2025-02-19 07:00:00,106.1311896
2025-02-19 08:00:00,106.8210096
2025-02-19 09:00:00,106.57023640000003
2025-02-19 10:00:00,106.588496
2025-02-19 11:00:00,106.56375420000002
2025-02-19 12:00:00,106.33981700000001
2025-02-19 13:00:00,107.04353160000001
2025-02-19 14:00:00,107.6371492
2025-02-19 15:00:00,107.95679260000001
2025-02-19 16:00:00,107.9456886
2025-02-19 17:00:00,107.6948442
2025-02-19 18:00:00,107.91906960000001
2025-02-19 19:00:00,109.0884618
2025-02-19 20:00:00,109.10349460000002
2025-02-19 21:00:00,109.06288119999999
2025-02-19 22:00:00,108.468556
2025-02-19 23:00:00,107.2629328
2025-02-20 00:00:00,106.27748340000001
2025-02-20 01:00:00,105.26857340000001
2025-02-20 02:00:00,104.7687932
2025-02-20 03:00:00,104.4742084
2025-02-20 04:00:00,104.499789
2025-02-20 05:00:00,104.61946659999998
2025-02-20 06:00:00,104.70220839999999
2025-02-20 07:00:00,104.768371
2025-02-20 08:00:00,104.87021120000001
2025-02-20 09:00:00,104.9972496
2025-02-20 10:00:00,105.00489580000001
2025-02-20 11:00:00,104.8929272
2025-02-20 12:00:00,104.25427400000001
2025-02-20 13:00:00,104.73840519999999
2025-02-20 14:00:00,105.2898232
2025-02-20 15:00:00,105.84647079999999
2025-02-20 16:00:00,106.03617979999999
2025-02-20 17:00:00,106.14172900000001
2025-02-20 18:00:00,106.6753494
2025-02-20 19:00:00,107.7379028
2025-02-20 20:00:00,107.52970880000001
2025-02-20 21:00:00,107.34177160000002
2025-02-20 22:00:00,106.3292754
2025-02-20 23:00:00,105.75914140000002
2025-02-21 00:00:00,105.65208280000002
2025-02-21 01:00:00,103.27081960000001
2025-02-21 02:00:00,101.5770512
2025-02-21 03:00:00,101.1679814
2025-02-21 04:00:00,100.8786862
2025-02-21 05:00:00,99.9231488
2025-02-21 06:00:00,99.36929740000001
2025-02-21 07:00:00,99.304781
2025-02-21 08:00:00,99.281363
2025-02-21 09:00:00,100.8350742
2025-02-21 10:00:00,102.3125914
2025-02-21 11:00:00,102.33465699999999
2025-02-21 12:00:00,102.1312048
2025-02-21 13:00:00,102.7265914
2025-02-21 14:00:00,103.22375260000001
2025-02-21 15:00:00,103.4372362
2025-02-21 16:00:00,103.68155859999999
2025-02-21 17:00:00,104.3017296
2025-02-21 18:00:00,106.90286720000002
2025-02-21 19:00:00,107.82926360000002
2025-02-21 20:00:00,107.890265
2025-02-21 21:00:00,107.635683
2025-02-21 22:00:00,106.79770599999999
2025-02-21 23:00:00,105.578334
2025-02-22 00:00:00,104.61547499999999
2025-02-22 01:00:00,101.7705286
2025-02-22 02:00:00,99.9634336
2025-02-22 03:00:00,101.11155299999999
2025-02-22 04:00:00,101.4085914
2025-02-22 05:00:00,103.5624708
2025-02-22 06:00:00,103.64766900000002
2025-02-22 07:00:00,104.8126984
2025-02-22 08:00:00,105.81293439999999
2025-02-22 09:00:00,99.9227628
2025-02-22 10:00:00,99.5528682
2025-02-22 11:00:00,99.41980120000002
2025-02-22 12:00:00,98.75688560000002
2025-02-22 13:00:00,99.39076840000001
2025-02-22 14:00:00,104.74203500000002
2025-02-22 15:00:00,108.4198724
2025-02-22 16:00:00,108.7604746
2025-02-22 17:00:00,108.47720239999998
2025-02-22 18:00:00,109.0744522
2025-02-22 19:00:00,110.37836920000002
2025-02-22 20:00:00,110.41627500000001
2025-02-22 21:00:00,110.3954418
2025-02-22 22:00:00,109.60298260000002
2025-02-22 23:00:00,108.10238100000001
2025-02-23 00:00:00,106.70954839999999
2025-02-23 01:00:00,101.0950338
2025-02-23 02:00:00,103.83276460000002
2025-02-23 03:00:00,99.72856060000001
2025-02-23 04:00:00,99.8894992
2025-02-23 05:00:00,103.3967276
2025-02-23 06:00:00,103.35090140000003
2025-02-23 07:00:00,96.63749120000001
2025-02-23 08:00:00,98.31171600000002
2025-02-23 09:00:00,99.98110199999999
2025-02-23 10:00:00,100.7698264
2025-02-23 11:00:00,99.835938
2025-02-23 12:00:00,99.91093940000002
2025-02-23 13:00:00,99.96900500000001
2025-02-23 14:00:00,100.561758
2025-02-23 15:00:00,100.4674014
2025-02-23 16:00:00,106.73098480000002
2025-02-23 17:00:00,109.89713060000001
2025-02-23 18:00:00,110.21696239999999
2025-02-23 19:00:00,111.57433160000001
2025-02-23 20:00:00,111.92468819999999
2025-02-23 21:00:00,112.48931280000002
2025-02-23 22:00:00,111.3073302
2025-02-23 23:00:00,109.5593022
2025-02-24 00:00:00,107.2658136
2025-02-24 01:00:00,104.5003878
2025-02-24 02:00:00,103.98618540000002
2025-02-24 03:00:00,103.9340884
2025-02-24 04:00:00,103.9359914
2025-02-24 05:00:00,104.23247920000001
2025-02-24 06:00:00,104.6075462
2025-02-24 07:00:00,105.622182
2025-02-24 08:00:00,109.74513060000001
2025-02-24 09:00:00,111.29513000000001
2025-02-24 10:00:00,112.637352
2025-02-24 11:00:00,111.4488844
2025-02-24 12:00:00,109.7513784
2025-02-24 13:00:00,112.6299256
2025-02-24 14:00:00,114.6759536
2025-02-24 15:00:00,115.0881134
2025-02-24 16:00:00,115.6362676
2025-02-24 17:00:00,113.60912719999999
2025-02-24 18:00:00,113.7545996
2025-02-24 19:00:00,116.5005334
2025-02-24 20:00:00,116.96840780000002
2025-02-24 21:00:00,118.30695220000003
2025-02-24 22:00:00,115.3484622
2025-02-24 23:00:00,112.2282974
2025-02-25 00:00:00,110.45518220000001
2025-02-25 01:00:00,105.92088960000001
2025-02-25 02:00:00,104.7419398
2025-02-25 03:00:00,104.58955180000001
2025-02-25 04:00:00,104.6222622
2025-02-25 05:00:00,105.15268720000002
2025-02-25 06:00:00,105.66833899999999
2025-02-25 07:00:00,108.06067759999999
2025-02-25 08:00:00,110.06784660000001
2025-02-25 09:00:00,111.461167
2025-02-25 10:00:00,112.6489326
2025-02-25 11:00:00,111.56230240000002
2025-02-25 12:00:00,110.45673919999999
2025-02-25 13:00:00,112.49744060000003
2025-02-25 14:00:00,113.4883192
2025-02-25 15:00:00,114.10548320000001
2025-02-25 16:00:00,115.1138684
2025-02-25 17:00:00,114.3997832
2025-02-25 18:00:00,114.70432539999999
2025-02-25 19:00:00,141.235255
2025-02-25 20:00:00,142.0366702
2025-02-25 21:00:00,138.6566444
2025-02-25 22:00:00,115.16590880000001
2025-02-25 23:00:00,112.02223180000001
2025-02-26 00:00:00,107.726778
2025-02-26 01:00:00,104.689258
2025-02-26 02:00:00,104.0510898
2025-02-26 03:00:00,104.01421960000002
2025-02-26 04:00:00,104.05125240000002
2025-02-26 05:00:00,104.31422240000002
2025-02-26 06:00:00,105.100459
2025-02-26 07:00:00,106.47303480000001
2025-02-26 08:00:00,108.5587202
2025-02-26 09:00:00,109.21928480000001
2025-02-26 10:00:00,109.92152420000002
2025-02-26 11:00:00,109.02189540000002
2025-02-26 12:00:00,108.45598400000002
2025-02-26 13:00:00,109.47031480000001
2025-02-26 14:00:00,111.67837420000001
2025-02-26 15:00:00,112.2499206
2025-02-26 16:00:00,112.3070392
2025-02-26 17:00:00,111.52172720000002
2025-02-26 18:00:00,112.5297042
2025-02-26 19:00:00,120.50321020000001
2025-02-26 20:00:00,117.50504759999998
2025-02-26 21:00:00,116.51824300000001
2025-02-26 22:00:00,112.08788140000001
2025-02-26 23:00:00,109.6331772
2025-02-27 00:00:00,95.46529860000001
2025-02-27 01:00:00,92.4019356
2025-02-27 02:00:00,90.6167094
2025-02-27 03:00:00,74.18440419999999
2025-02-27 04:00:00,74.17640420000001
2025-02-27 05:00:00,74.1804042
2025-02-27 06:00:00,74.2104042
2025-02-27 07:00:00,76.6460952
2025-02-27 08:00:00,84.7793762
2025-02-27 09:00:00,87.11964640000001
2025-02-27 10:00:00,87.1558746
2025-02-27 11:00:00,89.321269
2025-02-27 12:00:00,89.8766696
2025-02-27 13:00:00,91.90679739999999
2025-02-27 14:00:00,93.1061952
2025-02-27 15:00:00,94.9700864
2025-02-27 16:00:00,96.5950104
2025-02-27 17:00:00,97.1974354
2025-02-27 18:00:00,97.5920174
2025-02-27 19:00:00,104.10734400000001
2025-02-27 20:00:00,102.32347240000001
2025-02-27 21:00:00,101.39888760000001
2025-02-27 22:00:00,98.85153240000001
2025-02-27 23:00:00,96.5534242
2025-02-28 00:00:00,74.7364042
2025-02-28 01:00:00,74.1524042
2025-02-28 02:00:00,74.1144042
2025-02-28 03:00:00,74.03840419999999
2025-02-28 04:00:00,74.0484042
2025-02-28 05:00:00,74.1384042
2025-02-28 06:00:00,74.1704042
2025-02-28 07:00:00,74.1284042
2025-02-28 08:00:00,74.12240419999999
2025-02-28 09:00:00,73.9564042
2025-02-28 10:00:00,73.5524042
2025-02-28 11:00:00,73.3444042
2025-02-28 12:00:00,73.2044042
2025-02-28 13:00:00,74.0744042
2025-02-28 14:00:00,74.4144042
2025-02-28 15:00:00,74.8164042
2025-02-28 16:00:00,75.1984042
2025-02-28 17:00:00,83.9938506
2025-02-28 18:00:00,96.4691388
2025-02-28 19:00:00,99.7142456
2025-02-28 20:00:00,99.74457079999999
2025-02-28 21:00:00,99.37440819999999
2025-02-28 22:00:00,97.22092180000001
2025-02-28 23:00:00,88.64707840000001
2025-03-01 00:00:00,117.4784042
2025-03-01 01:00:00,115.9064042
2025-03-01 02:00:00,115.74240420000001
2025-03-01 03:00:00,115.1864042
2025-03-01 04:00:00,114.92240419999999
2025-03-01 05:00:00,114.77240419999998
2025-03-01 06:00:00,114.5544042
2025-03-01 07:00:00,129.107015
2025-03-01 08:00:00,132.8369672
2025-03-01 09:00:00,122.68561479999998
2025-03-01 10:00:00,102.46806839999999
2025-03-01 11:00:00,86.17116680000001
2025-03-01 12:00:00,85.98245360000001
2025-03-01 13:00:00,95.2395576
2025-03-01 14:00:00,125.8590182
2025-03-01 15:00:00,134.724051
2025-03-01 16:00:00,136.3385018
2025-03-01 17:00:00,137.5736204
2025-03-01 18:00:00,139.0359058
2025-03-01 19:00:00,140.4060796
2025-03-01 20:00:00,140.5419854
2025-03-01 21:00:00,140.02359460000002
2025-03-01 22:00:00,138.81045640000002
2025-03-01 23:00:00,138.30325820000002
2025-03-02 00:00:00,138.30321560000002
2025-03-02 01:00:00,130.34815659999998
2025-03-02 02:00:00,115.5544042
2025-03-02 03:00:00,115.3544042
2025-03-02 04:00:00,115.23840420000002
2025-03-02 05:00:00,124.4809002
2025-03-02 06:00:00,131.0756508
2025-03-02 07:00:00,121.94392599999999
2025-03-02 08:00:00,86.0260028
2025-03-02 09:00:00,86.28487860000001
2025-03-02 10:00:00,86.5147216
2025-03-02 11:00:00,86.36955760000001
2025-03-02 12:00:00,86.22923240000001
2025-03-02 13:00:00,86.5582708
2025-03-02 14:00:00,85.98487300000001
2025-03-02 15:00:00,98.0183504
2025-03-02 16:00:00,136.0030238
2025-03-02 17:00:00,138.3397886
2025-03-02 18:00:00,139.8990412
2025-03-02 19:00:00,142.8753776
2025-03-02 20:00:00,143.1646672
2025-03-02 21:00:00,142.9917628
2025-03-02 22:00:00,142.0555262
2025-03-02 23:00:00,140.382679
2025-03-03 00:00:00,137.193381
2025-03-03 01:00:00,135.8814382
2025-03-03 02:00:00,135.6980174
2025-03-03 03:00:00,135.4817892
2025-03-03 04:00:00,135.49240260000002
2025-03-03 05:00:00,135.6766308
2025-03-03 06:00:00,135.74866500000002
2025-03-03 07:00:00,135.8284794
2025-03-03 08:00:00,129.8472896
2025-03-03 09:00:00,87.16374880000001
2025-03-03 10:00:00,86.4639142
2025-03-03 11:00:00,86.46633360000001
2025-03-03 12:00:00,86.251007
2025-03-03 13:00:00,127.26568879999999
2025-03-03 14:00:00,136.13773139999998
2025-03-03 15:00:00,137.9132806
2025-03-03 16:00:00,139.562185
2025-03-03 17:00:00,140.3980768
2025-03-03 18:00:00,141.78472440000002
2025-03-03 19:00:00,145.1438968
2025-03-03 20:00:00,144.9609582
2025-03-03 21:00:00,144.6926958
2025-03-03 22:00:00,142.8809128
2025-03-03 23:00:00,140.6984592
2025-03-04 00:00:00,139.43164059999998
2025-03-04 01:00:00,137.4626308
2025-03-04 02:00:00,136.2228478
2025-03-04 03:00:00,135.2967138
2025-03-04 04:00:00,135.83604880000001
2025-03-04 05:00:00,135.96485619999999
2025-03-04 06:00:00,135.7330502
2025-03-04 07:00:00,135.2654124
2025-03-04 08:00:00,130.8465248
2025-03-04 09:00:00,86.53407680000001
2025-03-04 10:00:00,86.69859600000001
2025-03-04 11:00:00,86.5631096
2025-03-04 12:00:00,86.33568600000001
2025-03-04 13:00:00,98.7145276
2025-03-04 14:00:00,132.9472778
2025-03-04 15:00:00,137.79722339999998
2025-03-04 16:00:00,139.3817084
2025-03-04 17:00:00,140.29014239999998
2025-03-04 18:00:00,141.9550126
2025-03-04 19:00:00,144.468185
2025-03-04 20:00:00,143.93150599999998
2025-03-04 21:00:00,143.4516944
2025-03-04 22:00:00,142.71449339999998
2025-03-04 23:00:00,140.52393160000003
2025-03-05 00:00:00,138.3378262
2025-03-05 01:00:00,136.6005596
2025-03-05 02:00:00,135.4516838
2025-03-05 03:00:00,135.41436560000002
2025-03-05 04:00:00,134.7689992
2025-03-05 05:00:00,135.4968136
2025-03-05 06:00:00,135.9479804
2025-03-05 07:00:00,135.88833979999998
2025-03-05 08:00:00,136.4254808
2025-03-05 09:00:00,136.5981996
2025-03-05 10:00:00,135.52007399999997
2025-03-05 11:00:00,134.17810260000002
2025-03-05 12:00:00,134.77141799999998
2025-03-05 13:00:00,136.7611354
2025-03-05 14:00:00,137.9816232
2025-03-05 15:00:00,140.2078912
2025-03-05 16:00:00,141.0770552
2025-03-05 17:00:00,141.0090726
2025-03-05 18:00:00,141.7265562
2025-03-05 19:00:00,143.75388560000002
2025-03-05 20:00:00,143.8030468
2025-03-05 21:00:00,143.4134006
2025-03-05 22:00:00,141.72016539999998
2025-03-05 23:00:00,140.41567479999998
2025-03-06 00:00:00,123.5166704
2025-03-06 01:00:00,122.1591498
2025-03-06 02:00:00,121.0808902
2025-03-06 03:00:00,120.61117840000001
2025-03-06 04:00:00,120.47472760000001
2025-03-06 05:00:00,121.1465992
2025-03-06 06:00:00,121.61672760000002
2025-03-06 07:00:00,120.92121259999999
2025-03-06 08:00:00,120.65192299999998
2025-03-06 09:00:00,120.23027959999999
2025-03-06 10:00:00,119.26060200000002
2025-03-06 11:00:00,119.18618260000001
2025-03-06 12:00:00,119.14495580000002
2025-03-06 13:00:00,120.1484708
2025-03-06 14:00:00,120.94821119999999
2025-03-06 15:00:00,122.5390528
2025-03-06 16:00:00,123.11760060000002
2025-03-06 17:00:00,124.09499000000001
2025-03-06 18:00:00,125.55964039999999
2025-03-06 19:00:00,128.23351480000002
2025-03-06 20:00:00,127.85774020000001
2025-03-06 21:00:00,126.99838220000001
2025-03-06 22:00:00,125.4331212
2025-03-06 23:00:00,124.5168616
2025-03-07 00:00:00,122.15214900000001
2025-03-07 01:00:00,116.5024042
2025-03-07 02:00:00,116.24240420000001
2025-03-07 03:00:00,115.7264042
2025-03-07 04:00:00,115.46640419999999
2025-03-07 05:00:00,116.33640419999999
2025-03-07 06:00:00,116.61840419999999
2025-03-07 07:00:00,116.04040420000001
2025-03-07 08:00:00,115.43440419999999
2025-03-07 09:00:00,114.92240419999999
2025-03-07 10:00:00,114.27440419999998
2025-03-07 11:00:00,113.69040420000002
2025-03-07 12:00:00,113.77240419999998
2025-03-07 13:00:00,115.2844042
2025-03-07 14:00:00,116.6144042
2025-03-07 15:00:00,117.8004042
2025-03-07 16:00:00,118.5520218
2025-03-07 17:00:00,124.10359779999999
2025-03-07 18:00:00,125.39947500000001
2025-03-07 19:00:00,127.3999286
2025-03-07 20:00:00,127.14557479999999
2025-03-07 21:00:00,126.8270898
2025-03-07 22:00:00,125.6047018
2025-03-07 23:00:00,124.84131240000002
2025-03-08 00:00:00,131.59699
2025-03-08 01:00:00,130.2760514
2025-03-08 02:00:00,129.2013724
2025-03-08 03:00:00,128.6507904
2025-03-08 04:00:00,128.5092098
2025-03-08 05:00:00,128.7220514
2025-03-08 06:00:00,128.2233124
2025-03-08 07:00:00,127.18402839999999
2025-03-08 08:00:00,122.40696700000001
2025-03-08 09:00:00,70.4015176
2025-03-08 10:00:00,70.47409960000002
2025-03-08 11:00:00,70.4813578
2025-03-08 12:00:00,70.37006540000002
2025-03-08 13:00:00,70.5660368
2025-03-08 14:00:00,117.4128784
2025-03-08 15:00:00,126.081623
2025-03-08 16:00:00,129.1812692
2025-03-08 17:00:00,131.293586
2025-03-08 18:00:00,132.84777720000002
2025-03-08 19:00:00,134.8690208
2025-03-08 20:00:00,134.56427060000001
2025-03-08 21:00:00,134.2978798
2025-03-08 22:00:00,133.12093840000003
2025-03-08 23:00:00,132.0936432
2025-03-09 00:00:00,129.9236376
2025-03-09 01:00:00,128.202214
2025-03-09 02:00:00,127.9675692
2025-03-09 03:00:00,127.59814839999999
2025-03-09 04:00:00,127.3005992
2025-03-09 05:00:00,126.7515036
2025-03-09 06:00:00,124.5397318
2025-03-09 07:00:00,88.81280160000001
2025-03-09 08:00:00,70.3289356
2025-03-09 09:00:00,70.3144192
2025-03-09 10:00:00,70.3482908
2025-03-09 11:00:00,70.33377440000001
2025-03-09 12:00:00,70.31683860000001
2025-03-09 13:00:00,70.46442200000001
2025-03-09 14:00:00,70.6773292
2025-03-09 15:00:00,70.6894262
2025-03-09 16:00:00,123.82836200000001
2025-03-09 17:00:00,128.85055040000003
2025-03-09 18:00:00,130.9889356
2025-03-09 19:00:00,133.3426216
2025-03-09 20:00:00,133.51810519999998
2025-03-09 21:00:00,133.43923220000002
2025-03-09 22:00:00,133.22280719999998
2025-03-09 23:00:00,132.0387702
2025-03-10 00:00:00,129.6022796
2025-03-10 01:00:00,128.31337520000002
2025-03-10 02:00:00,125.9015956
2025-03-10 03:00:00,127.33417140000002
2025-03-10 04:00:00,127.6669844
2025-03-10 05:00:00,128.5773096
2025-03-10 06:00:00,129.05182599999998
2025-03-10 07:00:00,129.4061882
2025-03-10 08:00:00,129.2118058
2025-03-10 09:00:00,127.9002252
2025-03-10 10:00:00,126.44654759999999
2025-03-10 11:00:00,125.37928939999999
2025-03-10 12:00:00,124.62993420000001
2025-03-10 13:00:00,128.6237458
2025-03-10 14:00:00,130.5461024
2025-03-10 15:00:00,131.9884618
2025-03-10 16:00:00,133.0424932
2025-03-10 17:00:00,133.3399398
2025-03-10 18:00:00,134.9264562
2025-03-10 19:00:00,135.88839620000002
2025-03-10 20:00:00,135.80907240000002
2025-03-10 21:00:00,135.61603680000002
2025-03-10 22:00:00,134.4124192
2025-03-10 23:00:00,132.3262852
2025-03-11 00:00:00,131.8192126
2025-03-11 01:00:00,130.0295266
2025-03-11 02:00:00,125.57864920000002
2025-03-11 03:00:00,124.91461220000001
2025-03-11 04:00:00,128.7785594
2025-03-11 05:00:00,129.55408
2025-03-11 06:00:00,130.2994066
2025-03-11 07:00:00,130.095766
2025-03-11 08:00:00,129.8211868
2025-03-11 09:00:00,128.8537374
2025-03-11 10:00:00,128.7216118
2025-03-11 11:00:00,128.63403119999998
2025-03-11 12:00:00,128.0259
2025-03-11 13:00:00,129.8495804
2025-03-11 14:00:00,131.514519
2025-03-11 15:00:00,132.7001652
2025-03-11 16:00:00,133.6073264
2025-03-11 17:00:00,133.9954834
2025-03-11 18:00:00,134.7834206
2025-03-11 19:00:00,135.48858460000002
2025-03-11 20:00:00,135.4052608
2025-03-11 21:00:00,135.3170982
2025-03-11 22:00:00,134.74106120000002
2025-03-11 23:00:00,132.7211526
2025-03-12 00:00:00,131.05772340000001
2025-03-12 01:00:00,129.4219118
2025-03-12 02:00:00,123.8957594
2025-03-12 03:00:00,123.6564042
2025-03-12 04:00:00,128.2059432
2025-03-12 05:00:00,129.27453359999998
2025-03-12 06:00:00,130.280311
2025-03-12 07:00:00,129.96579739999999
2025-03-12 08:00:00,129.881124
2025-03-12 09:00:00,129.10841639999998
2025-03-12 10:00:00,128.7187074
2025-03-12 11:00:00,128.2774492
2025-03-12 12:00:00,127.72915819999999
2025-03-12 13:00:00,129.43603119999997
2025-03-12 14:00:00,131.21684140000002
2025-03-12 15:00:00,132.5507786
2025-03-12 16:00:00,133.269937
2025-03-12 17:00:00,133.59986859999998
2025-03-12 18:00:00,134.51732080000002
2025-03-12 19:00:00,135.21274720000002
2025-03-12 20:00:00,134.95964600000002
2025-03-12 21:00:00,134.8339342
2025-03-12 22:00:00,134.363609
2025-03-12 23:00:00,132.85376879999998
2025-03-13 00:00:00,141.92520840000003
2025-03-13 01:00:00,140.53755940000002
2025-03-13 02:00:00,139.3317164
2025-03-13 03:00:00,139.0876166
2025-03-13 04:00:00,138.9237108
2025-03-13 05:00:00,139.87509740000002
2025-03-13 06:00:00,139.93128299999998
2025-03-13 07:00:00,139.71163959999998
2025-03-13 08:00:00,139.76503459999998
2025-03-13 09:00:00,138.743902
2025-03-13 10:00:00,138.4846124
2025-03-13 11:00:00,137.8896766
2025-03-13 12:00:00,137.2569662
2025-03-13 13:00:00,138.9862244
2025-03-13 14:00:00,140.474096
2025-03-13 15:00:00,141.9953256
2025-03-13 16:00:00,143.6915252
2025-03-13 17:00:00,144.14411
2025-03-13 18:00:00,144.9995678
2025-03-13 19:00:00,145.69666619999998
2025-03-13 20:00:00,145.53872900000002
2025-03-13 21:00:00,145.36485739999998
2025-03-13 22:00:00,144.9163382
2025-03-13 23:00:00,143.7600444
2025-03-14 00:00:00,141.30664099999998
2025-03-14 01:00:00,133.1565778
2025-03-14 02:00:00,129.71898099999999
2025-03-14 03:00:00,134.031162
2025-03-14 04:00:00,130.2747382
2025-03-14 05:00:00,123.3284042
2025-03-14 06:00:00,123.8344042
2025-03-14 07:00:00,123.40840419999999
2025-03-14 08:00:00,123.19440420000001
2025-03-14 09:00:00,122.4804042
2025-03-14 10:00:00,132.475148
2025-03-14 11:00:00,133.09804060000002
2025-03-14 12:00:00,132.1139094
2025-03-14 13:00:00,133.7960692
2025-03-14 14:00:00,135.63961840000002
2025-03-14 15:00:00,139.22662759999997
2025-03-14 16:00:00,142.0186012
2025-03-14 17:00:00,143.4761044
2025-03-14 18:00:00,144.879117
2025-03-14 19:00:00,145.3907974
2025-03-14 20:00:00,145.2914736
2025-03-14 21:00:00,145.1662468
2025-03-14 22:00:00,144.3482782
2025-03-14 23:00:00,142.77143099999998
2025-03-15 00:00:00,150.8100102
2025-03-15 01:00:00,143.5313476
2025-03-15 02:00:00,143.0130196
2025-03-15 03:00:00,147.2893946
2025-03-15 04:00:00,147.2429124
2025-03-15 05:00:00,147.7258964
2025-03-15 06:00:00,147.5805182
2025-03-15 07:00:00,147.17563059999998
2025-03-15 08:00:00,139.65931940000002
2025-03-15 09:00:00,118.611773
2025-03-15 10:00:00,82.3606118
2025-03-15 11:00:00,82.3654506
2025-03-15 12:00:00,82.34125660000001
2025-03-15 13:00:00,101.3801296
2025-03-15 14:00:00,139.2119126
2025-03-15 15:00:00,148.1899894
2025-03-15 16:00:00,150.08666
2025-03-15 17:00:00,151.66733340000002
2025-03-15 18:00:00,153.73346180000001
2025-03-15 19:00:00,154.80740740000002
2025-03-15 20:00:00,154.3097898
2025-03-15 21:00:00,153.4667228
2025-03-15 22:00:00,152.3306516
2025-03-15 23:00:00,151.3926432
2025-03-16 00:00:00,149.7887234
2025-03-16 01:00:00,149.2353968
2025-03-16 02:00:00,148.6170688
2025-03-16 03:00:00,148.3404868
2025-03-16 04:00:00,147.9123898
2025-03-16 05:00:00,147.39774500000001
2025-03-16 06:00:00,143.8651344
2025-03-16 07:00:00,101.2820758
2025-03-16 08:00:00,81.9420556
2025-03-16 09:00:00,82.21786720000001
2025-03-16 10:00:00,82.32915960000001
2025-03-16 11:00:00,82.30980439999999
2025-03-16 12:00:00,82.22028660000001
2025-03-16 13:00:00,82.80578140000001
2025-03-16 14:00:00,83.61628040000001
2025-03-16 15:00:00,83.4880522
2025-03-16 16:00:00,145.6659552
2025-03-16 17:00:00,150.98204660000002
2025-03-16 18:00:00,152.6401094
2025-03-16 19:00:00,154.72914780000002
2025-03-16 20:00:00,155.1730166
2025-03-16 21:00:00,154.9822406
2025-03-16 22:00:00,153.6874276
2025-03-16 23:00:00,151.98557620000003
2025-03-17 00:00:00,149.9280758
2025-03-17 01:00:00,149.27765359999998
2025-03-17 02:00:00,148.87845539999998
2025-03-17 03:00:00,148.5430346
2025-03-17 04:00:00,148.5641302
2025-03-17 05:00:00,149.1635538
2025-03-17 06:00:00,149.4340702
2025-03-17 07:00:00,149.3682956
2025-03-17 08:00:00,149.8482412
2025-03-17 09:00:00,149.8845378
2025-03-17 10:00:00,149.728766
2025-03-17 11:00:00,149.61408699999998
2025-03-17 12:00:00,149.4209914
2025-03-17 13:00:00,149.9937618
2025-03-17 14:00:00,151.66038640000002
2025-03-17 15:00:00,153.6565916
2025-03-17 16:00:00,155.1736216
2025-03-17 17:00:00,155.2439384
2025-03-17 18:00:00,157.2548742
2025-03-17 19:00:00,158.3069084
2025-03-17 20:00:00,157.95206960000002
2025-03-17 21:00:00,157.6385204
2025-03-17 22:00:00,157.1125462
2025-03-17 23:00:00,153.85224399999998
2025-03-18 00:00:00,150.57400739999997
2025-03-18 01:00:00,149.4652942
2025-03-18 02:00:00,148.7312572
2025-03-18 03:00:00,148.6133856
2025-03-18 04:00:00,148.571708
2025-03-18 05:00:00,148.8774512
2025-03-18 06:00:00,149.7623898
2025-03-18 07:00:00,149.70736259999998
2025-03-18 08:00:00,149.7587548
2025-03-18 09:00:00,149.6159216
2025-03-18 10:00:00,149.67599
2025-03-18 11:00:00,149.508766
2025-03-18 12:00:00,149.07973040000002
2025-03-18 13:00:00,149.6361756
2025-03-18 14:00:00,151.05733960000003
2025-03-18 15:00:00,153.93781840000003
2025-03-18 16:00:00,155.84808360000002
2025-03-18 17:00:00,155.10316240000003
2025-03-18 18:00:00,158.1289342
2025-03-18 19:00:00,162.70178140000002
2025-03-18 20:00:00,162.6525832
2025-03-18 21:00:00,161.8797102
2025-03-18 22:00:00,155.7710912
2025-03-18 23:00:00,152.90843239999998
2025-03-19 00:00:00,150.2513598
2025-03-19 01:00:00,148.8503528
2025-03-19 02:00:00,148.36741700000002
2025-03-19 03:00:00,147.8310234
2025-03-19 04:00:00,148.0575768
2025-03-19 05:00:00,148.53212739999998
2025-03-19 06:00:00,149.1418392
2025-03-19 07:00:00,149.282618
2025-03-19 08:00:00,149.28839539999998
2025-03-19 09:00:00,149.1232712
2025-03-19 10:00:00,149.23492299999998
2025-03-19 11:00:00,149.074535
2025-03-19 12:00:00,148.07932839999998
2025-03-19 13:00:00,149.0885894
2025-03-19 14:00:00,151.046826
2025-03-19 15:00:00,152.9842978
2025-03-19 16:00:00,153.3645462
2025-03-19 17:00:00,153.70640939999998
2025-03-19 18:00:00,154.9027318
2025-03-19 19:00:00,155.7819614
2025-03-19 20:00:00,155.4417646
2025-03-19 21:00:00,155.0937304
2025-03-19 22:00:00,154.08572479999998
2025-03-19 23:00:00,152.083782
2025-03-20 00:00:00,153.23787780000004
2025-03-20 01:00:00,150.610295
2025-03-20 02:00:00,150.93705359999998
2025-03-20 03:00:00,149.4523236
2025-03-20 04:00:00,149.633616
2025-03-20 05:00:00,150.21316240000002
2025-03-20 06:00:00,150.7703892
2025-03-20 07:00:00,150.54084
2025-03-20 08:00:00,150.439907
2025-03-20 09:00:00,149.242101
2025-03-20 10:00:00,149.2729482
2025-03-20 11:00:00,148.3191966
2025-03-20 12:00:00,147.41361320000001
2025-03-20 13:00:00,147.4188064
2025-03-20 14:00:00,150.85226360000001
2025-03-20 15:00:00,153.22592939999998
2025-03-20 16:00:00,154.01786940000002
2025-03-20 17:00:00,155.0079064
2025-03-20 18:00:00,156.8592072
2025-03-20 19:00:00,157.6568848
2025-03-20 20:00:00,157.4475296
2025-03-20 21:00:00,156.90881640000003
2025-03-20 22:00:00,156.1299434
2025-03-20 23:00:00,154.14587219999999
2025-03-21 00:00:00,151.31290840000003
2025-03-21 01:00:00,145.00210280000002
2025-03-21 02:00:00,138.2424388
2025-03-21 03:00:00,130.6504042
2025-03-21 04:00:00,130.3564042
2025-03-21 05:00:00,131.5564042
2025-03-21 06:00:00,131.86640419999998
2025-03-21 07:00:00,131.6824042
2025-03-21 08:00:00,131.22240419999997
2025-03-21 09:00:00,129.4664042
2025-03-21 10:00:00,127.2944042
2025-03-21 11:00:00,125.63840420000001
2025-03-21 12:00:00,125.88440419999999
2025-03-21 13:00:00,130.4234454
2025-03-21 14:00:00,140.40494900000002
2025-03-21 15:00:00,148.56321459999998
2025-03-21 16:00:00,152.0577556
2025-03-21 17:00:00,152.731727
2025-03-21 18:00:00,154.6652644
2025-03-21 19:00:00,155.36678220000002
2025-03-21 20:00:00,155.0148792
2025-03-21 21:00:00,154.743136
2025-03-21 22:00:00,154.21561820000002
2025-03-21 23:00:00,152.5001862
2025-03-22 00:00:00,144.22247720000001
2025-03-22 01:00:00,142.2502636
2025-03-22 02:00:00,141.7205176
2025-03-22 03:00:00,140.368946
2025-03-22 04:00:00,140.39204439999997
2025-03-22 05:00:00,141.9429112
2025-03-22 06:00:00,141.3600326
2025-03-22 07:00:00,142.62541579999998
2025-03-22 08:00:00,137.7306908
2025-03-22 09:00:00,85.1961486
2025-03-22 10:00:00,85.34131260000001
2025-03-22 11:00:00,85.355829
2025-03-22 12:00:00,85.2784082
2025-03-22 13:00:00,85.63406
2025-03-22 14:00:00,104.48364900000001
2025-03-22 15:00:00,141.3227816
2025-03-22 16:00:00,145.058425
2025-03-22 17:00:00,145.80693019999998
2025-03-22 18:00:00,148.421963
2025-03-22 19:00:00,150.2864564
2025-03-22 20:00:00,148.82674179999998
2025-03-22 21:00:00,148.2237062
2025-03-22 22:00:00,147.0245736
2025-03-22 23:00:00,145.8688248
2025-03-23 00:00:00,148.40182339999998
2025-03-23 01:00:00,146.281741
2025-03-23 02:00:00,145.2249908
2025-03-23 03:00:00,143.1350194
2025-03-23 04:00:00,141.6836328
2025-03-23 05:00:00,140.77479680000002
2025-03-23 06:00:00,134.23476820000002
2025-03-23 07:00:00,84.25742140000001
2025-03-23 08:00:00,85.4090558
2025-03-23 09:00:00,85.6437376
2025-03-23 10:00:00,85.8566448
2025-03-23 11:00:00,85.7840628
2025-03-23 12:00:00,85.6292212
2025-03-23 13:00:00,85.95100140000001
2025-03-23 14:00:00,86.41794560000001
2025-03-23 15:00:00,98.5847956
2025-03-23 16:00:00,140.480282
2025-03-23 17:00:00,147.6891926
2025-03-23 18:00:00,151.6360656
2025-03-23 19:00:00,153.0164334
2025-03-23 20:00:00,152.8523594
2025-03-23 21:00:00,151.97364620000002
2025-03-23 22:00:00,151.3629016
2025-03-23 23:00:00,149.717635
2025-03-24 00:00:00,149.458106
2025-03-24 01:00:00,147.64792659999998
2025-03-24 02:00:00,147.3536014
2025-03-24 03:00:00,147.1942462
2025-03-24 04:00:00,144.5865524
2025-03-24 05:00:00,147.4806342
2025-03-24 06:00:00,141.8072186
2025-03-24 07:00:00,141.7160288
2025-03-24 08:00:00,149.7951814
2025-03-24 09:00:00,149.5189302
2025-03-24 10:00:00,149.26690159999998
2025-03-24 11:00:00,148.6008074
2025-03-24 12:00:00,148.54092459999998
2025-03-24 13:00:00,150.387344
2025-03-24 14:00:00,153.736125
2025-03-24 15:00:00,155.0486128
2025-03-24 16:00:00,156.6364244
2025-03-24 17:00:00,155.2508444
2025-03-24 18:00:00,156.84846199999998
2025-03-24 19:00:00,157.746439
2025-03-24 20:00:00,157.53446760000003
2025-03-24 21:00:00,157.03984580000002
2025-03-24 22:00:00,154.9569302
2025-03-24 23:00:00,152.3059832
2025-03-25 00:00:00,150.092868
2025-03-25 01:00:00,148.238272
2025-03-25 02:00:00,147.35488260000002
2025-03-25 03:00:00,147.2294304
2025-03-25 04:00:00,144.487186
2025-03-25 05:00:00,147.59610940000002
2025-03-25 06:00:00,142.1284342
2025-03-25 07:00:00,142.2763114
2025-03-25 08:00:00,150.033136
2025-03-25 09:00:00,149.2504682
2025-03-25 10:00:00,149.491829
2025-03-25 11:00:00,149.4637976
2025-03-25 12:00:00,148.2304968
2025-03-25 13:00:00,150.260762
2025-03-25 14:00:00,152.1162854
2025-03-25 15:00:00,155.2153406
2025-03-25 16:00:00,156.5422764
2025-03-25 17:00:00,155.4683168
2025-03-25 18:00:00,155.9383482
2025-03-25 19:00:00,157.0511584
2025-03-25 20:00:00,156.4464452
2025-03-25 21:00:00,156.3704766
2025-03-25 22:00:00,155.0389532
2025-03-25 23:00:00,152.17955539999997
2025-03-26 00:00:00,149.0146998
2025-03-26 01:00:00,146.7414018
2025-03-26 02:00:00,146.20191540000002
2025-03-26 03:00:00,146.19591540000002
2025-03-26 04:00:00,146.0571736
2025-03-26 05:00:00,146.6997556
2025-03-26 06:00:00,147.06191819999998
2025-03-26 07:00:00,147.5852504
2025-03-26 08:00:00,147.93002919999998
2025-03-26 09:00:00,147.7574898
2025-03-26 10:00:00,147.71094480000002
2025-03-26 11:00:00,146.93377519999999
2025-03-26 12:00:00,146.361353
2025-03-26 13:00:00,148.16861680000002
2025-03-26 14:00:00,150.2982058
2025-03-26 15:00:00,151.7557034
2025-03-26 16:00:00,153.0021884
2025-03-26 17:00:00,152.61152959999998
2025-03-26 18:00:00,154.3533042
2025-03-26 19:00:00,156.0049218
2025-03-26 20:00:00,154.98794900000001
2025-03-26 21:00:00,154.27098180000002
2025-03-26 22:00:00,152.4822944
2025-03-26 23:00:00,150.50112760000002
2025-03-27 00:00:00,143.241047
2025-03-27 01:00:00,140.7445166
2025-03-27 02:00:00,140.58120119999998
2025-03-27 03:00:00,139.2224342
2025-03-27 04:00:00,140.14842240000002
2025-03-27 05:00:00,139.6864
2025-03-27 06:00:00,141.7528104
2025-03-27 07:00:00,141.4777776
2025-03-27 08:00:00,140.54272799999998
2025-03-27 09:00:00,140.6288418
2025-03-27 10:00:00,139.7652612
2025-03-27 11:00:00,139.2941914
2025-03-27 12:00:00,139.4238062
2025-03-27 13:00:00,141.32319
2025-03-27 14:00:00,142.9564482
2025-03-27 15:00:00,144.5788132
2025-03-27 16:00:00,145.3415236
2025-03-27 17:00:00,146.347592
2025-03-27 18:00:00,148.06840219999998
2025-03-27 19:00:00,149.4321454
2025-03-27 20:00:00,148.0325648
2025-03-27 21:00:00,147.6514008
2025-03-27 22:00:00,147.26830239999998
2025-03-27 23:00:00,145.62742939999998
2025-03-28 00:00:00,143.6538202
2025-03-28 01:00:00,141.3573296
2025-03-28 02:00:00,140.499615
2025-03-28 03:00:00,139.9502228
2025-03-28 04:00:00,139.7974782
2025-03-28 05:00:00,140.00663100000003
2025-03-28 06:00:00,135.5997312
2025-03-28 07:00:00,132.8666508
2025-03-28 08:00:00,135.2842818
2025-03-28 09:00:00,139.6299234
2025-03-28 10:00:00,139.6181914
2025-03-28 11:00:00,138.9881286
2025-03-28 12:00:00,138.78190039999998
2025-03-28 13:00:00,140.5058348
2025-03-28 14:00:00,142.4177378
2025-03-28 15:00:00,143.115578
2025-03-28 16:00:00,143.95029119999998
2025-03-28 17:00:00,145.2186506
2025-03-28 18:00:00,147.012562
2025-03-28 19:00:00,147.7889528
2025-03-28 20:00:00,146.9115976
2025-03-28 21:00:00,146.35511259999998
2025-03-28 22:00:00,146.2944678
2025-03-28 23:00:00,145.0440428
2025-03-29 00:00:00,120.52991999999999
2025-03-29 01:00:00,118.72052779999999
2025-03-29 02:00:00,118.12907
2025-03-29 03:00:00,117.19181180000001
2025-03-29 04:00:00,115.7660372
2025-03-29 05:00:00,115.80326399999998
2025-03-29 06:00:00,114.3330072
2025-03-29 07:00:00,110.18704420000002
2025-03-29 08:00:00,92.1666304
2025-03-29 09:00:00,78.2379542
2025-03-29 10:00:00,78.25247060000001
2025-03-29 11:00:00,78.2331154
2025-03-29 12:00:00,78.25489000000002
2025-03-29 13:00:00,78.35892420000002
2025-03-29 14:00:00,84.6508984
2025-03-29 15:00:00,106.7518028
2025-03-29 16:00:00,117.92083559999999
2025-03-29 17:00:00,120.08257040000001
2025-03-29 18:00:00,122.134576
2025-03-29 19:00:00,122.47977700000001
2025-03-29 20:00:00,121.58708959999998
2025-03-29 21:00:00,121.3834748
2025-03-29 22:00:00,120.8343764
2025-03-29 23:00:00,120.1989528
2025-03-30 00:00:00,119.758077
2025-03-30 01:00:00,117.8566192
2025-03-30 02:00:00,116.85600300000002
2025-03-30 03:00:00,115.3571928
2025-03-30 04:00:00,113.63777479999999
2025-03-30 05:00:00,113.0480344
2025-03-30 06:00:00,107.54251939999999
2025-03-30 07:00:00,77.65004
2025-03-30 08:00:00,77.88956060000001
2025-03-30 09:00:00,78.0419828
2025-03-30 10:00:00,78.04682160000002
2025-03-30 11:00:00,78.04440220000001
2025-03-30 12:00:00,78.03472460000002
2025-03-30 13:00:00,78.05407980000001
2025-03-30 14:00:00,78.13633940000001
2025-03-30 15:00:00,78.1194036
2025-03-30 16:00:00,109.7180484
2025-03-30 17:00:00,118.75665899999998
2025-03-30 18:00:00,121.0608872
2025-03-30 19:00:00,121.50666460000002
2025-03-30 20:00:00,121.36392000000001
2025-03-30 21:00:00,121.38269319999999
2025-03-30 22:00:00,121.02040219999999
2025-03-30 23:00:00,120.2356862
2025-03-31 00:00:00,121.63443079999999
2025-03-31 01:00:00,120.67294160000002
2025-03-31 02:00:00,120.04196879999999
2025-03-31 03:00:00,119.37064219999999
2025-03-31 04:00:00,119.4238376
2025-03-31 05:00:00,120.72480759999999
2025-03-31 06:00:00,121.26713
2025-03-31 07:00:00,121.520876
2025-03-31 08:00:00,121.6093324
2025-03-31 09:00:00,120.90152640000001
2025-03-31 10:00:00,120.68281879999999
2025-03-31 11:00:00,120.47839939999999
2025-03-31 12:00:00,120.28091300000001
2025-03-31 13:00:00,121.53394859999999
2025-03-31 14:00:00,122.95027379999999
2025-03-31 15:00:00,123.9054036
2025-03-31 16:00:00,124.8593066
2025-03-31 17:00:00,125.20865899999998
2025-03-31 18:00:00,125.9985962
2025-03-31 19:00:00,126.10598560000001
2025-03-31 20:00:00,125.9419828
2025-03-31 21:00:00,125.93082159999999
2025-03-31 22:00:00,124.6972724
2025-03-31 23:00:00,123.0793324
2025-04-01 00:00:00,121.2260972
2025-04-01 01:00:00,120.4812186
2025-04-01 02:00:00,120.1856066
2025-04-01 03:00:00,119.98028279999998
2025-04-01 04:00:00,119.8837978
2025-04-01 05:00:00,120.42002600000001
2025-04-01 06:00:00,120.51582920000001
2025-04-01 07:00:00,120.72693039999999
2025-04-01 08:00:00,121.13697299999998
2025-04-01 09:00:00,120.5715236
2025-04-01 10:00:00,120.40171760000001
2025-04-01 11:00:00,120.4310728
2025-04-01 12:00:00,120.33087880000001
2025-04-01 13:00:00,121.35339800000001
2025-04-01 14:00:00,122.120271
2025-04-01 15:00:00,123.07236800000001
2025-04-01 16:00:00,123.9657546
2025-04-01 17:00:00,124.35339800000001
2025-04-01 18:00:00,125.30504420000003
2025-04-01 19:00:00,125.39385159999999
2025-04-01 20:00:00,125.3176576
2025-04-01 21:00:00,125.2659486
2025-04-01 22:00:00,124.0466876
2025-04-01 23:00:00,122.66548939999998
2025-04-02 00:00:00,120.83815439999998
2025-04-02 01:00:00,119.8323344
2025-04-02 02:00:00,115.45751700000001
2025-04-02 03:00:00,107.54240420000001
2025-04-02 04:00:00,107.5444042
2025-04-02 05:00:00,107.9024042
2025-04-02 06:00:00,108.20040420000001
2025-04-02 07:00:00,108.1464042
2025-04-02 08:00:00,108.1024042
2025-04-02 09:00:00,107.44440420000001
2025-04-02 10:00:00,107.00640419999999
2025-04-02 11:00:00,111.6282656
2025-04-02 12:00:00,108.68806939999999
2025-04-02 13:00:00,107.54040420000001
2025-04-02 14:00:00,108.5284042
2025-04-02 15:00:00,109.45840419999999
2025-04-02 16:00:00,115.66841360000001
2025-04-02 17:00:00,122.72405180000001
2025-04-02 18:00:00,124.72684180000002
2025-04-02 19:00:00,125.269361
2025-04-02 20:00:00,125.13816560000001
2025-04-02 21:00:00,124.60393739999999
2025-04-02 22:00:00,123.79857940000002
2025-04-02 23:00:00,122.0171188
2025-04-03 00:00:00,131.8908152
2025-04-03 01:00:00,121.812151
2025-04-03 02:00:00,107.49040420000001
2025-04-03 03:00:00,107.4064042
2025-04-03 04:00:00,107.38840420000001
2025-04-03 05:00:00,107.6484042
2025-04-03 06:00:00,107.8284042
2025-04-03 07:00:00,107.84640420000001
2025-04-03 08:00:00,107.8064042
2025-04-03 09:00:00,112.731863
2025-04-03 10:00:00,126.24335019999998
2025-04-03 11:00:00,127.055852
2025-04-03 12:00:00,126.5192016
2025-04-03 13:00:00,128.0520432
2025-04-03 14:00:00,128.969695
2025-04-03 15:00:00,130.886231
2025-04-03 16:00:00,131.6943678
2025-04-03 17:00:00,132.60879559999998
2025-04-03 18:00:00,134.711109
2025-04-03 19:00:00,134.8376254
2025-04-03 20:00:00,134.4824642
2025-04-03 21:00:00,134.266818
2025-04-03 22:00:00,133.492878
2025-04-03 23:00:00,131.79860159999998
2025-04-04 00:00:00,127.96319039999999
2025-04-04 01:00:00,107.8824042
2025-04-04 02:00:00,107.52240419999998
2025-04-04 03:00:00,107.4524042
2025-04-04 04:00:00,107.3484042
2025-04-04 05:00:00,107.63440419999999
2025-04-04 06:00:00,107.9464042
2025-04-04 07:00:00,107.86040419999999
2025-04-04 08:00:00,107.59640420000001
2025-04-04 09:00:00,106.70840419999999
2025-04-04 10:00:00,106.19440420000001
2025-04-04 11:00:00,105.4124042
2025-04-04 12:00:00,104.79240420000001
2025-04-04 13:00:00,107.07240419999998
2025-04-04 14:00:00,108.0924042
2025-04-04 15:00:00,108.89440420000001
2025-04-04 16:00:00,109.3524042
2025-04-04 17:00:00,131.0906308
2025-04-04 18:00:00,134.91229600000003
2025-04-04 19:00:00,135.15207619999998
2025-04-04 20:00:00,134.885206
2025-04-04 21:00:00,134.6812688
2025-04-04 22:00:00,133.6756484
2025-04-04 23:00:00,131.586499
2025-04-05 00:00:00,123.30887700000001
2025-04-05 01:00:00,104.17440419999998
2025-04-05 02:00:00,103.6864042
2025-04-05 03:00:00,103.5324042
2025-04-05 04:00:00,103.5824042
2025-04-05 05:00:00,103.68440419999999
2025-04-05 06:00:00,122.13074860000002
2025-04-05 07:00:00,123.46505860000002
2025-04-05 08:00:00,99.0290238
2025-04-05 09:00:00,87.6687754
2025-04-05 10:00:00,87.7244216
2025-04-05 11:00:00,87.73167980000001
2025-04-05 12:00:00,87.73651860000001
2025-04-05 13:00:00,88.2518508
2025-04-05 14:00:00,97.9323672
2025-04-05 15:00:00,124.89136859999999
2025-04-05 16:00:00,127.7751432
2025-04-05 17:00:00,129.2487866
2025-04-05 18:00:00,130.15414460000002
2025-04-05 19:00:00,130.7471516
2025-04-05 20:00:00,130.34692060000003
2025-04-05 21:00:00,129.6120134
2025-04-05 22:00:00,129.1938508
2025-04-05 23:00:00,128.0896142
2025-04-06 00:00:00,126.90306640000001
2025-04-06 01:00:00,119.99682320000002
2025-04-06 02:00:00,119.32267340000001
2025-04-06 03:00:00,87.2726396
2025-04-06 04:00:00,70.54352159999999
2025-04-06 05:00:00,89.7233636
2025-04-06 06:00:00,86.492947
2025-04-06 07:00:00,87.194573
2025-04-06 08:00:00,88.2954
2025-04-06 09:00:00,88.65831
2025-04-06 10:00:00,88.87847540000001
2025-04-06 11:00:00,88.87847540000001
2025-04-06 12:00:00,88.84460380000002
2025-04-06 13:00:00,88.90750820000001
2025-04-06 14:00:00,89.05993040000001
2025-04-06 15:00:00,89.40832400000001
2025-04-06 16:00:00,100.8240958
2025-04-06 17:00:00,128.6187664
2025-04-06 18:00:00,130.4253512
2025-04-06 19:00:00,130.46470920000002
2025-04-06 20:00:00,130.28199880000003
2025-04-06 21:00:00,129.90722
2025-04-06 22:00:00,129.31947399999999
2025-04-06 23:00:00,128.06049560000002
2025-04-07 00:00:00,109.00874119999999
2025-04-07 01:00:00,81.4194652
2025-04-07 02:00:00,84.6130732
2025-04-07 03:00:00,68.5240632
2025-04-07 04:00:00,67.4933988
2025-04-07 05:00:00,97.835612
2025-04-07 06:00:00,124.5549016
2025-04-07 07:00:00,124.2227642
2025-04-07 08:00:00,122.0124216
2025-04-07 09:00:00,88.19862400000001
2025-04-07 10:00:00,88.367982
2025-04-07 11:00:00,88.367982
2025-04-07 12:00:00,88.2518508
2025-04-07 13:00:00,96.46807900000002
2025-04-07 14:00:00,125.41379079999999
2025-04-07 15:00:00,128.3260846
2025-04-07 16:00:00,129.4050518
2025-04-07 17:00:00,129.42049839999999
2025-04-07 18:00:00,130.2597308
2025-04-07 19:00:00,130.162892
2025-04-07 20:00:00,129.9265354
2025-04-07 21:00:00,129.6081446
2025-04-07 22:00:00,128.9402388
2025-04-07 23:00:00,127.5220706
2025-04-08 00:00:00,126.00518360000001
2025-04-08 01:00:00,119.76476199999999
2025-04-08 02:00:00,76.694377
2025-04-08 03:00:00,71.6789608
2025-04-08 04:00:00,64.3264042
2025-04-08 05:00:00,121.44786940000002
2025-04-08 06:00:00,124.904799
2025-04-08 07:00:00,125.7586274
2025-04-08 08:00:00,124.1977656
2025-04-08 09:00:00,88.03894360000001
2025-04-08 10:00:00,88.0800734
2025-04-08 11:00:00,87.52361140000001
2025-04-08 12:00:00,88.07523460000002
2025-04-08 13:00:00,92.22055
2025-04-08 14:00:00,124.966005
2025-04-08 15:00:00,128.2260162
2025-04-08 16:00:00,129.1554998
2025-04-08 17:00:00,129.6167894
2025-04-08 18:00:00,130.31453259999998
2025-04-08 19:00:00,130.2255654
2025-04-08 20:00:00,129.91285499999998
2025-04-08 21:00:00,129.7289834
2025-04-08 22:00:00,128.8832032
2025-04-08 23:00:00,127.5346442
2025-04-09 00:00:00,126.5749554
2025-04-09 01:00:00,123.56573759999999
2025-04-09 02:00:00,120.93829720000001
2025-04-09 03:00:00,118.4690368
2025-04-09 04:00:00,116.82168219999998
2025-04-09 05:00:00,124.44573199999999
2025-04-09 06:00:00,125.2466678
2025-04-09 07:00:00,126.1401054
2025-04-09 08:00:00,126.97096099999999
2025-04-09 09:00:00,124.64070980000001
2025-04-09 10:00:00,122.7806812
2025-04-09 11:00:00,121.1832946
2025-04-09 12:00:00,87.8381334
2025-04-09 13:00:00,124.85542860000001
2025-04-09 14:00:00,128.442892
2025-04-09 15:00:00,129.36724859999998
2025-04-09 16:00:00,130.09021860000001
2025-04-09 17:00:00,130.0243414
2025-04-09 18:00:00,131.0662158
2025-04-09 19:00:00,131.23631559999998
2025-04-09 20:00:00,130.74279500000003
2025-04-09 21:00:00,130.470504
2025-04-09 22:00:00,129.678467
2025-04-09 23:00:00,128.11445020000002
2025-04-10 00:00:00,120.47724880000001
2025-04-10 01:00:00,116.7936834
2025-04-10 02:00:00,114.21569800000002
2025-04-10 03:00:00,113.41047680000001
2025-04-10 04:00:00,113.41130719999998
2025-04-10 05:00:00,115.85907900000002
2025-04-10 06:00:00,115.90355
2025-04-10 07:00:00,115.80845160000001
2025-04-10 08:00:00,116.31010899999998
2025-04-10 09:00:00,114.1390246
2025-04-10 10:00:00,111.5121516
2025-04-10 11:00:00,105.375989
2025-04-10 12:00:00,76.52743840000001
2025-04-10 13:00:00,114.21124439999998
2025-04-10 14:00:00,117.089347
2025-04-10 15:00:00,118.0896436
2025-04-10 16:00:00,120.698516
2025-04-10 17:00:00,122.47267240000001
2025-04-10 18:00:00,125.0323494
2025-04-10 19:00:00,124.71915120000001
2025-04-10 20:00:00,123.83549660000001
2025-04-10 21:00:00,123.21878339999998
2025-04-10 22:00:00,122.1611602
2025-04-10 23:00:00,121.4985154
2025-04-11 00:00:00,116.8484516
2025-04-11 01:00:00,105.1284042
2025-04-11 02:00:00,104.8964042
2025-04-11 03:00:00,104.50640419999999
2025-04-11 04:00:00,104.68440419999999
2025-04-11 05:00:00,105.1064042
2025-04-11 06:00:00,105.19040420000002
2025-04-11 07:00:00,104.8024042
2025-04-11 08:00:00,104.4464042
2025-04-11 09:00:00,102.4024042
2025-04-11 10:00:00,100.8064042
2025-04-11 11:00:00,99.6624042
2025-04-11 12:00:00,94.1564042
2025-04-11 13:00:00,101.7044042
2025-04-11 14:00:00,104.4784042
2025-04-11 15:00:00,112.10046460000001
2025-04-11 16:00:00,117.72501059999999
2025-04-11 17:00:00,121.78193959999999
2025-04-11 18:00:00,124.8897618
2025-04-11 19:00:00,125.3621638
2025-04-11 20:00:00,124.379251
2025-04-11 21:00:00,123.85724540000001
2025-04-11 22:00:00,122.78407580000001
2025-04-11 23:00:00,121.25273239999999
2025-04-12 00:00:00,111.3667044
2025-04-12 01:00:00,108.71140419999999
2025-04-12 02:00:00,96.23840419999999
2025-04-12 03:00:00,95.6264042
2025-04-12 04:00:00,95.6204042
2025-04-12 05:00:00,107.382035
2025-04-12 06:00:00,107.481213
2025-04-12 07:00:00,104.121883
2025-04-12 08:00:00,81.375916
2025-04-12 09:00:00,81.6396306
2025-04-12 10:00:00,81.6468888
2025-04-12 11:00:00,81.66382460000001
2025-04-12 12:00:00,81.6614052
2025-04-12 13:00:00,82.44045200000001
2025-04-12 14:00:00,83.0646572
2025-04-12 15:00:00,106.3233362
2025-04-12 16:00:00,114.0809168
2025-04-12 17:00:00,115.6022978
2025-04-12 18:00:00,116.95440040000001
2025-04-12 19:00:00,116.44923920000001
2025-04-12 20:00:00,116.0803034
2025-04-12 21:00:00,115.8166258
2025-04-12 22:00:00,114.992198
2025-04-12 23:00:00,113.71395580000001
2025-04-13 00:00:00,113.5829942
2025-04-13 01:00:00,109.47789700000001
2025-04-13 02:00:00,106.1176492
2025-04-13 03:00:00,76.331467
2025-04-13 04:00:00,77.02583480000001
2025-04-13 05:00:00,78.68554320000001
2025-04-13 06:00:00,79.17426200000001
2025-04-13 07:00:00,81.0468776
2025-04-13 08:00:00,81.8404408
2025-04-13 09:00:00,81.97592720000002
2025-04-13 10:00:00,82.45980720000001
2025-04-13 11:00:00,82.32915960000001
2025-04-13 12:00:00,82.3460954
2025-04-13 13:00:00,82.56384140000002
2025-04-13 14:00:00,82.71384420000001
2025-04-13 15:00:00,82.900138
2025-04-13 16:00:00,90.8478784
2025-04-13 17:00:00,113.75631239999998
2025-04-13 18:00:00,116.469787
2025-04-13 19:00:00,116.1592678
2025-04-13 20:00:00,115.63022660000001
2025-04-13 21:00:00,114.58905139999999
2025-04-13 22:00:00,114.01379040000002
2025-04-13 23:00:00,113.2836278
2025-04-14 00:00:00,112.53620140000001
2025-04-14 01:00:00,109.2318196
2025-04-14 02:00:00,105.41861920000001
2025-04-14 03:00:00,105.7676318
2025-04-14 04:00:00,105.92537220000001
2025-04-14 05:00:00,108.6088272
2025-04-14 06:00:00,110.8800966
2025-04-14 07:00:00,111.85234439999999
2025-04-14 08:00:00,112.46675480000002
2025-04-14 09:00:00,111.21356500000002
2025-04-14 10:00:00,110.9812426
2025-04-14 11:00:00,110.62650079999999
2025-04-14 12:00:00,108.8325978
2025-04-14 13:00:00,112.83245200000002
2025-04-14 14:00:00,114.3672992
2025-04-14 15:00:00,115.24242899999999
2025-04-14 16:00:00,116.00375560000002
2025-04-14 17:00:00,116.2567828
2025-04-14 18:00:00,118.024526
2025-04-14 19:00:00,117.8473334
2025-04-14 20:00:00,117.45126780000001
2025-04-14 21:00:00,116.6918784
2025-04-14 22:00:00,115.36554759999999
2025-04-14 23:00:00,114.21589020000002
2025-04-15 00:00:00,112.8826152
2025-04-15 01:00:00,97.046458
2025-04-15 02:00:00,107.366206
2025-04-15 03:00:00,94.561534
2025-04-15 04:00:00,106.76714460000001
2025-04-15 05:00:00,102.21039620000002
2025-04-15 06:00:00,109.79124099999999
2025-04-15 07:00:00,112.6621672
2025-04-15 08:00:00,110.08283840000001
2025-04-15 09:00:00,109.228627
2025-04-15 10:00:00,110.47405279999998
2025-04-15 11:00:00,108.1567526
2025-04-15 12:00:00,111.5277388
2025-04-15 13:00:00,112.7860528
2025-04-15 14:00:00,113.6688944
2025-04-15 15:00:00,115.67146739999998
2025-04-15 16:00:00,116.5261492
2025-04-15 17:00:00,117.07085400000001
2025-04-15 18:00:00,117.55559020000001
2025-04-15 19:00:00,117.0195246
2025-04-15 20:00:00,116.50068300000001
2025-04-15 21:00:00,115.7661952
2025-04-15 22:00:00,114.863445
2025-04-15 23:00:00,113.7432398
2025-04-16 00:00:00,111.7831232
2025-04-16 01:00:00,107.6739716
2025-04-16 02:00:00,106.73406580000001
2025-04-16 03:00:00,106.20725280000002
2025-04-16 04:00:00,106.20202600000002
2025-04-16 05:00:00,109.0218314
2025-04-16 06:00:00,108.74484460000001
2025-04-16 07:00:00,111.12534020000001
2025-04-16 08:00:00,111.9968092
2025-04-16 09:00:00,111.9974338
2025-04-16 10:00:00,111.9246292
2025-04-16 11:00:00,111.7259816
2025-04-16 12:00:00,111.3598218
2025-04-16 13:00:00,112.456669
2025-04-16 14:00:00,113.2335106
2025-04-16 15:00:00,114.30671160000001
2025-04-16 16:00:00,115.2370738
2025-04-16 17:00:00,115.24032360000001
2025-04-16 18:00:00,116.511302
2025-04-16 19:00:00,116.00755319999999
2025-04-16 20:00:00,115.39690279999999
2025-04-16 21:00:00,115.2145148
2025-04-16 22:00:00,114.7112224
2025-04-16 23:00:00,114.01176740000001
2025-04-17 00:00:00,124.6435294
2025-04-17 01:00:00,122.4512418
2025-04-17 02:00:00,121.51239740000001
2025-04-17 03:00:00,120.2417672
2025-04-17 04:00:00,119.94989000000001
2025-04-17 05:00:00,121.99510219999999
2025-04-17 06:00:00,122.1818014
2025-04-17 07:00:00,122.72865140000002
2025-04-17 08:00:00,122.394874
2025-04-17 09:00:00,122.60882240000001
2025-04-17 10:00:00,122.5044742
2025-04-17 11:00:00,121.6562746
2025-04-17 12:00:00,120.8121462
2025-04-17 13:00:00,122.13330460000002
2025-04-17 14:00:00,123.5176668
2025-04-17 15:00:00,124.2791874
2025-04-17 16:00:00,125.62762360000002
2025-04-17 17:00:00,127.4691038
2025-04-17 18:00:00,129.0707668
2025-04-17 19:00:00,129.05276680000003
2025-04-17 20:00:00,128.3989552
2025-04-17 21:00:00,128.23569700000002
2025-04-17 22:00:00,127.630824
2025-04-17 23:00:00,125.34246799999998
2025-04-18 00:00:00,122.5331874
2025-04-18 01:00:00,116.9699136
2025-04-18 02:00:00,110.0755924
2025-04-18 03:00:00,99.2394104
2025-04-18 04:00:00,99.66652560000001
2025-04-18 05:00:00,98.960631
2025-04-18 06:00:00,81.25648799999999
2025-04-18 07:00:00,75.5524202
2025-04-18 08:00:00,76.40404900000001
2025-04-18 09:00:00,76.8419604
2025-04-18 10:00:00,78.40005400000001
2025-04-18 11:00:00,78.20166320000001
2025-04-18 12:00:00,78.1605334
2025-04-18 13:00:00,77.51455360000001
2025-04-18 14:00:00,80.734775
2025-04-18 15:00:00,86.21471600000001
2025-04-18 16:00:00,115.8186402
2025-04-18 17:00:00,123.94623139999999
2025-04-18 18:00:00,127.68559719999999
2025-04-18 19:00:00,127.86817920000001
2025-04-18 20:00:00,127.71934040000001
2025-04-18 21:00:00,127.53008220000001
2025-04-18 22:00:00,126.46726360000002
2025-04-18 23:00:00,124.8947904
2025-04-19 00:00:00,117.66191740000002
2025-04-19 01:00:00,113.53773299999997
2025-04-19 02:00:00,108.3143908
2025-04-19 03:00:00,94.4987906
2025-04-19 04:00:00,92.5391898
2025-04-19 05:00:00,109.2842848
2025-04-19 06:00:00,114.0156982
2025-04-19 07:00:00,92.94548680000001
2025-04-19 08:00:00,93.7172754
2025-04-19 09:00:00,94.053572
2025-04-19 10:00:00,94.3584164
2025-04-19 11:00:00,94.48180580000002
2025-04-19 12:00:00,94.57374300000001
2025-04-19 13:00:00,95.5124702
2025-04-19 14:00:00,95.54392240000001
2025-04-19 15:00:00,95.5366642
2025-04-19 16:00:00,118.64382540000001
2025-04-19 17:00:00,120.255406
2025-04-19 18:00:00,121.06063560000003
2025-04-19 19:00:00,120.81540880000003
2025-04-19 20:00:00,120.54914920000002
2025-04-19 21:00:00,120.18847019999998
2025-04-19 22:00:00,119.60346320000001
2025-04-19 23:00:00,118.36199700000002
2025-04-20 00:00:00,117.6438518
2025-04-20 01:00:00,116.0563514
2025-04-20 02:00:00,114.41820619999999
2025-04-20 03:00:00,101.79054099999999
2025-04-20 04:00:00,108.5186694
2025-04-20 05:00:00,113.6391022
2025-04-20 06:00:00,99.16199480000002
2025-04-20 07:00:00,92.90435700000002
2025-04-20 08:00:00,93.3833982
2025-04-20 09:00:00,93.8406648
2025-04-20 10:00:00,93.85760060000001
2025-04-20 11:00:00,93.86002000000002
2025-04-20 12:00:00,93.944699
2025-04-20 13:00:00,95.0745588
2025-04-20 14:00:00,95.38182259999999
2025-04-20 15:00:00,95.3673062
2025-04-20 16:00:00,100.54449880000001
2025-04-20 17:00:00,119.90624199999999
2025-04-20 18:00:00,121.23644159999999
2025-04-20 19:00:00,120.77031040000001
2025-04-20 20:00:00,120.40221060000002
2025-04-20 21:00:00,120.2362734
2025-04-20 22:00:00,119.92391400000001
2025-04-20 23:00:00,119.008288
2025-04-21 00:00:00,117.6114896
2025-04-21 01:00:00,115.77752720000001
2025-04-21 02:00:00,111.19574259999999
2025-04-21 03:00:00,108.84094139999999
2025-04-21 04:00:00,110.1905332
2025-04-21 05:00:00,112.2294398
2025-04-21 06:00:00,104.4255166
2025-04-21 07:00:00,89.29219280000001
2025-04-21 08:00:00,90.51640920000001
2025-04-21 09:00:00,90.5889912
2025-04-21 10:00:00,90.5406032
2025-04-21 11:00:00,90.9906116
2025-04-21 12:00:00,90.9712564
2025-04-21 13:00:00,92.251119
2025-04-21 14:00:00,92.49789780000002
2025-04-21 15:00:00,92.89226
2025-04-21 16:00:00,106.99311
2025-04-21 17:00:00,118.9010898
2025-04-21 18:00:00,120.876653
2025-04-21 19:00:00,120.0419398
2025-04-21 20:00:00,119.592519
2025-04-21 21:00:00,119.2838372
2025-04-21 22:00:00,117.88346100000001
2025-04-21 23:00:00,117.150611
2025-04-22 00:00:00,117.1429048
2025-04-22 01:00:00,113.51837500000002
2025-04-22 02:00:00,105.359663
2025-04-22 03:00:00,85.8348702
2025-04-22 04:00:00,86.4106874
2025-04-22 05:00:00,106.8565124
2025-04-22 06:00:00,115.61417200000001
2025-04-22 07:00:00,115.37601220000002
2025-04-22 08:00:00,114.3264826
2025-04-22 09:00:00,93.0664568
2025-04-22 10:00:00,93.1293612
2025-04-22 11:00:00,93.08823140000001
2025-04-22 12:00:00,93.12210300000001
2025-04-22 13:00:00,93.7729216
2025-04-22 14:00:00,99.6217346
2025-04-22 15:00:00,119.0834918
2025-04-22 16:00:00,119.69007380000001
2025-04-22 17:00:00,120.00984839999998
2025-04-22 18:00:00,121.13388259999999
2025-04-22 19:00:00,120.80185120000002
2025-04-22 20:00:00,120.33736619999999
2025-04-22 21:00:00,119.70532640000002
2025-04-22 22:00:00,119.2115462
2025-04-22 23:00:00,117.80584900000001
2025-04-23 00:00:00,115.5499892
2025-04-23 01:00:00,101.9828152
2025-04-23 02:00:00,85.9026134
2025-04-23 03:00:00,84.42919880000001
2025-04-23 04:00:00,85.74535240000002
2025-04-23 05:00:00,109.03218220000001
2025-04-23 06:00:00,112.0561104
2025-04-23 07:00:00,113.45216980000001
2025-04-23 08:00:00,115.58989780000002
2025-04-23 09:00:00,96.4650276
2025-04-23 10:00:00,93.26000880000001
2025-04-23 11:00:00,93.21645960000002
2025-04-23 12:00:00,93.11242540000002
2025-04-23 13:00:00,98.42059920000001
2025-04-23 14:00:00,117.895937
2025-04-23 15:00:00,119.0430696
2025-04-23 16:00:00,119.4542308
2025-04-23 17:00:00,120.11171440000001
2025-04-23 18:00:00,121.5221422
2025-04-23 19:00:00,120.79097540000001
2025-04-23 20:00:00,120.34510100000003
2025-04-23 21:00:00,119.98258460000002
2025-04-23 22:00:00,118.99970320000003
2025-04-23 23:00:00,116.95896200000001
2025-04-24 00:00:00,112.3966184
2025-04-24 01:00:00,110.26242500000001
2025-04-24 02:00:00,107.1047284
2025-04-24 03:00:00,104.56972479999999
2025-04-24 04:00:00,105.2571826
2025-04-24 05:00:00,106.37599559999998
2025-04-24 06:00:00,106.3916362
2025-04-24 07:00:00,106.2178588
2025-04-24 08:00:00,107.39027200000001
2025-04-24 09:00:00,107.15877380000002
2025-04-24 10:00:00,106.91190639999999
2025-04-24 11:00:00,106.7610962
2025-04-24 12:00:00,106.66622320000002
2025-04-24 13:00:00,107.93050860000001
2025-04-24 14:00:00,108.63457979999998
2025-04-24 15:00:00,110.17914999999998
2025-04-24 16:00:00,112.762222
2025-04-24 17:00:00,116.90154460000001
2025-04-24 18:00:00,120.0392042
2025-04-24 19:00:00,119.887304
2025-04-24 20:00:00,118.81409740000001
2025-04-24 21:00:00,117.8867596
2025-04-24 22:00:00,114.47164219999999
2025-04-24 23:00:00,112.53732600000001
2025-04-25 00:00:00,109.4365338
2025-04-25 01:00:00,98.964058
2025-04-25 02:00:00,92.0123654
2025-04-25 03:00:00,91.9300772
2025-04-25 04:00:00,93.9030124
2025-04-25 05:00:00,93.6797004
2025-04-25 06:00:00,88.32240420000001
2025-04-25 07:00:00,88.3744042
2025-04-25 08:00:00,88.1544042
2025-04-25 09:00:00,90.1524176
2025-04-25 10:00:00,101.3120882
2025-04-25 11:00:00,101.7840108
2025-04-25 12:00:00,100.94067299999999
2025-04-25 13:00:00,100.4128048
2025-04-25 14:00:00,101.04476500000001
2025-04-25 15:00:00,102.27265340000001
2025-04-25 16:00:00,107.8599782
2025-04-25 17:00:00,112.9475828
2025-04-25 18:00:00,118.1533444
2025-04-25 19:00:00,118.0092844
2025-04-25 20:00:00,116.812426
2025-04-25 21:00:00,115.85754179999999
2025-04-25 22:00:00,113.37040420000001
2025-04-25 23:00:00,111.22923799999998
2025-04-26 00:00:00,131.6336394
2025-04-26 01:00:00,119.01689280000001
2025-04-26 02:00:00,107.95269499999999
2025-04-26 03:00:00,104.08930559999999
2025-04-26 04:00:00,102.91955060000001
2025-04-26 05:00:00,107.7528014
2025-04-26 06:00:00,112.9632498
2025-04-26 07:00:00,94.66816480000001
2025-04-26 08:00:00,91.4478782
2025-04-26 09:00:00,93.31807440000001
2025-04-26 10:00:00,93.54549800000001
2025-04-26 11:00:00,93.73905
2025-04-26 12:00:00,93.83098720000001
2025-04-26 13:00:00,94.8326188
2025-04-26 14:00:00,95.42295240000001
2025-04-26 15:00:00,97.07450159999999
2025-04-26 16:00:00,125.4556
2025-04-26 17:00:00,140.0203446
2025-04-26 18:00:00,143.40386740000002
2025-04-26 19:00:00,142.14336559999998
2025-04-26 20:00:00,141.775688
2025-04-26 21:00:00,140.4200278
2025-04-26 22:00:00,136.9260486
2025-04-26 23:00:00,134.133082
2025-04-27 00:00:00,131.13024439999998
2025-04-27 01:00:00,128.3009952
2025-04-27 02:00:00,125.71812560000001
2025-04-27 03:00:00,104.15018
2025-04-27 04:00:00,92.9402714
2025-04-27 05:00:00,97.5917774
2025-04-27 06:00:00,88.22554579999999
2025-04-27 07:00:00,89.02363940000001
2025-04-27 08:00:00,91.44545880000001
2025-04-27 09:00:00,92.32853980000002
2025-04-27 10:00:00,92.43015460000001
2025-04-27 11:00:00,92.40838
2025-04-27 12:00:00,92.541447
2025-04-27 13:00:00,94.1043794
2025-04-27 14:00:00,94.58584000000002
2025-04-27 15:00:00,94.5882594
2025-04-27 16:00:00,135.3637458
2025-04-27 17:00:00,139.0258114
2025-04-27 18:00:00,141.8958394
2025-04-27 19:00:00,141.6947068
2025-04-27 20:00:00,141.2250892
2025-04-27 21:00:00,140.4154032
2025-04-27 22:00:00,137.3371616
2025-04-27 23:00:00,135.16026900000003
2025-04-28 00:00:00,131.3025068
2025-04-28 01:00:00,128.5634404
2025-04-28 02:00:00,126.778762
2025-04-28 03:00:00,125.517561
2025-04-28 04:00:00,126.9301172
2025-04-28 05:00:00,129.70694699999999
2025-04-28 06:00:00,131.19227919999997
2025-04-28 07:00:00,132.8281956
2025-04-28 08:00:00,134.2719982
2025-04-28 09:00:00,134.44884820000001
2025-04-28 10:00:00,134.06556700000002
2025-04-28 11:00:00,133.7793758
2025-04-28 12:00:00,130.5640806
2025-04-28 13:00:00,134.48203180000002
2025-04-28 14:00:00,136.3276808
2025-04-28 15:00:00,138.1066222
2025-04-28 16:00:00,139.841595
2025-04-28 17:00:00,140.4905908
2025-04-28 18:00:00,145.9119784
2025-04-28 19:00:00,143.27212479999997
2025-04-28 20:00:00,140.4944652
2025-04-28 21:00:00,139.149544
2025-04-28 22:00:00,137.554754
2025-04-28 23:00:00,135.4470198
2025-04-29 00:00:00,132.123885
2025-04-29 01:00:00,128.6409358
2025-04-29 02:00:00,124.2655392
2025-04-29 03:00:00,122.610267
2025-04-29 04:00:00,123.5048546
2025-04-29 05:00:00,128.6708276
2025-04-29 06:00:00,132.4805298
2025-04-29 07:00:00,131.95464980000003
2025-04-29 08:00:00,133.073428
2025-04-29 09:00:00,132.15001
2025-04-29 10:00:00,131.498629
2025-04-29 11:00:00,130.40375880000002
2025-04-29 12:00:00,108.15959339999999
2025-04-29 13:00:00,132.70070579999998
2025-04-29 14:00:00,135.475022
2025-04-29 15:00:00,136.7492816
2025-04-29 16:00:00,138.651835
2025-04-29 17:00:00,139.5466738
2025-04-29 18:00:00,147.0318612
2025-04-29 19:00:00,140.4043968
2025-04-29 20:00:00,139.61902759999998
2025-04-29 21:00:00,138.5304658
2025-04-29 22:00:00,136.43896260000002
2025-04-29 23:00:00,132.83694359999998
2025-04-30 00:00:00,131.63157719999998
2025-04-30 01:00:00,128.7259372
2025-04-30 02:00:00,124.451251
2025-04-30 03:00:00,122.03620140000002
2025-04-30 04:00:00,123.23169899999998
2025-04-30 05:00:00,128.166799
2025-04-30 06:00:00,130.63041600000003
2025-04-30 07:00:00,130.4046386
2025-04-30 08:00:00,131.31966240000003
2025-04-30 09:00:00,129.8362758
2025-04-30 10:00:00,123.7518564
2025-04-30 11:00:00,115.9571146
2025-04-30 12:00:00,88.646213
2025-04-30 13:00:00,104.6381468
2025-04-30 14:00:00,133.7070994
2025-04-30 15:00:00,135.8704658
2025-04-30 16:00:00,138.7560228
2025-04-30 17:00:00,137.6749138
2025-04-30 18:00:00,144.77440959999998
2025-04-30 19:00:00,139.3940576
2025-04-30 20:00:00,138.27946160000002
2025-04-30 21:00:00,137.5476186
2025-04-30 22:00:00,134.9839758
2025-04-30 23:00:00,132.3426812
2025-05-01 00:00:00,124.8401586
2025-05-01 01:00:00,105.0532164
2025-05-01 02:00:00,68.87719919999999
2025-05-01 03:00:00,67.74501640000001
2025-05-01 04:00:00,67.7498552
2025-05-01 05:00:00,68.2482516
2025-05-01 06:00:00,67.9071162
2025-05-01 07:00:00,67.790985
2025-05-01 08:00:00,67.72324180000001
2025-05-01 09:00:00,72.242681
2025-05-01 10:00:00,78.85006240000001
2025-05-01 11:00:00,80.4517052
2025-05-01 12:00:00,80.5339648
2025-05-01 13:00:00,80.0404072
2025-05-01 14:00:00,79.4476542
2025-05-01 15:00:00,80.06944000000001
2025-05-01 16:00:00,105.37748680000001
2025-05-01 17:00:00,153.48721840000002
2025-05-01 18:00:00,165.33430759999996
2025-05-01 19:00:00,161.240814
2025-05-01 20:00:00,158.12308320000002
2025-05-01 21:00:00,155.7644962
2025-05-01 22:00:00,150.20708
2025-05-01 23:00:00,136.05550979999998
2025-05-02 00:00:00,93.85760060000001
2025-05-02 01:00:00,82.3775476
2025-05-02 02:00:00,81.14365360000001
2025-05-02 03:00:00,74.97660300000001
2025-05-02 04:00:00,77.1516436
2025-05-02 05:00:00,77.66939520000001
2025-05-02 06:00:00,76.53276000000001
2025-05-02 07:00:00,68.9619746
2025-05-02 08:00:00,65.057063
2025-05-02 09:00:00,79.4791064
2025-05-02 10:00:00,82.0727032
2025-05-02 11:00:00,83.2219182
2025-05-02 12:00:00,82.19609260000001
2025-05-02 13:00:00,81.1412342
2025-05-02 14:00:00,80.69122580000001
2025-05-02 15:00:00,94.7749118
2025-05-02 16:00:00,127.06277380000002
2025-05-02 17:00:00,151.5196704
2025-05-02 18:00:00,161.05563320000002
2025-05-02 19:00:00,160.3911454
2025-05-02 20:00:00,159.03594159999997
2025-05-02 21:00:00,156.4455458
2025-05-02 22:00:00,151.19265439999998
2025-05-02 23:00:00,133.3491482
2025-05-03 00:00:00,91.5547658
2025-05-03 01:00:00,88.573631
2025-05-03 02:00:00,87.678453
2025-05-03 03:00:00,87.79216480000001
2025-05-03 04:00:00,88.5518564
2025-05-03 05:00:00,89.2050944
2025-05-03 06:00:00,91.634172
2025-05-03 07:00:00,95.747152
2025-05-03 08:00:00,102.0714636
2025-05-03 09:00:00,107.868346
2025-05-03 10:00:00,108.90868799999998
2025-05-03 11:00:00,108.93288199999999
2025-05-03 12:00:00,108.90868799999998
2025-05-03 13:00:00,111.72003079999999
2025-05-03 14:00:00,115.30800099999999
2025-05-03 15:00:00,115.53542460000001
2025-05-03 16:00:00,125.41598080000001
2025-05-03 17:00:00,157.48243440000002
2025-05-03 18:00:00,170.9389438
2025-05-03 19:00:00,170.0284134
2025-05-03 20:00:00,163.05722880000002
2025-05-03 21:00:00,158.80806319999996
2025-05-03 22:00:00,154.4114308
2025-05-03 23:00:00,108.8845086
2025-05-04 00:00:00,102.34243640000001
2025-05-04 01:00:00,89.34058080000001
2025-05-04 02:00:00,88.6776652
2025-05-04 03:00:00,91.283359
2025-05-04 04:00:00,93.99550640000001
2025-05-04 05:00:00,92.64790060000001
2025-05-04 06:00:00,104.1327924
2025-05-04 07:00:00,110.7788842
2025-05-04 08:00:00,111.1877628
2025-05-04 09:00:00,114.618472
2025-05-04 10:00:00,114.68621519999999
2025-05-04 11:00:00,113.8950714
2025-05-04 12:00:00,114.3184664
2025-05-04 13:00:00,114.328144
2025-05-04 14:00:00,114.51201840000002
2025-05-04 15:00:00,118.22579739999999
2025-05-04 16:00:00,119.13065300000001
2025-05-04 17:00:00,155.9981916
2025-05-04 18:00:00,166.77093100000002
2025-05-04 19:00:00,161.53751479999997
2025-05-04 20:00:00,159.84174360000003
2025-05-04 21:00:00,158.57814340000002
2025-05-04 22:00:00,156.81641480000002
2025-05-04 23:00:00,153.0800162
2025-05-05 00:00:00,104.71344839999999
2025-05-05 01:00:00,92.78580640000001
2025-05-05 02:00:00,88.1913658
2025-05-05 03:00:00,88.1841076
2025-05-05 04:00:00,88.49862960000002
2025-05-05 05:00:00,109.21033340000001
2025-05-05 06:00:00,147.7051114
2025-05-05 07:00:00,152.2718172
2025-05-05 08:00:00,127.55473500000001
2025-05-05 09:00:00,114.47088860000001
2025-05-05 10:00:00,114.66686000000001
2025-05-05 11:00:00,114.618472
2025-05-05 12:00:00,114.50959900000001
2025-05-05 13:00:00,114.8386374
2025-05-05 14:00:00,128.9783262
2025-05-05 15:00:00,156.8902292
2025-05-05 16:00:00,158.7211022
2025-05-05 17:00:00,159.61293959999998
2025-05-05 18:00:00,167.4111542
2025-05-05 19:00:00,164.04478139999998
2025-05-05 20:00:00,160.09007220000004
2025-05-05 21:00:00,159.03870579999997
2025-05-05 22:00:00,158.0602152
2025-05-05 23:00:00,155.2875598
2025-05-06 00:00:00,151.0220746
2025-05-06 01:00:00,140.700848
2025-05-06 02:00:00,101.73324019999998
2025-05-06 03:00:00,88.6776652
2025-05-06 04:00:00,102.49247540000002
2025-05-06 05:00:00,136.349489
2025-05-06 06:00:00,147.5227038
2025-05-06 07:00:00,152.4219602
2025-05-06 08:00:00,153.2736686
2025-05-06 09:00:00,113.57812999999999
2025-05-06 10:00:00,113.844264
2025-05-06 11:00:00,113.78377900000001
2025-05-06 12:00:00,113.64587320000001
2025-05-06 13:00:00,114.58701979999998
2025-05-06 14:00:00,156.7118552
2025-05-06 15:00:00,158.7025342
2025-05-06 16:00:00,159.91308480000004
2025-05-06 17:00:00,160.60266540000003
2025-05-06 18:00:00,168.98496800000004
2025-05-06 19:00:00,163.05392580000003
2025-05-06 20:00:00,161.3817722
2025-05-06 21:00:00,160.91931860000003
2025-05-06 22:00:00,157.65178459999998
2025-05-06 23:00:00,154.75709780000003
2025-05-07 00:00:00,152.2068018
2025-05-07 01:00:00,141.031698
2025-05-07 02:00:00,124.07527999999999
2025-05-07 03:00:00,122.0170008
2025-05-07 04:00:00,126.6990288
2025-05-07 05:00:00,139.35860080000003
2025-05-07 06:00:00,150.77856579999997
2025-05-07 07:00:00,153.7590126
2025-05-07 08:00:00,153.9750434
2025-05-07 09:00:00,113.61200159999999
2025-05-07 10:00:00,113.6071628
2025-05-07 11:00:00,113.4426436
2025-05-07 12:00:00,113.27570499999999
2025-05-07 13:00:00,113.6095822
2025-05-07 14:00:00,153.53643499999998
2025-05-07 15:00:00,156.8491482
2025-05-07 16:00:00,158.20705120000002
2025-05-07 17:00:00,159.4353736
2025-05-07 18:00:00,164.12102419999997
2025-05-07 19:00:00,160.99922499999997
2025-05-07 20:00:00,159.70592140000002
2025-05-07 21:00:00,158.96278880000003
2025-05-07 22:00:00,156.90411880000002
2025-05-07 23:00:00,153.9892066
2025-05-08 00:00:00,114.17202499999999
2025-05-08 01:00:00,105.5564042
2025-05-08 02:00:00,104.46640419999999
2025-05-08 03:00:00,103.7604042
2025-05-08 04:00:00,103.52240420000001
2025-05-08 05:00:00,106.34440420000001
2025-05-08 06:00:00,107.0044042
2025-05-08 07:00:00,106.9544042
2025-05-08 08:00:00,106.57040419999998
2025-05-08 09:00:00,71.8904042
2025-05-08 10:00:00,75.36128760000001
2025-05-08 11:00:00,83.8364458
2025-05-08 12:00:00,90.388181
2025-05-08 13:00:00,89.6454252
2025-05-08 14:00:00,130.8854532
2025-05-08 15:00:00,138.8054856
2025-05-08 16:00:00,146.8934518
2025-05-08 17:00:00,152.147436
2025-05-08 18:00:00,158.1403874
2025-05-08 19:00:00,157.43602800000002
2025-05-08 20:00:00,156.5332464
2025-05-08 21:00:00,152.20733620000001
2025-05-08 22:00:00,147.492553
2025-05-08 23:00:00,111.2504058
2025-05-09 00:00:00,107.1824042
2025-05-09 01:00:00,106.61040419999999
2025-05-09 02:00:00,105.6284042
2025-05-09 03:00:00,105.32440419999998
2025-05-09 04:00:00,105.3044042
2025-05-09 05:00:00,106.40840419999999
2025-05-09 06:00:00,107.08840420000001
2025-05-09 07:00:00,107.0584042
2025-05-09 08:00:00,106.54840420000001
2025-05-09 09:00:00,104.8564042
2025-05-09 10:00:00,75.2784042
2025-05-09 11:00:00,64.3264042
2025-05-09 12:00:00,64.3264042
2025-05-09 13:00:00,78.5604042
2025-05-09 14:00:00,106.26840419999999
2025-05-09 15:00:00,107.3084042
2025-05-09 16:00:00,108.01240419999999
2025-05-09 17:00:00,123.0971524
2025-05-09 18:00:00,154.835778
2025-05-09 19:00:00,154.0808192
2025-05-09 20:00:00,153.246263
2025-05-09 21:00:00,150.5495734
2025-05-09 22:00:00,132.78324859999998
2025-05-09 23:00:00,107.79040420000001
2025-05-10 00:00:00,138.32568980000002
2025-05-10 01:00:00,134.96359339999998
2025-05-10 02:00:00,133.7022528
2025-05-10 03:00:00,133.3818334
2025-05-10 04:00:00,135.2073848
2025-05-10 05:00:00,135.87255720000002
2025-05-10 06:00:00,136.63131579999998
2025-05-10 07:00:00,148.5243242
2025-05-10 08:00:00,118.24088540000002
2025-05-10 09:00:00,109.4554724
2025-05-10 10:00:00,110.3554892
2025-05-10 11:00:00,110.0312896
2025-05-10 12:00:00,109.38530979999999
2025-05-10 13:00:00,110.71597979999999
2025-05-10 14:00:00,112.21600779999999
2025-05-10 15:00:00,127.69262119999999
2025-05-10 16:00:00,158.1222988
2025-05-10 17:00:00,162.23804479999998
2025-05-10 18:00:00,169.1683374
2025-05-10 19:00:00,166.21317119999998
2025-05-10 20:00:00,164.35543420000002
2025-05-10 21:00:00,162.7509694
2025-05-10 22:00:00,159.44497280000002
2025-05-10 23:00:00,154.779205
2025-05-11 00:00:00,144.67779839999997
2025-05-11 01:00:00,141.36640400000002
2025-05-11 02:00:00,133.08898040000003
2025-05-11 03:00:00,96.920561
2025-05-11 04:00:00,96.93023860000002
2025-05-11 05:00:00,99.2504432
2025-05-11 06:00:00,100.49159540000002
2025-05-11 07:00:00,105.1561986
2025-05-11 08:00:00,107.28285119999998
2025-05-11 09:00:00,109.31756659999999
2025-05-11 10:00:00,109.46998879999998
2025-05-11 11:00:00,109.3828904
2025-05-11 12:00:00,109.2861144
2025-05-11 13:00:00,110.47403979999999
2025-05-11 14:00:00,112.0514886
2025-05-11 15:00:00,112.35391359999998
2025-05-11 16:00:00,128.13052699999997
2025-05-11 17:00:00,159.46155979999997
2025-05-11 18:00:00,166.852006
2025-05-11 19:00:00,162.92204139999998
2025-05-11 20:00:00,161.0144014
2025-05-11 21:00:00,159.949714
2025-05-11 22:00:00,158.10405099999997
2025-05-11 23:00:00,153.388503
2025-05-12 00:00:00,144.0234558
2025-05-12 01:00:00,99.049633
2025-05-12 02:00:00,97.0802414
2025-05-12 03:00:00,97.8931598
2025-05-12 04:00:00,98.38187860000002
2025-05-12 05:00:00,134.68560440000002
2025-05-12 06:00:00,148.6969416
2025-05-12 07:00:00,152.7928288
2025-05-12 08:00:00,154.3008938
2025-05-12 09:00:00,153.0832442
2025-05-12 10:00:00,109.98774039999998
2025-05-12 11:00:00,119.770739
2025-05-12 12:00:00,109.52079619999999
2025-05-12 13:00:00,125.2575834
2025-05-12 14:00:00,157.4901418
2025-05-12 15:00:00,159.43269519999998
2025-05-12 16:00:00,161.63843839999998
2025-05-12 17:00:00,164.9536652
2025-05-12 18:00:00,168.5262404
2025-05-12 19:00:00,165.9230686
2025-05-12 20:00:00,165.3812856
2025-05-12 21:00:00,164.38373080000002
2025-05-12 22:00:00,158.3870328
2025-05-12 23:00:00,153.8458386
2025-05-13 00:00:00,145.9433128
2025-05-13 01:00:00,114.6928996
2025-05-13 02:00:00,99.50206080000001
2025-05-13 03:00:00,99.49480260000001
2025-05-13 04:00:00,99.98110199999999
2025-05-13 05:00:00,145.38496460000002
2025-05-13 06:00:00,149.12792840000003
2025-05-13 07:00:00,151.97980160000003
2025-05-13 08:00:00,153.047801
2025-05-13 09:00:00,123.6802428
2025-05-13 10:00:00,109.94661060000001
2025-05-13 11:00:00,109.5957976
2025-05-13 12:00:00,109.2014354
2025-05-13 13:00:00,110.29984299999998
2025-05-13 14:00:00,127.8762074
2025-05-13 15:00:00,157.87637560000002
2025-05-13 16:00:00,159.1427322
2025-05-13 17:00:00,160.967668
2025-05-13 18:00:00,167.08825440000004
2025-05-13 19:00:00,162.71242660000001
2025-05-13 20:00:00,161.82912860000002
2025-05-13 21:00:00,160.23872659999998
2025-05-13 22:00:00,157.084485
2025-05-13 23:00:00,152.7836558
2025-05-14 00:00:00,145.942885
2025-05-14 01:00:00,141.81031480000001
2025-05-14 02:00:00,98.38671740000001
2025-05-14 03:00:00,99.2577014
2025-05-14 04:00:00,110.4329596
2025-05-14 05:00:00,145.24752700000002
2025-05-14 06:00:00,150.0151322
2025-05-14 07:00:00,151.397274
2025-05-14 08:00:00,152.45265999999998
2025-05-14 09:00:00,108.46109899999999
2025-05-14 10:00:00,108.98127
2025-05-14 11:00:00,108.6643286
2025-05-14 12:00:00,108.28690219999999
2025-05-14 13:00:00,108.7901374
2025-05-14 14:00:00,124.0472554
2025-05-14 15:00:00,155.3724334
2025-05-14 16:00:00,157.44963160000003
2025-05-14 17:00:00,159.52954019999999
2025-05-14 18:00:00,164.2301048
2025-05-14 19:00:00,160.973543
2025-05-14 20:00:00,159.8558912
2025-05-14 21:00:00,157.9811612
2025-05-14 22:00:00,155.82961540000002
2025-05-14 23:00:00,152.99909680000002
2025-05-15 00:00:00,145.57222620000002
2025-05-15 01:00:00,131.9508298
2025-05-15 02:00:00,129.8663818
2025-05-15 03:00:00,121.5579798
2025-05-15 04:00:00,124.8700196
2025-05-15 05:00:00,132.3133462
2025-05-15 06:00:00,133.385446
2025-05-15 07:00:00,133.0081878
2025-05-15 08:00:00,133.7847776
2025-05-15 09:00:00,98.56091420000001
2025-05-15 10:00:00,103.75536600000001
2025-05-15 11:00:00,100.3294956
2025-05-15 12:00:00,103.45536039999999
2025-05-15 13:00:00,96.6084584
2025-05-15 14:00:00,112.02972500000001
2025-05-15 15:00:00,150.4339418
2025-05-15 16:00:00,153.672683
2025-05-15 17:00:00,159.53817099999998
2025-05-15 18:00:00,165.9612172
2025-05-15 19:00:00,162.93855280000002
2025-05-15 20:00:00,161.3701962
2025-05-15 21:00:00,158.3609644
2025-05-15 22:00:00,154.47422939999998
2025-05-15 23:00:00,147.99360660000002
2025-05-16 00:00:00,144.125425
2025-05-16 01:00:00,141.030838
2025-05-16 02:00:00,122.5694714
2025-05-16 03:00:00,99.36240419999999
2025-05-16 04:00:00,102.2704042
2025-05-16 05:00:00,109.49840420000001
2025-05-16 06:00:00,110.40840419999999
2025-05-16 07:00:00,110.03840420000002
2025-05-16 08:00:00,108.59640420000001
2025-05-16 09:00:00,76.87099320000002
2025-05-16 10:00:00,96.92539980000001
2025-05-16 11:00:00,97.718963
2025-05-16 12:00:00,97.66089740000001
2025-05-16 13:00:00,97.68993020000002
2025-05-16 14:00:00,112.6636078
2025-05-16 15:00:00,143.3668744
2025-05-16 16:00:00,147.1693358
2025-05-16 17:00:00,154.8421156
2025-05-16 18:00:00,163.62407679999998
2025-05-16 19:00:00,161.32965180000002
2025-05-16 20:00:00,159.2677376
2025-05-16 21:00:00,157.1682002
2025-05-16 22:00:00,153.4532426
2025-05-16 23:00:00,146.883102
2025-05-17 00:00:00,147.9072314
2025-05-17 01:00:00,142.9075942
2025-05-17 02:00:00,133.5958354
2025-05-17 03:00:00,131.3837686
2025-05-17 04:00:00,129.473574
2025-05-17 05:00:00,132.2775162
2025-05-17 06:00:00,133.4824688
2025-05-17 07:00:00,113.3027452
2025-05-17 08:00:00,111.04017939999999
2025-05-17 09:00:00,112.08294079999999
2025-05-17 10:00:00,112.47972239999999
2025-05-17 11:00:00,112.1192318
2025-05-17 12:00:00,111.8797112
2025-05-17 13:00:00,112.8547294
2025-05-17 14:00:00,114.1079786
2025-05-17 15:00:00,114.61605259999999
2025-05-17 16:00:00,147.3553136
2025-05-17 17:00:00,161.764024
2025-05-17 18:00:00,175.97782300000003
2025-05-17 19:00:00,166.4480856
2025-05-17 20:00:00,163.857456
2025-05-17 21:00:00,160.81965060000002
2025-05-17 22:00:00,157.19717179999998
2025-05-17 23:00:00,152.82857359999997
2025-05-18 00:00:00,147.2376154
2025-05-18 01:00:00,107.3022064
2025-05-18 02:00:00,106.41186719999999
2025-05-18 03:00:00,107.0675246
2025-05-18 04:00:00,107.106235
2025-05-18 05:00:00,108.45867960000001
2025-05-18 06:00:00,108.5240034
2025-05-18 07:00:00,108.57723019999999
2025-05-18 08:00:00,110.05064479999999
2025-05-18 09:00:00,112.23778239999999
2025-05-18 10:00:00,112.49181939999998
2025-05-18 11:00:00,112.3829464
2025-05-18 12:00:00,111.146633
2025-05-18 13:00:00,113.1111858
2025-05-18 14:00:00,116.95561239999999
2025-05-18 15:00:00,120.34277239999999
2025-05-18 16:00:00,137.16687660000002
2025-05-18 17:00:00,173.10124100000002
2025-05-18 18:00:00,179.12280579999998
2025-05-18 19:00:00,174.7818914
2025-05-18 20:00:00,173.8605278
2025-05-18 21:00:00,166.1225588
2025-05-18 22:00:00,159.4955424
2025-05-18 23:00:00,154.5528304
2025-05-19 00:00:00,123.976166
2025-05-19 01:00:00,107.7280208
2025-05-19 02:00:00,106.91752179999999
2025-05-19 03:00:00,107.46672559999999
2025-05-19 04:00:00,107.3505944
2025-05-19 05:00:00,124.3572588
2025-05-19 06:00:00,154.5958122
2025-05-19 07:00:00,154.23346120000002
2025-05-19 08:00:00,154.32338380000002
2025-05-19 09:00:00,125.79283539999999
2025-05-19 10:00:00,112.45794779999999
2025-05-19 11:00:00,112.4264956
2025-05-19 12:00:00,111.38615359999999
2025-05-19 13:00:00,112.74827579999999
2025-05-19 14:00:00,131.73467660000003
2025-05-19 15:00:00,166.1349518
2025-05-19 16:00:00,169.56702859999996
2025-05-19 17:00:00,173.57987020000002
2025-05-19 18:00:00,189.14900640000002
2025-05-19 19:00:00,176.864617
2025-05-19 20:00:00,174.04202999999998
2025-05-19 21:00:00,172.2189288
2025-05-19 22:00:00,162.14442100000002
2025-05-19 23:00:00,156.80063639999997
2025-05-20 00:00:00,154.20819459999998
2025-05-20 01:00:00,152.2095672
2025-05-20 02:00:00,150.7713564
2025-05-20 03:00:00,151.268623
2025-05-20 04:00:00,151.8601806
2025-05-20 05:00:00,153.9490962
2025-05-20 06:00:00,155.7107452
2025-05-20 07:00:00,155.127487
2025-05-20 08:00:00,155.8959742
2025-05-20 09:00:00,154.73972519999998
2025-05-20 10:00:00,147.07452919999997
2025-05-20 11:00:00,147.11122
2025-05-20 12:00:00,146.7269952
2025-05-20 13:00:00,155.9717106
2025-05-20 14:00:00,165.5499706
2025-05-20 15:00:00,169.74756460000003
2025-05-20 16:00:00,172.78998399999998
2025-05-20 17:00:00,175.57701679999997
2025-05-20 18:00:00,197.8359364
2025-05-20 19:00:00,180.0858112
2025-05-20 20:00:00,175.355693
2025-05-20 21:00:00,174.26085419999998
2025-05-20 22:00:00,163.10959340000002
2025-05-20 23:00:00,157.0144396
2025-05-21 00:00:00,154.5829936
2025-05-21 01:00:00,152.44606399999998
2025-05-21 02:00:00,151.3468832
2025-05-21 03:00:00,151.3249202
2025-05-21 04:00:00,150.803006
2025-05-21 05:00:00,152.9812908
2025-05-21 06:00:00,154.5926572
2025-05-21 07:00:00,154.4466684
2025-05-21 08:00:00,153.9662944
2025-05-21 09:00:00,152.37599719999997
2025-05-21 10:00:00,150.8983168
2025-05-21 11:00:00,150.90251080000002
2025-05-21 12:00:00,149.4156294
2025-05-21 13:00:00,153.086
2025-05-21 14:00:00,156.7348068
2025-05-21 15:00:00,159.7034768
2025-05-21 16:00:00,165.281179
2025-05-21 17:00:00,171.1253864
2025-05-21 18:00:00,187.1855134
2025-05-21 19:00:00,174.2083446
2025-05-21 20:00:00,171.32428799999997
2025-05-21 21:00:00,164.56437839999998
2025-05-21 22:00:00,158.9010328
2025-05-21 23:00:00,155.776443
2025-05-22 00:00:00,154.81324479999998
2025-05-22 01:00:00,151.8636878
2025-05-22 02:00:00,151.53362780000003
2025-05-22 03:00:00,150.989722
2025-05-22 04:00:00,151.55392160000002
2025-05-22 05:00:00,152.4572426
2025-05-22 06:00:00,153.9493222
2025-05-22 07:00:00,153.2723208
2025-05-22 08:00:00,151.62521959999998
2025-05-22 09:00:00,150.23216939999998
2025-05-22 10:00:00,148.00341020000002
2025-05-22 11:00:00,148.0291736
2025-05-22 12:00:00,149.14150720000004
2025-05-22 13:00:00,150.0862922
2025-05-22 14:00:00,152.07955040000002
2025-05-22 15:00:00,154.35591540000001
2025-05-22 16:00:00,157.0088938
2025-05-22 17:00:00,163.15407679999998
2025-05-22 18:00:00,168.3638446
2025-05-22 19:00:00,165.68234980000003
2025-05-22 20:00:00,163.0362876
2025-05-22 21:00:00,159.58678500000002
2025-05-22 22:00:00,156.1271136
2025-05-22 23:00:00,154.30064320000002
2025-05-23 00:00:00,152.86012399999998
2025-05-23 01:00:00,134.7707608
2025-05-23 02:00:00,145.5577468
2025-05-23 03:00:00,117.1661848
2025-05-23 04:00:00,138.2559948
2025-05-23 05:00:00,127.2723898
2025-05-23 06:00:00,141.9117032
2025-05-23 07:00:00,133.68110959999998
2025-05-23 08:00:00,111.169294
2025-05-23 09:00:00,133.4392626
2025-05-23 10:00:00,133.26577780000002
2025-05-23 11:00:00,135.770459
2025-05-23 12:00:00,134.14726420000002
2025-05-23 13:00:00,119.24679919999998
2025-05-23 14:00:00,120.89601480000002
2025-05-23 15:00:00,143.1624214
2025-05-23 16:00:00,151.09562340000002
2025-05-23 17:00:00,160.5743858
2025-05-23 18:00:00,164.19843060000002
2025-05-23 19:00:00,163.25607399999998
2025-05-23 20:00:00,160.3279944
2025-05-23 21:00:00,158.2677752
2025-05-23 22:00:00,155.8556188
2025-05-23 23:00:00,154.40302839999998
2025-05-24 00:00:00,145.64529980000003
2025-05-24 01:00:00,133.49107220000002
2025-05-24 02:00:00,122.4093504
2025-05-24 03:00:00,109.74406019999999
2025-05-24 04:00:00,111.6366444
2025-05-24 05:00:00,124.4377304
2025-05-24 06:00:00,129.0981324
2025-05-24 07:00:00,108.96675359999999
2025-05-24 08:00:00,109.4869246
2025-05-24 09:00:00,109.70467060000001
2025-05-24 10:00:00,109.63450799999998
2025-05-24 11:00:00,109.6127334
2025-05-24 12:00:00,109.54499019999999
2025-05-24 13:00:00,109.6611214
2025-05-24 14:00:00,109.90064199999999
2025-05-24 15:00:00,111.23615079999999
2025-05-24 16:00:00,154.32680679999999
2025-05-24 17:00:00,160.40981100000002
2025-05-24 18:00:00,164.5734964
2025-05-24 19:00:00,161.7966868
2025-05-24 20:00:00,160.84874680000001
2025-05-24 21:00:00,159.6565842
2025-05-24 22:00:00,156.2439002
2025-05-24 23:00:00,153.7230446
2025-05-25 00:00:00,124.93836900000001
2025-05-25 01:00:00,106.7142922
2025-05-25 02:00:00,106.6659042
2025-05-25 03:00:00,106.573967
2025-05-25 04:00:00,106.70219519999998
2025-05-25 05:00:00,106.9296188
2025-05-25 06:00:00,108.5191646
2025-05-25 07:00:00,109.4191814
2025-05-25 08:00:00,109.55224839999998
2025-05-25 09:00:00,110.17645359999999
2025-05-25 10:00:00,110.4764592
2025-05-25 11:00:00,110.3458116
2025-05-25 12:00:00,109.89096439999999
2025-05-25 13:00:00,110.77646479999999
2025-05-25 14:00:00,111.67406220000001
2025-05-25 15:00:00,111.93777680000001
2025-05-25 16:00:00,121.9480992
2025-05-25 17:00:00,159.7423184
2025-05-25 18:00:00,178.3882788
2025-05-25 19:00:00,169.503092
2025-05-25 20:00:00,160.8729548
2025-05-25 21:00:00,159.0436142
2025-05-25 22:00:00,157.2809896
2025-05-25 23:00:00,154.18979480000002
2025-05-26 00:00:00,120.60159920000001
2025-05-26 01:00:00,94.5108386
2025-05-26 02:00:00,92.202731
2025-05-26 03:00:00,96.110062
2025-05-26 04:00:00,100.93676500000001
2025-05-26 05:00:00,122.4185322
2025-05-26 06:00:00,154.0500382
2025-05-26 07:00:00,155.9868562
2025-05-26 08:00:00,153.9571332
2025-05-26 09:00:00,126.27808239999999
2025-05-26 10:00:00,111.00630779999999
2025-05-26 11:00:00,110.1595178
2025-05-26 12:00:00,109.78451079999999
2025-05-26 13:00:00,110.0119344
2025-05-26 14:00:00,125.80881300000001
2025-05-26 15:00:00,158.27198479999998
2025-05-26 16:00:00,163.1327372
2025-05-26 17:00:00,170.25474160000005
2025-05-26 18:00:00,178.6176178
2025-05-26 19:00:00,173.72644380000003
2025-05-26 20:00:00,167.19162419999998
2025-05-26 21:00:00,162.3404872
2025-05-26 22:00:00,159.1132924
2025-05-26 23:00:00,156.5323712
2025-05-27 00:00:00,153.10538219999998
2025-05-27 01:00:00,145.64784880000002
2025-05-27 02:00:00,114.2682564
2025-05-27 03:00:00,112.0039076
2025-05-27 04:00:00,122.3646236
2025-05-27 05:00:00,151.09002420000002
2025-05-27 06:00:00,155.16081979999998
2025-05-27 07:00:00,156.519815
2025-05-27 08:00:00,156.12024000000002
2025-05-27 09:00:00,126.5954438
2025-05-27 10:00:00,109.9393524
2025-05-27 11:00:00,109.73128399999999
2025-05-27 12:00:00,109.24014580000001
2025-05-27 13:00:00,109.4917634
2025-05-27 14:00:00,154.79433079999998
2025-05-27 15:00:00,162.4490338
2025-05-27 16:00:00,168.9584674
2025-05-27 17:00:00,190.9040442
2025-05-27 18:00:00,207.91909680000003
2025-05-27 19:00:00,192.3829424
2025-05-27 20:00:00,173.4328974
2025-05-27 21:00:00,164.3381956
2025-05-27 22:00:00,159.3693894
2025-05-27 23:00:00,156.83156100000002
2025-05-28 00:00:00,152.5732196
2025-05-28 01:00:00,149.7793424
2025-05-28 02:00:00,147.203357
2025-05-28 03:00:00,148.41343659999998
2025-05-28 04:00:00,148.57405
2025-05-28 05:00:00,150.9693794
2025-05-28 06:00:00,155.6430592
2025-05-28 07:00:00,156.40949540000003
2025-05-28 08:00:00,158.352499
2025-05-28 09:00:00,158.5507266
2025-05-28 10:00:00,156.9284412
2025-05-28 11:00:00,154.8661048
2025-05-28 12:00:00,150.8909184
2025-05-28 13:00:00,156.59526599999998
2025-05-28 14:00:00,163.8482
2025-05-28 15:00:00,168.925494
2025-05-28 16:00:00,173.1229798
2025-05-28 17:00:00,176.0998096
2025-05-28 18:00:00,179.5745788
2025-05-28 19:00:00,176.70523880000002
2025-05-28 20:00:00,174.08349339999998
2025-05-28 21:00:00,166.179068
2025-05-28 22:00:00,160.569118
2025-05-28 23:00:00,157.0249162
2025-05-29 00:00:00,159.792758
2025-05-29 01:00:00,158.8620392
2025-05-29 02:00:00,157.55673
2025-05-29 03:00:00,156.7784934
2025-05-29 04:00:00,157.1316916
2025-05-29 05:00:00,158.301894
2025-05-29 06:00:00,159.3130608
2025-05-29 07:00:00,158.7322534
2025-05-29 08:00:00,158.5398794
2025-05-29 09:00:00,158.4545326
2025-05-29 10:00:00,158.70715439999998
2025-05-29 11:00:00,158.56316
2025-05-29 12:00:00,154.9717364
2025-05-29 13:00:00,157.74592479999998
2025-05-29 14:00:00,159.0061474
2025-05-29 15:00:00,160.52224719999998
2025-05-29 16:00:00,163.2760358
2025-05-29 17:00:00,167.9317268
2025-05-29 18:00:00,172.3974172
2025-05-29 19:00:00,169.7428246
2025-05-29 20:00:00,167.05623760000003
2025-05-29 21:00:00,165.149211
2025-05-29 22:00:00,162.3991886
2025-05-29 23:00:00,160.9383442
2025-05-30 00:00:00,159.6682876
2025-05-30 01:00:00,158.47766299999998
2025-05-30 02:00:00,157.38345220000002
2025-05-30 03:00:00,157.40690439999997
2025-05-30 04:00:00,157.61165179999998
2025-05-30 05:00:00,158.6257886
2025-05-30 06:00:00,158.82132940000002
2025-05-30 07:00:00,156.8539176
2025-05-30 08:00:00,156.59640819999998
2025-05-30 09:00:00,156.5853294
2025-05-30 10:00:00,157.37567140000002
2025-05-30 11:00:00,157.0230894
2025-05-30 12:00:00,154.0894376
2025-05-30 13:00:00,155.9723336
2025-05-30 14:00:00,157.5845932
2025-05-30 15:00:00,158.95085840000002
2025-05-30 16:00:00,161.42803640000002
2025-05-30 17:00:00,165.7302696
2025-05-30 18:00:00,168.27869959999998
2025-05-30 19:00:00,166.696717
2025-05-30 20:00:00,164.8313422
2025-05-30 21:00:00,162.8700644
2025-05-30 22:00:00,161.06823880000002
2025-05-30 23:00:00,159.9159108
2025-05-31 00:00:00,160.408656
2025-05-31 01:00:00,157.87127279999999
2025-05-31 02:00:00,156.32031179999998
2025-05-31 03:00:00,156.27619180000002
2025-05-31 04:00:00,156.61661120000002
2025-05-31 05:00:00,159.4919512
2025-05-31 06:00:00,160.3593232
2025-05-31 07:00:00,158.3993372
2025-05-31 08:00:00,124.42260040000001
2025-05-31 09:00:00,114.87734779999998
2025-05-31 10:00:00,115.62494239999998
2025-05-31 11:00:00,115.36364719999999
2025-05-31 12:00:00,114.59911680000002
2025-05-31 13:00:00,115.30316220000002
2025-05-31 14:00:00,115.7120408
2025-05-31 15:00:00,160.25320199999996
2025-05-31 16:00:00,166.02995220000003
2025-05-31 17:00:00,169.46210019999998
2025-05-31 18:00:00,171.866145
2025-05-31 19:00:00,170.1176746
2025-05-31 20:00:00,168.50855660000002
2025-05-31 21:00:00,166.8976326
2025-05-31 22:00:00,164.8567086
2025-05-31 23:00:00,162.72929960000002
2025-06-01 00:00:00,162.24818720000002
2025-06-01 01:00:00,160.5870176
2025-06-01 02:00:00,151.691945
2025-06-01 03:00:00,137.2995144
2025-06-01 04:00:00,139.162647
2025-06-01 05:00:00,144.45194220000002
2025-06-01 06:00:00,124.53869240000002
2025-06-01 07:00:00,113.4353854
2025-06-01 08:00:00,114.6886346
2025-06-01 09:00:00,115.11928780000001
2025-06-01 10:00:00,115.91043160000001
2025-06-01 11:00:00,115.72897660000001
2025-06-01 12:00:00,114.7007316
2025-06-01 13:00:00,115.76284819999998
2025-06-01 14:00:00,116.23221180000003
2025-06-01 15:00:00,116.31689080000004
2025-06-01 16:00:00,164.60828580000003
2025-06-01 17:00:00,168.90594319999997
2025-06-01 18:00:00,171.78666139999999
2025-06-01 19:00:00,169.2728274
2025-06-01 20:00:00,167.23331860000002
2025-06-01 21:00:00,166.15978679999998
2025-06-01 22:00:00,163.974606
2025-06-01 23:00:00,161.6325578
2025-06-02 00:00:00,162.4988348
2025-06-02 01:00:00,160.1605528
2025-06-02 02:00:00,156.16063019999999
2025-06-02 03:00:00,155.5311556
2025-06-02 04:00:00,157.1230698
2025-06-02 05:00:00,159.85062739999998
2025-06-02 06:00:00,162.03667839999997
2025-06-02 07:00:00,162.5059876
2025-06-02 08:00:00,163.11965060000003
2025-06-02 09:00:00,157.1115732
2025-06-02 10:00:00,136.39889979999998
2025-06-02 11:00:00,114.87734779999998
2025-06-02 12:00:00,114.39104840000002
2025-06-02 13:00:00,155.2120268
2025-06-02 14:00:00,164.44210080000002
2025-06-02 15:00:00,166.68649720000002
2025-06-02 16:00:00,168.27428020000002
2025-06-02 17:00:00,170.64901020000002
2025-06-02 18:00:00,172.6624932
2025-06-02 19:00:00,171.32596840000002
2025-06-02 20:00:00,169.52907019999998
2025-06-02 21:00:00,168.116597
2025-06-02 22:00:00,166.10734779999999
2025-06-02 23:00:00,163.7219646
2025-06-03 00:00:00,163.0060504
2025-06-03 01:00:00,161.5607468
2025-06-03 02:00:00,158.10123579999998
2025-06-03 03:00:00,158.8283566
2025-06-03 04:00:00,156.8407284
2025-06-03 05:00:00,159.6196692
2025-06-03 06:00:00,161.2404278
2025-06-03 07:00:00,161.2831382
2025-06-03 08:00:00,161.66321499999998
2025-06-03 09:00:00,160.54041039999998
2025-06-03 10:00:00,141.6464872
2025-06-03 11:00:00,111.83616199999999
2025-06-03 12:00:00,112.6394028
2025-06-03 13:00:00,159.030564
2025-06-03 14:00:00,162.77417880000002
2025-06-03 15:00:00,163.803631
2025-06-03 16:00:00,164.9500532
2025-06-03 17:00:00,169.351978
2025-06-03 18:00:00,172.2682538
2025-06-03 19:00:00,170.86598020000002
2025-06-03 20:00:00,168.2972676
2025-06-03 21:00:00,166.61650059999997
2025-06-03 22:00:00,164.60750819999998
2025-06-03 23:00:00,163.62192199999998
2025-06-04 00:00:00,163.318855
2025-06-04 01:00:00,161.5770266
2025-06-04 02:00:00,159.8256204
2025-06-04 03:00:00,159.5585534
2025-06-04 04:00:00,159.6650614
2025-06-04 05:00:00,161.718051
2025-06-04 06:00:00,162.64957719999998
2025-06-04 07:00:00,162.65467840000002
2025-06-04 08:00:00,162.3865556
2025-06-04 09:00:00,160.56253539999997
2025-06-04 10:00:00,152.75980199999998
2025-06-04 11:00:00,153.1292856
2025-06-04 12:00:00,154.1344384
2025-06-04 13:00:00,162.620421
2025-06-04 14:00:00,165.10007839999997
2025-06-04 15:00:00,166.214375
2025-06-04 16:00:00,167.7009912
2025-06-04 17:00:00,169.96376099999998
2025-06-04 18:00:00,173.62852460000005
2025-06-04 19:00:00,170.23267099999998
2025-06-04 20:00:00,168.9913304
2025-06-04 21:00:00,167.322957
2025-06-04 22:00:00,165.665294
2025-06-04 23:00:00,164.1730518
2025-06-05 00:00:00,166.85078819999998
2025-06-05 01:00:00,165.00349920000002
2025-06-05 02:00:00,163.773317
2025-06-05 03:00:00,163.0090832
2025-06-05 04:00:00,163.2854084
2025-06-05 05:00:00,163.77670080000001
2025-06-05 06:00:00,164.1017678
2025-06-05 07:00:00,163.92105740000002
2025-06-05 08:00:00,163.87199879999997
2025-06-05 09:00:00,163.5661838
2025-06-05 10:00:00,162.6893164
2025-06-05 11:00:00,161.963479
2025-06-05 12:00:00,161.1993136
2025-06-05 13:00:00,164.6702466
2025-06-05 14:00:00,165.5404406
2025-06-05 15:00:00,166.4145404
2025-06-05 16:00:00,168.43874839999998
2025-06-05 17:00:00,172.75320359999998
2025-06-05 18:00:00,178.5139436
2025-06-05 19:00:00,175.0879274
2025-06-05 20:00:00,172.90369699999997
2025-06-05 21:00:00,170.2775608
2025-06-05 22:00:00,167.76884539999998
2025-06-05 23:00:00,166.5558042
2025-06-06 00:00:00,165.47576439999997
2025-06-06 01:00:00,164.0612256
2025-06-06 02:00:00,162.9349834
2025-06-06 03:00:00,162.07503499999999
2025-06-06 04:00:00,162.7479478
2025-06-06 05:00:00,163.12888360000002
2025-06-06 06:00:00,163.16636440000002
2025-06-06 07:00:00,162.3156428
2025-06-06 08:00:00,161.54457299999999
2025-06-06 09:00:00,160.9936512
2025-06-06 10:00:00,161.1736282
2025-06-06 11:00:00,160.897825
2025-06-06 12:00:00,160.1466952
2025-06-06 13:00:00,161.8339164
2025-06-06 14:00:00,162.91669240000002
2025-06-06 15:00:00,164.2720616
2025-06-06 16:00:00,166.75466880000005
2025-06-06 17:00:00,171.3476376
2025-06-06 18:00:00,175.19445000000002
2025-06-06 19:00:00,173.48997059999996
2025-06-06 20:00:00,171.93508079999998
2025-06-06 21:00:00,169.5746906
2025-06-06 22:00:00,167.83253979999998
2025-06-06 23:00:00,166.6211706
2025-06-07 00:00:00,160.3454672
2025-06-07 01:00:00,158.70541900000003
2025-06-07 02:00:00,157.3564978
2025-06-07 03:00:00,154.54327719999998
2025-06-07 04:00:00,156.2080616
2025-06-07 05:00:00,157.1175564
2025-06-07 06:00:00,158.63136459999998
2025-06-07 07:00:00,157.62380359999997
2025-06-07 08:00:00,139.44769419999997
2025-06-07 09:00:00,120.1782532
2025-06-07 10:00:00,120.71294060000002
2025-06-07 11:00:00,120.54842139999998
2025-06-07 12:00:00,120.2774486
2025-06-07 13:00:00,120.58713180000002
2025-06-07 14:00:00,141.25959380000003
2025-06-07 15:00:00,162.5775052
2025-06-07 16:00:00,166.85511840000004
2025-06-07 17:00:00,170.1297304
2025-06-07 18:00:00,173.3620666
2025-06-07 19:00:00,170.8448468
2025-06-07 20:00:00,168.7967616
2025-06-07 21:00:00,167.037554
2025-06-07 22:00:00,165.1100362
2025-06-07 23:00:00,163.07665579999997
2025-06-08 00:00:00,161.36142679999998
2025-06-08 01:00:00,158.6541008
2025-06-08 02:00:00,158.452463
2025-06-08 03:00:00,156.8034134
2025-06-08 04:00:00,157.554098
2025-06-08 05:00:00,157.21634920000002
2025-06-08 06:00:00,157.34741560000003
2025-06-08 07:00:00,118.51370600000003
2025-06-08 08:00:00,118.35160619999999
2025-06-08 09:00:00,121.0516566
2025-06-08 10:00:00,121.0516566
2025-06-08 11:00:00,120.44438720000001
2025-06-08 12:00:00,120.42261260000002
2025-06-08 13:00:00,120.28228740000002
2025-06-08 14:00:00,120.73471520000001
2025-06-08 15:00:00,148.60855199999997
2025-06-08 16:00:00,167.31604739999997
2025-06-08 17:00:00,171.58214800000002
2025-06-08 18:00:00,173.9278088
2025-06-08 19:00:00,172.2602212
2025-06-08 20:00:00,169.44588900000002
2025-06-08 21:00:00,167.915058
2025-06-08 22:00:00,165.8785296
2025-06-08 23:00:00,164.0842762
2025-06-09 00:00:00,162.83831099999998
2025-06-09 01:00:00,161.0578294
2025-06-09 02:00:00,160.74846859999997
2025-06-09 03:00:00,158.85659479999998
2025-06-09 04:00:00,160.07332480000002
2025-06-09 05:00:00,161.0142404
2025-06-09 06:00:00,161.84524459999997
2025-06-09 07:00:00,163.71638780000004
2025-06-09 08:00:00,163.61487559999998
2025-06-09 09:00:00,164.7161562
2025-06-09 10:00:00,166.28183040000002
2025-06-09 11:00:00,165.82166220000005
2025-06-09 12:00:00,165.16407320000002
2025-06-09 13:00:00,165.93434119999998
2025-06-09 14:00:00,166.89654919999998
2025-06-09 15:00:00,168.60027780000001
2025-06-09 16:00:00,171.44083959999998
2025-06-09 17:00:00,174.21833980000002
2025-06-09 18:00:00,176.53886060000002
2025-06-09 19:00:00,174.379082
2025-06-09 20:00:00,172.6072932
2025-06-09 21:00:00,171.0783406
2025-06-09 22:00:00,168.25414719999998
2025-06-09 23:00:00,165.5919852
2025-06-10 00:00:00,163.7095406
2025-06-10 01:00:00,161.8651644
2025-06-10 02:00:00,161.356514
2025-06-10 03:00:00,160.209493
2025-06-10 04:00:00,160.52498219999998
2025-06-10 05:00:00,161.95215739999998
2025-06-10 06:00:00,163.1167136
2025-06-10 07:00:00,164.6598512
2025-06-10 08:00:00,165.7249804
2025-06-10 09:00:00,165.7955366
2025-06-10 10:00:00,165.6664068
2025-06-10 11:00:00,164.60755400000002
2025-06-10 12:00:00,164.27829859999997
2025-06-10 13:00:00,165.22133699999998
2025-06-10 14:00:00,166.1111856
2025-06-10 15:00:00,167.66178159999998
2025-06-10 16:00:00,170.99961000000002
2025-06-10 17:00:00,174.03159820000002
2025-06-10 18:00:00,176.20881319999998
2025-06-10 19:00:00,173.4997238
2025-06-10 20:00:00,171.84025200000002
2025-06-10 21:00:00,169.8256476
2025-06-10 22:00:00,167.396621
2025-06-10 23:00:00,164.19184
2025-06-11 00:00:00,166.30454079999998
2025-06-11 01:00:00,163.98056720000005
2025-06-11 02:00:00,163.68449880000003
2025-06-11 03:00:00,163.43501239999998
2025-06-11 04:00:00,163.1554576
2025-06-11 05:00:00,163.78594819999998
2025-06-11 06:00:00,164.19101520000004
2025-06-11 07:00:00,165.46078640000002
2025-06-11 08:00:00,167.59218919999998
2025-06-11 09:00:00,167.32851999999997
2025-06-11 10:00:00,167.114363
2025-06-11 11:00:00,167.1887196
2025-06-11 12:00:00,165.40729600000003
2025-06-11 13:00:00,168.344922
2025-06-11 14:00:00,169.46851380000004
2025-06-11 15:00:00,170.04186620000002
2025-06-11 16:00:00,171.34103020000003
2025-06-11 17:00:00,173.68933520000002
2025-06-11 18:00:00,175.8295488
2025-06-11 19:00:00,173.65034780000002
2025-06-11 20:00:00,172.45352640000002
2025-06-11 21:00:00,171.4810274
2025-06-11 22:00:00,169.57839159999997
2025-06-11 23:00:00,167.44762459999998
2025-06-12 00:00:00,166.185231
2025-06-12 01:00:00,163.37019600000002
2025-06-12 02:00:00,162.51883800000002
2025-06-12 03:00:00,162.019868
2025-06-12 04:00:00,162.3372232
2025-06-12 05:00:00,163.34748
2025-06-12 06:00:00,163.87148279999997
2025-06-12 07:00:00,163.33522320000003
2025-06-12 08:00:00,162.32677239999998
2025-06-12 09:00:00,160.81000480000003
2025-06-12 10:00:00,161.9671598
2025-06-12 11:00:00,160.6130118
2025-06-12 12:00:00,121.259725
2025-06-12 13:00:00,160.098584
2025-06-12 14:00:00,163.6187438
2025-06-12 15:00:00,164.47181080000001
2025-06-12 16:00:00,166.2032114
2025-06-12 17:00:00,169.1586944
2025-06-12 18:00:00,171.93564359999996
2025-06-12 19:00:00,170.551019
2025-06-12 20:00:00,168.4996386
2025-06-12 21:00:00,166.74770759999996
2025-06-12 22:00:00,164.81713180000003
2025-06-12 23:00:00,163.19605080000002
2025-06-13 00:00:00,162.36568300000002
2025-06-13 01:00:00,157.26194100000004
2025-06-13 02:00:00,154.9676814
2025-06-13 03:00:00,152.82468060000002
2025-06-13 04:00:00,155.1612138
2025-06-13 05:00:00,156.3991398
2025-06-13 06:00:00,157.5520582
2025-06-13 07:00:00,156.1001328
2025-06-13 08:00:00,155.01667500000002
2025-06-13 09:00:00,114.606375
2025-06-13 10:00:00,115.45800380000003
2025-06-13 11:00:00,115.4362292
2025-06-13 12:00:00,116.26366399999999
2025-06-13 13:00:00,114.6208914
2025-06-13 14:00:00,124.30523960000001
2025-06-13 15:00:00,158.99788940000002
2025-06-13 16:00:00,162.02766340000002
2025-06-13 17:00:00,166.95795600000002
2025-06-13 18:00:00,170.2275242
2025-06-13 19:00:00,168.7058612
2025-06-13 20:00:00,166.641277
2025-06-13 21:00:00,165.1098338
2025-06-13 22:00:00,163.8818882
2025-06-13 23:00:00,162.2540626
2025-06-14 00:00:00,160.6380968
2025-06-14 01:00:00,151.50404020000002
2025-06-14 02:00:00,142.90260820000003
2025-06-14 03:00:00,131.19700360000002
2025-06-14 04:00:00,138.2817902
2025-06-14 05:00:00,144.928357
2025-06-14 06:00:00,146.77880720000002
2025-06-14 07:00:00,119.96292660000002
2025-06-14 08:00:00,121.48956800000003
2025-06-14 09:00:00,122.53716820000002
2025-06-14 10:00:00,123.34282839999999
2025-06-14 11:00:00,123.3355702
2025-06-14 12:00:00,122.8347544
2025-06-14 13:00:00,123.31621499999999
2025-06-14 14:00:00,123.6089624
2025-06-14 15:00:00,123.77106220000003
2025-06-14 16:00:00,164.745065
2025-06-14 17:00:00,171.0888166
2025-06-14 18:00:00,173.07141819999998
2025-06-14 19:00:00,172.13511599999998
2025-06-14 20:00:00,170.6526568
2025-06-14 21:00:00,170.07197219999998
2025-06-14 22:00:00,168.43040619999996
2025-06-14 23:00:00,165.08462940000004
2025-06-15 00:00:00,164.13679539999998
2025-06-15 01:00:00,160.21082180000002
2025-06-15 02:00:00,158.89483019999997
2025-06-15 03:00:00,153.6542314
2025-06-15 04:00:00,155.41155799999999
2025-06-15 05:00:00,157.08392859999998
2025-06-15 06:00:00,133.64934039999997
2025-06-15 07:00:00,120.88229859999998
2025-06-15 08:00:00,122.19119400000002
2025-06-15 09:00:00,123.45412080000003
2025-06-15 10:00:00,123.88235459999999
2025-06-15 11:00:00,123.7468682
2025-06-15 12:00:00,123.69606080000001
2025-06-15 13:00:00,123.76380400000001
2025-06-15 14:00:00,123.82428900000002
2025-06-15 15:00:00,125.2895354
2025-06-15 16:00:00,170.68073080000002
2025-06-15 17:00:00,173.9876094
2025-06-15 18:00:00,175.8454608
2025-06-15 19:00:00,173.2012528
2025-06-15 20:00:00,172.04543560000002
2025-06-15 21:00:00,171.385855
2025-06-15 22:00:00,169.47815780000002
2025-06-15 23:00:00,168.1238186
2025-06-16 00:00:00,165.301757
2025-06-16 01:00:00,163.6616746
2025-06-16 02:00:00,163.04789440000002
2025-06-16 03:00:00,162.7266334
2025-06-16 04:00:00,162.72101859999998
2025-06-16 05:00:00,163.6817032
2025-06-16 06:00:00,165.70120920000002
2025-06-16 07:00:00,166.530621
2025-06-16 08:00:00,166.7610628
2025-06-16 09:00:00,165.55405240000002
2025-06-16 10:00:00,163.88541600000002
2025-06-16 11:00:00,160.66679979999998
2025-06-16 12:00:00,123.21218080000001
2025-06-16 13:00:00,165.141827
2025-06-16 14:00:00,169.01768120000003
2025-06-16 15:00:00,170.603915
2025-06-16 16:00:00,172.1970476
2025-06-16 17:00:00,175.1241544
2025-06-16 18:00:00,176.04584319999998
2025-06-16 19:00:00,174.85009440000002
2025-06-16 20:00:00,172.6632416
2025-06-16 21:00:00,171.9852702
2025-06-16 22:00:00,169.7747942
2025-06-16 23:00:00,167.00872640000003
2025-06-17 00:00:00,165.22754279999998
2025-06-17 01:00:00,163.69362299999997
2025-06-17 02:00:00,162.4786104
2025-06-17 03:00:00,159.0880116
2025-06-17 04:00:00,161.5916948
2025-06-17 05:00:00,163.4015748
2025-06-17 06:00:00,165.20124059999998
2025-06-17 07:00:00,166.14142280000002
2025-06-17 08:00:00,167.136358
2025-06-17 09:00:00,141.36033779999997
2025-06-17 10:00:00,123.0694362
2025-06-17 11:00:00,123.02588699999998
2025-06-17 12:00:00,122.76459179999999
2025-06-17 13:00:00,132.61782139999997
2025-06-17 14:00:00,167.5734048
2025-06-17 15:00:00,169.109924
2025-06-17 16:00:00,171.13064
2025-06-17 17:00:00,174.0720978
2025-06-17 18:00:00,177.263666
2025-06-17 19:00:00,174.98262540000002
2025-06-17 20:00:00,173.10855420000001
2025-06-17 21:00:00,171.80793520000003
2025-06-17 22:00:00,168.98981020000002
2025-06-17 23:00:00,166.53623300000004
2025-06-18 00:00:00,165.14692100000002
2025-06-18 01:00:00,162.9141826
2025-06-18 02:00:00,161.46423420000002
2025-06-18 03:00:00,157.9383492
2025-06-18 04:00:00,159.22506800000002
2025-06-18 05:00:00,162.067387
2025-06-18 06:00:00,164.66306680000002
2025-06-18 07:00:00,166.13858399999998
2025-06-18 08:00:00,166.9696734
2025-06-18 09:00:00,162.6546434
2025-06-18 10:00:00,121.85973620000001
2025-06-18 11:00:00,121.97102859999998
2025-06-18 12:00:00,121.75086320000003
2025-06-18 13:00:00,122.3097446
2025-06-18 14:00:00,166.4647286
2025-06-18 15:00:00,169.27322199999998
2025-06-18 16:00:00,171.6690964
2025-06-18 17:00:00,173.442229
2025-06-18 18:00:00,182.0531848
2025-06-18 19:00:00,174.6979918
2025-06-18 20:00:00,172.11503359999998
2025-06-18 21:00:00,171.307356
2025-06-18 22:00:00,168.9658102
2025-06-18 23:00:00,166.5656824
2025-06-19 00:00:00,173.5251462
2025-06-19 01:00:00,170.51248520000004
2025-06-19 02:00:00,168.37161
2025-06-19 03:00:00,161.5617436
2025-06-19 04:00:00,162.7652468
2025-06-19 05:00:00,164.048302
2025-06-19 06:00:00,167.0410112
2025-06-19 07:00:00,134.0331704
2025-06-19 08:00:00,125.86384319999999
2025-06-19 09:00:00,127.4388726
2025-06-19 10:00:00,127.98565700000002
2025-06-19 11:00:00,127.89130040000002
2025-06-19 12:00:00,127.32758019999999
2025-06-19 13:00:00,126.2533666
2025-06-19 14:00:00,125.68964640000002
2025-06-19 15:00:00,165.2591642
2025-06-19 16:00:00,173.2253862
2025-06-19 17:00:00,182.24591759999998
2025-06-19 18:00:00,188.7803206
2025-06-19 19:00:00,185.77967360000002
2025-06-19 20:00:00,180.8288932
2025-06-19 21:00:00,176.87224960000003
2025-06-19 22:00:00,171.40764640000003
2025-06-19 23:00:00,169.55055699999997
2025-06-20 00:00:00,169.50045160000002
2025-06-20 01:00:00,167.01328540000003
2025-06-20 02:00:00,165.5033258
2025-06-20 03:00:00,153.7366594
2025-06-20 04:00:00,157.1442702
2025-06-20 05:00:00,157.24374819999997
2025-06-20 06:00:00,155.67374880000003
2025-06-20 07:00:00,152.95525320000002
2025-06-20 08:00:00,152.44070820000002
2025-06-20 09:00:00,110.39419960000001
2025-06-20 10:00:00,116.03140160000001
2025-06-20 11:00:00,119.9024416
2025-06-20 12:00:00,119.95041020000001
2025-06-20 13:00:00,163.3752804
2025-06-20 14:00:00,164.8769894
2025-06-20 15:00:00,166.4071234
2025-06-20 16:00:00,171.0543776
2025-06-20 17:00:00,178.75413020000002
2025-06-20 18:00:00,186.68049279999997
2025-06-20 19:00:00,183.24537819999998
2025-06-20 20:00:00,180.3169936
2025-06-20 21:00:00,178.386586
2025-06-20 22:00:00,173.25386279999998
2025-06-20 23:00:00,171.00170359999998
2025-06-21 00:00:00,163.5535124
2025-06-21 01:00:00,161.6365856
2025-06-21 02:00:00,160.2526972
2025-06-21 03:00:00,157.6272254
2025-06-21 04:00:00,158.67038659999997
2025-06-21 05:00:00,160.3478584
2025-06-21 06:00:00,163.26068759999998
2025-06-21 07:00:00,163.75573320000004
2025-06-21 08:00:00,133.1680118
2025-06-21 09:00:00,134.6946532
2025-06-21 10:00:00,135.28740620000002
2025-06-21 11:00:00,135.22208240000003
2025-06-21 12:00:00,134.0535122
2025-06-21 13:00:00,135.42531200000002
2025-06-21 14:00:00,138.67130020000002
2025-06-21 15:00:00,173.0434998
2025-06-21 16:00:00,176.4227064
2025-06-21 17:00:00,179.1787378
2025-06-21 18:00:00,195.05368560000002
2025-06-21 19:00:00,179.23575880000004
2025-06-21 20:00:00,177.2684552
2025-06-21 21:00:00,176.95626120000003
2025-06-21 22:00:00,173.96393099999997
2025-06-21 23:00:00,169.62141019999999
2025-06-22 00:00:00,164.8475774
2025-06-22 01:00:00,162.80406580000002
2025-06-22 02:00:00,162.56513
2025-06-22 03:00:00,161.5794698
2025-06-22 04:00:00,161.83372939999998
2025-06-22 05:00:00,162.470354
2025-06-22 06:00:00,163.38932059999996
2025-06-22 07:00:00,131.7212106
2025-06-22 08:00:00,134.2446448
2025-06-22 09:00:00,134.65836220000003
2025-06-22 10:00:00,135.7616086
2025-06-22 11:00:00,135.72047880000002
2025-06-22 12:00:00,134.47448780000002
2025-06-22 13:00:00,135.3962792
2025-06-22 14:00:00,135.2051466
2025-06-22 15:00:00,136.44145999999998
2025-06-22 16:00:00,174.6149206
2025-06-22 17:00:00,177.7101816
2025-06-22 18:00:00,182.589881
2025-06-22 19:00:00,177.3462898
2025-06-22 20:00:00,176.616869
2025-06-22 21:00:00,175.52098619999998
2025-06-22 22:00:00,172.9213692
2025-06-22 23:00:00,168.59955599999998
2025-06-23 00:00:00,164.30715519999998
2025-06-23 01:00:00,162.02044540000003
2025-06-23 02:00:00,158.124737
2025-06-23 03:00:00,156.6189602
2025-06-23 04:00:00,157.91647799999998
2025-06-23 05:00:00,160.7931194
2025-06-23 06:00:00,165.3814546
2025-06-23 07:00:00,168.27490559999995
2025-06-23 08:00:00,169.670046
2025-06-23 09:00:00,143.9246134
2025-06-23 10:00:00,144.30842779999998
2025-06-23 11:00:00,145.0848444
2025-06-23 12:00:00,140.63736980000002
2025-06-23 13:00:00,169.2947132
2025-06-23 14:00:00,173.6729352
2025-06-23 15:00:00,174.88022759999998
2025-06-23 16:00:00,175.27283540000002
2025-06-23 17:00:00,177.3765444
2025-06-23 18:00:00,184.02191739999998
2025-06-23 19:00:00,177.16826460000001
2025-06-23 20:00:00,176.222296
2025-06-23 21:00:00,175.3988096
2025-06-23 22:00:00,173.4109728
2025-06-23 23:00:00,169.35887699999998
2025-06-24 00:00:00,163.7394322
2025-06-24 01:00:00,161.6431418
2025-06-24 02:00:00,159.3633594
2025-06-24 03:00:00,155.7652294
2025-06-24 04:00:00,157.6233258
2025-06-24 05:00:00,160.3906602
2025-06-24 06:00:00,165.2785418
2025-06-24 07:00:00,167.9588288
2025-06-24 08:00:00,169.69861680000002
2025-06-24 09:00:00,169.1702142
2025-06-24 10:00:00,170.0738116
2025-06-24 11:00:00,169.35081580000002
2025-06-24 12:00:00,146.11354079999998
2025-06-24 13:00:00,168.78146619999998
2025-06-24 14:00:00,172.7749952
2025-06-24 15:00:00,174.02847599999998
2025-06-24 16:00:00,176.33124580000003
2025-06-24 17:00:00,179.6418278
2025-06-24 18:00:00,184.8066312
2025-06-24 19:00:00,179.27393320000002
2025-06-24 20:00:00,177.88731700000002
2025-06-24 21:00:00,175.35458699999998
2025-06-24 22:00:00,172.51492739999998
2025-06-24 23:00:00,168.5974848
2025-06-25 00:00:00,164.191837
2025-06-25 01:00:00,161.48354379999998
2025-06-25 02:00:00,159.5249562
2025-06-25 03:00:00,157.6577642
2025-06-25 04:00:00,157.61353319999998
2025-06-25 05:00:00,161.564668
2025-06-25 06:00:00,164.7318482
2025-06-25 07:00:00,167.8579126
2025-06-25 08:00:00,168.0811842
2025-06-25 09:00:00,135.0067558
2025-06-25 10:00:00,135.3503106
2025-06-25 11:00:00,135.40111800000003
2025-06-25 12:00:00,135.0890154
2025-06-25 13:00:00,143.0275458
2025-06-25 14:00:00,171.3824014
2025-06-25 15:00:00,174.36521720000002
2025-06-25 16:00:00,175.4937308
2025-06-25 17:00:00,181.0912216
2025-06-25 18:00:00,189.933213
2025-06-25 19:00:00,181.948565
2025-06-25 20:00:00,180.9145964
2025-06-25 21:00:00,175.75528
2025-06-25 22:00:00,172.0308674
2025-06-25 23:00:00,168.07878279999997
2025-06-26 00:00:00,230.1583928
2025-06-26 01:00:00,226.45138359999996
2025-06-26 02:00:00,220.94079600000003
2025-06-26 03:00:00,221.2814038
2025-06-26 04:00:00,222.47192579999995
2025-06-26 05:00:00,226.36001720000004
2025-06-26 06:00:00,227.48976320000003
2025-06-26 07:00:00,227.67902420000001
2025-06-26 08:00:00,226.4481882
2025-06-26 09:00:00,192.78202780000004
2025-06-26 10:00:00,193.23687500000003
2025-06-26 11:00:00,193.1691318
2025-06-26 12:00:00,193.31429580000002
2025-06-26 13:00:00,192.8957396
2025-06-26 14:00:00,216.349771
2025-06-26 15:00:00,230.86020159999998
2025-06-26 16:00:00,233.75532520000002
2025-06-26 17:00:00,239.6293924
2025-06-26 18:00:00,258.0142962
2025-06-26 19:00:00,240.006248
2025-06-26 20:00:00,236.85795479999996
2025-06-26 21:00:00,234.3592764
2025-06-26 22:00:00,232.01214160000004
2025-06-26 23:00:00,230.188062
2025-06-27 00:00:00,237.74562
2025-06-27 01:00:00,229.4188638
2025-06-27 02:00:00,222.8034852
2025-06-27 03:00:00,219.60797700000003
2025-06-27 04:00:00,216.432175
2025-06-27 05:00:00,215.4522782
2025-06-27 06:00:00,211.025227
2025-06-27 07:00:00,171.2951012
2025-06-27 08:00:00,187.67099820000004
2025-06-27 09:00:00,212.15344560000003
2025-06-27 10:00:00,227.55275220000004
2025-06-27 11:00:00,231.8002738
2025-06-27 12:00:00,220.45956000000007
2025-06-27 13:00:00,235.91518320000006
2025-06-27 14:00:00,237.73686080000002
2025-06-27 15:00:00,241.22129080000005
2025-06-27 16:00:00,245.2171298
2025-06-27 17:00:00,265.38434140000004
2025-06-27 18:00:00,283.79908459999996
2025-06-27 19:00:00,254.1929362
2025-06-27 20:00:00,251.8621776
2025-06-27 21:00:00,249.63340500000004
2025-06-27 22:00:00,246.71261560000002
2025-06-27 23:00:00,245.28815079999998
2025-06-28 00:00:00,220.8381614
2025-06-28 01:00:00,210.4406062
2025-06-28 02:00:00,205.83060780000005
2025-06-28 03:00:00,192.76476200000002
2025-06-28 04:00:00,195.2852952
2025-06-28 05:00:00,201.9334286
2025-06-28 06:00:00,211.83882739999999
2025-06-28 07:00:00,191.7997514
2025-06-28 08:00:00,193.72317440000003
2025-06-28 09:00:00,196.8974272
2025-06-28 10:00:00,196.9046854
2025-06-28 11:00:00,196.74016620000003
2025-06-28 12:00:00,196.93129880000004
2025-06-28 13:00:00,197.01597780000003
2025-06-28 14:00:00,197.8748648
2025-06-28 15:00:00,198.93456200000003
2025-06-28 16:00:00,231.1448272
2025-06-28 17:00:00,250.2558054
2025-06-28 18:00:00,534.750357
2025-06-28 19:00:00,236.8933806
2025-06-28 20:00:00,234.4302682
2025-06-28 21:00:00,233.21990880000004
2025-06-28 22:00:00,230.6601404
2025-06-28 23:00:00,217.5411822
2025-06-29 00:00:00,231.8222652
2025-06-29 01:00:00,205.23429920000004
2025-06-29 02:00:00,195.897312
2025-06-29 03:00:00,195.8373638
2025-06-29 04:00:00,195.778964
2025-06-29 05:00:00,196.1385978
2025-06-29 06:00:00,199.3320174
2025-06-29 07:00:00,202.3472208
2025-06-29 08:00:00,204.78114240000002
2025-06-29 09:00:00,204.5241686
2025-06-29 10:00:00,204.4737096
2025-06-29 11:00:00,204.59531959999998
2025-06-29 12:00:00,204.43924959999998
2025-06-29 13:00:00,205.14960219999998
2025-06-29 14:00:00,206.67583839999998
2025-06-29 15:00:00,207.378636
2025-06-29 16:00:00,239.6795522
2025-06-29 17:00:00,248.8292304
2025-06-29 18:00:00,254.46284960000003
2025-06-29 19:00:00,250.3297498
2025-06-29 20:00:00,247.2375348
2025-06-29 21:00:00,244.62847739999998
2025-06-29 22:00:00,241.91703520000002
2025-06-29 23:00:00,238.98729160000002
2025-06-30 00:00:00,232.20898140000003
2025-06-30 01:00:00,229.23910540000003
2025-06-30 02:00:00,227.440582
2025-06-30 03:00:00,227.3460172
2025-06-30 04:00:00,227.9781892
2025-06-30 05:00:00,229.532832
2025-06-30 06:00:00,233.64657000000003
2025-06-30 07:00:00,233.4854922
2025-06-30 08:00:00,224.5129148
2025-06-30 09:00:00,217.72714299999998
2025-06-30 10:00:00,222.5875618
2025-06-30 11:00:00,223.0963748
2025-06-30 12:00:00,209.83638100000002
2025-06-30 13:00:00,225.5814788
2025-06-30 14:00:00,236.22858380000002
2025-06-30 15:00:00,240.96378479999998
2025-06-30 16:00:00,243.67087759999998
2025-06-30 17:00:00,247.16741119999998
2025-06-30 18:00:00,253.1391216
2025-06-30 19:00:00,247.9855474
2025-06-30 20:00:00,245.21661520000004
2025-06-30 21:00:00,244.12049859999996
2025-06-30 22:00:00,240.67350240000002
2025-06-30 23:00:00,237.09058679999998
2025-07-01 00:00:00,234.789789
2025-07-01 01:00:00,229.2612916
2025-07-01 02:00:00,226.49242020000003
2025-07-01 03:00:00,226.94032520000002
2025-07-01 04:00:00,227.3037698
2025-07-01 05:00:00,231.3723958
2025-07-01 06:00:00,233.6736768
2025-07-01 07:00:00,235.73433640000002
2025-07-01 08:00:00,232.6465202
2025-07-01 09:00:00,227.24041100000005
2025-07-01 10:00:00,226.94744499999996
2025-07-01 11:00:00,219.47727460000002
2025-07-01 12:00:00,203.5434638
2025-07-01 13:00:00,220.97211420000002
2025-07-01 14:00:00,234.57058579999998
2025-07-01 15:00:00,240.0049456
2025-07-01 16:00:00,244.0401084
2025-07-01 17:00:00,247.83452859999997
2025-07-01 18:00:00,252.10638280000003
2025-07-01 19:00:00,248.3161556
2025-07-01 20:00:00,244.9333278
2025-07-01 21:00:00,243.5139628
2025-07-01 22:00:00,240.2910442
2025-07-01 23:00:00,235.6074144
2025-07-02 00:00:00,230.26322640000004
2025-07-02 01:00:00,207.9959434
2025-07-02 02:00:00,195.0573286
2025-07-02 03:00:00,196.19730859999999
2025-07-02 04:00:00,196.77160220000002
2025-07-02 05:00:00,218.1783846
2025-07-02 06:00:00,222.9429944
2025-07-02 07:00:00,221.7350174
2025-07-02 08:00:00,203.2688238
2025-07-02 09:00:00,204.5287712
2025-07-02 10:00:00,204.2263746
2025-07-02 11:00:00,203.9900644
2025-07-02 12:00:00,203.1240986
2025-07-02 13:00:00,204.3638946
2025-07-02 14:00:00,205.8361414
2025-07-02 15:00:00,234.6794848
2025-07-02 16:00:00,243.82290660000004
2025-07-02 17:00:00,249.8116806
2025-07-02 18:00:00,252.74302840000001
2025-07-02 19:00:00,250.12523659999997
2025-07-02 20:00:00,247.63367280000003
2025-07-02 21:00:00,245.08211880000005
2025-07-02 22:00:00,241.12193859999996
2025-07-02 23:00:00,231.0883758
2025-07-03 00:00:00,232.26982500000003
2025-07-03 01:00:00,222.905976
2025-07-03 02:00:00,214.66136820000003
2025-07-03 03:00:00,213.24862360000003
2025-07-03 04:00:00,218.1710948
2025-07-03 05:00:00,223.8634678
2025-07-03 06:00:00,226.0345988
2025-07-03 07:00:00,221.99435980000004
2025-07-03 08:00:00,202.0928354
2025-07-03 09:00:00,202.4508408
2025-07-03 10:00:00,203.437236
2025-07-03 11:00:00,203.3768736
2025-07-03 12:00:00,203.2415898
2025-07-03 13:00:00,203.691993
2025-07-03 14:00:00,203.80797320000002
2025-07-03 15:00:00,231.80008039999998
2025-07-03 16:00:00,242.756692
2025-07-03 17:00:00,248.8759004
2025-07-03 18:00:00,267.384278
2025-07-03 19:00:00,250.0227312
2025-07-03 20:00:00,247.9138566
2025-07-03 21:00:00,244.4631852
2025-07-03 22:00:00,240.8357856
2025-07-03 23:00:00,235.13872700000002
2025-07-04 00:00:00,260.9489238
2025-07-04 01:00:00,242.41845440000003
2025-07-04 02:00:00,203.57412
2025-07-04 03:00:00,174.02972899999997
2025-07-04 04:00:00,179.9191338
2025-07-04 05:00:00,190.020527
2025-07-04 06:00:00,187.6391676
2025-07-04 07:00:00,167.1023226
2025-07-04 08:00:00,135.49227499999998
2025-07-04 09:00:00,146.90063619999998
2025-07-04 10:00:00,182.10614280000001
2025-07-04 11:00:00,210.5933494
2025-07-04 12:00:00,224.06585019999997
2025-07-04 13:00:00,227.6297572
2025-07-04 14:00:00,235.67176720000003
2025-07-04 15:00:00,267.8811022
2025-07-04 16:00:00,277.72817879999997
2025-07-04 17:00:00,285.3952676
2025-07-04 18:00:00,331.194163
2025-07-04 19:00:00,287.7323342
2025-07-04 20:00:00,284.64292340000003
2025-07-04 21:00:00,282.00981679999995
2025-07-04 22:00:00,278.48245660000003
2025-07-04 23:00:00,275.7702194
2025-07-05 00:00:00,222.748252
2025-07-05 01:00:00,203.2347838
2025-07-05 02:00:00,188.174893
2025-07-05 03:00:00,187.254082
2025-07-05 04:00:00,193.03741780000001
2025-07-05 05:00:00,202.9615604
2025-07-05 06:00:00,211.69573180000003
2025-07-05 07:00:00,204.65819860000002
2025-07-05 08:00:00,206.24669020000002
2025-07-05 09:00:00,207.78345179999997
2025-07-05 10:00:00,208.7777728
2025-07-05 11:00:00,208.8524818
2025-07-05 12:00:00,208.64139219999998
2025-07-05 13:00:00,209.47461519999996
2025-07-05 14:00:00,209.78482019999996
2025-07-05 15:00:00,210.24367359999997
2025-07-05 16:00:00,237.73620160000002
2025-07-05 17:00:00,254.4199764
2025-07-05 18:00:00,277.9391718
2025-07-05 19:00:00,255.3880626
2025-07-05 20:00:00,250.1617316
2025-07-05 21:00:00,248.4748272
2025-07-05 22:00:00,237.1730514
2025-07-05 23:00:00,227.8552432
2025-07-06 00:00:00,197.9086256
2025-07-06 01:00:00,192.737506
2025-07-06 02:00:00,191.36322240000004
2025-07-06 03:00:00,191.37179120000002
2025-07-06 04:00:00,192.3180514
2025-07-06 05:00:00,193.070038
2025-07-06 06:00:00,197.3746548
2025-07-06 07:00:00,200.46587920000002
2025-07-06 08:00:00,201.893006
2025-07-06 09:00:00,202.2859424
2025-07-06 10:00:00,202.51552780000003
2025-07-06 11:00:00,202.51344260000002
2025-07-06 12:00:00,202.34762840000002
2025-07-06 13:00:00,202.62927
2025-07-06 14:00:00,203.13765540000003
2025-07-06 15:00:00,203.88583
2025-07-06 16:00:00,204.85663399999999
2025-07-06 17:00:00,243.4483376
2025-07-06 18:00:00,256.0081204
2025-07-06 19:00:00,245.700123
2025-07-06 20:00:00,240.80600660000005
2025-07-06 21:00:00,230.78045379999998
2025-07-06 22:00:00,215.01870560000003
2025-07-06 23:00:00,209.18071379999998
2025-07-07 00:00:00,197.9110768
2025-07-07 01:00:00,194.20947280000001
2025-07-07 02:00:00,193.12605879999998
2025-07-07 03:00:00,192.79777739999997
2025-07-07 04:00:00,193.0874166
2025-07-07 05:00:00,195.8699936
2025-07-07 06:00:00,197.43592640000003
2025-07-07 07:00:00,197.9545238
2025-07-07 08:00:00,194.281611
2025-07-07 09:00:00,195.1380786
2025-07-07 10:00:00,195.225177
2025-07-07 11:00:00,195.24211279999997
2025-07-07 12:00:00,195.1357916
2025-07-07 13:00:00,195.19346000000002
2025-07-07 14:00:00,195.4474732
2025-07-07 15:00:00,201.72578060000004
2025-07-07 16:00:00,230.92398680000002
2025-07-07 17:00:00,245.653751
2025-07-07 18:00:00,250.87449299999997
2025-07-07 19:00:00,247.8500344
2025-07-07 20:00:00,243.06965300000002
2025-07-07 21:00:00,240.9399194
2025-07-07 22:00:00,232.1557894
2025-07-07 23:00:00,200.5269168
2025-07-08 00:00:00,209.8320788
2025-07-08 01:00:00,207.16262420000004
2025-07-08 02:00:00,205.81157779999998
2025-07-08 03:00:00,205.61122340000003
2025-07-08 04:00:00,205.6470506
2025-07-08 05:00:00,207.709448
2025-07-08 06:00:00,219.82612840000002
2025-07-08 07:00:00,210.76166619999998
2025-07-08 08:00:00,202.4907534
2025-07-08 09:00:00,201.2386184
2025-07-08 10:00:00,201.60828880000003
2025-07-08 11:00:00,201.73944760000003
2025-07-08 12:00:00,201.2599964
2025-07-08 13:00:00,201.76078600000002
2025-07-08 14:00:00,202.24495480000002
2025-07-08 15:00:00,220.96956880000002
2025-07-08 16:00:00,242.5039068
2025-07-08 17:00:00,247.55024039999998
2025-07-08 18:00:00,255.093902
2025-07-08 19:00:00,248.96955040000003
2025-07-08 20:00:00,245.64527580000004
2025-07-08 21:00:00,243.34648500000003
2025-07-08 22:00:00,239.46814600000002
2025-07-08 23:00:00,220.63838919999998
2025-07-09 00:00:00,228.81401
2025-07-09 01:00:00,214.63106340000004
2025-07-09 02:00:00,212.2999456
2025-07-09 03:00:00,210.75050180000002
2025-07-09 04:00:00,211.03665339999998
2025-07-09 05:00:00,212.16441720000003
2025-07-09 06:00:00,222.8894316
2025-07-09 07:00:00,215.650004
2025-07-09 08:00:00,203.84996940000002
2025-07-09 09:00:00,200.3516806
2025-07-09 10:00:00,201.1897538
2025-07-09 11:00:00,201.41186140000002
2025-07-09 12:00:00,201.26675960000003
2025-07-09 13:00:00,201.3293208
2025-07-09 14:00:00,218.3174668
2025-07-09 15:00:00,229.02621740000004
2025-07-09 16:00:00,242.63359
2025-07-09 17:00:00,248.21276340000003
2025-07-09 18:00:00,258.59302379999997
2025-07-09 19:00:00,250.2328896
2025-07-09 20:00:00,245.78639320000002
2025-07-09 21:00:00,243.00418760000002
2025-07-09 22:00:00,239.02951900000002
2025-07-09 23:00:00,218.8315302
2025-07-10 00:00:00,235.0401428
2025-07-10 01:00:00,230.7636974
2025-07-10 02:00:00,229.23153440000002
2025-07-10 03:00:00,228.34044939999998
2025-07-10 04:00:00,228.8431882
2025-07-10 05:00:00,230.34174080000003
2025-07-10 06:00:00,231.26012039999995
2025-07-10 07:00:00,230.4853326
2025-07-10 08:00:00,228.9804194
2025-07-10 09:00:00,199.1852666
2025-07-10 10:00:00,199.9582178
2025-07-10 11:00:00,200.3341616
2025-07-10 12:00:00,200.24308120000003
2025-07-10 13:00:00,200.3983886
2025-07-10 14:00:00,224.477369
2025-07-10 15:00:00,235.58607540000003
2025-07-10 16:00:00,242.15546239999998
2025-07-10 17:00:00,247.96976020000002
2025-07-10 18:00:00,262.8230070000001
2025-07-10 19:00:00,249.38361020000002
2025-07-10 20:00:00,245.8059416
2025-07-10 21:00:00,242.71130299999996
2025-07-10 22:00:00,239.51945160000005
2025-07-10 23:00:00,237.154155
2025-07-11 00:00:00,241.5033816
2025-07-11 01:00:00,230.9831264
2025-07-11 02:00:00,226.15502580000003
2025-07-11 03:00:00,223.7055426
2025-07-11 04:00:00,224.2316386
2025-07-11 05:00:00,226.269607
2025-07-11 06:00:00,227.4693392
2025-07-11 07:00:00,222.44715880000004
2025-07-11 08:00:00,220.16557699999998
2025-07-11 09:00:00,189.613807
2025-07-11 10:00:00,193.40443120000003
2025-07-11 11:00:00,197.71802960000002
2025-07-11 12:00:00,197.77498580000002
2025-07-11 13:00:00,206.16668059999998
2025-07-11 14:00:00,240.2143318
2025-07-11 15:00:00,246.1625196
2025-07-11 16:00:00,250.37193260000004
2025-07-11 17:00:00,256.9520744
2025-07-11 18:00:00,277.3507482
2025-07-11 19:00:00,259.27376599999997
2025-07-11 20:00:00,255.757301
2025-07-11 21:00:00,253.44409140000002
2025-07-11 22:00:00,250.488144
2025-07-11 23:00:00,247.96215060000003
2025-07-12 00:00:00,232.00604320000002
2025-07-12 01:00:00,194.91273540000003
2025-07-12 02:00:00,183.2618048
2025-07-12 03:00:00,185.0952776
2025-07-12 04:00:00,186.9921388
2025-07-12 05:00:00,194.9565238
2025-07-12 06:00:00,200.1474688
2025-07-12 07:00:00,200.6720184
2025-07-12 08:00:00,202.0997986
2025-07-12 09:00:00,203.3490516
2025-07-12 10:00:00,203.49855600000004
2025-07-12 11:00:00,203.48147080000004
2025-07-12 12:00:00,203.2860822
2025-07-12 13:00:00,203.9876508
2025-07-12 14:00:00,205.8265608
2025-07-12 15:00:00,207.4330812
2025-07-12 16:00:00,228.99333860000002
2025-07-12 17:00:00,251.7038594
2025-07-12 18:00:00,255.28258100000002
2025-07-12 19:00:00,252.5946778
2025-07-12 20:00:00,248.17972760000004
2025-07-12 21:00:00,246.41527340000002
2025-07-12 22:00:00,239.77617840000002
2025-07-12 23:00:00,219.54804980000003
2025-07-13 00:00:00,195.2016204
2025-07-13 01:00:00,194.18430460000002
2025-07-13 02:00:00,193.39385900000002
2025-07-13 03:00:00,192.98806180000003
2025-07-13 04:00:00,193.278125
2025-07-13 05:00:00,193.96712440000002
2025-07-13 06:00:00,195.58955500000002
2025-07-13 07:00:00,196.48529880000004
2025-07-13 08:00:00,197.45604400000002
2025-07-13 09:00:00,197.7465044
2025-07-13 10:00:00,197.85150160000003
2025-07-13 11:00:00,197.85607560000003
2025-07-13 12:00:00,197.5202724
2025-07-13 13:00:00,197.9423796
2025-07-13 14:00:00,199.5079124
2025-07-13 15:00:00,200.6792154
2025-07-13 16:00:00,210.2638962
2025-07-13 17:00:00,241.1440104
2025-07-13 18:00:00,246.109641
2025-07-13 19:00:00,243.256988
2025-07-13 20:00:00,239.92239480000003
2025-07-13 21:00:00,237.69151259999998
2025-07-13 22:00:00,234.19424680000003
2025-07-13 23:00:00,229.99675860000002
2025-07-14 00:00:00,231.6923788
2025-07-14 01:00:00,228.00840699999998
2025-07-14 02:00:00,224.50626900000003
2025-07-14 03:00:00,221.4958114
2025-07-14 04:00:00,221.8489438
2025-07-14 05:00:00,227.93213260000002
2025-07-14 06:00:00,228.972277
2025-07-14 07:00:00,230.05290040000006
2025-07-14 08:00:00,229.572976
2025-07-14 09:00:00,202.96581480000003
2025-07-14 10:00:00,193.37280819999998
2025-07-14 11:00:00,193.37993400000002
2025-07-14 12:00:00,193.3174268
2025-07-14 13:00:00,224.65040259999995
2025-07-14 14:00:00,233.10393159999998
2025-07-14 15:00:00,235.9333348
2025-07-14 16:00:00,241.1520012
2025-07-14 17:00:00,244.79062800000003
2025-07-14 18:00:00,250.3670916
2025-07-14 19:00:00,246.28054659999998
2025-07-14 20:00:00,243.49276079999999
2025-07-14 21:00:00,241.71558379999996
2025-07-14 22:00:00,238.50653899999998
2025-07-14 23:00:00,234.96044460000002
2025-07-15 00:00:00,232.63693600000002
2025-07-15 01:00:00,231.3205488
2025-07-15 02:00:00,229.4959612
2025-07-15 03:00:00,228.7340146
2025-07-15 04:00:00,229.6182288
2025-07-15 05:00:00,231.1838522
2025-07-15 06:00:00,232.1662304
2025-07-15 07:00:00,233.03973359999995
2025-07-15 08:00:00,233.92376019999998
2025-07-15 09:00:00,214.11548940000003
2025-07-15 10:00:00,196.4764876
2025-07-15 11:00:00,196.7490698
2025-07-15 12:00:00,196.12001580000003
2025-07-15 13:00:00,213.52548099999998
2025-07-15 14:00:00,237.77089460000002
2025-07-15 15:00:00,239.69578040000002
2025-07-15 16:00:00,242.81818379999999
2025-07-15 17:00:00,247.2618448
2025-07-15 18:00:00,254.06923300000003
2025-07-15 19:00:00,248.7063778
2025-07-15 20:00:00,244.05866960000003
2025-07-15 21:00:00,242.9159358
2025-07-15 22:00:00,239.87302319999998
2025-07-15 23:00:00,236.1742862
2025-07-16 00:00:00,234.60406899999998
2025-07-16 01:00:00,232.3830582
2025-07-16 02:00:00,231.76795040000002
2025-07-16 03:00:00,231.6837696
2025-07-16 04:00:00,232.29920339999998
2025-07-16 05:00:00,233.32058960000003
2025-07-16 06:00:00,234.81333620000004
2025-07-16 07:00:00,236.0823092
2025-07-16 08:00:00,236.91492939999998
2025-07-16 09:00:00,227.81263999999996
2025-07-16 10:00:00,199.774035
2025-07-16 11:00:00,199.81130460000003
2025-07-16 12:00:00,198.9543054
2025-07-16 13:00:00,210.72002239999998
2025-07-16 14:00:00,237.9968846
2025-07-16 15:00:00,240.3951478
2025-07-16 16:00:00,244.0127532
2025-07-16 17:00:00,247.6794926
2025-07-16 18:00:00,256.7723754
2025-07-16 19:00:00,250.1104084
2025-07-16 20:00:00,246.36712640000002
2025-07-16 21:00:00,243.83256820000003
2025-07-16 22:00:00,240.19388199999997
2025-07-16 23:00:00,237.6622672
2025-07-17 00:00:00,237.81457200000006
2025-07-17 01:00:00,235.831511
2025-07-17 02:00:00,234.89433160000004
2025-07-17 03:00:00,234.78721459999997
2025-07-17 04:00:00,234.856418
2025-07-17 05:00:00,235.26952620000003
2025-07-17 06:00:00,235.927444
2025-07-17 07:00:00,236.08724320000002
2025-07-17 08:00:00,236.86367360000003
2025-07-17 09:00:00,235.9183536
2025-07-17 10:00:00,232.42494939999997
2025-07-17 11:00:00,230.40904600000005
2025-07-17 12:00:00,223.67867919999998
2025-07-17 13:00:00,235.48288240000002
2025-07-17 14:00:00,237.5072654
2025-07-17 15:00:00,238.59278039999998
2025-07-17 16:00:00,242.32046880000001
2025-07-17 17:00:00,247.5980846
2025-07-17 18:00:00,254.90009400000002
2025-07-17 19:00:00,250.65264299999998
2025-07-17 20:00:00,246.57302399999998
2025-07-17 21:00:00,243.4974424
2025-07-17 22:00:00,240.483977
2025-07-17 23:00:00,238.57186220000003
2025-07-18 00:00:00,242.00365860000002
2025-07-18 01:00:00,237.83335699999998
2025-07-18 02:00:00,229.8167044
2025-07-18 03:00:00,229.7615362
2025-07-18 04:00:00,229.77104100000003
2025-07-18 05:00:00,228.6497084
2025-07-18 06:00:00,227.37330540000002
2025-07-18 07:00:00,221.08294760000004
2025-07-18 08:00:00,222.5325168
2025-07-18 09:00:00,229.3334792
2025-07-18 10:00:00,238.655579
2025-07-18 11:00:00,239.9098902
2025-07-18 12:00:00,235.58105940000002
2025-07-18 13:00:00,239.7326676
2025-07-18 14:00:00,239.48594380000003
2025-07-18 15:00:00,243.46108199999998
2025-07-18 16:00:00,247.7615516
2025-07-18 17:00:00,254.97321780000001
2025-07-18 18:00:00,275.6262718
2025-07-18 19:00:00,257.9000146
2025-07-18 20:00:00,254.8780068
2025-07-18 21:00:00,251.58686420000004
2025-07-18 22:00:00,247.96702700000006
2025-07-18 23:00:00,245.123899
2025-07-19 00:00:00,233.0732912
2025-07-19 01:00:00,226.22675099999998
2025-07-19 02:00:00,225.04757220000002
2025-07-19 03:00:00,224.7305178
2025-07-19 04:00:00,229.7097984
2025-07-19 05:00:00,233.7902552
2025-07-19 06:00:00,237.35209040000004
2025-07-19 07:00:00,242.2158554
2025-07-19 08:00:00,211.717518
2025-07-19 09:00:00,203.3608594
2025-07-19 10:00:00,203.49046420000002
2025-07-19 11:00:00,203.41948180000003
2025-07-19 12:00:00,203.0483974
2025-07-19 13:00:00,203.4505354
2025-07-19 14:00:00,204.2795614
2025-07-19 15:00:00,239.51350040000003
2025-07-19 16:00:00,248.27158100000003
2025-07-19 17:00:00,255.40137320000002
2025-07-19 18:00:00,267.5404926
2025-07-19 19:00:00,255.8179728
2025-07-19 20:00:00,251.16780040000003
2025-07-19 21:00:00,249.11115440000003
2025-07-19 22:00:00,246.8059926
2025-07-19 23:00:00,245.0479526
2025-07-20 00:00:00,236.57797800000003
2025-07-20 01:00:00,235.08774320000003
2025-07-20 02:00:00,231.80337920000002
2025-07-20 03:00:00,232.1246488
2025-07-20 04:00:00,231.6404594
2025-07-20 05:00:00,232.26656400000002
2025-07-20 06:00:00,230.12868479999997
2025-07-20 07:00:00,197.8281068
2025-07-20 08:00:00,198.0350932
2025-07-20 09:00:00,197.3245716
2025-07-20 10:00:00,197.7911186
2025-07-20 11:00:00,197.74176760000003
2025-07-20 12:00:00,196.23255540000002
2025-07-20 13:00:00,197.66852360000001
2025-07-20 14:00:00,198.743905
2025-07-20 15:00:00,199.8907616
2025-07-20 16:00:00,243.26821320000005
2025-07-20 17:00:00,250.1009438
2025-07-20 18:00:00,256.8836286
2025-07-20 19:00:00,249.99030119999998
2025-07-20 20:00:00,246.6909752
2025-07-20 21:00:00,245.74128100000001
2025-07-20 22:00:00,243.96246420000003
2025-07-20 23:00:00,240.222865
2025-07-21 00:00:00,233.52378600000003
2025-07-21 01:00:00,226.14633599999996
2025-07-21 02:00:00,224.6064484
2025-07-21 03:00:00,225.15728019999997
2025-07-21 04:00:00,225.64388319999998
2025-07-21 05:00:00,233.88545560000003
2025-07-21 06:00:00,238.17300519999998
2025-07-21 07:00:00,239.3998794
2025-07-21 08:00:00,240.3369108
2025-07-21 09:00:00,238.5300864
2025-07-21 10:00:00,238.00826160000003
2025-07-21 11:00:00,236.570977
2025-07-21 12:00:00,229.5758316
2025-07-21 13:00:00,238.17110420000003
2025-07-21 14:00:00,241.86207280000002
2025-07-21 15:00:00,243.21616080000004
2025-07-21 16:00:00,247.7584378
2025-07-21 17:00:00,253.5762366
2025-07-21 18:00:00,259.515645
2025-07-21 19:00:00,256.30780540000006
2025-07-21 20:00:00,251.11670399999997
2025-07-21 21:00:00,248.66865080000002
2025-07-21 22:00:00,246.8090976
2025-07-21 23:00:00,243.66578420000005
2025-07-22 00:00:00,238.29962859999995
2025-07-22 01:00:00,231.5223294
2025-07-22 02:00:00,226.67859519999996
2025-07-22 03:00:00,227.0850528
2025-07-22 04:00:00,227.91810379999998
2025-07-22 05:00:00,234.36015860000003
2025-07-22 06:00:00,239.242481
2025-07-22 07:00:00,240.37992920000002
2025-07-22 08:00:00,241.15834439999998
2025-07-22 09:00:00,240.04060399999997
2025-07-22 10:00:00,234.4885784
2025-07-22 11:00:00,234.50426080000003
2025-07-22 12:00:00,228.0637816
2025-07-22 13:00:00,239.29430080000003
2025-07-22 14:00:00,242.30700779999998
2025-07-22 15:00:00,245.06160560000004
2025-07-22 16:00:00,248.466198
2025-07-22 17:00:00,253.1527438
2025-07-22 18:00:00,265.7719796
2025-07-22 19:00:00,255.70131099999998
2025-07-22 20:00:00,251.4974024
2025-07-22 21:00:00,249.31728400000003
2025-07-22 22:00:00,246.50202440000004
2025-07-22 23:00:00,243.50105560000003
2025-07-23 00:00:00,238.4834794
2025-07-23 01:00:00,236.1936674
2025-07-23 02:00:00,234.53376680000002
2025-07-23 03:00:00,235.26158800000002
2025-07-23 04:00:00,235.43305100000003
2025-07-23 05:00:00,237.44626060000002
2025-07-23 06:00:00,238.7160654
2025-07-23 07:00:00,239.11552799999998
2025-07-23 08:00:00,239.886691
2025-07-23 09:00:00,238.70076900000004
2025-07-23 10:00:00,235.07033220000002
2025-07-23 11:00:00,232.9875078
2025-07-23 12:00:00,223.15128220000003
2025-07-23 13:00:00,236.85416460000002
2025-07-23 14:00:00,240.64780620000002
2025-07-23 15:00:00,243.57873239999998
2025-07-23 16:00:00,247.4907908
2025-07-23 17:00:00,252.58520600000003
2025-07-23 18:00:00,276.35894199999996
2025-07-23 19:00:00,255.5446086
2025-07-23 20:00:00,251.7797886
2025-07-23 21:00:00,248.85121160000003
2025-07-23 22:00:00,245.32442739999996
2025-07-23 23:00:00,242.81355779999998
2025-07-24 00:00:00,239.93099380000004
2025-07-24 01:00:00,235.03354960000001
2025-07-24 02:00:00,233.2036152
2025-07-24 03:00:00,230.61380580000005
2025-07-24 04:00:00,232.44374660000003
2025-07-24 05:00:00,233.59417240000002
2025-07-24 06:00:00,235.07401020000003
2025-07-24 07:00:00,234.08782379999997
2025-07-24 08:00:00,236.7817452
2025-07-24 09:00:00,238.4492518
2025-07-24 10:00:00,236.2507936
2025-07-24 11:00:00,231.8842912
2025-07-24 12:00:00,228.9652736
2025-07-24 13:00:00,234.8127642
2025-07-24 14:00:00,239.7505956
2025-07-24 15:00:00,242.82400740000003
2025-07-24 16:00:00,247.310342
2025-07-24 17:00:00,256.108705
2025-07-24 18:00:00,266.29386400000004
2025-07-24 19:00:00,258.6053572
2025-07-24 20:00:00,255.87736959999998
2025-07-24 21:00:00,252.9386242
2025-07-24 22:00:00,247.612975
2025-07-24 23:00:00,242.06441920000003
2025-07-25 00:00:00,246.63201320000002
2025-07-25 01:00:00,241.4274952
2025-07-25 02:00:00,240.35844619999997
2025-07-25 03:00:00,237.66657520000004
2025-07-25 04:00:00,239.6084068
2025-07-25 05:00:00,240.426598
2025-07-25 06:00:00,219.44844039999998
2025-07-25 07:00:00,165.012049
2025-07-25 08:00:00,164.088741
2025-07-25 09:00:00,214.5278236
2025-07-25 10:00:00,235.52281039999997
2025-07-25 11:00:00,213.02215099999998
2025-07-25 12:00:00,211.43931980000002
2025-07-25 13:00:00,238.1916056
2025-07-25 14:00:00,240.94156080000002
2025-07-25 15:00:00,246.61390360000001
2025-07-25 16:00:00,260.4785094
2025-07-25 17:00:00,273.97483339999997
2025-07-25 18:00:00,313.00724479999997
2025-07-25 19:00:00,277.1911908
2025-07-25 20:00:00,274.02197459999996
2025-07-25 21:00:00,271.661025
2025-07-25 22:00:00,265.62313140000003
2025-07-25 23:00:00,261.64376120000003
2025-07-26 00:00:00,242.84098
2025-07-26 01:00:00,239.84554280000003
2025-07-26 02:00:00,236.47979480000004
2025-07-26 03:00:00,237.3277278
2025-07-26 04:00:00,237.59954580000004
2025-07-26 05:00:00,241.8035962
2025-07-26 06:00:00,244.6889494
2025-07-26 07:00:00,245.4637934
2025-07-26 08:00:00,228.28448040000004
2025-07-26 09:00:00,200.65469160000004
2025-07-26 10:00:00,201.05280299999998
2025-07-26 11:00:00,200.93707260000002
2025-07-26 12:00:00,200.6405648
2025-07-26 13:00:00,201.7101316
2025-07-26 14:00:00,215.1798828
2025-07-26 15:00:00,252.38367260000004
2025-07-26 16:00:00,257.5234226
2025-07-26 17:00:00,262.70017300000006
2025-07-26 18:00:00,266.62202560000003
2025-07-26 19:00:00,262.2234344
2025-07-26 20:00:00,259.29587219999996
2025-07-26 21:00:00,258.978362
2025-07-26 22:00:00,254.2797782
2025-07-26 23:00:00,251.4058098
2025-07-27 00:00:00,242.7396078
2025-07-27 01:00:00,239.2474262
2025-07-27 02:00:00,235.51587480000003
2025-07-27 03:00:00,231.49590840000002
2025-07-27 04:00:00,232.06472240000002
2025-07-27 05:00:00,231.99475199999998
2025-07-27 06:00:00,230.0963088
2025-07-27 07:00:00,197.62039780000003
2025-07-27 08:00:00,198.7542372
2025-07-27 09:00:00,199.2201436
2025-07-27 10:00:00,199.3343554
2025-07-27 11:00:00,199.05912940000002
2025-07-27 12:00:00,198.757731
2025-07-27 13:00:00,199.6940674
2025-07-27 14:00:00,201.3570756
2025-07-27 15:00:00,211.70995260000004
2025-07-27 16:00:00,251.37285740000002
2025-07-27 17:00:00,258.582904
2025-07-27 18:00:00,266.5146262
2025-07-27 19:00:00,259.9613742
2025-07-27 20:00:00,257.4574864
2025-07-27 21:00:00,256.2573218
2025-07-27 22:00:00,252.07069460000002
2025-07-27 23:00:00,249.6984198
2025-07-28 00:00:00,244.8186354
2025-07-28 01:00:00,243.2173248
2025-07-28 02:00:00,242.6324298
2025-07-28 03:00:00,242.6073976
2025-07-28 04:00:00,242.80627020000003
2025-07-28 05:00:00,244.26818080000004
2025-07-28 06:00:00,244.9589668
2025-07-28 07:00:00,245.57501540000004
2025-07-28 08:00:00,246.1113058
2025-07-28 09:00:00,246.69498000000004
2025-07-28 10:00:00,246.80937699999998
2025-07-28 11:00:00,246.35156379999998
2025-07-28 12:00:00,245.3543606
2025-07-28 13:00:00,246.69293280000002
2025-07-28 14:00:00,248.60801940000002
2025-07-28 15:00:00,250.98405520000006
2025-07-28 16:00:00,255.60378120000001
2025-07-28 17:00:00,261.1644832
2025-07-28 18:00:00,270.091319
2025-07-28 19:00:00,263.610876
2025-07-28 20:00:00,259.7021614
2025-07-28 21:00:00,258.2069216
2025-07-28 22:00:00,254.33941480000004
2025-07-28 23:00:00,250.7386348
2025-07-29 00:00:00,246.6923722
2025-07-29 01:00:00,245.3188404
2025-07-29 02:00:00,244.722185
2025-07-29 03:00:00,244.80546680000003
2025-07-29 04:00:00,244.92804040000001
2025-07-29 05:00:00,245.522132
2025-07-29 06:00:00,247.68419640000002
2025-07-29 07:00:00,248.64377180000002
2025-07-29 08:00:00,249.7187516
2025-07-29 09:00:00,249.85432559999998
2025-07-29 10:00:00,249.2953864
2025-07-29 11:00:00,248.3250454
2025-07-29 12:00:00,246.67714560000005
2025-07-29 13:00:00,248.07054739999998
2025-07-29 14:00:00,250.14219280000003
2025-07-29 15:00:00,252.5704522
2025-07-29 16:00:00,258.7019644
2025-07-29 17:00:00,265.90421180000004
2025-07-29 18:00:00,285.9906364
2025-07-29 19:00:00,271.42793159999997
2025-07-29 20:00:00,261.8668596
2025-07-29 21:00:00,259.8421828
2025-07-29 22:00:00,255.2199732
2025-07-29 23:00:00,250.23920619999998
2025-07-30 00:00:00,256.5302886
2025-07-30 01:00:00,254.15091940000002
2025-07-30 02:00:00,252.84396260000003
2025-07-30 03:00:00,253.0177572
2025-07-30 04:00:00,252.8623232
2025-07-30 05:00:00,254.0551304
2025-07-30 06:00:00,255.52941760000004
2025-07-30 07:00:00,255.80763459999997
2025-07-30 08:00:00,256.4504984
2025-07-30 09:00:00,256.039665
2025-07-30 10:00:00,255.2214288
2025-07-30 11:00:00,254.75508920000001
2025-07-30 12:00:00,252.9118966
2025-07-30 13:00:00,255.10090180000003
2025-07-30 14:00:00,256.3086602
2025-07-30 15:00:00,258.3332324
2025-07-30 16:00:00,262.1907896
2025-07-30 17:00:00,267.88514399999997
2025-07-30 18:00:00,281.4227864
2025-07-30 19:00:00,269.6003508
2025-07-30 20:00:00,265.49672799999996
2025-07-30 21:00:00,262.13788839999995
2025-07-30 22:00:00,259.38372100000004
2025-07-30 23:00:00,255.83108539999998
2025-07-31 00:00:00,256.3491672
2025-07-31 01:00:00,255.45422040000003
2025-07-31 02:00:00,254.9383234
2025-07-31 03:00:00,254.678014
2025-07-31 04:00:00,254.88858799999997
2025-07-31 05:00:00,255.30773600000003
2025-07-31 06:00:00,255.61820219999998
2025-07-31 07:00:00,255.16882960000004
2025-07-31 08:00:00,254.15209380000002
2025-07-31 09:00:00,245.8113942
2025-07-31 10:00:00,205.7556994
2025-07-31 11:00:00,205.9510362
2025-07-31 12:00:00,205.8570676
2025-07-31 13:00:00,205.86560999999998
2025-07-31 14:00:00,248.2225876
2025-07-31 15:00:00,255.11530079999997
2025-07-31 16:00:00,257.6202292
2025-07-31 17:00:00,261.42615259999997
2025-07-31 18:00:00,263.6881468
2025-07-31 19:00:00,261.2252336
2025-07-31 20:00:00,260.2647
2025-07-31 21:00:00,259.38880340000003
2025-07-31 22:00:00,258.1190504
2025-07-31 23:00:00,256.9252746
2025-08-01 00:00:00,269.39045680000004
2025-08-01 01:00:00,268.5877884
2025-08-01 02:00:00,239.72537380000003
2025-08-01 03:00:00,222.6923088
2025-08-01 04:00:00,223.4433954
2025-08-01 05:00:00,230.37162640000003
2025-08-01 06:00:00,232.6937978
2025-08-01 07:00:00,202.98099080000003
2025-08-01 08:00:00,209.42887960000002
2025-08-01 09:00:00,259.01944480000003
2025-08-01 10:00:00,220.14057039999997
2025-08-01 11:00:00,220.05467359999997
2025-08-01 12:00:00,219.83559300000002
2025-08-01 13:00:00,220.10983059999998
2025-08-01 14:00:00,265.52827460000003
2025-08-01 15:00:00,269.9207142
2025-08-01 16:00:00,272.3390196
2025-08-01 17:00:00,275.59942259999997
2025-08-01 18:00:00,277.87915280000004
2025-08-01 19:00:00,275.5479924
2025-08-01 20:00:00,274.1124678
2025-08-01 21:00:00,273.0276112
2025-08-01 22:00:00,271.66104559999997
2025-08-01 23:00:00,270.75946700000003
2025-08-02 00:00:00,261.6738804
2025-08-02 01:00:00,259.9073644
2025-08-02 02:00:00,259.1904046
2025-08-02 03:00:00,258.17608179999996
2025-08-02 04:00:00,258.5982298
2025-08-02 05:00:00,259.010082
2025-08-02 06:00:00,259.461616
2025-08-02 07:00:00,256.1103874
2025-08-02 08:00:00,206.98839199999998
2025-08-02 09:00:00,206.8591096
2025-08-02 10:00:00,206.83032039999998
2025-08-02 11:00:00,206.6822712
2025-08-02 12:00:00,206.5175404
2025-08-02 13:00:00,206.7807466
2025-08-02 14:00:00,207.3932584
2025-08-02 15:00:00,249.23591820000001
2025-08-02 16:00:00,262.7179002
2025-08-02 17:00:00,266.80074260000004
2025-08-02 18:00:00,269.4630704
2025-08-02 19:00:00,266.53906559999996
2025-08-02 20:00:00,264.7250302
2025-08-02 21:00:00,264.1025592
2025-08-02 22:00:00,262.6586164
2025-08-02 23:00:00,261.79501059999996
2025-08-03 00:00:00,270.0075054
2025-08-03 01:00:00,267.13074240000003
2025-08-03 02:00:00,266.64101139999997
2025-08-03 03:00:00,264.22736580000003
2025-08-03 04:00:00,265.141738
2025-08-03 05:00:00,265.5714874
2025-08-03 06:00:00,261.20682
2025-08-03 07:00:00,215.79036739999998
2025-08-03 08:00:00,215.47086099999996
2025-08-03 09:00:00,215.2296504
2025-08-03 10:00:00,215.17139939999998
2025-08-03 11:00:00,215.01911239999998
2025-08-03 12:00:00,214.79727359999998
2025-08-03 13:00:00,215.154247
2025-08-03 14:00:00,215.5408842
2025-08-03 15:00:00,216.63063839999995
2025-08-03 16:00:00,268.8636834
2025-08-03 17:00:00,275.5196418
2025-08-03 18:00:00,282.3623546
2025-08-03 19:00:00,277.95326000000006
2025-08-03 20:00:00,274.5430996
2025-08-03 21:00:00,273.6756824
2025-08-03 22:00:00,272.2026544
2025-08-03 23:00:00,271.1336988
2025-08-04 00:00:00,270.9824428
2025-08-04 01:00:00,269.903164
2025-08-04 02:00:00,269.03137879999997
2025-08-04 03:00:00,268.69895299999996
2025-08-04 04:00:00,268.77934319999997
2025-08-04 05:00:00,269.6035726
2025-08-04 06:00:00,269.9651922
2025-08-04 07:00:00,269.4879912
2025-08-04 08:00:00,267.91925239999995
2025-08-04 09:00:00,264.142259
2025-08-04 10:00:00,261.9302694
2025-08-04 11:00:00,260.7833912
2025-08-04 12:00:00,260.4122744
2025-08-04 13:00:00,263.19418459999997
2025-08-04 14:00:00,268.7051192
2025-08-04 15:00:00,271.0244684
2025-08-04 16:00:00,274.3312524
2025-08-04 17:00:00,277.471875
2025-08-04 18:00:00,283.203838
2025-08-04 19:00:00,279.31239020000004
2025-08-04 20:00:00,276.831031
2025-08-04 21:00:00,275.2722682
2025-08-04 22:00:00,273.83134379999996
2025-08-04 23:00:00,273.1142094
2025-08-05 00:00:00,272.2440074
2025-08-05 01:00:00,271.0870292
2025-08-05 02:00:00,270.38854879999997
2025-08-05 03:00:00,270.0957462
2025-08-05 04:00:00,270.0988764
2025-08-05 05:00:00,271.1192896
2025-08-05 06:00:00,271.766801
2025-08-05 07:00:00,271.62868
2025-08-05 08:00:00,271.450882
2025-08-05 09:00:00,270.919465
2025-08-05 10:00:00,270.6676804
2025-08-05 11:00:00,270.58394039999996
2025-08-05 12:00:00,270.0921914
2025-08-05 13:00:00,271.09939339999994
2025-08-05 14:00:00,271.9403804
2025-08-05 15:00:00,273.15683279999996
2025-08-05 16:00:00,278.93008599999996
2025-08-05 17:00:00,282.9886814
2025-08-05 18:00:00,295.31943179999996
2025-08-05 19:00:00,284.5431306
2025-08-05 20:00:00,281.78573040000003
2025-08-05 21:00:00,279.83202700000004
2025-08-05 22:00:00,277.0256414
2025-08-05 23:00:00,272.8375
2025-08-06 00:00:00,265.2345456
2025-08-06 01:00:00,264.4610834
2025-08-06 02:00:00,264.0092404
2025-08-06 03:00:00,263.7248772
2025-08-06 04:00:00,263.93310140000006
2025-08-06 05:00:00,264.383173
2025-08-06 06:00:00,264.61970199999996
2025-08-06 07:00:00,264.606276
2025-08-06 08:00:00,264.2975496
2025-08-06 09:00:00,261.9972044
2025-08-06 10:00:00,257.1022
2025-08-06 11:00:00,254.99379199999998
2025-08-06 12:00:00,230.1976264
2025-08-06 13:00:00,259.9970028
2025-08-06 14:00:00,263.7911416
2025-08-06 15:00:00,265.1611684
2025-08-06 16:00:00,270.09323340000003
2025-08-06 17:00:00,274.5524116
2025-08-06 18:00:00,307.3544562
2025-08-06 19:00:00,276.4572058
2025-08-06 20:00:00,273.7005684
2025-08-06 21:00:00,272.41112899999996
2025-08-06 22:00:00,270.3728608
2025-08-06 23:00:00,266.40961219999997
2025-08-07 00:00:00,265.1389838
2025-08-07 01:00:00,263.7625304
2025-08-07 02:00:00,263.3523282
2025-08-07 03:00:00,263.2811358
2025-08-07 04:00:00,263.53514939999997
2025-08-07 05:00:00,264.1168178
2025-08-07 06:00:00,264.366683
2025-08-07 07:00:00,264.079046
2025-08-07 08:00:00,263.3426334
2025-08-07 09:00:00,260.08948100000003
2025-08-07 10:00:00,251.842203
2025-08-07 11:00:00,247.6882212
2025-08-07 12:00:00,243.8161764
2025-08-07 13:00:00,260.7203962
2025-08-07 14:00:00,264.0522884
2025-08-07 15:00:00,266.9943408
2025-08-07 16:00:00,271.872725
2025-08-07 17:00:00,276.7716966
2025-08-07 18:00:00,350.1184174
2025-08-07 19:00:00,288.52428840000005
2025-08-07 20:00:00,275.0483704
2025-08-07 21:00:00,272.9814434
2025-08-07 22:00:00,271.08676219999995
2025-08-07 23:00:00,267.0103922
2025-08-08 00:00:00,268.8355662
2025-08-08 01:00:00,267.87783920000004
2025-08-08 02:00:00,267.3782514
2025-08-08 03:00:00,267.42336839999996
2025-08-08 04:00:00,250.76677639999997
2025-08-08 05:00:00,251.4570354
2025-08-08 06:00:00,243.12673800000002
2025-08-08 07:00:00,238.445008
2025-08-08 08:00:00,268.53029019999997
2025-08-08 09:00:00,267.05051460000004
2025-08-08 10:00:00,266.8387434
2025-08-08 11:00:00,266.91665820000003
2025-08-08 12:00:00,265.677277
2025-08-08 13:00:00,268.30581540000003
2025-08-08 14:00:00,270.08053800000005
2025-08-08 15:00:00,271.880506
2025-08-08 16:00:00,275.935517
2025-08-08 17:00:00,279.85481599999997
2025-08-08 18:00:00,286.749856
2025-08-08 19:00:00,280.6366054
2025-08-08 20:00:00,279.13311660000005
2025-08-08 21:00:00,277.39011280000005
2025-08-08 22:00:00,275.5448398
2025-08-08 23:00:00,272.2321858
2025-08-09 00:00:00,264.151747
2025-08-09 01:00:00,262.7961282
2025-08-09 02:00:00,262.4365584
2025-08-09 03:00:00,262.4913706
2025-08-09 04:00:00,262.5197966
2025-08-09 05:00:00,262.8951734
2025-08-09 06:00:00,263.3574878
2025-08-09 07:00:00,262.6456226
2025-08-09 08:00:00,232.5787844
2025-08-09 09:00:00,210.95409839999996
2025-08-09 10:00:00,210.9655334
2025-08-09 11:00:00,210.9478428
2025-08-09 12:00:00,210.86497279999998
2025-08-09 13:00:00,211.04860519999997
2025-08-09 14:00:00,211.6097268
2025-08-09 15:00:00,260.26695959999995
2025-08-09 16:00:00,268.23520879999995
2025-08-09 17:00:00,282.00572780000005
2025-08-09 18:00:00,384.5709492
2025-08-09 19:00:00,282.8911096
2025-08-09 20:00:00,273.5081136
2025-08-09 21:00:00,271.9836524
2025-08-09 22:00:00,269.182505
2025-08-09 23:00:00,265.666524
2025-08-10 00:00:00,267.04470360000005
2025-08-10 01:00:00,265.4313088
2025-08-10 02:00:00,264.86578399999996
2025-08-10 03:00:00,264.5687486
2025-08-10 04:00:00,264.7480852
2025-08-10 05:00:00,265.1060676
2025-08-10 06:00:00,265.1826286
2025-08-10 07:00:00,230.5120554
2025-08-10 08:00:00,213.7565404
2025-08-10 09:00:00,213.508267
2025-08-10 10:00:00,213.6085588
2025-08-10 11:00:00,213.5227964
2025-08-10 12:00:00,213.34811019999998
2025-08-10 13:00:00,213.3655318
2025-08-10 14:00:00,213.7820346
2025-08-10 15:00:00,219.940985
2025-08-10 16:00:00,266.989263
2025-08-10 17:00:00,272.9668444
2025-08-10 18:00:00,286.26322360000006
2025-08-10 19:00:00,275.5671988
2025-08-10 20:00:00,273.33878119999997
2025-08-10 21:00:00,271.8613828
2025-08-10 22:00:00,269.48832400000003
2025-08-10 23:00:00,267.97730179999996
2025-08-11 00:00:00,266.2983996
2025-08-11 01:00:00,264.89359219999994
2025-08-11 02:00:00,264.4945158
2025-08-11 03:00:00,264.57293319999997
2025-08-11 04:00:00,264.6699332
2025-08-11 05:00:00,265.47026059999996
2025-08-11 06:00:00,266.319979
2025-08-11 07:00:00,265.66457180000003
2025-08-11 08:00:00,261.6942246
2025-08-11 09:00:00,249.90715559999998
2025-08-11 10:00:00,244.48709259999995
2025-08-11 11:00:00,246.59789959999998
2025-08-11 12:00:00,201.73186360000003
2025-08-11 13:00:00,214.61650959999997
2025-08-11 14:00:00,251.20286859999996
2025-08-11 15:00:00,263.27769520000004
2025-08-11 16:00:00,268.022133
2025-08-11 17:00:00,271.8392802
2025-08-11 18:00:00,274.4171006
2025-08-11 19:00:00,273.982576
2025-08-11 20:00:00,272.5138184
2025-08-11 21:00:00,270.5886164
2025-08-11 22:00:00,268.4036106
2025-08-11 23:00:00,267.04914879999995
2025-08-12 00:00:00,265.76786119999997
2025-08-12 01:00:00,264.947112
2025-08-12 02:00:00,264.44879380000003
2025-08-12 03:00:00,264.43508099999997
2025-08-12 04:00:00,264.7189644
2025-08-12 05:00:00,265.36330499999997
2025-08-12 06:00:00,266.02518399999997
2025-08-12 07:00:00,265.606812
2025-08-12 08:00:00,264.0503682
2025-08-12 09:00:00,255.01771799999997
2025-08-12 10:00:00,246.55454759999998
2025-08-12 11:00:00,237.37791079999997
2025-08-12 12:00:00,212.78422919999997
2025-08-12 13:00:00,249.67657
2025-08-12 14:00:00,263.66714379999996
2025-08-12 15:00:00,266.734314
2025-08-12 16:00:00,269.4545508
2025-08-12 17:00:00,306.54749019999997
2025-08-12 18:00:00,354.87973819999996
2025-08-12 19:00:00,325.6171756
2025-08-12 20:00:00,310.0991648
2025-08-12 21:00:00,283.885989
2025-08-12 22:00:00,269.4996046
2025-08-12 23:00:00,267.51122799999996
2025-08-13 00:00:00,261.3673216
2025-08-13 01:00:00,260.57325000000003
2025-08-13 02:00:00,260.4028778
2025-08-13 03:00:00,260.29637999999994
2025-08-13 04:00:00,260.1872186
2025-08-13 05:00:00,260.7828508
2025-08-13 06:00:00,261.17841119999997
2025-08-13 07:00:00,260.5874876
2025-08-13 08:00:00,259.2462456
2025-08-13 09:00:00,231.07786019999998
2025-08-13 10:00:00,207.576663
2025-08-13 11:00:00,207.40776179999997
2025-08-13 12:00:00,206.84684299999998
2025-08-13 13:00:00,232.42685179999998
2025-08-13 14:00:00,257.3817662
2025-08-13 15:00:00,260.3433668
2025-08-13 16:00:00,262.7012728
2025-08-13 17:00:00,267.1256416
2025-08-13 18:00:00,281.6235132
2025-08-13 19:00:00,269.4302114
2025-08-13 20:00:00,267.4198078
2025-08-13 21:00:00,265.3657356
2025-08-13 22:00:00,263.56339859999997
2025-08-13 23:00:00,262.17085579999997
2025-08-14 00:00:00,260.93557780000003
2025-08-14 01:00:00,259.8848018
2025-08-14 02:00:00,259.4735506
2025-08-14 03:00:00,259.31570739999995
2025-08-14 04:00:00,259.5149856
2025-08-14 05:00:00,260.18533080000003
2025-08-14 06:00:00,260.5403662
2025-08-14 07:00:00,259.5784008
2025-08-14 08:00:00,257.6773726
2025-08-14 09:00:00,248.289354
2025-08-14 10:00:00,242.5927896
2025-08-14 11:00:00,240.99352639999998
2025-08-14 12:00:00,235.4766566
2025-08-14 13:00:00,253.514858
2025-08-14 14:00:00,257.7645132
2025-08-14 15:00:00,260.240595
2025-08-14 16:00:00,262.839501
2025-08-14 17:00:00,267.38643379999996
2025-08-14 18:00:00,291.6333484
2025-08-14 19:00:00,272.63747240000004
2025-08-14 20:00:00,267.7673714
2025-08-14 21:00:00,266.4923536
2025-08-14 22:00:00,263.724596
2025-08-14 23:00:00,262.1695558
2025-08-15 00:00:00,261.0963758
2025-08-15 01:00:00,259.9099622
2025-08-15 02:00:00,259.7357026
2025-08-15 03:00:00,259.3324644
2025-08-15 04:00:00,259.6614604
2025-08-15 05:00:00,260.7248606
2025-08-15 06:00:00,261.34460099999995
2025-08-15 07:00:00,261.1406372
2025-08-15 08:00:00,260.254929
2025-08-15 09:00:00,258.1345572
2025-08-15 10:00:00,256.857831
2025-08-15 11:00:00,256.2237952
2025-08-15 12:00:00,242.9648178
2025-08-15 13:00:00,251.41639179999999
2025-08-15 14:00:00,259.9479344
2025-08-15 15:00:00,261.75221279999994
2025-08-15 16:00:00,263.8998224
2025-08-15 17:00:00,267.5931576
2025-08-15 18:00:00,270.976082
2025-08-15 19:00:00,269.88295639999996
2025-08-15 20:00:00,267.6632024
2025-08-15 21:00:00,266.2804674
2025-08-15 22:00:00,264.3646066
2025-08-15 23:00:00,262.712642
2025-08-16 00:00:00,262.8839684
2025-08-16 01:00:00,261.6102554
2025-08-16 02:00:00,260.891439
2025-08-16 03:00:00,260.324408
2025-08-16 04:00:00,260.7820268
2025-08-16 05:00:00,261.0983184
2025-08-16 06:00:00,261.47566859999995
2025-08-16 07:00:00,259.92113520000004
2025-08-16 08:00:00,208.8171578
2025-08-16 09:00:00,208.799602
2025-08-16 10:00:00,208.74350339999995
2025-08-16 11:00:00,208.665342
2025-08-16 12:00:00,208.37408639999998
2025-08-16 13:00:00,208.7326066
2025-08-16 14:00:00,209.04673239999997
2025-08-16 15:00:00,250.33379580000002
2025-08-16 16:00:00,264.3387504
2025-08-16 17:00:00,269.441396
2025-08-16 18:00:00,291.4315912
2025-08-16 19:00:00,272.0579566
2025-08-16 20:00:00,268.77641759999995
2025-08-16 21:00:00,267.5607184
2025-08-16 22:00:00,265.76723419999996
2025-08-16 23:00:00,264.00880340000003
2025-08-17 00:00:00,258.960365
2025-08-17 01:00:00,257.2007416
2025-08-17 02:00:00,255.60111799999999
2025-08-17 03:00:00,252.59438259999996
2025-08-17 04:00:00,253.0271988
2025-08-17 05:00:00,253.8573292
2025-08-17 06:00:00,252.6226432
2025-08-17 07:00:00,205.64825779999995
2025-08-17 08:00:00,205.55792179999997
2025-08-17 09:00:00,205.2869804
2025-08-17 10:00:00,205.11693579999996
2025-08-17 11:00:00,204.98987319999998
2025-08-17 12:00:00,204.82763099999997
2025-08-17 13:00:00,204.99740699999998
2025-08-17 14:00:00,205.42245199999996
2025-08-17 15:00:00,206.32709340000002
2025-08-17 16:00:00,248.0596134
2025-08-17 17:00:00,264.6716794
2025-08-17 18:00:00,274.71262659999996
2025-08-17 19:00:00,268.0877288
2025-08-17 20:00:00,264.6226614
2025-08-17 21:00:00,263.5537604
2025-08-17 22:00:00,262.0517696
2025-08-17 23:00:00,260.11180479999996
2025-08-18 00:00:00,259.5123468
2025-08-18 01:00:00,258.14988000000005
2025-08-18 02:00:00,257.7370636
2025-08-18 03:00:00,257.7179698
2025-08-18 04:00:00,257.7603376
2025-08-18 05:00:00,258.88816319999995
2025-08-18 06:00:00,259.5753516
2025-08-18 07:00:00,258.2972896
2025-08-18 08:00:00,255.49939
2025-08-18 09:00:00,242.98691159999998
2025-08-18 10:00:00,228.6824366
2025-08-18 11:00:00,225.32933359999998
2025-08-18 12:00:00,196.6798806
2025-08-18 13:00:00,238.7251096
2025-08-18 14:00:00,249.39376460000003
2025-08-18 15:00:00,259.28644399999996
2025-08-18 16:00:00,263.15557739999997
2025-08-18 17:00:00,267.1213474
2025-08-18 18:00:00,271.522984
2025-08-18 19:00:00,269.7339168
2025-08-18 20:00:00,266.6616656
2025-08-18 21:00:00,265.387648
2025-08-18 22:00:00,263.2205584
2025-08-18 23:00:00,261.8567062
2025-08-19 00:00:00,259.80372339999997
2025-08-19 01:00:00,258.41057079999996
2025-08-19 02:00:00,257.8323018
2025-08-19 03:00:00,257.783589
2025-08-19 04:00:00,257.7622392
2025-08-19 05:00:00,259.040199
2025-08-19 06:00:00,260.05619939999997
2025-08-19 07:00:00,259.6645268
2025-08-19 08:00:00,258.7583342
2025-08-19 09:00:00,232.82609680000002
2025-08-19 10:00:00,206.555052
2025-08-19 11:00:00,206.5409264
2025-08-19 12:00:00,206.469895
2025-08-19 13:00:00,206.6034824
2025-08-19 14:00:00,255.08345560000004
2025-08-19 15:00:00,260.4105854
2025-08-19 16:00:00,263.93342279999996
2025-08-19 17:00:00,285.02636259999997
2025-08-19 18:00:00,504.44850039999994
2025-08-19 19:00:00,318.6295466
2025-08-19 20:00:00,268.036166
2025-08-19 21:00:00,265.6935032
2025-08-19 22:00:00,264.29468239999994
2025-08-19 23:00:00,262.14062479999996
2025-08-20 00:00:00,257.6316864
2025-08-20 01:00:00,256.714866
2025-08-20 02:00:00,256.26579879999997
2025-08-20 03:00:00,256.09592439999994
2025-08-20 04:00:00,256.43052079999995
2025-08-20 05:00:00,257.0939736
2025-08-20 06:00:00,257.5681036
2025-08-20 07:00:00,257.006144
2025-08-20 08:00:00,256.133588
2025-08-20 09:00:00,253.18882119999998
2025-08-20 10:00:00,236.13133240000002
2025-08-20 11:00:00,243.61452519999997
2025-08-20 12:00:00,231.97835479999998
2025-08-20 13:00:00,253.7228704
2025-08-20 14:00:00,256.69743520000003
2025-08-20 15:00:00,258.3969548
2025-08-20 16:00:00,261.24100319999997
2025-08-20 17:00:00,264.80923079999997
2025-08-20 18:00:00,313.5055612
2025-08-20 19:00:00,277.3574862
2025-08-20 20:00:00,263.55616
2025-08-20 21:00:00,262.3041108
2025-08-20 22:00:00,260.979878
2025-08-20 23:00:00,259.04677119999997
2025-08-21 00:00:00,257.8555564
2025-08-21 01:00:00,257.06494680000003
2025-08-21 02:00:00,256.839198
2025-08-21 03:00:00,256.6532384
2025-08-21 04:00:00,256.8246868
2025-08-21 05:00:00,257.2650724
2025-08-21 06:00:00,257.7691216
2025-08-21 07:00:00,257.2474132
2025-08-21 08:00:00,256.6195792
2025-08-21 09:00:00,254.1954044
2025-08-21 10:00:00,249.14289319999997
2025-08-21 11:00:00,249.7273192
2025-08-21 12:00:00,242.59557039999999
2025-08-21 13:00:00,254.07247159999997
2025-08-21 14:00:00,256.75260599999996
2025-08-21 15:00:00,258.0181572
2025-08-21 16:00:00,260.735524
2025-08-21 17:00:00,263.833636
2025-08-21 18:00:00,268.3860294
2025-08-21 19:00:00,266.19720900000004
2025-08-21 20:00:00,263.5697658
2025-08-21 21:00:00,262.7610394
2025-08-21 22:00:00,260.974071
2025-08-21 23:00:00,259.1141884
2025-08-22 00:00:00,257.832072
2025-08-22 01:00:00,256.718606
2025-08-22 02:00:00,256.3714984
2025-08-22 03:00:00,256.026902
2025-08-22 04:00:00,256.3932428
2025-08-22 05:00:00,256.87385720000003
2025-08-22 06:00:00,257.590104
2025-08-22 07:00:00,257.1629742
2025-08-22 08:00:00,256.515665
2025-08-22 09:00:00,252.3457144
2025-08-22 10:00:00,233.4458714
2025-08-22 11:00:00,206.58486240000002
2025-08-22 12:00:00,203.4320194
2025-08-22 13:00:00,243.1160194
2025-08-22 14:00:00,256.1764588
2025-08-22 15:00:00,258.445185
2025-08-22 16:00:00,260.9098884
2025-08-22 17:00:00,265.8546132
2025-08-22 18:00:00,281.6254806
2025-08-22 19:00:00,279.959302
2025-08-22 20:00:00,265.2591114
2025-08-22 21:00:00,263.4541882
2025-08-22 22:00:00,261.977538
2025-08-22 23:00:00,260.023893
2025-08-23 00:00:00,258.3827984
2025-08-23 01:00:00,256.763292
2025-08-23 02:00:00,256.15584359999997
2025-08-23 03:00:00,256.0769064
2025-08-23 04:00:00,256.08431
2025-08-23 05:00:00,256.1678032
2025-08-23 06:00:00,256.3240632
2025-08-23 07:00:00,254.39159239999998
2025-08-23 08:00:00,212.670866
2025-08-23 09:00:00,203.2972876
2025-08-23 10:00:00,203.2847764
2025-08-23 11:00:00,203.26600960000002
2025-08-23 12:00:00,203.24307240000002
2025-08-23 13:00:00,203.32648039999998
2025-08-23 14:00:00,203.5266596
2025-08-23 15:00:00,229.6208476
2025-08-23 16:00:00,259.2844882
2025-08-23 17:00:00,267.04717999999997
2025-08-23 18:00:00,293.3503132
2025-08-23 19:00:00,269.61334539999996
2025-08-23 20:00:00,263.4164922
2025-08-23 21:00:00,262.60466260000004
2025-08-23 22:00:00,261.2070664
2025-08-23 23:00:00,259.6575828
2025-08-24 00:00:00,257.5374764
2025-08-24 01:00:00,256.57784
2025-08-24 02:00:00,255.99770560000002
2025-08-24 03:00:00,255.77812279999998
2025-08-24 04:00:00,255.77135599999997
2025-08-24 05:00:00,255.74961159999998
2025-08-24 06:00:00,254.6133112
2025-08-24 07:00:00,201.8084548
2025-08-24 08:00:00,201.6395536
2025-08-24 09:00:00,201.4998452
2025-08-24 10:00:00,201.4060112
2025-08-24 11:00:00,201.3538812
2025-08-24 12:00:00,201.2496212
2025-08-24 13:00:00,201.4226928
2025-08-24 14:00:00,201.72296160000002
2025-08-24 15:00:00,211.6976564
2025-08-24 16:00:00,256.1716112
2025-08-24 17:00:00,264.0406938
2025-08-24 18:00:00,272.51513459999995
2025-08-24 19:00:00,267.97619879999996
2025-08-24 20:00:00,264.76522239999997
2025-08-24 21:00:00,262.040596
2025-08-24 22:00:00,259.028418
2025-08-24 23:00:00,257.7094676
2025-08-25 00:00:00,256.3563064
2025-08-25 01:00:00,255.4330644
2025-08-25 02:00:00,254.4405084
2025-08-25 03:00:00,254.6724592
2025-08-25 04:00:00,254.95798840000003
2025-08-25 05:00:00,255.6715624
2025-08-25 06:00:00,255.65699759999998
2025-08-25 07:00:00,252.99611639999998
2025-08-25 08:00:00,246.8929776
2025-08-25 09:00:00,244.2269776
2025-08-25 10:00:00,241.2509776
2025-08-25 11:00:00,240.4929776
2025-08-25 12:00:00,241.58388799999997
2025-08-25 13:00:00,250.1630036
2025-08-25 14:00:00,254.01247399999997
2025-08-25 15:00:00,256.0247648
2025-08-25 16:00:00,259.44979520000004
2025-08-25 17:00:00,263.9552068
2025-08-25 18:00:00,268.793523
2025-08-25 19:00:00,267.755093
2025-08-25 20:00:00,264.6628164
2025-08-25 21:00:00,262.4813058
2025-08-25 22:00:00,260.0059832
2025-08-25 23:00:00,258.2871268
2025-08-26 00:00:00,256.0047912
2025-08-26 01:00:00,255.14614120000002
2025-08-26 02:00:00,254.9503072
2025-08-26 03:00:00,254.6871188
2025-08-26 04:00:00,255.1111232
2025-08-26 05:00:00,255.78360279999998
2025-08-26 06:00:00,256.21322599999996
2025-08-26 07:00:00,255.68419919999997
2025-08-26 08:00:00,255.001984
2025-08-26 09:00:00,251.940316
2025-08-26 10:00:00,246.19406479999998
2025-08-26 11:00:00,248.9658136
2025-08-26 12:00:00,233.0627016
2025-08-26 13:00:00,252.41483599999998
2025-08-26 14:00:00,255.1787552
2025-08-26 15:00:00,256.9720508
2025-08-26 16:00:00,262.3343664
2025-08-26 17:00:00,267.4342616
2025-08-26 18:00:00,280.831589
2025-08-26 19:00:00,269.71738700000003
2025-08-26 20:00:00,267.1762796
2025-08-26 21:00:00,265.7070376
2025-08-26 22:00:00,263.007662
2025-08-26 23:00:00,258.281898
2025-08-27 00:00:00,256.56092559999996
2025-08-27 01:00:00,255.74641000000003
2025-08-27 02:00:00,254.6758944
2025-08-27 03:00:00,254.54759400000003
2025-08-27 04:00:00,254.97015000000002
2025-08-27 05:00:00,256.2492216
2025-08-27 06:00:00,256.7864232
2025-08-27 07:00:00,255.73612279999998
2025-08-27 08:00:00,253.5617776
2025-08-27 09:00:00,201.779262
2025-08-27 10:00:00,201.7041948
2025-08-27 11:00:00,201.633298
2025-08-27 12:00:00,201.32885879999998
2025-08-27 13:00:00,241.35431599999998
2025-08-27 14:00:00,254.9952216
2025-08-27 15:00:00,257.1871944
2025-08-27 16:00:00,262.2841476
2025-08-27 17:00:00,268.03367879999996
2025-08-27 18:00:00,298.6519216
2025-08-27 19:00:00,282.94347899999997
2025-08-27 20:00:00,268.0732574
2025-08-27 21:00:00,265.95302019999997
2025-08-27 22:00:00,262.5203532
2025-08-27 23:00:00,258.6132656
2025-08-28 00:00:00,257.2046744
2025-08-28 01:00:00,255.2061992
2025-08-28 02:00:00,254.5510064
2025-08-28 03:00:00,254.38972839999997
2025-08-28 04:00:00,254.89823959999998
2025-08-28 05:00:00,255.5845848
2025-08-28 06:00:00,255.7602976
2025-08-28 07:00:00,254.8028896
2025-08-28 08:00:00,251.6523292
2025-08-28 09:00:00,210.2687508
2025-08-28 10:00:00,201.7563248
2025-08-28 11:00:00,201.68751319999998
2025-08-28 12:00:00,201.2808992
2025-08-28 13:00:00,247.77240119999996
2025-08-28 14:00:00,254.280114
2025-08-28 15:00:00,257.161616
2025-08-28 16:00:00,259.6841712
2025-08-28 17:00:00,265.52657680000004
2025-08-28 18:00:00,274.4048242
2025-08-28 19:00:00,270.864327
2025-08-28 20:00:00,266.4136434
2025-08-28 21:00:00,264.69079700000003
2025-08-28 22:00:00,261.17281199999996
2025-08-28 23:00:00,258.8166604
2025-08-29 00:00:00,258.44089180000003
2025-08-29 01:00:00,257.22974400000004
2025-08-29 02:00:00,256.28983359999995
2025-08-29 03:00:00,256.3156454
2025-08-29 04:00:00,256.587336
2025-08-29 05:00:00,257.7731252
2025-08-29 06:00:00,258.4666946
2025-08-29 07:00:00,256.9516588
2025-08-29 08:00:00,255.5877622
2025-08-29 09:00:00,252.9156638
2025-08-29 10:00:00,252.3291526
2025-08-29 11:00:00,252.80972659999998
2025-08-29 12:00:00,250.76166840000002
2025-08-29 13:00:00,254.71352040000002
2025-08-29 14:00:00,257.2395608
2025-08-29 15:00:00,259.1946774
2025-08-29 16:00:00,262.0225558
2025-08-29 17:00:00,268.49644939999996
2025-08-29 18:00:00,293.225313
2025-08-29 19:00:00,292.52646519999996
2025-08-29 20:00:00,268.5884802
2025-08-29 21:00:00,266.4981002
2025-08-29 22:00:00,262.73722680000003
2025-08-29 23:00:00,260.0635058
2025-08-30 00:00:00,252.9775998
2025-08-30 01:00:00,250.0407972
2025-08-30 02:00:00,248.98384640000003
2025-08-30 03:00:00,248.00412
2025-08-30 04:00:00,249.07948779999998
2025-08-30 05:00:00,249.6790888
2025-08-30 06:00:00,249.02640259999998
2025-08-30 07:00:00,212.7048108
2025-08-30 08:00:00,203.13753739999999
2025-08-30 09:00:00,202.9350712
2025-08-30 10:00:00,202.9263268
2025-08-30 11:00:00,202.8120444
2025-08-30 12:00:00,202.5578516
2025-08-30 13:00:00,202.8376722
2025-08-30 14:00:00,203.245699
2025-08-30 15:00:00,237.48128179999998
2025-08-30 16:00:00,254.552761
2025-08-30 17:00:00,264.14273539999994
2025-08-30 18:00:00,268.530824
2025-08-30 19:00:00,266.1171572
2025-08-30 20:00:00,262.0622304
2025-08-30 21:00:00,259.1287206
2025-08-30 22:00:00,256.8485142
2025-08-30 23:00:00,254.4445774
2025-08-31 00:00:00,291.35427880000003
2025-08-31 01:00:00,288.7846154
2025-08-31 02:00:00,287.2910412
2025-08-31 03:00:00,286.3075842
2025-08-31 04:00:00,285.9872256
2025-08-31 05:00:00,286.06946819999996
2025-08-31 06:00:00,257.620944
2025-08-31 07:00:00,240.40530819999995
2025-08-31 08:00:00,238.55593759999996
2025-08-31 09:00:00,236.10979619999998
2025-08-31 10:00:00,235.19937099999999
2025-08-31 11:00:00,230.85690839999998
2025-08-31 12:00:00,226.421688
2025-08-31 13:00:00,230.90480079999998
2025-08-31 14:00:00,236.39257659999998
2025-08-31 15:00:00,239.9195248
2025-08-31 16:00:00,274.9652674
2025-08-31 17:00:00,297.5388438
2025-08-31 18:00:00,303.63516979999997
2025-08-31 19:00:00,300.0347134
2025-08-31 20:00:00,297.0269428
2025-08-31 21:00:00,295.3622438
2025-08-31 22:00:00,293.9232484
2025-08-31 23:00:00,292.4994004
2025-09-01 00:00:00,280.1797898
2025-09-01 01:00:00,277.421207
2025-09-01 02:00:00,275.7218352
2025-09-01 03:00:00,275.5871356
2025-09-01 04:00:00,276.3862926
2025-09-01 05:00:00,277.4542616
2025-09-01 06:00:00,276.68122759999994
2025-09-01 07:00:00,261.73735999999997
2025-09-01 08:00:00,210.6401816
2025-09-01 09:00:00,194.6650336
2025-09-01 10:00:00,194.6787556
2025-09-01 11:00:00,194.68104259999998
2025-09-01 12:00:00,194.6787556
2025-09-01 13:00:00,208.7884866
2025-09-01 14:00:00,239.96365260000002
2025-09-01 15:00:00,264.1766618
2025-09-01 16:00:00,283.408617
2025-09-01 17:00:00,288.7845744
2025-09-01 18:00:00,294.1228868
2025-09-01 19:00:00,291.792058
2025-09-01 20:00:00,288.61722879999996
2025-09-01 21:00:00,287.3178344
2025-09-01 22:00:00,285.8624708
2025-09-01 23:00:00,284.1095652
2025-09-02 00:00:00,281.8220142
2025-09-02 01:00:00,278.7581712
2025-09-02 02:00:00,276.5852838
2025-09-02 03:00:00,276.80021619999997
2025-09-02 04:00:00,277.3572788
2025-09-02 05:00:00,279.3461574
2025-09-02 06:00:00,281.0991486
2025-09-02 07:00:00,279.2608438
2025-09-02 08:00:00,269.596557
2025-09-02 09:00:00,232.49681719999998
2025-09-02 10:00:00,232.51033739999997
2025-09-02 11:00:00,232.54053919999996
2025-09-02 12:00:00,232.443073
2025-09-02 13:00:00,232.86569599999999
2025-09-02 14:00:00,248.9165162
2025-09-02 15:00:00,281.1640312
2025-09-02 16:00:00,287.4411066
2025-09-02 17:00:00,293.3654454
2025-09-02 18:00:00,296.66667359999997
2025-09-02 19:00:00,295.5525436
2025-09-02 20:00:00,292.923284
2025-09-02 21:00:00,291.3003648
2025-09-02 22:00:00,288.113962
2025-09-02 23:00:00,285.3933084
2025-09-03 00:00:00,281.7972224
2025-09-03 01:00:00,279.9215052
2025-09-03 02:00:00,278.7347296
2025-09-03 03:00:00,278.7245188
2025-09-03 04:00:00,279.2469896
2025-09-03 05:00:00,280.3229984
2025-09-03 06:00:00,280.7846216
2025-09-03 07:00:00,279.2041016
2025-09-03 08:00:00,276.4280436
2025-09-03 09:00:00,231.30152359999997
2025-09-03 10:00:00,231.3244608
2025-09-03 11:00:00,231.33697199999997
2025-09-03 12:00:00,231.1430484
2025-09-03 13:00:00,231.42246519999998
2025-09-03 14:00:00,275.13678760000005
2025-09-03 15:00:00,281.125334
2025-09-03 16:00:00,285.24112679999996
2025-09-03 17:00:00,291.3133484
2025-09-03 18:00:00,294.8935312
2025-09-03 19:00:00,293.3233476
2025-09-03 20:00:00,292.35945119999997
2025-09-03 21:00:00,288.9610936
2025-09-03 22:00:00,286.1510232
2025-09-03 23:00:00,283.7234096
2025-09-04 00:00:00,282.9411592
2025-09-04 01:00:00,280.612366
2025-09-04 02:00:00,279.5278504
2025-09-04 03:00:00,279.3533392
2025-09-04 04:00:00,279.8621912
2025-09-04 05:00:00,280.8567964
2025-09-04 06:00:00,281.1905408
2025-09-04 07:00:00,279.655254
2025-09-04 08:00:00,277.74754999999993
2025-09-04 09:00:00,240.0552364
2025-09-04 10:00:00,231.43497639999995
2025-09-04 11:00:00,231.36199439999996
2025-09-04 12:00:00,231.10134439999996
2025-09-04 13:00:00,275.904178
2025-09-04 14:00:00,279.7293524
2025-09-04 15:00:00,282.76138760000003
2025-09-04 16:00:00,287.73213880000003
2025-09-04 17:00:00,294.0863428
2025-09-04 18:00:00,298.57582399999995
2025-09-04 19:00:00,296.5356552
2025-09-04 20:00:00,293.0918904
2025-09-04 21:00:00,292.1811912
2025-09-04 22:00:00,287.916
2025-09-04 23:00:00,284.9227456
2025-09-05 00:00:00,283.6917644
2025-09-05 01:00:00,281.1210432
2025-09-05 02:00:00,280.1661464
2025-09-05 03:00:00,279.7176352
2025-09-05 04:00:00,280.1512092
2025-09-05 05:00:00,280.7193392
2025-09-05 06:00:00,281.2901508
2025-09-05 07:00:00,279.86797160000003
2025-09-05 08:00:00,278.77090439999995
2025-09-05 09:00:00,275.63851880000004
2025-09-05 10:00:00,269.9649
2025-09-05 11:00:00,274.1349852
2025-09-05 12:00:00,270.38685079999993
2025-09-05 13:00:00,278.348272
2025-09-05 14:00:00,280.4334508
2025-09-05 15:00:00,283.3071092
2025-09-05 16:00:00,288.8148196
2025-09-05 17:00:00,302.7174652
2025-09-05 18:00:00,386.075242
2025-09-05 19:00:00,352.26565639999995
2025-09-05 20:00:00,294.62140919999996
2025-09-05 21:00:00,293.07994840000003
2025-09-05 22:00:00,288.77344839999995
2025-09-05 23:00:00,285.68985319999996
2025-09-06 00:00:00,286.61069280000004
2025-09-06 01:00:00,285.5009308
2025-09-06 02:00:00,284.6934736
2025-09-06 03:00:00,284.12759919999996
2025-09-06 04:00:00,284.482366
2025-09-06 05:00:00,284.56909239999993
2025-09-06 06:00:00,283.4304196
2025-09-06 07:00:00,268.6055948
2025-09-06 08:00:00,231.71856359999998
2025-09-06 09:00:00,231.57676999999998
2025-09-06 10:00:00,231.5788552
2025-09-06 11:00:00,231.6059628
2025-09-06 12:00:00,231.39327239999997
2025-09-06 13:00:00,231.8332496
2025-09-06 14:00:00,232.2210968
2025-09-06 15:00:00,268.8947059999999
2025-09-06 16:00:00,286.5615476
2025-09-06 17:00:00,293.7713712
2025-09-06 18:00:00,297.0408144
2025-09-06 19:00:00,295.1747608
2025-09-06 20:00:00,292.56963640000004
2025-09-06 21:00:00,291.0611216
2025-09-06 22:00:00,288.12099679999994
2025-09-06 23:00:00,286.9225444
2025-09-07 00:00:00,288.9677604
2025-09-07 01:00:00,285.4929812
2025-09-07 02:00:00,284.7451024
2025-09-07 03:00:00,283.321076
2025-09-07 04:00:00,283.151798
2025-09-07 05:00:00,282.917372
2025-09-07 06:00:00,269.37199999999996
2025-09-07 07:00:00,234.54817999999995
2025-09-07 08:00:00,232.33161239999998
2025-09-07 09:00:00,227.8171544
2025-09-07 10:00:00,223.92825639999995
2025-09-07 11:00:00,205.7265456
2025-09-07 12:00:00,201.0056528
2025-09-07 13:00:00,220.4855912
2025-09-07 14:00:00,230.16925999999998
2025-09-07 15:00:00,234.37510839999996
2025-09-07 16:00:00,276.65658599999995
2025-09-07 17:00:00,292.1576332
2025-09-07 18:00:00,298.5605452
2025-09-07 19:00:00,296.3124924
2025-09-07 20:00:00,293.48878559999997
2025-09-07 21:00:00,292.3855532
2025-09-07 22:00:00,290.942002
2025-09-07 23:00:00,289.5580784
2025-09-08 00:00:00,286.9085228
2025-09-08 01:00:00,284.81436199999996
2025-09-08 02:00:00,283.56951960000004
2025-09-08 03:00:00,283.4483628
2025-09-08 04:00:00,283.727206
2025-09-08 05:00:00,284.14265439999997
2025-09-08 06:00:00,283.15957480000003
2025-09-08 07:00:00,274.06532639999995
2025-09-08 08:00:00,240.19897760000003
2025-09-08 09:00:00,236.8829776
2025-09-08 10:00:00,235.0889776
2025-09-08 11:00:00,234.8469776
2025-09-08 12:00:00,231.90297760000004
2025-09-08 13:00:00,239.7169776
2025-09-08 14:00:00,241.8949776
2025-09-08 15:00:00,279.9651764
2025-09-08 16:00:00,291.179936
2025-09-08 17:00:00,296.65569999999997
2025-09-08 18:00:00,301.81622120000003
2025-09-08 19:00:00,299.0978372
2025-09-08 20:00:00,297.01618399999995
2025-09-08 21:00:00,296.159238
2025-09-08 22:00:00,293.8378756
2025-09-08 23:00:00,291.84124399999996
2025-09-09 00:00:00,290.79244200000005
2025-09-09 01:00:00,289.2138684
2025-09-09 02:00:00,287.75521399999997
2025-09-09 03:00:00,287.4905728
2025-09-09 04:00:00,287.7919808
2025-09-09 05:00:00,289.49255
2025-09-09 06:00:00,290.02729400000004
2025-09-09 07:00:00,288.1452852
2025-09-09 08:00:00,285.20251840000003
2025-09-09 09:00:00,277.6073168
2025-09-09 10:00:00,279.81935719999996
2025-09-09 11:00:00,281.1417788
2025-09-09 12:00:00,278.2409944
2025-09-09 13:00:00,285.2080476
2025-09-09 14:00:00,289.3061144
2025-09-09 15:00:00,292.7945616
2025-09-09 16:00:00,297.22164039999996
2025-09-09 17:00:00,303.29184799999996
2025-09-09 18:00:00,305.0407308
2025-09-09 19:00:00,304.3163364
2025-09-09 20:00:00,302.4052472
2025-09-09 21:00:00,300.50812720000005
2025-09-09 22:00:00,296.7636948
2025-09-09 23:00:00,294.2869692
2025-09-10 00:00:00,293.12421639999997
2025-09-10 01:00:00,291.4383112
2025-09-10 02:00:00,290.8111948
2025-09-10 03:00:00,290.6213204
2025-09-10 04:00:00,290.9065984
2025-09-10 05:00:00,291.6114592
2025-09-10 06:00:00,292.1396876
2025-09-10 07:00:00,290.7009928
2025-09-10 08:00:00,288.7462664
2025-09-10 09:00:00,282.3379212
2025-09-10 10:00:00,280.2377912
2025-09-10 11:00:00,279.984724
2025-09-10 12:00:00,263.2081592
2025-09-10 13:00:00,284.8117956
2025-09-10 14:00:00,290.3447408
2025-09-10 15:00:00,294.7736
2025-09-10 16:00:00,323.745228
2025-09-10 17:00:00,351.5486188
2025-09-10 18:00:00,385.4090628
2025-09-10 19:00:00,380.16572599999995
2025-09-10 20:00:00,351.9281972
2025-09-10 21:00:00,350.4333776
2025-09-10 22:00:00,303.3280668
2025-09-10 23:00:00,295.400574
2025-09-11 00:00:00,293.0352748
2025-09-11 01:00:00,291.2364368
2025-09-11 02:00:00,290.574428
2025-09-11 03:00:00,290.246724
2025-09-11 04:00:00,290.38549079999996
2025-09-11 05:00:00,291.0194996
2025-09-11 06:00:00,291.1123068
2025-09-11 07:00:00,289.3568092
2025-09-11 08:00:00,286.2125896
2025-09-11 09:00:00,279.9021592
2025-09-11 10:00:00,279.1384956
2025-09-11 11:00:00,280.88270639999996
2025-09-11 12:00:00,275.74902519999995
2025-09-11 13:00:00,286.0200828
2025-09-11 14:00:00,290.30105080000004
2025-09-11 15:00:00,293.33416639999996
2025-09-11 16:00:00,298.0248728
2025-09-11 17:00:00,302.0197768
2025-09-11 18:00:00,321.59321439999997
2025-09-11 19:00:00,321.21643359999996
2025-09-11 20:00:00,302.8946956
2025-09-11 21:00:00,301.9223776
2025-09-11 22:00:00,299.2873744
2025-09-11 23:00:00,295.1817668
2025-09-12 00:00:00,291.8451404
2025-09-12 01:00:00,290.07191679999994
2025-09-12 02:00:00,288.749352
2025-09-12 03:00:00,288.4899484
2025-09-12 04:00:00,289.374796
2025-09-12 05:00:00,290.278594
2025-09-12 06:00:00,290.3227644
2025-09-12 07:00:00,287.72637879999996
2025-09-12 08:00:00,280.9072264
2025-09-12 09:00:00,279.62164359999997
2025-09-12 10:00:00,279.7486256
2025-09-12 11:00:00,279.723518
2025-09-12 12:00:00,273.2072492
2025-09-12 13:00:00,283.2030244
2025-09-12 14:00:00,289.10242719999997
2025-09-12 15:00:00,292.7631124
2025-09-12 16:00:00,296.9457784
2025-09-12 17:00:00,301.31601399999994
2025-09-12 18:00:00,303.8916444
2025-09-12 19:00:00,303.1389724
2025-09-12 20:00:00,301.76097319999997
2025-09-12 21:00:00,300.3627544
2025-09-12 22:00:00,297.03916
2025-09-12 23:00:00,294.0417984
2025-09-13 00:00:00,289.7738844
2025-09-13 01:00:00,288.02235600000006
2025-09-13 02:00:00,286.9858808
2025-09-13 03:00:00,286.678002
2025-09-13 04:00:00,286.62625760000003
2025-09-13 05:00:00,286.87593000000004
2025-09-13 06:00:00,285.4388672
2025-09-13 07:00:00,249.27975959999998
2025-09-13 08:00:00,238.4829524
2025-09-13 09:00:00,238.21813199999997
2025-09-13 10:00:00,238.16391679999998
2025-09-13 11:00:00,238.1222128
2025-09-13 12:00:00,237.7614732
2025-09-13 13:00:00,238.6601944
2025-09-13 14:00:00,239.50052999999997
2025-09-13 15:00:00,278.0271212
2025-09-13 16:00:00,292.93867
2025-09-13 17:00:00,300.3716048
2025-09-13 18:00:00,305.53954039999996
2025-09-13 19:00:00,302.49124919999997
2025-09-13 20:00:00,299.85226
2025-09-13 21:00:00,299.2735784
2025-09-13 22:00:00,296.09528839999996
2025-09-13 23:00:00,291.4760268
2025-09-14 00:00:00,308.91393999999997
2025-09-14 01:00:00,302.7505556
2025-09-14 02:00:00,299.4349016
2025-09-14 03:00:00,293.0006416
2025-09-14 04:00:00,294.0185116
2025-09-14 05:00:00,294.6074892
2025-09-14 06:00:00,270.1734628
2025-09-14 07:00:00,259.19732919999996
2025-09-14 08:00:00,258.1484736
2025-09-14 09:00:00,257.82526759999996
2025-09-14 10:00:00,257.6584516
2025-09-14 11:00:00,257.0620844
2025-09-14 12:00:00,256.7680712
2025-09-14 13:00:00,257.3540124
2025-09-14 14:00:00,257.73560399999997
2025-09-14 15:00:00,260.0063868
2025-09-14 16:00:00,276.8964924
2025-09-14 17:00:00,316.40492759999995
2025-09-14 18:00:00,325.204206
2025-09-14 19:00:00,322.8774716
2025-09-14 20:00:00,319.3801416
2025-09-14 21:00:00,314.8465304
2025-09-14 22:00:00,313.4149932
2025-09-14 23:00:00,311.4612716
2025-09-15 00:00:00,294.6236848
2025-09-15 01:00:00,289.723228
2025-09-15 02:00:00,286.5174528
2025-09-15 03:00:00,286.1276188
2025-09-15 04:00:00,287.4129776
2025-09-15 05:00:00,288.797018
2025-09-15 06:00:00,287.61955720000003
2025-09-15 07:00:00,280.2859496
2025-09-15 08:00:00,256.3455944
2025-09-15 09:00:00,235.7096364
2025-09-15 10:00:00,235.70755119999998
2025-09-15 11:00:00,235.7096364
2025-09-15 12:00:00,235.7096364
2025-09-15 13:00:00,277.586774
2025-09-15 14:00:00,286.312668
2025-09-15 15:00:00,292.4774728
2025-09-15 16:00:00,298.16281599999996
2025-09-15 17:00:00,302.9751368
2025-09-15 18:00:00,308.117802
2025-09-15 19:00:00,307.1443676
2025-09-15 20:00:00,303.8304412
2025-09-15 21:00:00,302.2654864
2025-09-15 22:00:00,300.046016
2025-09-15 23:00:00,298.107048
2025-09-16 00:00:00,310.911346
2025-09-16 01:00:00,308.9236648
2025-09-16 02:00:00,308.0742884
2025-09-16 03:00:00,307.834024
2025-09-16 04:00:00,308.3139924
2025-09-16 05:00:00,309.297288
2025-09-16 06:00:00,309.3749156
2025-09-16 07:00:00,305.5097948
2025-09-16 08:00:00,298.9585132
2025-09-16 09:00:00,284.4123392
2025-09-16 10:00:00,285.5117156
2025-09-16 11:00:00,298.1334908
2025-09-16 12:00:00,294.72077759999996
2025-09-16 13:00:00,307.05547160000003
2025-09-16 14:00:00,311.11009359999997
2025-09-16 15:00:00,314.8207604
2025-09-16 16:00:00,322.7666212
2025-09-16 17:00:00,325.742566
2025-09-16 18:00:00,327.4456368
2025-09-16 19:00:00,326.50292879999995
2025-09-16 20:00:00,325.5674408
2025-09-16 21:00:00,324.4775444
2025-09-16 22:00:00,320.313726
2025-09-16 23:00:00,315.4886524
2025-09-17 00:00:00,296.0605208
2025-09-17 01:00:00,294.14062879999994
2025-09-17 02:00:00,293.02849000000003
2025-09-17 03:00:00,292.8946648
2025-09-17 04:00:00,293.3750144
2025-09-17 05:00:00,294.4417944
2025-09-17 06:00:00,294.2156688
2025-09-17 07:00:00,290.0453192
2025-09-17 08:00:00,279.94577680000003
2025-09-17 09:00:00,268.9646112
2025-09-17 10:00:00,270.6174544
2025-09-17 11:00:00,275.61468759999997
2025-09-17 12:00:00,272.3907104
2025-09-17 13:00:00,287.4531224
2025-09-17 14:00:00,293.7956688
2025-09-17 15:00:00,296.582556
2025-09-17 16:00:00,301.2666756
2025-09-17 17:00:00,305.5698256
2025-09-17 18:00:00,310.4506128
2025-09-17 19:00:00,309.0439356
2025-09-17 20:00:00,305.30620239999996
2025-09-17 21:00:00,303.3593072
2025-09-17 22:00:00,301.18621360000003
2025-09-17 23:00:00,298.37534919999996
2025-09-18 00:00:00,286.2296188
2025-09-18 01:00:00,284.37768639999996
2025-09-18 02:00:00,283.08936839999996
2025-09-18 03:00:00,283.07383919999995
2025-09-18 04:00:00,283.69397799999996
2025-09-18 05:00:00,284.8209328
2025-09-18 06:00:00,284.698722
2025-09-18 07:00:00,281.48611679999993
2025-09-18 08:00:00,266.2833772
2025-09-18 09:00:00,234.09986199999997
2025-09-18 10:00:00,233.77874119999996
2025-09-18 11:00:00,252.3531136
2025-09-18 12:00:00,232.53387679999997
2025-09-18 13:00:00,276.332584
2025-09-18 14:00:00,283.8153948
2025-09-18 15:00:00,286.7572508
2025-09-18 16:00:00,290.75459920000003
2025-09-18 17:00:00,293.8517096
2025-09-18 18:00:00,295.32204519999993
2025-09-18 19:00:00,294.6790588
2025-09-18 20:00:00,293.283432
2025-09-18 21:00:00,291.65989479999996
2025-09-18 22:00:00,290.4672852
2025-09-18 23:00:00,288.5948732
2025-09-19 00:00:00,294.6880974
2025-09-19 01:00:00,292.3706634
2025-09-19 02:00:00,278.06443479999996
2025-09-19 03:00:00,279.3460228
2025-09-19 04:00:00,279.2310954000001
2025-09-19 05:00:00,271.75867800000003
2025-09-19 06:00:00,264.6917452
2025-09-19 07:00:00,252.4979424
2025-09-19 08:00:00,256.4221198
2025-09-19 09:00:00,235.63629859999998
2025-09-19 10:00:00,231.6951242
2025-09-19 11:00:00,232.29293279999996
2025-09-19 12:00:00,231.83210359999998
2025-09-19 13:00:00,266.2970892
2025-09-19 14:00:00,279.05046760000005
2025-09-19 15:00:00,295.91712340000004
2025-09-19 16:00:00,299.2552974
2025-09-19 17:00:00,303.61861339999996
2025-09-19 18:00:00,305.27237019999995
2025-09-19 19:00:00,305.1316034
2025-09-19 20:00:00,303.58765780000004
2025-09-19 21:00:00,302.149901
2025-09-19 22:00:00,299.53168300000004
2025-09-19 23:00:00,298.19025739999995
2025-09-20 00:00:00,286.4282056
2025-09-20 01:00:00,284.92691
2025-09-20 02:00:00,284.00532719999995
2025-09-20 03:00:00,283.3767176
2025-09-20 04:00:00,283.5493184
2025-09-20 05:00:00,283.946058
2025-09-20 06:00:00,282.975336
2025-09-20 07:00:00,277.12848399999996
2025-09-20 08:00:00,237.5271208
2025-09-20 09:00:00,235.38434519999996
2025-09-20 10:00:00,235.2634036
2025-09-20 11:00:00,235.03611679999995
2025-09-20 12:00:00,234.6274176
2025-09-20 13:00:00,237.3666456
2025-09-20 14:00:00,274.3277032
2025-09-20 15:00:00,284.266586
2025-09-20 16:00:00,288.205858
2025-09-20 17:00:00,292.9911792
2025-09-20 18:00:00,295.4135192
2025-09-20 19:00:00,294.6609544
2025-09-20 20:00:00,293.266004
2025-09-20 21:00:00,290.83588
2025-09-20 22:00:00,288.82713679999995
2025-09-20 23:00:00,287.51497600000005
2025-09-21 00:00:00,282.7708492
2025-09-21 01:00:00,280.587016
2025-09-21 02:00:00,280.1102404
2025-09-21 03:00:00,279.8659804
2025-09-21 04:00:00,279.92283239999995
2025-09-21 05:00:00,279.8647068
2025-09-21 06:00:00,274.41697639999995
2025-09-21 07:00:00,230.6134076
2025-09-21 08:00:00,230.2964572
2025-09-21 09:00:00,229.8418836
2025-09-21 10:00:00,229.57497799999996
2025-09-21 11:00:00,229.6458748
2025-09-21 12:00:00,229.65004519999997
2025-09-21 13:00:00,229.86690599999997
2025-09-21 14:00:00,230.46744359999997
2025-09-21 15:00:00,273.5293488
2025-09-21 16:00:00,281.6579304
2025-09-21 17:00:00,287.656354
2025-09-21 18:00:00,292.0981048
2025-09-21 19:00:00,291.2997148
2025-09-21 20:00:00,288.25357759999997
2025-09-21 21:00:00,285.80267799999996
2025-09-21 22:00:00,284.9637232
2025-09-21 23:00:00,283.22128919999994
2025-09-22 00:00:00,282.4068596
2025-09-22 01:00:00,281.1979988
2025-09-22 02:00:00,280.65164919999995
2025-09-22 03:00:00,280.5714384
2025-09-22 04:00:00,280.8134384
2025-09-22 05:00:00,281.03722319999997
2025-09-22 06:00:00,279.6284036
2025-09-22 07:00:00,273.869704
2025-09-22 08:00:00,264.0240308
2025-09-22 09:00:00,242.42097760000001
2025-09-22 10:00:00,242.70497759999998
2025-09-22 11:00:00,242.8409776
2025-09-22 12:00:00,242.73097760000002
2025-09-22 13:00:00,249.05131799999998
2025-09-22 14:00:00,275.8828028
2025-09-22 15:00:00,282.5441348
2025-09-22 16:00:00,287.49422719999995
2025-09-22 17:00:00,292.6746324
2025-09-22 18:00:00,301.27138279999997
2025-09-22 19:00:00,297.8542488
2025-09-22 20:00:00,293.91422320000004
2025-09-22 21:00:00,292.38853839999996
2025-09-22 22:00:00,290.3965164
2025-09-22 23:00:00,287.098764
2025-09-23 00:00:00,282.3760612
2025-09-23 01:00:00,281.14979239999997
2025-09-23 02:00:00,279.9248912
2025-09-23 03:00:00,279.8147208
2025-09-23 04:00:00,280.184936
2025-09-23 05:00:00,281.2592048
2025-09-23 06:00:00,281.1757968
2025-09-23 07:00:00,279.4321244
2025-09-23 08:00:00,278.2812724
2025-09-23 09:00:00,276.5024608
2025-09-23 10:00:00,276.8583756
2025-09-23 11:00:00,277.4293128
2025-09-23 12:00:00,276.66437559999997
2025-09-23 13:00:00,278.5227788
2025-09-23 14:00:00,282.1090284
2025-09-23 15:00:00,286.278448
2025-09-23 16:00:00,291.76432880000004
2025-09-23 17:00:00,297.20408119999996
2025-09-23 18:00:00,303.1999384
2025-09-23 19:00:00,310.5198416
2025-09-23 20:00:00,300.6836616
2025-09-23 21:00:00,296.64587040000004
2025-09-23 22:00:00,291.1211228
2025-09-23 23:00:00,286.5051568
2025-09-24 00:00:00,283.72225719999994
2025-09-24 01:00:00,280.8634376
2025-09-24 02:00:00,279.5629896
2025-09-24 03:00:00,279.3939672
2025-09-24 04:00:00,279.72558599999996
2025-09-24 05:00:00,281.02097119999996
2025-09-24 06:00:00,280.5245812
2025-09-24 07:00:00,278.0243844
2025-09-24 08:00:00,275.653362
2025-09-24 09:00:00,231.42872079999998
2025-09-24 10:00:00,231.51212879999997
2025-09-24 11:00:00,231.7206488
2025-09-24 12:00:00,231.51629919999996
2025-09-24 13:00:00,246.30710119999998
2025-09-24 14:00:00,279.6067904
2025-09-24 15:00:00,285.7821916
2025-09-24 16:00:00,290.53696119999995
2025-09-24 17:00:00,297.93347719999997
2025-09-24 18:00:00,417.25119720000004
2025-09-24 19:00:00,396.5224436
2025-09-24 20:00:00,324.0268196
2025-09-24 21:00:00,296.85527160000004
2025-09-24 22:00:00,290.8308944
2025-09-24 23:00:00,286.26063680000004
2025-09-25 00:00:00,275.50447740000004
2025-09-25 01:00:00,270.9968246
2025-09-25 02:00:00,269.340049
2025-09-25 03:00:00,267.69023219999997
2025-09-25 04:00:00,268.152508
2025-09-25 05:00:00,270.02077399999996
2025-09-25 06:00:00,269.1407584
2025-09-25 07:00:00,265.8461558
2025-09-25 08:00:00,225.9818244
2025-09-25 09:00:00,222.89068659999998
2025-09-25 10:00:00,222.94992899999997
2025-09-25 11:00:00,223.0010564
2025-09-25 12:00:00,222.87602439999995
2025-09-25 13:00:00,232.5014228
2025-09-25 14:00:00,270.6455442
2025-09-25 15:00:00,277.4390808
2025-09-25 16:00:00,286.2839488
2025-09-25 17:00:00,295.08360920000007
2025-09-25 18:00:00,362.3415398
2025-09-25 19:00:00,384.3468884
2025-09-25 20:00:00,317.1741276
2025-09-25 21:00:00,299.00495140000004
2025-09-25 22:00:00,285.8185058
2025-09-25 23:00:00,279.07169239999996
2025-09-26 00:00:00,272.94411080000003
2025-09-26 01:00:00,244.34767860000002
2025-09-26 02:00:00,226.0822126
2025-09-26 03:00:00,223.34318960000002
2025-09-26 04:00:00,225.44227880000003
2025-09-26 05:00:00,252.813002
2025-09-26 06:00:00,237.29493240000002
2025-09-26 07:00:00,208.1055538
2025-09-26 08:00:00,206.27111180000003
2025-09-26 09:00:00,215.0697638
2025-09-26 10:00:00,215.87724079999998
2025-09-26 11:00:00,215.3651938
2025-09-26 12:00:00,216.69670639999998
2025-09-26 13:00:00,215.6172384
2025-09-26 14:00:00,220.19376240000003
2025-09-26 15:00:00,275.5349856
2025-09-26 16:00:00,316.46816640000003
2025-09-26 17:00:00,335.82216
2025-09-26 18:00:00,378.22163119999993
2025-09-26 19:00:00,387.3100512
2025-09-26 20:00:00,353.94395380000003
2025-09-26 21:00:00,344.769818
2025-09-26 22:00:00,305.10618579999993
2025-09-26 23:00:00,280.5360588
2025-09-27 00:00:00,269.2918568
2025-09-27 01:00:00,255.19938460000003
2025-09-27 02:00:00,250.6916868
2025-09-27 03:00:00,240.2486644
2025-09-27 04:00:00,244.4463436
2025-09-27 05:00:00,247.8882646
2025-09-27 06:00:00,227.23334540000002
2025-09-27 07:00:00,222.94348879999998
2025-09-27 08:00:00,224.6868078
2025-09-27 09:00:00,226.20826899999997
2025-09-27 10:00:00,231.80175879999996
2025-09-27 11:00:00,231.52666099999996
2025-09-27 12:00:00,226.4945654
2025-09-27 13:00:00,256.7808052
2025-09-27 14:00:00,280.3649478
2025-09-27 15:00:00,296.17514379999994
2025-09-27 16:00:00,317.2295658
2025-09-27 17:00:00,403.6623678
2025-09-27 18:00:00,482.70211880000005
2025-09-27 19:00:00,442.512128
2025-09-27 20:00:00,373.8621986
2025-09-27 21:00:00,352.850355
2025-09-27 22:00:00,343.2152652
2025-09-27 23:00:00,322.65490740000007
2025-09-28 00:00:00,451.8894754
2025-09-28 01:00:00,346.104872
2025-09-28 02:00:00,342.5484082
2025-09-28 03:00:00,340.240054
2025-09-28 04:00:00,339.9702698
2025-09-28 05:00:00,341.397042
2025-09-28 06:00:00,295.7708162
2025-09-28 07:00:00,295.06519679999997
2025-09-28 08:00:00,294.840834
2025-09-28 09:00:00,295.1465546
2025-09-28 10:00:00,297.906388
2025-09-28 11:00:00,298.65447159999997
2025-09-28 12:00:00,296.0523598
2025-09-28 13:00:00,301.81492280000003
2025-09-28 14:00:00,348.0995142
2025-09-28 15:00:00,375.47560379999993
2025-09-28 16:00:00,446.2652784
2025-09-28 17:00:00,481.1298972000001
2025-09-28 18:00:00,495.5068904
2025-09-28 19:00:00,491.79323860000005
2025-09-28 20:00:00,482.3095824
2025-09-28 21:00:00,477.5912101999999
2025-09-28 22:00:00,430.0330486
2025-09-28 23:00:00,348.6459826
2025-09-29 00:00:00,341.0522138
2025-09-29 01:00:00,336.09816620000004
2025-09-29 02:00:00,333.7192092
2025-09-29 03:00:00,331.8121666
2025-09-29 04:00:00,330.07619980000004
2025-09-29 05:00:00,328.7379426
2025-09-29 06:00:00,323.05334339999996
2025-09-29 07:00:00,291.5796606
2025-09-29 08:00:00,191.13630659999998
2025-09-29 09:00:00,186.341585
2025-09-29 10:00:00,189.46019160000003
2025-09-29 11:00:00,190.31665920000003
2025-09-29 12:00:00,190.0285802
2025-09-29 13:00:00,235.8058422
2025-09-29 14:00:00,241.22216680000002
2025-09-29 15:00:00,314.30794679999997
2025-09-29 16:00:00,348.4047758
2025-09-29 17:00:00,358.63325960000003
2025-09-29 18:00:00,364.24351420000005
2025-09-29 19:00:00,362.9760842
2025-09-29 20:00:00,360.06036299999994
2025-09-29 21:00:00,359.1967642
2025-09-29 22:00:00,351.97194260000003
2025-09-29 23:00:00,346.1126012
2025-09-30 00:00:00,341.35567019999996
2025-09-30 01:00:00,336.147349
2025-09-30 02:00:00,333.7066582
2025-09-30 03:00:00,333.24752440000003
2025-09-30 04:00:00,334.00661
2025-09-30 05:00:00,335.74277500000005
2025-09-30 06:00:00,336.232909
2025-09-30 07:00:00,335.8092214
2025-09-30 08:00:00,335.17112119999996
2025-09-30 09:00:00,311.444114
2025-09-30 10:00:00,303.63359479999997
2025-09-30 11:00:00,320.4671746
2025-09-30 12:00:00,318.8661448
2025-09-30 13:00:00,338.978929
2025-09-30 14:00:00,345.8199354
2025-09-30 15:00:00,349.324467
2025-09-30 16:00:00,355.7234452
2025-09-30 17:00:00,363.0456176
2025-09-30 18:00:00,366.20385539999995
2025-09-30 19:00:00,366.4821776
2025-09-30 20:00:00,365.7017072
2025-09-30 21:00:00,363.544179
2025-09-30 22:00:00,353.313346
2025-09-30 23:00:00,345.2077794
2025-10-01 00:00:00,339.7388304
2025-10-01 01:00:00,336.9740872
2025-10-01 02:00:00,335.623399
2025-10-01 03:00:00,335.41302299999995
2025-10-01 04:00:00,335.13061259999995
2025-10-01 05:00:00,336.3221558
2025-10-01 06:00:00,336.1525992
2025-10-01 07:00:00,334.68640800000003
2025-10-01 08:00:00,326.93218379999996
2025-10-01 09:00:00,290.59255079999997
2025-10-01 10:00:00,291.1396836
2025-10-01 11:00:00,295.88831080000006
2025-10-01 12:00:00,290.6512844
2025-10-01 13:00:00,334.27382159999996
2025-10-01 14:00:00,341.503193
2025-10-01 15:00:00,346.57654979999995
2025-10-01 16:00:00,353.3418246
2025-10-01 17:00:00,356.71717720000004
2025-10-01 18:00:00,363.6072188
2025-10-01 19:00:00,363.4539562
2025-10-01 20:00:00,363.32976540000004
2025-10-01 21:00:00,362.121187
2025-10-01 22:00:00,350.7708417999999
2025-10-01 23:00:00,345.236935
2025-10-02 00:00:00,320.93631619999996
2025-10-02 01:00:00,317.1507404
2025-10-02 02:00:00,314.9878544
2025-10-02 03:00:00,313.91839339999996
2025-10-02 04:00:00,313.51579300000003
2025-10-02 05:00:00,315.02343559999997
2025-10-02 06:00:00,314.00346360000003
2025-10-02 07:00:00,312.8949544
2025-10-02 08:00:00,312.2448832
2025-10-02 09:00:00,300.6520388
2025-10-02 10:00:00,296.6565258
2025-10-02 11:00:00,307.7140414
2025-10-02 12:00:00,305.96113080000003
2025-10-02 13:00:00,312.95249380000007
2025-10-02 14:00:00,319.02255460000003
2025-10-02 15:00:00,333.1510738
2025-10-02 16:00:00,408.1218988
2025-10-02 17:00:00,442.821256
2025-10-02 18:00:00,451.002889
2025-10-02 19:00:00,450.3067106
2025-10-02 20:00:00,447.91220059999995
2025-10-02 21:00:00,446.01916580000005
2025-10-02 22:00:00,369.352808
2025-10-02 23:00:00,333.1060584
2025-10-03 00:00:00,322.61212680000006
2025-10-03 01:00:00,318.14784099999997
2025-10-03 02:00:00,314.1114932
2025-10-03 03:00:00,311.9289534
2025-10-03 04:00:00,312.11845300000004
2025-10-03 05:00:00,313.6196706
2025-10-03 06:00:00,308.4617642
2025-10-03 07:00:00,304.7475402
2025-10-03 08:00:00,297.72392360000003
2025-10-03 09:00:00,277.221599
2025-10-03 10:00:00,283.08619999999996
2025-10-03 11:00:00,288.2242864
2025-10-03 12:00:00,290.3116672
2025-10-03 13:00:00,312.3839448
2025-10-03 14:00:00,318.1053768
2025-10-03 15:00:00,326.75937519999997
2025-10-03 16:00:00,374.9358292
2025-10-03 17:00:00,434.0469282
2025-10-03 18:00:00,446.7559172
2025-10-03 19:00:00,448.4264226
2025-10-03 20:00:00,441.11187
2025-10-03 21:00:00,439.5891114
2025-10-03 22:00:00,382.2996036
2025-10-03 23:00:00,328.3166784
2025-10-04 00:00:00,331.3339092
2025-10-04 01:00:00,325.12512960000004
2025-10-04 02:00:00,321.810221
2025-10-04 03:00:00,320.65874700000006
2025-10-04 04:00:00,320.7082018
2025-10-04 05:00:00,321.2554814
2025-10-04 06:00:00,312.1925688
2025-10-04 07:00:00,277.71781999999996
2025-10-04 08:00:00,280.4270074
2025-10-04 09:00:00,282.0997496
2025-10-04 10:00:00,283.571577
2025-10-04 11:00:00,284.0347224
2025-10-04 12:00:00,281.8995988
2025-10-04 13:00:00,284.07977739999995
2025-10-04 14:00:00,286.090669
2025-10-04 15:00:00,296.8381382
2025-10-04 16:00:00,337.8123996
2025-10-04 17:00:00,343.7503612
2025-10-04 18:00:00,349.6445968
2025-10-04 19:00:00,348.7352762
2025-10-04 20:00:00,346.20592320000003
2025-10-04 21:00:00,343.77515999999997
2025-10-04 22:00:00,340.7904302
2025-10-04 23:00:00,336.63798800000006
2025-10-05 00:00:00,307.3439714
2025-10-05 01:00:00,302.1824764
2025-10-05 02:00:00,295.8806794
2025-10-05 03:00:00,289.1615538
2025-10-05 04:00:00,285.9675702
2025-10-05 05:00:00,286.0099958
2025-10-05 06:00:00,257.859554
2025-10-05 07:00:00,235.0338022
2025-10-05 08:00:00,220.50570299999998
2025-10-05 09:00:00,191.913931
2025-10-05 10:00:00,175.9032712
2025-10-05 11:00:00,175.898324
2025-10-05 12:00:00,175.2364588
2025-10-05 13:00:00,194.0970658
2025-10-05 14:00:00,222.6928122
2025-10-05 15:00:00,250.54575119999998
2025-10-05 16:00:00,305.6010338
2025-10-05 17:00:00,331.0231622
2025-10-05 18:00:00,336.6592732
2025-10-05 19:00:00,334.15322
2025-10-05 20:00:00,332.093592
2025-10-05 21:00:00,323.8506166
2025-10-05 22:00:00,311.5325822
2025-10-05 23:00:00,308.94029479999995
2025-10-06 00:00:00,303.9557096
2025-10-06 01:00:00,300.40322920000006
2025-10-06 02:00:00,298.1836326
2025-10-06 03:00:00,297.71124440000006
2025-10-06 04:00:00,297.8288498
2025-10-06 05:00:00,298.73907199999996
2025-10-06 06:00:00,273.8328142
2025-10-06 07:00:00,196.63753580000002
2025-10-06 08:00:00,191.01647100000002
2025-10-06 09:00:00,174.5314494
2025-10-06 10:00:00,179.59223100000003
2025-10-06 11:00:00,194.1947132
2025-10-06 12:00:00,198.61564059999998
2025-10-06 13:00:00,205.74664759999996
2025-10-06 14:00:00,208.311081
2025-10-06 15:00:00,231.98067800000004
2025-10-06 16:00:00,304.6672274
2025-10-06 17:00:00,312.83469940000003
2025-10-06 18:00:00,321.32679659999997
2025-10-06 19:00:00,319.5716718
2025-10-06 20:00:00,315.63158880000003
2025-10-06 21:00:00,313.78839120000004
2025-10-06 22:00:00,311.7540336
2025-10-06 23:00:00,308.04987960000005
2025-10-07 00:00:00,304.97602420000004
2025-10-07 01:00:00,300.8913656
2025-10-07 02:00:00,298.7350170000001
2025-10-07 03:00:00,298.84428080000004
2025-10-07 04:00:00,299.11794
2025-10-07 05:00:00,300.94775860000004
2025-10-07 06:00:00,301.82301459999996
2025-10-07 07:00:00,296.53515600000003
2025-10-07 08:00:00,293.102943
2025-10-07 09:00:00,290.317117
2025-10-07 10:00:00,295.91366619999997
2025-10-07 11:00:00,297.99699400000003
2025-10-07 12:00:00,294.89916519999997
2025-10-07 13:00:00,304.24012759999994
2025-10-07 14:00:00,310.083859
2025-10-07 15:00:00,313.6609436
2025-10-07 16:00:00,320.70374000000004
2025-10-07 17:00:00,325.5587278
2025-10-07 18:00:00,331.96201379999997
2025-10-07 19:00:00,332.4338202
2025-10-07 20:00:00,330.151613
2025-10-07 21:00:00,326.38789019999996
2025-10-07 22:00:00,318.73141840000005
2025-10-07 23:00:00,311.59402639999996
2025-10-08 00:00:00,307.8947682
2025-10-08 01:00:00,304.21817020000003
2025-10-08 02:00:00,301.5083348
2025-10-08 03:00:00,301.38336740000005
2025-10-08 04:00:00,301.9918738
2025-10-08 05:00:00,303.7807558
2025-10-08 06:00:00,302.87355540000004
2025-10-08 07:00:00,294.68563120000005
2025-10-08 08:00:00,288.0178108
2025-10-08 09:00:00,280.4916488
2025-10-08 10:00:00,284.9957954
2025-10-08 11:00:00,287.15941660000004
2025-10-08 12:00:00,285.6805992
2025-10-08 13:00:00,302.045971
2025-10-08 14:00:00,309.6781522
2025-10-08 15:00:00,319.39992739999997
2025-10-08 16:00:00,350.77386
2025-10-08 17:00:00,370.4340866
2025-10-08 18:00:00,380.707773
2025-10-08 19:00:00,384.508283
2025-10-08 20:00:00,377.3757168
2025-10-08 21:00:00,373.9589466
2025-10-08 22:00:00,358.144744
2025-10-08 23:00:00,323.0552924
2025-10-09 00:00:00,257.848195
2025-10-09 01:00:00,252.0683826
2025-10-09 02:00:00,250.42181680000004
2025-10-09 03:00:00,249.4930632
2025-10-09 04:00:00,249.9941766
2025-10-09 05:00:00,250.6541376
2025-10-09 06:00:00,249.4933122
2025-10-09 07:00:00,240.8099542
2025-10-09 08:00:00,222.42312940000002
2025-10-09 09:00:00,200.5153272
2025-10-09 10:00:00,200.9529134
2025-10-09 11:00:00,200.90170600000002
2025-10-09 12:00:00,200.56423780000003
2025-10-09 13:00:00,246.9186944
2025-10-09 14:00:00,253.3376476
2025-10-09 15:00:00,262.19031340000004
2025-10-09 16:00:00,325.11506799999995
2025-10-09 17:00:00,344.64620959999996
2025-10-09 18:00:00,362.6983812
2025-10-09 19:00:00,372.03971
2025-10-09 20:00:00,343.2596708
2025-10-09 21:00:00,326.035857
2025-10-09 22:00:00,291.07744979999995
2025-10-09 23:00:00,258.5941438
2025-10-10 00:00:00,256.53219
2025-10-10 01:00:00,252.29713199999998
2025-10-10 02:00:00,251.15422840000002
2025-10-10 03:00:00,250.43235020000003
2025-10-10 04:00:00,250.9863358
2025-10-10 05:00:00,251.5596306
2025-10-10 06:00:00,250.57637319999998
2025-10-10 07:00:00,241.45263820000005
2025-10-10 08:00:00,226.5538946
2025-10-10 09:00:00,210.7361664
2025-10-10 10:00:00,210.80403039999996
2025-10-10 11:00:00,227.41894060000004
2025-10-10 12:00:00,228.29721679999997
2025-10-10 13:00:00,248.6812746
2025-10-10 14:00:00,252.9160296
2025-10-10 15:00:00,257.44416160000003
2025-10-10 16:00:00,263.8329872
2025-10-10 17:00:00,265.9381338
2025-10-10 18:00:00,268.246911
2025-10-10 19:00:00,268.2522296
2025-10-10 20:00:00,267.0614974
2025-10-10 21:00:00,265.7472144
2025-10-10 22:00:00,260.0962106
2025-10-10 23:00:00,256.4705972
2025-10-11 00:00:00,251.18324159999997
2025-10-11 01:00:00,246.98832039999996
2025-10-11 02:00:00,241.8532662
2025-10-11 03:00:00,239.13053600000003
2025-10-11 04:00:00,239.72728820000003
2025-10-11 05:00:00,240.4004362
2025-10-11 06:00:00,213.831468
2025-10-11 07:00:00,200.94584360000002
2025-10-11 08:00:00,201.9820526
2025-10-11 09:00:00,202.39529000000002
2025-10-11 10:00:00,202.7093178
2025-10-11 11:00:00,202.40935480000002
2025-10-11 12:00:00,201.22066820000003
2025-10-11 13:00:00,203.0879016
2025-10-11 14:00:00,204.79126100000002
2025-10-11 15:00:00,227.51052380000002
2025-10-11 16:00:00,258.5900168
2025-10-11 17:00:00,264.009851
2025-10-11 18:00:00,267.798578
2025-10-11 19:00:00,265.0767276
2025-10-11 20:00:00,262.1849448
2025-10-11 21:00:00,260.9781448
2025-10-11 22:00:00,258.7492542
2025-10-11 23:00:00,255.3640606
2025-10-12 00:00:00,253.2691992
2025-10-12 01:00:00,250.01654520000002
2025-10-12 02:00:00,247.6415834
2025-10-12 03:00:00,244.78306940000002
2025-10-12 04:00:00,244.99979779999998
2025-10-12 05:00:00,244.1747166
2025-10-12 06:00:00,194.0463542
2025-10-12 07:00:00,164.0239788
2025-10-12 08:00:00,151.9440152
2025-10-12 09:00:00,107.37231940000001
2025-10-12 10:00:00,108.7305292
2025-10-12 11:00:00,108.86871760000001
2025-10-12 12:00:00,116.15099860000002
2025-10-12 13:00:00,142.103412
2025-10-12 14:00:00,177.40301440000002
2025-10-12 15:00:00,196.3649006
2025-10-12 16:00:00,247.79795439999998
2025-10-12 17:00:00,259.28439779999997
2025-10-12 18:00:00,264.397967
2025-10-12 19:00:00,262.38710879999996
2025-10-12 20:00:00,260.303182
2025-10-12 21:00:00,258.19565
2025-10-12 22:00:00,256.3761508
2025-10-12 23:00:00,254.2912694
2025-10-13 00:00:00,251.18467019999997
2025-10-13 01:00:00,247.82462180000002
2025-10-13 02:00:00,246.158982
2025-10-13 03:00:00,245.92576300000002
2025-10-13 04:00:00,245.9331716
2025-10-13 05:00:00,244.14964360000005
2025-10-13 06:00:00,166.0849498
2025-10-13 07:00:00,136.5207672
2025-10-13 08:00:00,134.09481820000002
2025-10-13 09:00:00,104.4787666
2025-10-13 10:00:00,112.79290060000001
2025-10-13 11:00:00,142.5291888
2025-10-13 12:00:00,142.92041
2025-10-13 13:00:00,151.6175112
2025-10-13 14:00:00,153.85693759999998
2025-10-13 15:00:00,158.58903180000001
2025-10-13 16:00:00,254.70700879999998
2025-10-13 17:00:00,262.007895
2025-10-13 18:00:00,269.56836
2025-10-13 19:00:00,270.1024496
2025-10-13 20:00:00,265.952128
2025-10-13 21:00:00,262.9493408
2025-10-13 22:00:00,259.6184978
2025-10-13 23:00:00,256.196731
2025-10-14 00:00:00,250.95843100000002
2025-10-14 01:00:00,247.05425839999998
2025-10-14 02:00:00,245.4011392
2025-10-14 03:00:00,245.61123980000002
2025-10-14 04:00:00,245.9538326
2025-10-14 05:00:00,247.97505499999997
2025-10-14 06:00:00,245.0325972
2025-10-14 07:00:00,230.9040532
2025-10-14 08:00:00,225.57759660000002
2025-10-14 09:00:00,197.739275
2025-10-14 10:00:00,200.0131416
2025-10-14 11:00:00,214.919882
2025-10-14 12:00:00,182.0092416
2025-10-14 13:00:00,242.80942439999998
2025-10-14 14:00:00,252.03619020000002
2025-10-14 15:00:00,258.0400622
2025-10-14 16:00:00,262.5977818
2025-10-14 17:00:00,265.20744279999997
2025-10-14 18:00:00,269.158884
2025-10-14 19:00:00,270.1669202
2025-10-14 20:00:00,266.9812876
2025-10-14 21:00:00,264.8212324
2025-10-14 22:00:00,261.6510142
2025-10-14 23:00:00,258.195443
2025-10-15 00:00:00,253.0989138
2025-10-15 01:00:00,249.2417852
2025-10-15 02:00:00,248.13068380000004
2025-10-15 03:00:00,248.33941020000003
2025-10-15 04:00:00,248.4933874
2025-10-15 05:00:00,249.31285559999998
2025-10-15 06:00:00,246.88197200000005
2025-10-15 07:00:00,226.2815222
2025-10-15 08:00:00,214.4001686
2025-10-15 09:00:00,201.9753364
2025-10-15 10:00:00,202.6495296
2025-10-15 11:00:00,202.89114439999997
2025-10-15 12:00:00,205.1834332
2025-10-15 13:00:00,245.2821524
2025-10-15 14:00:00,255.05386140000002
2025-10-15 15:00:00,258.43742660000004
2025-10-15 16:00:00,264.7437232
2025-10-15 17:00:00,266.93557
2025-10-15 18:00:00,271.0486504
2025-10-15 19:00:00,271.90705379999997
2025-10-15 20:00:00,267.87270679999995
2025-10-15 21:00:00,265.0181252
2025-10-15 22:00:00,262.1347366
2025-10-15 23:00:00,257.42901159999997
2025-10-16 00:00:00,248.59749219999998
2025-10-16 01:00:00,245.57153719999997
2025-10-16 02:00:00,244.3413688
2025-10-16 03:00:00,244.3673588
2025-10-16 04:00:00,244.89150680000003
2025-10-16 05:00:00,244.9933212
2025-10-16 06:00:00,242.90720220000003
2025-10-16 07:00:00,226.4526472
2025-10-16 08:00:00,214.9423514
2025-10-16 09:00:00,199.75287399999996
2025-10-16 10:00:00,200.4249518
2025-10-16 11:00:00,211.9001454
2025-10-16 12:00:00,206.72904119999998
2025-10-16 13:00:00,241.73335459999998
2025-10-16 14:00:00,250.0734308
2025-10-16 15:00:00,258.775645
2025-10-16 16:00:00,272.0665552
2025-10-16 17:00:00,277.39643079999996
2025-10-16 18:00:00,285.5126804
2025-10-16 19:00:00,285.38640399999997
2025-10-16 20:00:00,276.14250680000004
2025-10-16 21:00:00,274.1856768
2025-10-16 22:00:00,267.65748279999997
2025-10-16 23:00:00,261.2575978
2025-10-17 00:00:00,250.93208180000002
2025-10-17 01:00:00,246.51927020000002
2025-10-17 02:00:00,245.0411814
2025-10-17 03:00:00,244.86548599999998
2025-10-17 04:00:00,245.45095120000002
2025-10-17 05:00:00,245.5671076
2025-10-17 06:00:00,235.87851100000003
2025-10-17 07:00:00,220.3734934
2025-10-17 08:00:00,197.29404979999998
2025-10-17 09:00:00,197.09222799999998
2025-10-17 10:00:00,197.6722904
2025-10-17 11:00:00,207.11775440000002
2025-10-17 12:00:00,227.14205039999996
2025-10-17 13:00:00,239.3847282
2025-10-17 14:00:00,249.41628139999997
2025-10-17 15:00:00,260.2075566
2025-10-17 16:00:00,290.89401340000006
2025-10-17 17:00:00,289.0292614
2025-10-17 18:00:00,340.5106782
2025-10-17 19:00:00,348.818265
2025-10-17 20:00:00,302.3433696
2025-10-17 21:00:00,302.3304954
2025-10-17 22:00:00,289.1456792
2025-10-17 23:00:00,261.359096
2025-10-18 00:00:00,246.7621208
2025-10-18 01:00:00,229.38843219999998
2025-10-18 02:00:00,229.06125980000002
2025-10-18 03:00:00,226.62298019999997
2025-10-18 04:00:00,228.22280140000004
2025-10-18 05:00:00,226.2141022
2025-10-18 06:00:00,223.9771562
2025-10-18 07:00:00,221.3332764
2025-10-18 08:00:00,218.08468499999998
2025-10-18 09:00:00,221.38724280000002
2025-10-18 10:00:00,222.16223520000003
2025-10-18 11:00:00,223.23695819999998
2025-10-18 12:00:00,222.501152
2025-10-18 13:00:00,225.44633140000002
2025-10-18 14:00:00,229.0498296
2025-10-18 15:00:00,234.438464
2025-10-18 16:00:00,252.0665456
2025-10-18 17:00:00,263.5718922
2025-10-18 18:00:00,276.2056268
2025-10-18 19:00:00,271.35232560000003
2025-10-18 20:00:00,265.50500139999997
2025-10-18 21:00:00,263.813805
2025-10-18 22:00:00,260.64008739999997
2025-10-18 23:00:00,252.58094300000002
2025-10-19 00:00:00,226.15604739999998
2025-10-19 01:00:00,219.05247200000002
2025-10-19 02:00:00,216.2527498
2025-10-19 03:00:00,215.1262258
2025-10-19 04:00:00,215.0532026
2025-10-19 05:00:00,214.47310120000003
2025-10-19 06:00:00,207.05058139999997
2025-10-19 07:00:00,175.11601500000003
2025-10-19 08:00:00,175.36834879999998
2025-10-19 09:00:00,176.01461120000002
2025-10-19 10:00:00,175.7992046
2025-10-19 11:00:00,175.6978156
2025-10-19 12:00:00,175.34927620000002
2025-10-19 13:00:00,175.33286300000003
2025-10-19 14:00:00,191.3003314
2025-10-19 15:00:00,207.1008148
2025-10-19 16:00:00,219.04767040000002
2025-10-19 17:00:00,233.8501204
2025-10-19 18:00:00,239.69973399999998
2025-10-19 19:00:00,238.36011319999997
2025-10-19 20:00:00,235.931809
2025-10-19 21:00:00,234.0081338
2025-10-19 22:00:00,231.4538904
2025-10-19 23:00:00,229.045716
2025-10-20 00:00:00,222.01055399999996
2025-10-20 01:00:00,214.792256
2025-10-20 02:00:00,214.7826176
2025-10-20 03:00:00,212.69017320000003
2025-10-20 04:00:00,212.4081084
2025-10-20 05:00:00,211.48285220000002
2025-10-20 06:00:00,209.2788048
2025-10-20 07:00:00,153.21383680000002
2025-10-20 08:00:00,101.20746240000001
2025-10-20 09:00:00,96.19716040000002
2025-10-20 10:00:00,99.7794398
2025-10-20 11:00:00,129.4095666
2025-10-20 12:00:00,142.1076244
2025-10-20 13:00:00,189.7422472
2025-10-20 14:00:00,211.75609799999998
2025-10-20 15:00:00,219.86311940000002
2025-10-20 16:00:00,227.52320099999997
2025-10-20 17:00:00,230.7061014
2025-10-20 18:00:00,233.9819114
2025-10-20 19:00:00,234.3213886
2025-10-20 20:00:00,232.9166878
2025-10-20 21:00:00,232.25690279999998
2025-10-20 22:00:00,230.79447059999998
2025-10-20 23:00:00,226.4411368
2025-10-21 00:00:00,175.4951446
2025-10-21 01:00:00,173.71751799999998
2025-10-21 02:00:00,173.00107500000001
2025-10-21 03:00:00,173.0710118
2025-10-21 04:00:00,173.11747459999998
2025-10-21 05:00:00,173.260365
2025-10-21 06:00:00,173.34616920000002
2025-10-21 07:00:00,173.696408
2025-10-21 08:00:00,174.906908
2025-10-21 09:00:00,175.0136958
2025-10-21 10:00:00,175.197876
2025-10-21 11:00:00,175.229634
2025-10-21 12:00:00,175.1084382
2025-10-21 13:00:00,176.4217
2025-10-21 14:00:00,177.5962044
2025-10-21 15:00:00,178.4984276
2025-10-21 16:00:00,222.833864
2025-10-21 17:00:00,230.7476522
2025-10-21 18:00:00,234.85691839999998
2025-10-21 19:00:00,235.8382204
2025-10-21 20:00:00,234.17147519999997
2025-10-21 21:00:00,232.28464300000002
2025-10-21 22:00:00,229.40097180000004
2025-10-21 23:00:00,214.9428458
2025-10-22 00:00:00,218.84286860000003
2025-10-22 01:00:00,209.6918906
2025-10-22 02:00:00,207.44265000000001
2025-10-22 03:00:00,207.3077518
2025-10-22 04:00:00,207.94406399999997
2025-10-22 05:00:00,208.86970819999996
2025-10-22 06:00:00,207.35389339999998
2025-10-22 07:00:00,173.4188028
2025-10-22 08:00:00,174.27198
2025-10-22 09:00:00,174.50904380000003
2025-10-22 10:00:00,174.4030986
2025-10-22 11:00:00,174.2217146
2025-10-22 12:00:00,173.25472240000002
2025-10-22 13:00:00,174.7614936
2025-10-22 14:00:00,196.30884880000002
2025-10-22 15:00:00,215.4115102
2025-10-22 16:00:00,226.43719460000003
2025-10-22 17:00:00,229.87339119999996
2025-10-22 18:00:00,234.2170792
2025-10-22 19:00:00,234.9792386
2025-10-22 20:00:00,233.53670620000003
2025-10-22 21:00:00,231.94682200000003
2025-10-22 22:00:00,229.285803
2025-10-22 23:00:00,224.4951732
2025-10-23 00:00:00,210.44879440000005
2025-10-23 01:00:00,191.38508100000004
2025-10-23 02:00:00,188.98150460000002
2025-10-23 03:00:00,171.4926196
2025-10-23 04:00:00,189.7724396
2025-10-23 05:00:00,190.9367274
2025-10-23 06:00:00,185.0138138
2025-10-23 07:00:00,170.98551600000002
2025-10-23 08:00:00,171.2307696
2025-10-23 09:00:00,171.1794822
2025-10-23 10:00:00,171.61294960000004
2025-10-23 11:00:00,171.94884100000002
2025-10-23 12:00:00,171.9066286
2025-10-23 13:00:00,173.38361860000003
2025-10-23 14:00:00,175.59401060000002
2025-10-23 15:00:00,209.7801018
2025-10-23 16:00:00,228.97604139999999
2025-10-23 17:00:00,231.14686439999997
2025-10-23 18:00:00,237.70402159999998
2025-10-23 19:00:00,239.5894718
2025-10-23 20:00:00,238.23299379999997
2025-10-23 21:00:00,235.070993
2025-10-23 22:00:00,228.34790779999997
2025-10-23 23:00:00,225.28005919999995
2025-10-24 00:00:00,222.2545228
2025-10-24 01:00:00,214.8366208
2025-10-24 02:00:00,211.42293680000003
2025-10-24 03:00:00,208.21564439999997
2025-10-24 04:00:00,212.3789936
2025-10-24 05:00:00,214.12080759999998
2025-10-24 06:00:00,210.68892639999999
2025-10-24 07:00:00,171.32093500000002
2025-10-24 08:00:00,171.55370580000002
2025-10-24 09:00:00,171.67919460000002
2025-10-24 10:00:00,172.3854942
2025-10-24 11:00:00,172.9428594
2025-10-24 12:00:00,172.782219
2025-10-24 13:00:00,174.1708822
2025-10-24 14:00:00,208.8727602
2025-10-24 15:00:00,238.4194668
2025-10-24 16:00:00,257.4629324
2025-10-24 17:00:00,262.2318756
2025-10-24 18:00:00,275.903406
2025-10-24 19:00:00,293.51290839999996
2025-10-24 20:00:00,275.55035260000005
2025-10-24 21:00:00,268.12789119999997
2025-10-24 22:00:00,257.21756339999996
2025-10-24 23:00:00,227.42548079999997
2025-10-25 00:00:00,224.7827052
2025-10-25 01:00:00,219.48062799999997
2025-10-25 02:00:00,218.82640320000002
2025-10-25 03:00:00,218.18466599999996
2025-10-25 04:00:00,216.6406288
2025-10-25 05:00:00,215.903719
2025-10-25 06:00:00,198.4887804
2025-10-25 07:00:00,172.1673018
2025-10-25 08:00:00,172.89366760000001
2025-10-25 09:00:00,173.19503840000002
2025-10-25 10:00:00,173.41968
2025-10-25 11:00:00,173.32875959999998
2025-10-25 12:00:00,172.8955838
2025-10-25 13:00:00,173.7204288
2025-10-25 14:00:00,175.5007238
2025-10-25 15:00:00,243.92516100000003
2025-10-25 16:00:00,283.7167154
2025-10-25 17:00:00,291.2055666
2025-10-25 18:00:00,297.07089840000003
2025-10-25 19:00:00,298.6872292
2025-10-25 20:00:00,295.9981328
2025-10-25 21:00:00,295.02019759999996
2025-10-25 22:00:00,290.1019794
2025-10-25 23:00:00,229.24204680000003
2025-10-26 00:00:00,188.11833280000002
2025-10-26 01:00:00,185.20895880000003
2025-10-26 02:00:00,183.728485
2025-10-26 03:00:00,182.44886400000001
2025-10-26 04:00:00,182.34151400000002
2025-10-26 05:00:00,179.9920348
2025-10-26 06:00:00,135.9429376
2025-10-26 07:00:00,135.4238364
2025-10-26 08:00:00,135.1504494
2025-10-26 09:00:00,135.540467
2025-10-26 10:00:00,135.930122
2025-10-26 11:00:00,136.08826300000004
2025-10-26 12:00:00,135.883725
2025-10-26 13:00:00,136.5234866
2025-10-26 14:00:00,137.3138058
2025-10-26 15:00:00,138.1268506
2025-10-26 16:00:00,184.94692819999997
2025-10-26 17:00:00,192.5888082
2025-10-26 18:00:00,212.26832959999996
2025-10-26 19:00:00,212.7645748
2025-10-26 20:00:00,196.30150000000003
2025-10-26 21:00:00,194.5395386
2025-10-26 22:00:00,192.4570656
2025-10-26 23:00:00,190.67867999999999
2025-10-27 00:00:00,186.68674660000002
2025-10-27 01:00:00,184.7720662
2025-10-27 02:00:00,184.227068
2025-10-27 03:00:00,184.19405079999999
2025-10-27 04:00:00,184.285874
2025-10-27 05:00:00,184.36619219999997
2025-10-27 06:00:00,181.5125142
2025-10-27 07:00:00,175.28390899999997
2025-10-27 08:00:00,151.367459
2025-10-27 09:00:00,137.0478642
2025-10-27 10:00:00,137.6674818
2025-10-27 11:00:00,149.3081236
2025-10-27 12:00:00,166.8671338
2025-10-27 13:00:00,173.2686516
2025-10-27 14:00:00,182.1097326
2025-10-27 15:00:00,187.30256060000002
2025-10-27 16:00:00,192.533016
2025-10-27 17:00:00,196.3754726
2025-10-27 18:00:00,200.6142016
2025-10-27 19:00:00,201.40724020000002
2025-10-27 20:00:00,199.44499159999998
2025-10-27 21:00:00,198.7506622
2025-10-27 22:00:00,196.3716414
2025-10-27 23:00:00,191.19032239999999
2025-10-28 00:00:00,188.42909300000002
2025-10-28 01:00:00,185.45525279999998
2025-10-28 02:00:00,183.8939926
2025-10-28 03:00:00,183.44148520000002
2025-10-28 04:00:00,183.7885888
2025-10-28 05:00:00,184.0992306
2025-10-28 06:00:00,183.24735979999997
2025-10-28 07:00:00,182.38466499999998
2025-10-28 08:00:00,182.1035798
2025-10-28 09:00:00,180.158975
2025-10-28 10:00:00,180.029712
2025-10-28 11:00:00,182.25305680000002
2025-10-28 12:00:00,182.1103658
2025-10-28 13:00:00,185.39926180000003
2025-10-28 14:00:00,188.07616360000003
2025-10-28 15:00:00,191.3030956
2025-10-28 16:00:00,195.76346039999999
2025-10-28 17:00:00,200.79358440000001
2025-10-28 18:00:00,203.3534594
2025-10-28 19:00:00,203.4396048
2025-10-28 20:00:00,202.5476596
2025-10-28 21:00:00,200.47212940000003
2025-10-28 22:00:00,196.3055166
2025-10-28 23:00:00,190.92547720000002
2025-10-29 00:00:00,188.7456614
2025-10-29 01:00:00,185.8637796
2025-10-29 02:00:00,183.7851212
2025-10-29 03:00:00,183.4064328
2025-10-29 04:00:00,183.71879900000002
2025-10-29 05:00:00,184.3826462
2025-10-29 06:00:00,182.7038676
2025-10-29 07:00:00,181.117905
2025-10-29 08:00:00,181.4273164
2025-10-29 09:00:00,177.89744860000002
2025-10-29 10:00:00,179.2358532
2025-10-29 11:00:00,182.8913814
2025-10-29 12:00:00,181.17761339999998
2025-10-29 13:00:00,185.76579080000002
2025-10-29 14:00:00,188.6938664
2025-10-29 15:00:00,191.514324
2025-10-29 16:00:00,195.8781782
2025-10-29 17:00:00,198.4063448
2025-10-29 18:00:00,202.23978799999998
2025-10-29 19:00:00,203.41413619999997
2025-10-29 20:00:00,200.5799002
2025-10-29 21:00:00,197.82531
2025-10-29 22:00:00,196.54316079999998
2025-10-29 23:00:00,192.159215
2025-10-30 00:00:00,175.05833579999998
2025-10-30 01:00:00,173.272715
2025-10-30 02:00:00,171.94038120000002
2025-10-30 03:00:00,171.54742419999997
2025-10-30 04:00:00,171.7234532
2025-10-30 05:00:00,172.32653200000001
2025-10-30 06:00:00,170.28622220000003
2025-10-30 07:00:00,167.251676
2025-10-30 08:00:00,166.76175199999997
2025-10-30 09:00:00,166.966112
2025-10-30 10:00:00,168.96474519999998
2025-10-30 11:00:00,170.8881922
2025-10-30 12:00:00,168.8092072
2025-10-30 13:00:00,172.3072828
2025-10-30 14:00:00,174.18375580000003
2025-10-30 15:00:00,176.3012284
2025-10-30 16:00:00,182.12583360000002
2025-10-30 17:00:00,185.64511039999996
2025-10-30 18:00:00,197.3560076
2025-10-30 19:00:00,197.8517988
2025-10-30 20:00:00,191.0640354
2025-10-30 21:00:00,185.6597526
2025-10-30 22:00:00,182.25983699999998
2025-10-30 23:00:00,178.05659780000002
2025-10-31 00:00:00,175.3231918
2025-10-31 01:00:00,172.1881448
2025-10-31 02:00:00,170.9182712
2025-10-31 03:00:00,170.0850696
2025-10-31 04:00:00,170.5273052
2025-10-31 05:00:00,170.9248996
2025-10-31 06:00:00,167.82435300000003
2025-10-31 07:00:00,164.8929612
2025-10-31 08:00:00,165.6523054
2025-10-31 09:00:00,166.14576200000002
2025-10-31 10:00:00,166.3593934
2025-10-31 11:00:00,167.4846546
2025-10-31 12:00:00,166.2035404
2025-10-31 13:00:00,170.90845480000002
2025-10-31 14:00:00,173.272219
2025-10-31 15:00:00,176.06086820000002
2025-10-31 16:00:00,201.9733468
2025-10-31 17:00:00,204.24495080000003
2025-10-31 18:00:00,212.0043576
2025-10-31 19:00:00,215.32199759999997
2025-10-31 20:00:00,209.56975440000002
2025-10-31 21:00:00,208.43605420000003
2025-10-31 22:00:00,180.98953219999999
2025-10-31 23:00:00,177.3461048
2025-11-01 00:00:00,178.31996080000002
2025-11-01 01:00:00,176.098967
2025-11-01 02:00:00,175.4420428
2025-11-01 03:00:00,174.846382
2025-11-01 04:00:00,174.83806099999998
2025-11-01 05:00:00,174.6011804
2025-11-01 06:00:00,171.71017999999998
2025-11-01 07:00:00,134.6964312
2025-11-01 08:00:00,119.634565
2025-11-01 09:00:00,120.08324559999998
2025-11-01 10:00:00,120.6889046
2025-11-01 11:00:00,127.23863299999998
2025-11-01 12:00:00,156.88528219999998
2025-11-01 13:00:00,171.3948982
2025-11-01 14:00:00,173.9115486
2025-11-01 15:00:00,177.371623
2025-11-01 16:00:00,179.72031280000002
2025-11-01 17:00:00,182.1594294
2025-11-01 18:00:00,184.3608342
2025-11-01 19:00:00,184.3122652
2025-11-01 20:00:00,182.4172086
2025-11-01 21:00:00,181.07866940000002
2025-11-01 22:00:00,180.05129879999998
2025-11-01 23:00:00,178.83218259999998
2025-11-02 00:00:00,142.99109779999998
2025-11-02 01:00:00,141.6109744
2025-11-02 02:00:00,141.1272492
2025-11-02 03:00:00,140.425591
2025-11-02 04:00:00,140.6743878
2025-11-02 05:00:00,140.146492
2025-11-02 06:00:00,105.2099026
2025-11-02 07:00:00,83.834001
2025-11-02 08:00:00,80.39225840000002
2025-11-02 09:00:00,79.59189
2025-11-02 10:00:00,79.40076260000001
2025-11-02 11:00:00,79.6681908
2025-11-02 12:00:00,82.7745504
2025-11-02 13:00:00,85.4635358
2025-11-02 14:00:00,85.93493680000002
2025-11-02 15:00:00,136.704338
2025-11-02 16:00:00,141.5105802
2025-11-02 17:00:00,144.33032400000002
2025-11-02 18:00:00,146.5216652
2025-11-02 19:00:00,146.77024799999998
2025-11-02 20:00:00,145.7108166
2025-11-02 21:00:00,144.941161
2025-11-02 22:00:00,144.3643524
2025-11-02 23:00:00,143.3976892
2025-11-03 00:00:00,143.4540548
2025-11-03 01:00:00,142.0553758
2025-11-03 02:00:00,141.7148772
2025-11-03 03:00:00,141.4904138
2025-11-03 04:00:00,141.50054599999999
2025-11-03 05:00:00,141.2310058
2025-11-03 06:00:00,130.46248580000002
2025-11-03 07:00:00,130.239587
2025-11-03 08:00:00,130.5785598
2025-11-03 09:00:00,131.09008039999998
2025-11-03 10:00:00,131.1619862
2025-11-03 11:00:00,131.3531474
2025-11-03 12:00:00,131.3292758
2025-11-03 13:00:00,131.77269660000002
2025-11-03 14:00:00,136.1721018
2025-11-03 15:00:00,144.9734384
2025-11-03 16:00:00,148.1012794
2025-11-03 17:00:00,151.2888864
2025-11-03 18:00:00,151.9338632
2025-11-03 19:00:00,152.61951919999998
2025-11-03 20:00:00,151.9863674
2025-11-03 21:00:00,151.38988160000002
2025-11-03 22:00:00,149.7781878
2025-11-03 23:00:00,147.06251000000003
2025-11-04 00:00:00,144.85747220000002
2025-11-04 01:00:00,142.55388539999998
2025-11-04 02:00:00,142.0696868
2025-11-04 03:00:00,141.7406198
2025-11-04 04:00:00,141.6263472
2025-11-04 05:00:00,141.606375
2025-11-04 06:00:00,141.2017106
2025-11-04 07:00:00,141.1579068
2025-11-04 08:00:00,141.6120784
2025-11-04 09:00:00,141.6189448
2025-11-04 10:00:00,141.802436
2025-11-04 11:00:00,142.0198306
2025-11-04 12:00:00,141.70765500000002
2025-11-04 13:00:00,142.9843426
2025-11-04 14:00:00,144.201166
2025-11-04 15:00:00,145.7205768
2025-11-04 16:00:00,148.4279416
2025-11-04 17:00:00,150.6955804
2025-11-04 18:00:00,153.3490134
2025-11-04 19:00:00,153.6901534
2025-11-04 20:00:00,151.1573444
2025-11-04 21:00:00,149.526435
2025-11-04 22:00:00,148.3787136
2025-11-04 23:00:00,145.9334194
2025-11-05 00:00:00,148.5487836
2025-11-05 01:00:00,145.0198114
2025-11-05 02:00:00,144.03527300000002
2025-11-05 03:00:00,144.1768578
2025-11-05 04:00:00,143.8542336
2025-11-05 05:00:00,143.8768982
2025-11-05 06:00:00,142.8803048
2025-11-05 07:00:00,142.1470224
2025-11-05 08:00:00,144.4820058
2025-11-05 09:00:00,146.2501182
2025-11-05 10:00:00,146.3914438
2025-11-05 11:00:00,146.44096180000003
2025-11-05 12:00:00,145.51405559999998
2025-11-05 13:00:00,147.93698999999998
2025-11-05 14:00:00,149.65210459999997
2025-11-05 15:00:00,153.1971626
2025-11-05 16:00:00,157.90767580000002
2025-11-05 17:00:00,160.5428916
2025-11-05 18:00:00,164.8583838
2025-11-05 19:00:00,164.9161626
2025-11-05 20:00:00,162.889669
2025-11-05 21:00:00,159.69350839999998
2025-11-05 22:00:00,152.63725119999998
2025-11-05 23:00:00,148.62219
2025-11-06 00:00:00,149.7787346
2025-11-06 01:00:00,147.190764
2025-11-06 02:00:00,146.167315
2025-11-06 03:00:00,145.5473932
2025-11-06 04:00:00,145.7121694
2025-11-06 05:00:00,145.8480686
2025-11-06 06:00:00,144.6214704
2025-11-06 07:00:00,143.36845039999997
2025-11-06 08:00:00,143.2305182
2025-11-06 09:00:00,143.1298346
2025-11-06 10:00:00,143.28933179999999
2025-11-06 11:00:00,143.31117060000003
2025-11-06 12:00:00,141.80427500000002
2025-11-06 13:00:00,143.7268376
2025-11-06 14:00:00,144.73139740000002
2025-11-06 15:00:00,148.2935662
2025-11-06 16:00:00,151.687948
2025-11-06 17:00:00,156.4274692
2025-11-06 18:00:00,178.9706182
2025-11-06 19:00:00,228.50721780000003
2025-11-06 20:00:00,173.0628486
2025-11-06 21:00:00,161.8180656
2025-11-06 22:00:00,152.5217746
2025-11-06 23:00:00,149.5144724
2025-11-07 00:00:00,149.3531238
2025-11-07 01:00:00,146.9026268
2025-11-07 02:00:00,145.7130572
2025-11-07 03:00:00,145.36458780000004
2025-11-07 04:00:00,145.3503886
2025-11-07 05:00:00,145.38033639999998
2025-11-07 06:00:00,144.43969099999998
2025-11-07 07:00:00,143.1903546
2025-11-07 08:00:00,143.2564606
2025-11-07 09:00:00,143.3383698
2025-11-07 10:00:00,143.6674884
2025-11-07 11:00:00,143.8404976
2025-11-07 12:00:00,143.25931580000002
2025-11-07 13:00:00,144.09269220000002
2025-11-07 14:00:00,145.809515
2025-11-07 15:00:00,148.8235692
2025-11-07 16:00:00,153.1191052
2025-11-07 17:00:00,154.48425360000002
2025-11-07 18:00:00,162.58587819999997
2025-11-07 19:00:00,165.68402179999998
2025-11-07 20:00:00,157.1920944
2025-11-07 21:00:00,154.5401302
2025-11-07 22:00:00,152.11467820000001
2025-11-07 23:00:00,149.0382542
2025-11-08 00:00:00,141.21622259999998
2025-11-08 01:00:00,140.0511198
2025-11-08 02:00:00,139.37953940000003
2025-11-08 03:00:00,138.7821078
2025-11-08 04:00:00,138.8568892
2025-11-08 05:00:00,138.2943772
2025-11-08 06:00:00,135.65731920000002
2025-11-08 07:00:00,117.9002012
2025-11-08 08:00:00,96.7290816
2025-11-08 09:00:00,90.733212
2025-11-08 10:00:00,90.825455
2025-11-08 11:00:00,90.8127038
2025-11-08 12:00:00,90.392185
2025-11-08 13:00:00,90.77541020000001
2025-11-08 14:00:00,111.93098220000002
2025-11-08 15:00:00,139.2602676
2025-11-08 16:00:00,146.3851118
2025-11-08 17:00:00,163.7097806
2025-11-08 18:00:00,293.23864560000004
2025-11-08 19:00:00,305.529108
2025-11-08 20:00:00,163.255656
2025-11-08 21:00:00,152.4919002
2025-11-08 22:00:00,148.17176239999998
2025-11-08 23:00:00,141.9686892
2025-11-09 00:00:00,129.1533436
2025-11-09 01:00:00,128.0180798
2025-11-09 02:00:00,127.7111754
2025-11-09 03:00:00,127.25252500000002
2025-11-09 04:00:00,127.1106534
2025-11-09 05:00:00,126.0761998
2025-11-09 06:00:00,94.6366192
2025-11-09 07:00:00,77.91617400000001
2025-11-09 08:00:00,78.0952096
2025-11-09 09:00:00,78.2936004
2025-11-09 10:00:00,78.521024
2025-11-09 11:00:00,78.557315
2025-11-09 12:00:00,78.30811680000001
2025-11-09 13:00:00,78.7919968
2025-11-09 14:00:00,79.15248740000001
2025-11-09 15:00:00,79.40168560000001
2025-11-09 16:00:00,126.9765272
2025-11-09 17:00:00,129.314456
2025-11-09 18:00:00,132.929851
2025-11-09 19:00:00,132.38225440000002
2025-11-09 20:00:00,131.461791
2025-11-09 21:00:00,130.22175120000003
2025-11-09 22:00:00,129.5259996
2025-11-09 23:00:00,128.3940854
2025-11-10 00:00:00,126.7026932
2025-11-10 01:00:00,125.82043079999998
2025-11-10 02:00:00,125.25758920000001
2025-11-10 03:00:00,124.9141
2025-11-10 04:00:00,124.93951799999999
2025-11-10 05:00:00,125.1226792
2025-11-10 06:00:00,124.74997160000001
2025-11-10 07:00:00,124.44378320000001
2025-11-10 08:00:00,124.2613666
2025-11-10 09:00:00,123.5233694
2025-11-10 10:00:00,123.57072739999998
2025-11-10 11:00:00,124.0395662
2025-11-10 12:00:00,123.2502082
2025-11-10 13:00:00,125.24356900000001
2025-11-10 14:00:00,126.77786839999999
2025-11-10 15:00:00,127.55490119999999
2025-11-10 16:00:00,128.5764818
2025-11-10 17:00:00,128.8286388
2025-11-10 18:00:00,129.7162204
2025-11-10 19:00:00,130.023865
2025-11-10 20:00:00,129.50084379999998
2025-11-10 21:00:00,128.7459562
2025-11-10 22:00:00,128.25969460000002
2025-11-10 23:00:00,127.29446499999999
2025-11-11 00:00:00,124.6783708
2025-11-11 01:00:00,111.02336380000001
2025-11-11 02:00:00,106.33165199999999
2025-11-11 03:00:00,104.62751800000001
2025-11-11 04:00:00,109.69509860000001
2025-11-11 05:00:00,110.6848418
2025-11-11 06:00:00,103.56474759999999
2025-11-11 07:00:00,77.746816
2025-11-11 08:00:00,77.9742396
2025-11-11 09:00:00,78.1411782
2025-11-11 10:00:00,78.22585720000001
2025-11-11 11:00:00,78.20650200000001
2025-11-11 12:00:00,77.9306904
2025-11-11 13:00:00,99.6153722
2025-11-11 14:00:00,121.80512100000001
2025-11-11 15:00:00,126.7163192
2025-11-11 16:00:00,135.97874919999998
2025-11-11 17:00:00,151.8978126
2025-11-11 18:00:00,161.3139996
2025-11-11 19:00:00,260.52518640000005
2025-11-11 20:00:00,165.57262459999998
2025-11-11 21:00:00,177.3495656
2025-11-11 22:00:00,154.8627732
2025-11-11 23:00:00,139.37383
2025-11-12 00:00:00,126.3625448
2025-11-12 01:00:00,123.21271340000001
2025-11-12 02:00:00,122.70419419999999
2025-11-12 03:00:00,122.081772
2025-11-12 04:00:00,122.22419140000002
2025-11-12 05:00:00,122.30612860000001
2025-11-12 06:00:00,105.36680759999999
2025-11-12 07:00:00,77.6113296
2025-11-12 08:00:00,77.9694008
2025-11-12 09:00:00,78.1266618
2025-11-12 10:00:00,78.13392
2025-11-12 11:00:00,78.0903708
2025-11-12 12:00:00,77.90891580000002
2025-11-12 13:00:00,121.84491859999999
2025-11-12 14:00:00,125.4083736
2025-11-12 15:00:00,127.06054060000001
2025-11-12 16:00:00,148.7244258
2025-11-12 17:00:00,170.5658436
2025-11-12 18:00:00,239.0574582
2025-11-12 19:00:00,317.56994819999994
2025-11-12 20:00:00,182.7466728
2025-11-12 21:00:00,181.04497139999998
2025-11-12 22:00:00,177.274048
2025-11-12 23:00:00,137.17730540000002
2025-11-13 00:00:00,118.7453864
2025-11-13 01:00:00,117.28318960000001
2025-11-13 02:00:00,117.0525106
2025-11-13 03:00:00,117.00338080000002
2025-11-13 04:00:00,117.0633808
2025-11-13 05:00:00,117.08876740000001
2025-11-13 06:00:00,115.4055406
2025-11-13 07:00:00,114.33560619999999
2025-11-13 08:00:00,113.80338080000001
2025-11-13 09:00:00,112.21338080000001
2025-11-13 10:00:00,113.172833
2025-11-13 11:00:00,114.36060760000001
2025-11-13 12:00:00,113.84221959999999
2025-11-13 13:00:00,116.32421959999999
2025-11-13 14:00:00,117.3802196
2025-11-13 15:00:00,118.6402196
2025-11-13 16:00:00,142.75946199999998
2025-11-13 17:00:00,150.484219
2025-11-13 18:00:00,160.105338
2025-11-13 19:00:00,169.6781472
2025-11-13 20:00:00,162.1573082
2025-11-13 21:00:00,158.65028579999998
2025-11-13 22:00:00,148.7653942
2025-11-13 23:00:00,119.61773459999999
2025-11-14 00:00:00,119.1617346
2025-11-14 01:00:00,117.42295859999999
2025-11-14 02:00:00,116.7377004
2025-11-14 03:00:00,116.60450500000002
2025-11-14 04:00:00,116.6576006
2025-11-14 05:00:00,116.661438
2025-11-14 06:00:00,115.45685039999998
2025-11-14 07:00:00,114.94426279999998
2025-11-14 08:00:00,115.14375199999999
2025-11-14 09:00:00,115.1346306
2025-11-14 10:00:00,115.61299000000001
2025-11-14 11:00:00,115.84244220000001
2025-11-14 12:00:00,115.6960542
2025-11-14 13:00:00,116.5970528
2025-11-14 14:00:00,133.0647788
2025-11-14 15:00:00,161.607513
2025-11-14 16:00:00,190.78443479999999
2025-11-14 17:00:00,191.89122060000003
2025-11-14 18:00:00,196.78866999999997
2025-11-14 19:00:00,199.2591284
2025-11-14 20:00:00,195.3373502
2025-11-14 21:00:00,194.65773359999997
2025-11-14 22:00:00,191.26763540000002
2025-11-14 23:00:00,127.43745760000002
2025-11-15 00:00:00,119.92286720000001
2025-11-15 01:00:00,117.85186300000001
2025-11-15 02:00:00,115.9323138
2025-11-15 03:00:00,114.21644219999999
2025-11-15 04:00:00,114.9421826
2025-11-15 05:00:00,111.99543800000001
2025-11-15 06:00:00,71.2350186
2025-11-15 07:00:00,69.5015008
2025-11-15 08:00:00,69.49182320000001
2025-11-15 09:00:00,69.6708588
2025-11-15 10:00:00,69.774893
2025-11-15 11:00:00,69.78699000000002
2025-11-15 12:00:00,69.8257004
2025-11-15 13:00:00,70.61570040000001
2025-11-15 14:00:00,84.59908700000001
2025-11-15 15:00:00,111.5417004
2025-11-15 16:00:00,119.31570040000001
2025-11-15 17:00:00,121.41902420000001
2025-11-15 18:00:00,123.81922660000001
2025-11-15 19:00:00,123.422131
2025-11-15 20:00:00,122.6030982
2025-11-15 21:00:00,121.7779998
2025-11-15 22:00:00,120.95931800000001
2025-11-15 23:00:00,119.766154
2025-11-16 00:00:00,117.126288
2025-11-16 01:00:00,114.30950920000001
2025-11-16 02:00:00,106.04996000000001
2025-11-16 03:00:00,84.3202168
2025-11-16 04:00:00,85.2078944
2025-11-16 05:00:00,72.48728100000001
2025-11-16 06:00:00,69.8644108
2025-11-16 07:00:00,70.0119942
2025-11-16 08:00:00,70.3482908
2025-11-16 09:00:00,70.5152294
2025-11-16 10:00:00,70.57571440000001
2025-11-16 11:00:00,70.54184280000001
2025-11-16 12:00:00,70.56119800000002
2025-11-16 13:00:00,70.5708756
2025-11-16 14:00:00,89.0324084
2025-11-16 15:00:00,117.06362860000002
2025-11-16 16:00:00,179.49400559999998
2025-11-16 17:00:00,189.1753556
2025-11-16 18:00:00,191.101064
2025-11-16 19:00:00,192.76565179999997
2025-11-16 20:00:00,191.4465746
2025-11-16 21:00:00,191.505383
2025-11-16 22:00:00,189.3583856
2025-11-16 23:00:00,155.6791108
2025-11-17 00:00:00,116.50570880000001
2025-11-17 01:00:00,115.43447919999998
2025-11-17 02:00:00,115.0344108
2025-11-17 03:00:00,114.98244220000001
2025-11-17 04:00:00,115.2911498
2025-11-17 05:00:00,115.4454066
2025-11-17 06:00:00,114.82547500000001
2025-11-17 07:00:00,114.96344920000001
2025-11-17 08:00:00,115.3021624
2025-11-17 09:00:00,115.30893840000002
2025-11-17 10:00:00,115.56993980000001
2025-11-17 11:00:00,115.519101
2025-11-17 12:00:00,115.41571159999998
2025-11-17 13:00:00,116.5442622
2025-11-17 14:00:00,122.1862664
2025-11-17 15:00:00,155.5302428
2025-11-17 16:00:00,192.02662460000002
2025-11-17 17:00:00,192.57919299999998
2025-11-17 18:00:00,194.33433639999998
2025-11-17 19:00:00,195.4872716
2025-11-17 20:00:00,194.51611119999998
2025-11-17 21:00:00,194.15059339999996
2025-11-17 22:00:00,192.1798406
2025-11-17 23:00:00,167.18707799999999
2025-11-18 00:00:00,159.688865
2025-11-18 01:00:00,130.713774
2025-11-18 02:00:00,118.5283508
2025-11-18 03:00:00,118.3126704
2025-11-18 04:00:00,118.57602560000001
2025-11-18 05:00:00,118.6507988
2025-11-18 06:00:00,118.4242538
2025-11-18 07:00:00,117.70464460000002
2025-11-18 08:00:00,117.5532322
2025-11-18 09:00:00,117.2363306
2025-11-18 10:00:00,117.4646244
2025-11-18 11:00:00,117.5210438
2025-11-18 12:00:00,117.0602022
2025-11-18 13:00:00,118.39768860000001
2025-11-18 14:00:00,119.50604520000002
2025-11-18 15:00:00,120.4200452
2025-11-18 16:00:00,122.63846459999999
2025-11-18 17:00:00,131.1518364
2025-11-18 18:00:00,187.5310254
2025-11-18 19:00:00,201.29825079999998
2025-11-18 20:00:00,198.7096138
2025-11-18 21:00:00,197.25075579999998
2025-11-18 22:00:00,182.1049414
2025-11-18 23:00:00,147.0286274
2025-11-19 00:00:00,137.0838154
2025-11-19 01:00:00,119.7290954
2025-11-19 02:00:00,119.2455776
2025-11-19 03:00:00,119.14754339999999
2025-11-19 04:00:00,119.39522099999999
2025-11-19 05:00:00,119.41405979999999
2025-11-19 06:00:00,118.26289860000001
2025-11-19 07:00:00,116.6087074
2025-11-19 08:00:00,115.63184000000001
2025-11-19 09:00:00,115.45235640000001
2025-11-19 10:00:00,115.56713239999999
2025-11-19 11:00:00,115.532907
2025-11-19 12:00:00,115.38616240000002
2025-11-19 13:00:00,116.65577720000002
2025-11-19 14:00:00,117.84100680000002
2025-11-19 15:00:00,119.0899426
2025-11-19 16:00:00,121.892168
2025-11-19 17:00:00,127.8172294
2025-11-19 18:00:00,177.2628072
2025-11-19 19:00:00,217.705771
2025-11-19 20:00:00,207.18553419999998
2025-11-19 21:00:00,208.99214179999998
2025-11-19 22:00:00,157.2983878
2025-11-19 23:00:00,129.5412894
2025-11-20 00:00:00,130.4361522
2025-11-20 01:00:00,126.8758556
2025-11-20 02:00:00,125.98194980000001
2025-11-20 03:00:00,125.04881719999999
2025-11-20 04:00:00,125.0662038
2025-11-20 05:00:00,124.1340412
2025-11-20 06:00:00,120.59604119999999
2025-11-20 07:00:00,87.32688
2025-11-20 08:00:00,74.3403008
2025-11-20 09:00:00,74.3911082
2025-11-20 10:00:00,74.38385000000001
2025-11-20 11:00:00,74.3741724
2025-11-20 12:00:00,74.3741724
2025-11-20 13:00:00,74.47094840000001
2025-11-20 14:00:00,90.0778186
2025-11-20 15:00:00,117.4152708
2025-11-20 16:00:00,123.1120468
2025-11-20 17:00:00,127.6387628
2025-11-20 18:00:00,140.4259268
2025-11-20 19:00:00,150.3173476
2025-11-20 20:00:00,141.3787656
2025-11-20 21:00:00,133.87231200000002
2025-11-20 22:00:00,130.25304820000002
2025-11-20 23:00:00,127.0624976
2025-11-21 00:00:00,125.5509882
2025-11-21 01:00:00,123.37623520000002
2025-11-21 02:00:00,123.1155932
2025-11-21 03:00:00,122.03029799999999
2025-11-21 04:00:00,122.08462039999999
2025-11-21 05:00:00,121.9329428
2025-11-21 06:00:00,119.836007
2025-11-21 07:00:00,108.7495876
2025-11-21 08:00:00,107.58474879999999
2025-11-21 09:00:00,107.3787488
2025-11-21 10:00:00,107.58684579999999
2025-11-21 11:00:00,108.03558760000001
2025-11-21 12:00:00,106.8727488
2025-11-21 13:00:00,118.38665180000001
2025-11-21 14:00:00,121.1042324
2025-11-21 15:00:00,122.4769742
2025-11-21 16:00:00,126.0208726
2025-11-21 17:00:00,129.0722306
2025-11-21 18:00:00,133.5372522
2025-11-21 19:00:00,137.8922084
2025-11-21 20:00:00,132.68353940000003
2025-11-21 21:00:00,131.3292068
2025-11-21 22:00:00,130.1285004
2025-11-21 23:00:00,125.5403406
2025-11-22 00:00:00,126.10543620000001
2025-11-22 01:00:00,124.80142780000001
2025-11-22 02:00:00,124.34842640000002
2025-11-22 03:00:00,122.9424892
2025-11-22 04:00:00,122.8744892
2025-11-22 05:00:00,122.44890860000001
2025-11-22 06:00:00,112.6038786
2025-11-22 07:00:00,79.3163378
2025-11-22 08:00:00,75.05402380000001
2025-11-22 09:00:00,75.085476
2025-11-22 10:00:00,75.19676840000001
2025-11-22 11:00:00,75.254834
2025-11-22 12:00:00,75.1653162
2025-11-22 13:00:00,75.182252
2025-11-22 14:00:00,85.199259
2025-11-22 15:00:00,115.1538724
2025-11-22 16:00:00,125.17013200000001
2025-11-22 17:00:00,143.8108114
2025-11-22 18:00:00,146.3784096
2025-11-22 19:00:00,150.2247016
2025-11-22 20:00:00,147.0060792
2025-11-22 21:00:00,145.6451646
2025-11-22 22:00:00,144.452743
2025-11-22 23:00:00,127.5626788
2025-11-23 00:00:00,126.02344459999999
2025-11-23 01:00:00,124.4844376
2025-11-23 02:00:00,123.67243760000001
2025-11-23 03:00:00,120.57482
2025-11-23 04:00:00,119.0082066
2025-11-23 05:00:00,116.69146479999999
2025-11-23 06:00:00,83.6518528
2025-11-23 07:00:00,74.81450320000002
2025-11-23 08:00:00,75.3975786
2025-11-23 09:00:00,75.5282262
2025-11-23 10:00:00,75.53790380000001
2025-11-23 11:00:00,75.53306500000001
2025-11-23 12:00:00,75.50403220000001
2025-11-23 13:00:00,75.5282262
2025-11-23 14:00:00,75.71452000000001
2025-11-23 15:00:00,85.393938
2025-11-23 16:00:00,116.51610340000002
2025-11-23 17:00:00,125.85170980000002
2025-11-23 18:00:00,127.606774
2025-11-23 19:00:00,128.59842020000002
2025-11-23 20:00:00,127.70583820000002
2025-11-23 21:00:00,127.52299939999997
2025-11-23 22:00:00,127.11106220000002
2025-11-23 23:00:00,126.21683120000003
2025-11-24 00:00:00,126.4956868
2025-11-24 01:00:00,124.98776980000002
2025-11-24 02:00:00,124.43389539999998
2025-11-24 03:00:00,123.9910538
2025-11-24 04:00:00,124.0688256
2025-11-24 05:00:00,124.0904376
2025-11-24 06:00:00,123.99576140000002
2025-11-24 07:00:00,123.2423804
2025-11-24 08:00:00,123.5079324
2025-11-24 09:00:00,123.60106500000002
2025-11-24 10:00:00,123.7320008
2025-11-24 11:00:00,124.28906500000001
2025-11-24 12:00:00,122.96980680000001
2025-11-24 13:00:00,124.499162
2025-11-24 14:00:00,125.4403916
2025-11-24 15:00:00,126.41174679999999
2025-11-24 16:00:00,128.78839440000002
2025-11-24 17:00:00,129.3223232
2025-11-24 18:00:00,131.6978068
2025-11-24 19:00:00,132.87367840000002
2025-11-24 20:00:00,132.643259
2025-11-24 21:00:00,132.53106499999998
2025-11-24 22:00:00,130.9684174
2025-11-24 23:00:00,128.44570140000002
2025-11-25 00:00:00,127.63871680000003
2025-11-25 01:00:00,125.78147880000002
2025-11-25 02:00:00,124.82015220000001
2025-11-25 03:00:00,124.228372
2025-11-25 04:00:00,124.23495120000003
2025-11-25 05:00:00,124.38749899999998
2025-11-25 06:00:00,123.98324219999999
2025-11-25 07:00:00,123.1471822
2025-11-25 08:00:00,122.9620922
2025-11-25 09:00:00,120.91919060000001
2025-11-25 10:00:00,119.270326
2025-11-25 11:00:00,120.1599066
2025-11-25 12:00:00,114.80361
2025-11-25 13:00:00,122.68597220000001
2025-11-25 14:00:00,125.7426254
2025-11-25 15:00:00,126.7814642
2025-11-25 16:00:00,128.57820320000002
2025-11-25 17:00:00,129.20740300000003
2025-11-25 18:00:00,132.219958
2025-11-25 19:00:00,132.89716479999998
2025-11-25 20:00:00,132.64943060000002
2025-11-25 21:00:00,132.2893034
2025-11-25 22:00:00,129.27564139999998
2025-11-25 23:00:00,128.0712506
2025-11-26 00:00:00,127.4263888
2025-11-26 01:00:00,125.521961
2025-11-26 02:00:00,125.0081522
2025-11-26 03:00:00,124.5568228
2025-11-26 04:00:00,124.56482000000001
2025-11-26 05:00:00,124.70217520000001
2025-11-26 06:00:00,123.93859460000002
2025-11-26 07:00:00,119.85308519999998
2025-11-26 08:00:00,112.4038012
2025-11-26 09:00:00,107.15964699999999
2025-11-26 10:00:00,107.0750706
2025-11-26 11:00:00,107.0093274
2025-11-26 12:00:00,90.331356
2025-11-26 13:00:00,119.9551648
2025-11-26 14:00:00,125.57655700000001
2025-11-26 15:00:00,128.47753200000002
2025-11-26 16:00:00,135.723802
2025-11-26 17:00:00,136.9226466
2025-11-26 18:00:00,139.7070346
2025-11-26 19:00:00,140.58901380000003
2025-11-26 20:00:00,140.4460272
2025-11-26 21:00:00,139.9125824
2025-11-26 22:00:00,134.8232548
2025-11-26 23:00:00,127.9820124
2025-11-27 00:00:00,115.81375940000001
2025-11-27 01:00:00,114.6004042
2025-11-27 02:00:00,113.93440419999999
2025-11-27 03:00:00,113.69040420000002
2025-11-27 04:00:00,113.7444042
2025-11-27 05:00:00,113.7764042
2025-11-27 06:00:00,112.96840419999998
2025-11-27 07:00:00,106.4064042
2025-11-27 08:00:00,100.66040419999999
2025-11-27 09:00:00,95.6284042
2025-11-27 10:00:00,95.6224042
2025-11-27 11:00:00,95.6204042
2025-11-27 12:00:00,82.1164042
2025-11-27 13:00:00,107.86840419999999
2025-11-27 14:00:00,112.9464042
2025-11-27 15:00:00,117.10256340000001
2025-11-27 16:00:00,121.92066380000001
2025-11-27 17:00:00,122.6891926
2025-11-27 18:00:00,123.58965900000001
2025-11-27 19:00:00,124.10894440000001
2025-11-27 20:00:00,124.329941
2025-11-27 21:00:00,123.02425539999999
2025-11-27 22:00:00,121.73656540000002
2025-11-27 23:00:00,118.9555806
2025-11-28 00:00:00,126.37559180000001
2025-11-28 01:00:00,113.8064042
2025-11-28 02:00:00,113.4784042
2025-11-28 03:00:00,113.1964042
2025-11-28 04:00:00,113.34640420000001
2025-11-28 05:00:00,113.3804042
2025-11-28 06:00:00,111.7464042
2025-11-28 07:00:00,98.65840419999999
2025-11-28 08:00:00,83.9244042
2025-11-28 09:00:00,64.4724042
2025-11-28 10:00:00,64.42640420000001
2025-11-28 11:00:00,82.6044042
2025-11-28 12:00:00,64.7304042
2025-11-28 13:00:00,108.6484042
2025-11-28 14:00:00,122.1040826
2025-11-28 15:00:00,132.2900166
2025-11-28 16:00:00,165.04148700000002
2025-11-28 17:00:00,190.569143
2025-11-28 18:00:00,189.4495038
2025-11-28 19:00:00,309.92921420000005
2025-11-28 20:00:00,308.5698898
2025-11-28 21:00:00,311.7899446
2025-11-28 22:00:00,202.666675
2025-11-28 23:00:00,130.7146022
2025-11-29 00:00:00,123.22644740000001
2025-11-29 01:00:00,116.06840419999999
2025-11-29 02:00:00,115.56240419999999
2025-11-29 03:00:00,115.37040419999998
2025-11-29 04:00:00,115.51840419999999
2025-11-29 05:00:00,115.16840419999998
2025-11-29 06:00:00,113.26840419999999
2025-11-29 07:00:00,100.5424042
2025-11-29 08:00:00,64.3747922
2025-11-29 09:00:00,64.46431
2025-11-29 10:00:00,64.6167322
2025-11-29 11:00:00,64.548989
2025-11-29 12:00:00,64.41350260000002
2025-11-29 13:00:00,95.84905180000001
2025-11-29 14:00:00,120.3761338
2025-11-29 15:00:00,173.3032428
2025-11-29 16:00:00,221.417169
2025-11-29 17:00:00,255.21407319999997
2025-11-29 18:00:00,253.78538079999998
2025-11-29 19:00:00,258.7304966
2025-11-29 20:00:00,257.5990022
2025-11-29 21:00:00,256.74319460000004
2025-11-29 22:00:00,201.06969800000002
2025-11-29 23:00:00,119.84782500000001
2025-11-30 00:00:00,119.66954519999999
2025-11-30 01:00:00,117.57583059999999
2025-11-30 02:00:00,117.1069234
2025-11-30 03:00:00,116.85646980000001
2025-11-30 04:00:00,116.8626952
2025-11-30 05:00:00,116.1484042
2025-11-30 06:00:00,111.68208180000002
2025-11-30 07:00:00,64.49576220000002
2025-11-30 08:00:00,64.730444
2025-11-30 09:00:00,64.8659304
2025-11-30 10:00:00,64.899802
2025-11-30 11:00:00,64.75221860000002
2025-11-30 12:00:00,64.57802180000002
2025-11-30 13:00:00,64.75705740000001
2025-11-30 14:00:00,66.2505438
2025-11-30 15:00:00,109.53564220000001
2025-11-30 16:00:00,117.63971060000002
2025-11-30 17:00:00,120.64128559999999
2025-11-30 18:00:00,123.15309160000001
2025-11-30 19:00:00,123.55022140000001
2025-11-30 20:00:00,123.3973512
2025-11-30 21:00:00,123.4413826
2025-11-30 22:00:00,122.7857678
2025-11-30 23:00:00,121.15179640000001
2025-12-01 00:00:00,119.38084040000001
2025-12-01 01:00:00,118.279026
2025-12-01 02:00:00,118.1444754
2025-12-01 03:00:00,118.13815300000002
2025-12-01 04:00:00,118.10521720000001
2025-12-01 05:00:00,118.111862
2025-12-01 06:00:00,117.8995396
2025-12-01 07:00:00,117.11522
2025-12-01 08:00:00,117.5696764
2025-12-01 09:00:00,117.6841956
2025-12-01 10:00:00,117.64432400000001
2025-12-01 11:00:00,117.6729032
2025-12-01 12:00:00,116.6858048
2025-12-01 13:00:00,118.26116000000002
2025-12-01 14:00:00,118.9306464
2025-12-01 15:00:00,120.79784180000001
2025-12-01 16:00:00,123.1599074
2025-12-01 17:00:00,123.72809579999998
2025-12-01 18:00:00,123.68474059999998
2025-12-01 19:00:00,126.7856792
2025-12-01 20:00:00,125.36945380000002
2025-12-01 21:00:00,126.23693739999999
2025-12-01 22:00:00,124.23064360000001
2025-12-01 23:00:00,122.15628419999999
2025-12-02 00:00:00,121.2255766
2025-12-02 01:00:00,118.96253820000001
2025-12-02 02:00:00,117.74172800000001
2025-12-02 03:00:00,117.4484042
2025-12-02 04:00:00,117.50640419999999
2025-12-02 05:00:00,117.61640419999999
2025-12-02 06:00:00,117.26240419999999
2025-12-02 07:00:00,116.82702040000001
2025-12-02 08:00:00,117.0929604
2025-12-02 09:00:00,116.96402459999999
2025-12-02 10:00:00,117.2289974
2025-12-02 11:00:00,117.0186066
2025-12-02 12:00:00,116.54543979999998
2025-12-02 13:00:00,117.2730546
2025-12-02 14:00:00,118.2585096
2025-12-02 15:00:00,119.38157659999999
2025-12-02 16:00:00,139.968413
2025-12-02 17:00:00,141.1197502
2025-12-02 18:00:00,138.1624828
2025-12-02 19:00:00,211.51681680000002
2025-12-02 20:00:00,166.8855162
2025-12-02 21:00:00,184.51332200000002
2025-12-02 22:00:00,162.329008
2025-12-02 23:00:00,132.41401839999997
2025-12-03 00:00:00,122.54463519999999
2025-12-03 01:00:00,119.7088892
2025-12-03 02:00:00,118.54640420000001
2025-12-03 03:00:00,117.9044042
2025-12-03 04:00:00,117.5344042
2025-12-03 05:00:00,117.3964042
2025-12-03 06:00:00,116.5504042
2025-12-03 07:00:00,115.97869519999999
2025-12-03 08:00:00,116.1425354
2025-12-03 09:00:00,116.1181816
2025-12-03 10:00:00,116.21953680000001
2025-12-03 11:00:00,116.3434712
2025-12-03 12:00:00,116.1576624
2025-12-03 13:00:00,116.6689206
2025-12-03 14:00:00,117.794019
2025-12-03 15:00:00,119.45705459999999
2025-12-03 16:00:00,134.68102979999998
2025-12-03 17:00:00,159.6213484
2025-12-03 18:00:00,221.4231412
2025-12-03 19:00:00,403.44353880000006
2025-12-03 20:00:00,353.37267779999996
2025-12-03 21:00:00,452.57183079999993
2025-12-03 22:00:00,312.68106
2025-12-03 23:00:00,122.51240419999999
2025-12-04 00:00:00,120.70699680000003
2025-12-04 01:00:00,118.74647479999999
2025-12-04 02:00:00,118.39221520000001
2025-12-04 03:00:00,117.89037499999999
2025-12-04 04:00:00,117.9035362
2025-12-04 05:00:00,117.79156760000001
2025-12-04 06:00:00,117.121793
2025-12-04 07:00:00,116.74276020000002
2025-12-04 08:00:00,116.7108572
2025-12-04 09:00:00,116.60092279999999
2025-12-04 10:00:00,116.6513108
2025-12-04 11:00:00,116.6433108
2025-12-04 12:00:00,116.3939556
2025-12-04 13:00:00,116.66588999999999
2025-12-04 14:00:00,117.56305119999999
2025-12-04 15:00:00,118.36395560000001
2025-12-04 16:00:00,128.1176998
2025-12-04 17:00:00,129.8210184
2025-12-04 18:00:00,135.5045892
2025-12-04 19:00:00,157.747955
2025-12-04 20:00:00,144.95692880000001
2025-12-04 21:00:00,155.91421540000002
2025-12-04 22:00:00,127.6792688
2025-12-04 23:00:00,121.48898840000001
2025-12-05 00:00:00,121.96470300000001
2025-12-05 01:00:00,119.57711960000002
2025-12-05 02:00:00,118.84663460000002
2025-12-05 03:00:00,118.158084
2025-12-05 04:00:00,118.105987
2025-12-05 05:00:00,118.0753736
2025-12-05 06:00:00,117.37579020000001
2025-12-05 07:00:00,116.45210419999998
2025-12-05 08:00:00,116.44568760000001
2025-12-05 09:00:00,116.3230456
2025-12-05 10:00:00,116.5319528
2025-12-05 11:00:00,116.555599
2025-12-05 12:00:00,116.49034080000001
2025-12-05 13:00:00,116.83834080000001
2025-12-05 14:00:00,117.6043408
2025-12-05 15:00:00,118.29034080000001
2025-12-05 16:00:00,120.23001839999999
2025-12-05 17:00:00,121.59598700000001
2025-12-05 18:00:00,123.95882859999999
2025-12-05 19:00:00,125.3008628
2025-12-05 20:00:00,123.90744199999999
2025-12-05 21:00:00,123.9959898
2025-12-05 22:00:00,122.995151
2025-12-05 23:00:00,121.53350480000002
2025-12-06 00:00:00,118.3018356
2025-12-06 01:00:00,115.82305679999999
2025-12-06 02:00:00,115.06202400000002
2025-12-06 03:00:00,114.3511852
2025-12-06 04:00:00,114.17718520000001
2025-12-06 05:00:00,113.85150760000002
2025-12-06 06:00:00,112.6172194
2025-12-06 07:00:00,110.83696260000002
2025-12-06 08:00:00,106.33096540000001
2025-12-06 09:00:00,104.26816360000001
2025-12-06 10:00:00,102.70097100000001
2025-12-06 11:00:00,103.47539040000001
2025-12-06 12:00:00,104.4873534
2025-12-06 13:00:00,106.820389
2025-12-06 14:00:00,110.6792934
2025-12-06 15:00:00,112.40129339999999
2025-12-06 16:00:00,115.0276158
2025-12-06 17:00:00,118.0693248
2025-12-06 18:00:00,120.0356472
2025-12-06 19:00:00,120.222777
2025-12-06 20:00:00,119.91119640000002
2025-12-06 21:00:00,118.692777
2025-12-06 22:00:00,118.33680840000002
2025-12-06 23:00:00,117.1430938
2025-12-07 00:00:00,115.85467720000001
2025-12-07 01:00:00,113.7576388
2025-12-07 02:00:00,113.458412
2025-12-07 03:00:00,113.16525080000001
2025-12-07 04:00:00,112.7188314
2025-12-07 05:00:00,111.90063740000001
2025-12-07 06:00:00,104.82883139999998
2025-12-07 07:00:00,72.877673
2025-12-07 08:00:00,66.8982264
2025-12-07 09:00:00,67.04097100000001
2025-12-07 10:00:00,67.10387540000002
2025-12-07 11:00:00,67.02645460000001
2025-12-07 12:00:00,66.8087086
2025-12-07 13:00:00,66.9611308
2025-12-07 14:00:00,95.5145516
2025-12-07 15:00:00,106.31913359999999
2025-12-07 16:00:00,113.26074559999999
2025-12-07 17:00:00,117.3702264
2025-12-07 18:00:00,119.25771
2025-12-07 19:00:00,119.966874
2025-12-07 20:00:00,119.85529340000001
2025-12-07 21:00:00,119.52532479999999
2025-12-07 22:00:00,119.0306116
2025-12-07 23:00:00,118.4107372
2025-12-08 00:00:00,120.39048319999999
2025-12-08 01:00:00,116.29363880000001
2025-12-08 02:00:00,114.91373300000001
2025-12-08 03:00:00,114.50902260000001
2025-12-08 04:00:00,114.8634106
2025-12-08 05:00:00,114.80650620000002
2025-12-08 06:00:00,114.3928314
2025-12-08 07:00:00,114.03902539999999
2025-12-08 08:00:00,114.4587058
2025-12-08 09:00:00,114.4578698
2025-12-08 10:00:00,114.86022640000002
2025-12-08 11:00:00,114.77664580000001
2025-12-08 12:00:00,113.5348028
2025-12-08 13:00:00,115.1084832
2025-12-08 14:00:00,116.5702264
2025-12-08 15:00:00,120.73506520000001
2025-12-08 16:00:00,129.74064579999998
2025-12-08 17:00:00,132.933613
2025-12-08 18:00:00,131.9748056
2025-12-08 19:00:00,142.4978276
2025-12-08 20:00:00,134.03738760000002
2025-12-08 21:00:00,133.9787742
2025-12-08 22:00:00,133.2599982
2025-12-08 23:00:00,124.2303492
2025-12-09 00:00:00,117.5695474
2025-12-09 01:00:00,114.2196046
2025-12-09 02:00:00,113.18898840000001
2025-12-09 03:00:00,113.1902466
2025-12-09 04:00:00,113.2836018
2025-12-09 05:00:00,113.35169879999998
2025-12-09 06:00:00,113.2363464
2025-12-09 07:00:00,113.08937919999998
2025-12-09 08:00:00,113.74925640000001
2025-12-09 09:00:00,113.964486
2025-12-09 10:00:00,114.0702292
2025-12-09 11:00:00,114.1285516
2025-12-09 12:00:00,112.6445118
2025-12-09 13:00:00,113.77690539999999
2025-12-09 14:00:00,115.00800380000001
2025-12-09 15:00:00,117.57958440000002
2025-12-09 16:00:00,123.31116499999999
2025-12-09 17:00:00,127.0161636
2025-12-09 18:00:00,134.259068
2025-12-09 19:00:00,139.1226284
2025-12-09 20:00:00,138.3268482
2025-12-09 21:00:00,139.13172960000003
2025-12-09 22:00:00,137.0401692
2025-12-09 23:00:00,126.1230254
2025-12-10 00:00:00,133.36680280000002
2025-12-10 01:00:00,118.4889542
2025-12-10 02:00:00,114.5078872
2025-12-10 03:00:00,112.21614400000001
2025-12-10 04:00:00,113.50259759999999
2025-12-10 05:00:00,114.2865006
2025-12-10 06:00:00,111.75243780000001
2025-12-10 07:00:00,111.4595362
2025-12-10 08:00:00,111.78541340000001
2025-12-10 09:00:00,111.49661160000001
2025-12-10 10:00:00,111.00419219999999
2025-12-10 11:00:00,111.07135339999999
2025-12-10 12:00:00,109.10712520000001
2025-12-10 13:00:00,110.8600952
2025-12-10 14:00:00,112.20103100000001
2025-12-10 15:00:00,115.08661160000001
2025-12-10 16:00:00,125.8527086
2025-12-10 17:00:00,133.69528780000002
2025-12-10 18:00:00,159.54283700000002
2025-12-10 19:00:00,187.43461440000002
2025-12-10 20:00:00,187.2743548
2025-12-10 21:00:00,187.905225
2025-12-10 22:00:00,183.4594134
2025-12-10 23:00:00,141.6191196
2025-12-11 00:00:00,124.23404740000001
2025-12-11 01:00:00,119.3557738
2025-12-11 02:00:00,118.349771
2025-12-11 03:00:00,117.843286
2025-12-11 04:00:00,117.9956084
2025-12-11 05:00:00,117.97199359999999
2025-12-11 06:00:00,117.38051
2025-12-11 07:00:00,116.1059936
2025-12-11 08:00:00,115.85941440000002
2025-12-11 09:00:00,115.02067260000001
2025-12-11 10:00:00,114.35444720000001
2025-12-11 11:00:00,114.453286
2025-12-11 12:00:00,111.32244719999998
2025-12-11 13:00:00,115.37435019999998
2025-12-11 14:00:00,116.89318899999998
2025-12-11 15:00:00,119.2204472
2025-12-11 16:00:00,123.70054420000001
2025-12-11 17:00:00,129.1511262
2025-12-11 18:00:00,136.279457
2025-12-11 19:00:00,140.0743642
2025-12-11 20:00:00,139.748524
2025-12-11 21:00:00,139.141323
2025-12-11 22:00:00,138.7716426
2025-12-11 23:00:00,135.14841300000003
2025-12-12 00:00:00,120.6811262
2025-12-12 01:00:00,118.67428460000001
2025-12-12 02:00:00,117.70892939999999
2025-12-12 03:00:00,117.4220906
2025-12-12 04:00:00,117.37938020000001
2025-12-12 05:00:00,117.3084758
2025-12-12 06:00:00,116.3844102
2025-12-12 07:00:00,115.2066328
2025-12-12 08:00:00,115.4074744
2025-12-12 09:00:00,115.43402499999999
2025-12-12 10:00:00,115.49905779999999
2025-12-12 11:00:00,115.44905779999999
2025-12-12 12:00:00,115.25705779999998
2025-12-12 13:00:00,116.30705779999998
2025-12-12 14:00:00,117.6670578
2025-12-12 15:00:00,118.7714772
2025-12-12 16:00:00,120.72776819999999
2025-12-12 17:00:00,121.50931740000001
2025-12-12 18:00:00,121.59619040000003
2025-12-12 19:00:00,121.94239
2025-12-12 20:00:00,121.8275826
2025-12-12 21:00:00,121.73300060000001
2025-12-12 22:00:00,121.6239022
2025-12-12 23:00:00,120.95022180000001
2025-12-13 00:00:00,122.21694619999998
2025-12-13 01:00:00,120.45635580000001
2025-12-13 02:00:00,119.266741
2025-12-13 03:00:00,118.35767960000001
2025-12-13 04:00:00,117.769711
2025-12-13 05:00:00,117.3963872
2025-12-13 06:00:00,114.80493779999999
2025-12-13 07:00:00,111.8683928
2025-12-13 08:00:00,108.4476678
2025-12-13 09:00:00,106.61499160000001
2025-12-13 10:00:00,106.51212140000003
2025-12-13 11:00:00,106.389411
2025-12-13 12:00:00,106.4576364
2025-12-13 13:00:00,106.731508
2025-12-13 14:00:00,112.18686600000001
2025-12-13 15:00:00,114.8478018
2025-12-13 16:00:00,117.36309139999999
2025-12-13 17:00:00,120.40850660000001
2025-12-13 18:00:00,122.10234399999999
2025-12-13 19:00:00,122.8847006
2025-12-13 20:00:00,122.36228120000001
2025-12-13 21:00:00,122.03363640000002
2025-12-13 22:00:00,121.83292320000001
2025-12-13 23:00:00,121.12197900000001
2025-12-14 00:00:00,120.48848699999999
2025-12-14 01:00:00,119.08954560000002
2025-12-14 02:00:00,118.205092
2025-12-14 03:00:00,117.6816084
2025-12-14 04:00:00,117.5834144
2025-12-14 05:00:00,116.5317368
2025-12-14 06:00:00,111.997092
2025-12-14 07:00:00,81.8072574
2025-12-14 08:00:00,72.44833000000001
2025-12-14 09:00:00,72.58139700000001
2025-12-14 10:00:00,72.50397620000001
2025-12-14 11:00:00,72.5015568
2025-12-14 12:00:00,72.27413320000001
2025-12-14 13:00:00,72.50397620000001
2025-12-14 14:00:00,81.0200418
2025-12-14 15:00:00,112.38255819999999
2025-12-14 16:00:00,116.4481074
2025-12-14 17:00:00,119.8706524
2025-12-14 18:00:00,122.96697480000003
2025-12-14 19:00:00,124.49017020000001
2025-12-14 20:00:00,124.50300899999999
2025-12-14 21:00:00,124.2978478
2025-12-14 22:00:00,123.88126580000001
2025-12-14 23:00:00,122.23267820000001
2025-12-15 00:00:00,115.80338579999997
2025-12-15 01:00:00,115.00276399999998
2025-12-15 02:00:00,114.71595660000003
2025-12-15 03:00:00,114.87782820000002
2025-12-15 04:00:00,115.03298939999999
2025-12-15 05:00:00,115.0668924
2025-12-15 06:00:00,114.9596028
2025-12-15 07:00:00,115.2309636
2025-12-15 08:00:00,115.94423300000001
2025-12-15 09:00:00,115.91997620000002
2025-12-15 10:00:00,115.8687836
2025-12-15 11:00:00,116.18794480000001
2025-12-15 12:00:00,115.6072944
2025-12-15 13:00:00,116.719009
2025-12-15 14:00:00,118.44426720000001
2025-12-15 15:00:00,119.3327836
2025-12-15 16:00:00,120.2767836
2025-12-15 17:00:00,120.33336279999999
2025-12-15 18:00:00,120.22575080000001
2025-12-15 19:00:00,120.7073314
2025-12-15 20:00:00,120.57091199999999
2025-12-15 21:00:00,120.66175080000001
2025-12-15 22:00:00,120.58304039999999
2025-12-15 23:00:00,119.49842140000001
2025-12-16 00:00:00,115.99754560000001
2025-12-16 01:00:00,114.5625044
2025-12-16 02:00:00,114.00495240000001
2025-12-16 03:00:00,114.067891
2025-12-16 04:00:00,114.07753440000002
2025-12-16 05:00:00,114.08069559999998
2025-12-16 06:00:00,114.0530836
2025-12-16 07:00:00,114.0163474
2025-12-16 08:00:00,114.56454699999999
2025-12-16 09:00:00,114.7870062
2025-12-16 10:00:00,114.6605868
2025-12-16 11:00:00,114.2814228
2025-12-16 12:00:00,113.9731632
2025-12-16 13:00:00,114.9559706
2025-12-16 14:00:00,116.21490920000001
2025-12-16 15:00:00,116.99442979999999
2025-12-16 16:00:00,118.32652680000001
2025-12-16 17:00:00,118.0305212
2025-12-16 18:00:00,118.02261819999998
2025-12-16 19:00:00,118.42123160000001
2025-12-16 20:00:00,118.76923160000001
2025-12-16 21:00:00,118.6928122
2025-12-16 22:00:00,118.31652119999998
2025-12-16 23:00:00,117.38300060000002
2025-12-17 00:00:00,116.6681276
2025-12-17 01:00:00,114.7682476
2025-12-17 02:00:00,114.1383104
2025-12-17 03:00:00,113.677988
2025-12-17 04:00:00,113.87185960000002
2025-12-17 05:00:00,114.0207954
2025-12-17 06:00:00,114.1314116
2025-12-17 07:00:00,113.6490264
2025-12-17 08:00:00,113.7732916
2025-12-17 09:00:00,114.05955960000001
2025-12-17 10:00:00,113.96294619999999
2025-12-17 11:00:00,114.257203
2025-12-17 12:00:00,113.38642420000001
2025-12-17 13:00:00,113.84229580000002
2025-12-17 14:00:00,115.52394760000001
2025-12-17 15:00:00,116.69179060000002
2025-12-17 16:00:00,117.25627279999999
2025-12-17 17:00:00,117.2006552
2025-12-17 18:00:00,117.4772972
2025-12-17 19:00:00,127.43562139999999
2025-12-17 20:00:00,129.0517486
2025-12-17 21:00:00,125.76312060000001
2025-12-17 22:00:00,124.9086914
2025-12-17 23:00:00,116.4645248
2025-12-18 00:00:00,111.80296760000002
2025-12-18 01:00:00,111.05328440000001
2025-12-18 02:00:00,110.682186
2025-12-18 03:00:00,110.2893472
2025-12-18 04:00:00,110.2034756
2025-12-18 05:00:00,109.943216
2025-12-18 06:00:00,109.7566996
2025-12-18 07:00:00,109.2336354
2025-12-18 08:00:00,109.15053980000002
2025-12-18 09:00:00,114.9460708
2025-12-18 10:00:00,116.4876686
2025-12-18 11:00:00,116.18960299999999
2025-12-18 12:00:00,110.1856466
2025-12-18 13:00:00,123.4840212
2025-12-18 14:00:00,163.95268140000002
2025-12-18 15:00:00,172.16349559999998
2025-12-18 16:00:00,173.15778959999997
2025-12-18 17:00:00,168.3659246
2025-12-18 18:00:00,168.9256786
2025-12-18 19:00:00,174.1973142
2025-12-18 20:00:00,174.3364674
2025-12-18 21:00:00,182.3918074
2025-12-18 22:00:00,177.70594199999996
2025-12-18 23:00:00,167.63842100000002
2025-12-19 00:00:00,108.78822300000002
2025-12-19 01:00:00,107.7626026
2025-12-19 02:00:00,107.2966026
2025-12-19 03:00:00,106.7042774
2025-12-19 04:00:00,106.32769820000001
2025-12-19 05:00:00,105.81711620000002
2025-12-19 06:00:00,104.42027739999999
2025-12-19 07:00:00,102.65621180000001
2025-12-19 08:00:00,103.12737299999999
2025-12-19 09:00:00,102.68050560000002
2025-12-19 10:00:00,102.55728160000001
2025-12-19 11:00:00,104.19415180000001
2025-12-19 12:00:00,102.75131300000001
2025-12-19 13:00:00,104.33044
2025-12-19 14:00:00,105.74560120000001
2025-12-19 15:00:00,107.46141
2025-12-19 16:00:00,108.593992
2025-12-19 17:00:00,109.24367240000001
2025-12-19 18:00:00,109.77641980000001
2025-12-19 19:00:00,109.938357
2025-12-19 20:00:00,109.7303884
2025-12-19 21:00:00,109.35545259999999
2025-12-19 22:00:00,109.1905168
2025-12-19 23:00:00,108.84244840000001
2025-12-20 00:00:00,101.85186920000001
2025-12-20 01:00:00,100.7656382
2025-12-20 02:00:00,99.8465398
2025-12-20 03:00:00,98.98285940000001
2025-12-20 04:00:00,99.45163540000001
2025-12-20 05:00:00,99.57002340000001
2025-12-20 06:00:00,71.6828964
2025-12-20 07:00:00,68.52164380000002
2025-12-20 08:00:00,68.7539062
2025-12-20 09:00:00,68.8410046
2025-12-20 10:00:00,68.9813298
2025-12-20 11:00:00,68.9305224
2025-12-20 12:00:00,68.758745
2025-12-20 13:00:00,68.90148960000002
2025-12-20 14:00:00,69.0635894
2025-12-20 15:00:00,72.50429980000001
2025-12-20 16:00:00,99.531073
2025-12-20 17:00:00,102.44739260000001
2025-12-20 18:00:00,103.38381199999999
2025-12-20 19:00:00,103.46668500000001
2025-12-20 20:00:00,102.8516208
2025-12-20 21:00:00,102.72820279999999
2025-12-20 22:00:00,102.5872014
2025-12-20 23:00:00,102.1645852
2025-12-21 00:00:00,102.86371220000001
2025-12-21 01:00:00,101.7981574
2025-12-21 02:00:00,101.39279940000002
2025-12-21 03:00:00,101.17554120000001
2025-12-21 04:00:00,101.36354120000001
2025-12-21 05:00:00,101.0195412
2025-12-21 06:00:00,78.2904142
2025-12-21 07:00:00,68.41519020000001
2025-12-21 08:00:00,68.6692272
2025-12-21 09:00:00,68.67406600000001
2025-12-21 10:00:00,68.6668078
2025-12-21 11:00:00,68.65229140000001
2025-12-21 12:00:00,68.57003180000001
2025-12-21 13:00:00,68.64745260000001
2025-12-21 14:00:00,68.76358380000002
2025-12-21 15:00:00,77.82871360000001
2025-12-21 16:00:00,101.671036
2025-12-21 17:00:00,102.70784060000001
2025-12-21 18:00:00,103.98490480000001
2025-12-21 19:00:00,104.0386166
2025-12-21 20:00:00,103.6424226
2025-12-21 21:00:00,103.6403284
2025-12-21 22:00:00,103.5350674
2025-12-21 23:00:00,103.3841944
2025-12-22 00:00:00,104.536006
2025-12-22 01:00:00,103.45531860000001
2025-12-22 02:00:00,102.7758008
2025-12-22 03:00:00,102.447992
2025-12-22 04:00:00,102.4572502
2025-12-22 05:00:00,102.3863458
2025-12-22 06:00:00,101.6438636
2025-12-22 07:00:00,100.5230276
2025-12-22 08:00:00,100.6719662
2025-12-22 09:00:00,100.9269362
2025-12-22 10:00:00,100.4451616
2025-12-22 11:00:00,100.37425720000002
2025-12-22 12:00:00,100.578708
2025-12-22 13:00:00,102.44077360000001
2025-12-22 14:00:00,103.4031958
2025-12-22 15:00:00,104.5392642
2025-12-22 16:00:00,105.15148960000002
2025-12-22 17:00:00,104.9497436
2025-12-22 18:00:00,105.05332419999999
2025-12-22 19:00:00,105.364939
2025-12-22 20:00:00,105.351133
2025-12-22 21:00:00,105.38458520000002
2025-12-22 22:00:00,105.3562628
2025-12-22 23:00:00,104.85090480000001
2025-12-23 00:00:00,104.40716440000001
2025-12-23 01:00:00,103.08857680000001
2025-12-23 02:00:00,102.6130904
2025-12-23 03:00:00,102.3014756
2025-12-23 04:00:00,102.354089
2025-12-23 05:00:00,102.14402340000001
2025-12-23 06:00:00,101.3279264
2025-12-23 07:00:00,99.36347559999999
2025-12-23 08:00:00,98.2850276
2025-12-23 09:00:00,97.7931588
2025-12-23 10:00:00,96.47432
2025-12-23 11:00:00,97.8429962
2025-12-23 12:00:00,94.9979948
2025-12-23 13:00:00,100.93564099999999
2025-12-23 14:00:00,101.8546738
2025-12-23 15:00:00,102.48999760000001
2025-12-23 16:00:00,103.09873940000003
2025-12-23 17:00:00,103.8290618
2025-12-23 18:00:00,104.1537066
2025-12-23 19:00:00,104.2013842
2025-12-23 20:00:00,104.2071588
2025-12-23 21:00:00,104.234708
2025-12-23 22:00:00,104.09935279999999
2025-12-23 23:00:00,103.26883640000001
2025-12-24 00:00:00,101.8175098
2025-12-24 01:00:00,100.81343580000001
2025-12-24 02:00:00,100.66614340000001
2025-12-24 03:00:00,100.52920759999999
2025-12-24 04:00:00,100.55249720000002
2025-12-24 05:00:00,100.3239808
2025-12-24 06:00:00,77.66598080000001
2025-12-24 07:00:00,67.56840020000001
2025-12-24 08:00:00,67.6119494
2025-12-24 09:00:00,67.6167882
2025-12-24 10:00:00,67.61920760000001
2025-12-24 11:00:00,67.60953
2025-12-24 12:00:00,67.59501360000002
2025-12-24 13:00:00,67.61436880000001
2025-12-24 14:00:00,67.62404640000001
2025-12-24 15:00:00,99.1168852
2025-12-24 16:00:00,100.98172400000001
2025-12-24 17:00:00,101.925724
2025-12-24 18:00:00,102.4840492
2025-12-24 19:00:00,103.33282799999999
2025-12-24 20:00:00,102.63911619999999
2025-12-24 21:00:00,101.85656279999999
2025-12-24 22:00:00,101.2764316
2025-12-24 23:00:00,100.827008
2025-12-25 00:00:00,102.9125112
2025-12-25 01:00:00,102.9357352
2025-12-25 02:00:00,102.7717666
2025-12-25 03:00:00,102.33434300000002
2025-12-25 04:00:00,102.0170478
2025-12-25 05:00:00,99.8957218
2025-12-25 06:00:00,96.26240419999999
2025-12-25 07:00:00,64.3264042
2025-12-25 08:00:00,64.3264042
2025-12-25 09:00:00,64.3264042
2025-12-25 10:00:00,65.34013280000002
2025-12-25 11:00:00,66.15547060000002
2025-12-25 12:00:00,64.70141120000001
2025-12-25 13:00:00,64.3264042
2025-12-25 14:00:00,64.3264042
2025-12-25 15:00:00,64.3264042
2025-12-25 16:00:00,96.4024042
2025-12-25 17:00:00,102.06024319999999
2025-12-25 18:00:00,104.00967519999999
2025-12-25 19:00:00,104.6652272
2025-12-25 20:00:00,104.6073242
2025-12-25 21:00:00,104.5230988
2025-12-25 22:00:00,104.4276466
2025-12-25 23:00:00,104.25358099999998
2025-12-26 00:00:00,104.92013440000001
2025-12-26 01:00:00,103.98387199999999
2025-12-26 02:00:00,103.43380640000001
2025-12-26 03:00:00,103.0004512
2025-12-26 04:00:00,102.926514
2025-12-26 05:00:00,102.578186
2025-12-26 06:00:00,101.8151818
2025-12-26 07:00:00,99.808888
2025-12-26 08:00:00,96.2552704
2025-12-26 09:00:00,67.59259420000001
2025-12-26 10:00:00,67.74017760000001
2025-12-26 11:00:00,67.76679100000001
2025-12-26 12:00:00,67.645821
2025-12-26 13:00:00,93.1444344
2025-12-26 14:00:00,101.10695360000001
2025-12-26 15:00:00,102.0456326
2025-12-26 16:00:00,103.06992640000001
2025-12-26 17:00:00,104.32774079999999
2025-12-26 18:00:00,105.18974640000002
2025-12-26 19:00:00,105.75136400000001
2025-12-26 20:00:00,105.74710439999998
2025-12-26 21:00:00,105.49597739999999
2025-12-26 22:00:00,104.78332700000001
2025-12-26 23:00:00,104.137096
2025-12-27 00:00:00,97.5965168
2025-12-27 01:00:00,96.3793842
2025-12-27 02:00:00,95.4096068
2025-12-27 03:00:00,94.90267100000001
2025-12-27 04:00:00,95.2473814
2025-12-27 05:00:00,94.697253
2025-12-27 06:00:00,93.8922572
2025-12-27 07:00:00,91.5902914
2025-12-27 08:00:00,68.76116440000001
2025-12-27 09:00:00,68.80713300000001
2025-12-27 10:00:00,68.90148960000002
2025-12-27 11:00:00,68.8579404
2025-12-27 12:00:00,68.758745
2025-12-27 13:00:00,68.90148960000002
2025-12-27 14:00:00,72.4409104
2025-12-27 15:00:00,92.8517178
2025-12-27 16:00:00,94.58842820000001
2025-12-27 17:00:00,97.0087478
2025-12-27 18:00:00,98.6223284
2025-12-27 19:00:00,99.3752356
2025-12-27 20:00:00,98.57513580000001
2025-12-27 21:00:00,98.42097880000001
2025-12-27 22:00:00,98.1627164
2025-12-27 23:00:00,97.4744854
2025-12-28 00:00:00,100.2139774
2025-12-28 01:00:00,98.3673556
2025-12-28 02:00:00,97.61990340000001
2025-12-28 03:00:00,96.40332140000001
2025-12-28 04:00:00,96.2970646
2025-12-28 05:00:00,95.49996619999999
2025-12-28 06:00:00,93.707484
2025-12-28 07:00:00,79.41051680000001
2025-12-28 08:00:00,68.70793760000001
2025-12-28 09:00:00,68.8845538
2025-12-28 10:00:00,68.85068220000001
2025-12-28 11:00:00,68.758745
2025-12-28 12:00:00,68.758745
2025-12-28 13:00:00,68.80713300000001
2025-12-28 14:00:00,68.879715
2025-12-28 15:00:00,91.01233119999999
2025-12-28 16:00:00,94.5920402
2025-12-28 17:00:00,97.47352099999999
2025-12-28 18:00:00,99.4508762
2025-12-28 19:00:00,100.47365500000001
2025-12-28 20:00:00,100.0038804
2025-12-28 21:00:00,100.15288460000001
2025-12-28 22:00:00,99.8600402
2025-12-28 23:00:00,99.2886794
2025-12-29 00:00:00,171.86190340000002
2025-12-29 01:00:00,158.5969878
2025-12-29 02:00:00,152.68002059999998
2025-12-29 03:00:00,121.70789220000002
2025-12-29 04:00:00,121.55389220000002
2025-12-29 05:00:00,120.1247282
2025-12-29 06:00:00,100.5076326
2025-12-29 07:00:00,96.5417666
2025-12-29 08:00:00,95.9424484
2025-12-29 09:00:00,94.9697094
2025-12-29 10:00:00,94.9601288
2025-12-29 11:00:00,94.9681602
2025-12-29 12:00:00,95.0288706
2025-12-29 13:00:00,95.96564380000001
2025-12-29 14:00:00,97.59183780000001
2025-12-29 15:00:00,99.8472586
2025-12-29 16:00:00,145.89525859999998
2025-12-29 17:00:00,156.1338064
2025-12-29 18:00:00,161.62348400000002
2025-12-29 19:00:00,277.4233898
2025-12-29 20:00:00,196.5247136
2025-12-29 21:00:00,175.01603740000002
2025-12-29 22:00:00,186.30080779999997
2025-12-29 23:00:00,178.139835
2025-12-30 00:00:00,107.18361239999999
2025-12-30 01:00:00,100.4984142
2025-12-30 02:00:00,98.9134414
2025-12-30 03:00:00,98.404634
2025-12-30 04:00:00,98.6122146
2025-12-30 05:00:00,98.3739864
2025-12-30 06:00:00,95.80540719999999
2025-12-30 07:00:00,94.5418636
2025-12-30 08:00:00,94.1385796
2025-12-30 09:00:00,93.9783542
2025-12-30 10:00:00,93.8288706
2025-12-30 11:00:00,93.8161288
2025-12-30 12:00:00,93.46909600000001
2025-12-30 13:00:00,94.021387
2025-12-30 14:00:00,94.8282258
2025-12-30 15:00:00,95.873484
2025-12-30 16:00:00,97.36832279999999
2025-12-30 17:00:00,99.85032279999999
2025-12-30 18:00:00,101.2389362
2025-12-30 19:00:00,103.5216494
2025-12-30 20:00:00,103.32897320000002
2025-12-30 21:00:00,101.77520139999999
2025-12-30 22:00:00,101.1151958
2025-12-30 23:00:00,100.389096
2025-12-31 00:00:00,97.92138700000001
2025-12-31 01:00:00,95.98870240000001
2025-12-31 02:00:00,94.3954016
2025-12-31 03:00:00,94.080657
2025-12-31 04:00:00,93.7813932
2025-12-31 05:00:00,92.38543360000001
2025-12-31 06:00:00,92.3725802
2025-12-31 07:00:00,91.60106800000001
2025-12-31 08:00:00,91.09752719999999
2025-12-31 09:00:00,84.7384316
2025-12-31 10:00:00,67.4619466
2025-12-31 11:00:00,67.3240408
2025-12-31 12:00:00,71.0026172
2025-12-31 13:00:00,90.2228084
2025-12-31 14:00:00,91.4139382
2025-12-31 15:00:00,92.45903940000001
2025-12-31 16:00:00,93.7233702
2025-12-31 17:00:00,94.9925398
2025-12-31 18:00:00,96.8776124
2025-12-31 19:00:00,98.4330018
2025-12-31 20:00:00,97.3411302
2025-12-31 21:00:00,95.91851679999999
2025-12-31 22:00:00,94.84541
2025-12-31 23:00:00,94.2539808
