timestamp,fator_capacidade
2022-01-01 00:00:00,0.0
2022-01-01 01:00:00,0.0
2022-01-01 02:00:00,0.0
2022-01-01 03:00:00,0.0
2022-01-01 04:00:00,0.0
2022-01-01 05:00:00,0.0
2022-01-01 06:00:00,0.01738
2022-01-01 07:00:00,0.06715
2022-01-01 08:00:00,0.13566999999999999
2022-01-01 09:00:00,0.13337000000000002
2022-01-01 10:00:00,0.09587000000000001
2022-01-01 11:00:00,0.19554
2022-01-01 12:00:00,0.21656999999999998
2022-01-01 13:00:00,0.29885
2022-01-01 14:00:00,0.31025
2022-01-01 15:00:00,0.19916
2022-01-01 16:00:00,0.05811
2022-01-01 17:00:00,0.0136
2022-01-01 18:00:00,0.0014
2022-01-01 19:00:00,0.0
2022-01-01 20:00:00,0.0
2022-01-01 21:00:00,0.0
2022-01-01 22:00:00,0.0
2022-01-01 23:00:00,0.0
2022-01-02 00:00:00,0.0
2022-01-02 01:00:00,0.0
2022-01-02 02:00:00,0.0
2022-01-02 03:00:00,0.0
2022-01-02 04:00:00,0.0
2022-01-02 05:00:00,0.0
2022-01-02 06:00:00,0.02325
2022-01-02 07:00:00,0.02949
2022-01-02 08:00:00,0.08114
2022-01-02 09:00:00,0.18752000000000002
2022-01-02 10:00:00,0.21650999999999998
2022-01-02 11:00:00,0.45241000000000003
2022-01-02 12:00:00,0.5710700000000001
2022-01-02 13:00:00,0.43793
2022-01-02 14:00:00,0.22712000000000002
2022-01-02 15:00:00,0.04169
2022-01-02 16:00:00,0.02792
2022-01-02 17:00:00,0.09345
2022-01-02 18:00:00,0.0014
2022-01-02 19:00:00,0.0
2022-01-02 20:00:00,0.0
2022-01-02 21:00:00,0.0
2022-01-02 22:00:00,0.0
2022-01-02 23:00:00,0.0
2022-01-03 00:00:00,0.0
2022-01-03 01:00:00,0.0
2022-01-03 02:00:00,0.0
2022-01-03 03:00:00,0.0
2022-01-03 04:00:00,0.0
2022-01-03 05:00:00,0.0
2022-01-03 06:00:00,0.02416
2022-01-03 07:00:00,0.07887999999999999
2022-01-03 08:00:00,0.18431
2022-01-03 09:00:00,0.21496
2022-01-03 10:00:00,0.29975
2022-01-03 11:00:00,0.44744
2022-01-03 12:00:00,0.37789
2022-01-03 13:00:00,0.59892
2022-01-03 14:00:00,0.44017
2022-01-03 15:00:00,0.24702000000000002
2022-01-03 16:00:00,0.02801
2022-01-03 17:00:00,0.013619999999999998
2022-01-03 18:00:00,0.0014
2022-01-03 19:00:00,0.0
2022-01-03 20:00:00,0.0
2022-01-03 21:00:00,0.0
2022-01-03 22:00:00,0.0
2022-01-03 23:00:00,0.0
2022-01-04 00:00:00,0.0
2022-01-04 01:00:00,0.0
2022-01-04 02:00:00,0.0
2022-01-04 03:00:00,0.0
2022-01-04 04:00:00,0.0
2022-01-04 05:00:00,0.0
2022-01-04 06:00:00,0.00872
2022-01-04 07:00:00,0.04957
2022-01-04 08:00:00,0.02699
2022-01-04 09:00:00,0.14756
2022-01-04 10:00:00,0.17879
2022-01-04 11:00:00,0.12796
2022-01-04 12:00:00,0.26339999999999997
2022-01-04 13:00:00,0.36849
2022-01-04 14:00:00,0.25733999999999996
2022-01-04 15:00:00,0.32614
2022-01-04 16:00:00,0.18062
2022-01-04 17:00:00,0.02867
2022-01-04 18:00:00,0.00139
2022-01-04 19:00:00,0.0
2022-01-04 20:00:00,0.0
2022-01-04 21:00:00,0.0
2022-01-04 22:00:00,0.0
2022-01-04 23:00:00,0.0
2022-01-05 00:00:00,0.0
2022-01-05 01:00:00,0.0
2022-01-05 02:00:00,0.0
2022-01-05 03:00:00,0.0
2022-01-05 04:00:00,0.0
2022-01-05 05:00:00,0.0
2022-01-05 06:00:00,0.03289
2022-01-05 07:00:00,0.09257
2022-01-05 08:00:00,0.11744
2022-01-05 09:00:00,0.20019
2022-01-05 10:00:00,0.18622
2022-01-05 11:00:00,0.25801
2022-01-05 12:00:00,0.48513999999999996
2022-01-05 13:00:00,0.40536
2022-01-05 14:00:00,0.14914
2022-01-05 15:00:00,0.04672
2022-01-05 16:00:00,0.05775
2022-01-05 17:00:00,0.01366
2022-01-05 18:00:00,0.00141
2022-01-05 19:00:00,0.0
2022-01-05 20:00:00,0.0
2022-01-05 21:00:00,0.0
2022-01-05 22:00:00,0.0
2022-01-05 23:00:00,0.0
2022-01-06 00:00:00,0.0
2022-01-06 01:00:00,0.0
2022-01-06 02:00:00,0.0
2022-01-06 03:00:00,0.0
2022-01-06 04:00:00,0.0
2022-01-06 05:00:00,0.0
2022-01-06 06:00:00,0.02525
2022-01-06 07:00:00,0.06122
2022-01-06 08:00:00,0.09465000000000001
2022-01-06 09:00:00,0.12651
2022-01-06 10:00:00,0.19238
2022-01-06 11:00:00,0.5764900000000001
2022-01-06 12:00:00,0.75205
2022-01-06 13:00:00,0.67573
2022-01-06 14:00:00,0.54295
2022-01-06 15:00:00,0.33988
2022-01-06 16:00:00,0.04935
2022-01-06 17:00:00,0.01358
2022-01-06 18:00:00,0.00141
2022-01-06 19:00:00,0.0
2022-01-06 20:00:00,0.0
2022-01-06 21:00:00,0.0
2022-01-06 22:00:00,0.0
2022-01-06 23:00:00,0.0
2022-01-07 00:00:00,0.0
2022-01-07 01:00:00,0.0
2022-01-07 02:00:00,0.0
2022-01-07 03:00:00,0.0
2022-01-07 04:00:00,0.0
2022-01-07 05:00:00,0.0
2022-01-07 06:00:00,0.01063
2022-01-07 07:00:00,0.13624
2022-01-07 08:00:00,0.17334
2022-01-07 09:00:00,0.13734
2022-01-07 10:00:00,0.25597
2022-01-07 11:00:00,0.36889999999999995
2022-01-07 12:00:00,0.38794
2022-01-07 13:00:00,0.35075
2022-01-07 14:00:00,0.22935
2022-01-07 15:00:00,0.09389
2022-01-07 16:00:00,0.039630000000000006
2022-01-07 17:00:00,0.01385
2022-01-07 18:00:00,0.0014399999999999999
2022-01-07 19:00:00,0.0
2022-01-07 20:00:00,0.0
2022-01-07 21:00:00,0.0
2022-01-07 22:00:00,0.0
2022-01-07 23:00:00,0.0
2022-01-08 00:00:00,0.0
2022-01-08 01:00:00,0.0
2022-01-08 02:00:00,0.0
2022-01-08 03:00:00,0.0
2022-01-08 04:00:00,0.0
2022-01-08 05:00:00,0.0
2022-01-08 06:00:00,0.03368
2022-01-08 07:00:00,0.06645999999999999
2022-01-08 08:00:00,0.14137
2022-01-08 09:00:00,0.21478999999999998
2022-01-08 10:00:00,0.12231
2022-01-08 11:00:00,0.34686
2022-01-08 12:00:00,0.39563
2022-01-08 13:00:00,0.36239
2022-01-08 14:00:00,0.21587
2022-01-08 15:00:00,0.25442
2022-01-08 16:00:00,0.09159
2022-01-08 17:00:00,0.02341
2022-01-08 18:00:00,0.0018700000000000001
2022-01-08 19:00:00,0.0
2022-01-08 20:00:00,0.0
2022-01-08 21:00:00,0.0
2022-01-08 22:00:00,0.0
2022-01-08 23:00:00,0.0
2022-01-09 00:00:00,0.0
2022-01-09 01:00:00,0.0
2022-01-09 02:00:00,0.0
2022-01-09 03:00:00,0.0
2022-01-09 04:00:00,0.0
2022-01-09 05:00:00,0.0
2022-01-09 06:00:00,0.03975
2022-01-09 07:00:00,0.22332
2022-01-09 08:00:00,0.18022
2022-01-09 09:00:00,0.34691000000000005
2022-01-09 10:00:00,0.33819
2022-01-09 11:00:00,0.23513
2022-01-09 12:00:00,0.25401
2022-01-09 13:00:00,0.19279
2022-01-09 14:00:00,0.11715
2022-01-09 15:00:00,0.054509999999999996
2022-01-09 16:00:00,0.03995
2022-01-09 17:00:00,0.01462
2022-01-09 18:00:00,0.0019
2022-01-09 19:00:00,0.0
2022-01-09 20:00:00,0.0
2022-01-09 21:00:00,0.0
2022-01-09 22:00:00,0.0
2022-01-09 23:00:00,0.0
2022-01-10 00:00:00,0.0
2022-01-10 01:00:00,0.0
2022-01-10 02:00:00,0.0
2022-01-10 03:00:00,0.0
2022-01-10 04:00:00,0.0
2022-01-10 05:00:00,0.0
2022-01-10 06:00:00,0.018510000000000002
2022-01-10 07:00:00,0.14187
2022-01-10 08:00:00,0.07318000000000001
2022-01-10 09:00:00,0.21414
2022-01-10 10:00:00,0.25125
2022-01-10 11:00:00,0.2646
2022-01-10 12:00:00,0.25187
2022-01-10 13:00:00,0.37039999999999995
2022-01-10 14:00:00,0.13724
2022-01-10 15:00:00,0.10537
2022-01-10 16:00:00,0.07726000000000001
2022-01-10 17:00:00,0.01434
2022-01-10 18:00:00,0.00186
2022-01-10 19:00:00,0.0
2022-01-10 20:00:00,0.0
2022-01-10 21:00:00,0.0
2022-01-10 22:00:00,0.0
2022-01-10 23:00:00,0.0
2022-01-11 00:00:00,0.0
2022-01-11 01:00:00,0.0
2022-01-11 02:00:00,0.0
2022-01-11 03:00:00,0.0
2022-01-11 04:00:00,0.0
2022-01-11 05:00:00,0.0
2022-01-11 06:00:00,0.01202
2022-01-11 07:00:00,0.03452
2022-01-11 08:00:00,0.1641
2022-01-11 09:00:00,0.21327000000000002
2022-01-11 10:00:00,0.33063
2022-01-11 11:00:00,0.33968
2022-01-11 12:00:00,0.43413999999999997
2022-01-11 13:00:00,0.44181
2022-01-11 14:00:00,0.25908
2022-01-11 15:00:00,0.14264
2022-01-11 16:00:00,0.24169
2022-01-11 17:00:00,0.02759
2022-01-11 18:00:00,0.02779
2022-01-11 19:00:00,0.0
2022-01-11 20:00:00,0.0
2022-01-11 21:00:00,0.0
2022-01-11 22:00:00,0.0
2022-01-11 23:00:00,0.0
2022-01-12 00:00:00,0.0
2022-01-12 01:00:00,0.0
2022-01-12 02:00:00,0.0
2022-01-12 03:00:00,0.0
2022-01-12 04:00:00,0.0
2022-01-12 05:00:00,0.0
2022-01-12 06:00:00,0.06620000000000001
2022-01-12 07:00:00,0.13508
2022-01-12 08:00:00,0.09504
2022-01-12 09:00:00,0.23322
2022-01-12 10:00:00,0.22541
2022-01-12 11:00:00,0.28908
2022-01-12 12:00:00,0.42282
2022-01-12 13:00:00,0.41539
2022-01-12 14:00:00,0.54936
2022-01-12 15:00:00,0.36157999999999996
2022-01-12 16:00:00,0.23944
2022-01-12 17:00:00,0.03145
2022-01-12 18:00:00,0.00182
2022-01-12 19:00:00,0.0
2022-01-12 20:00:00,0.0
2022-01-12 21:00:00,0.0
2022-01-12 22:00:00,0.0
2022-01-12 23:00:00,0.0
2022-01-13 00:00:00,0.0
2022-01-13 01:00:00,0.0
2022-01-13 02:00:00,0.0
2022-01-13 03:00:00,0.0
2022-01-13 04:00:00,0.0
2022-01-13 05:00:00,0.0
2022-01-13 06:00:00,0.06081
2022-01-13 07:00:00,0.24875
2022-01-13 08:00:00,0.49489999999999995
2022-01-13 09:00:00,0.36527
2022-01-13 10:00:00,0.6530900000000001
2022-01-13 11:00:00,0.45908
2022-01-13 12:00:00,0.44926
2022-01-13 13:00:00,0.68133
2022-01-13 14:00:00,0.56798
2022-01-13 15:00:00,0.24667
2022-01-13 16:00:00,0.17807
2022-01-13 17:00:00,0.10396999999999999
2022-01-13 18:00:00,0.00184
2022-01-13 19:00:00,0.0
2022-01-13 20:00:00,0.0
2022-01-13 21:00:00,0.0
2022-01-13 22:00:00,0.0
2022-01-13 23:00:00,0.0
2022-01-14 00:00:00,0.0
2022-01-14 01:00:00,0.0
2022-01-14 02:00:00,0.0
2022-01-14 03:00:00,0.0
2022-01-14 04:00:00,0.0
2022-01-14 05:00:00,0.0
2022-01-14 06:00:00,0.054009999999999996
2022-01-14 07:00:00,0.25911
2022-01-14 08:00:00,0.48589
2022-01-14 09:00:00,0.63215
2022-01-14 10:00:00,0.7074199999999999
2022-01-14 11:00:00,0.74522
2022-01-14 12:00:00,0.68852
2022-01-14 13:00:00,0.54728
2022-01-14 14:00:00,0.11084000000000001
2022-01-14 15:00:00,0.32653
2022-01-14 16:00:00,0.24001
2022-01-14 17:00:00,0.01408
2022-01-14 18:00:00,0.0018
2022-01-14 19:00:00,0.0
2022-01-14 20:00:00,0.0
2022-01-14 21:00:00,0.0
2022-01-14 22:00:00,0.0
2022-01-14 23:00:00,0.0
2022-01-15 00:00:00,0.0
2022-01-15 01:00:00,0.0
2022-01-15 02:00:00,0.0
2022-01-15 03:00:00,0.0
2022-01-15 04:00:00,0.0
2022-01-15 05:00:00,0.0
2022-01-15 06:00:00,0.05404
2022-01-15 07:00:00,0.21902000000000002
2022-01-15 08:00:00,0.41344
2022-01-15 09:00:00,0.46108
2022-01-15 10:00:00,0.59412
2022-01-15 11:00:00,0.66816
2022-01-15 12:00:00,0.43513
2022-01-15 13:00:00,0.26785000000000003
2022-01-15 14:00:00,0.20099
2022-01-15 15:00:00,0.18309
2022-01-15 16:00:00,0.12913999999999998
2022-01-15 17:00:00,0.01417
2022-01-15 18:00:00,0.00181
2022-01-15 19:00:00,0.0
2022-01-15 20:00:00,0.0
2022-01-15 21:00:00,0.0
2022-01-15 22:00:00,0.0
2022-01-15 23:00:00,0.0
2022-01-16 00:00:00,0.0
2022-01-16 01:00:00,0.0
2022-01-16 02:00:00,0.0
2022-01-16 03:00:00,0.0
2022-01-16 04:00:00,0.0
2022-01-16 05:00:00,0.0
2022-01-16 06:00:00,0.063
2022-01-16 07:00:00,0.28947
2022-01-16 08:00:00,0.48832
2022-01-16 09:00:00,0.62493
2022-01-16 10:00:00,0.75409
2022-01-16 11:00:00,0.74495
2022-01-16 12:00:00,0.54601
2022-01-16 13:00:00,0.42877
2022-01-16 14:00:00,0.11488
2022-01-16 15:00:00,0.05164
2022-01-16 16:00:00,0.0396
2022-01-16 17:00:00,0.07377
2022-01-16 18:00:00,0.00183
2022-01-16 19:00:00,0.0
2022-01-16 20:00:00,0.0
2022-01-16 21:00:00,0.0
2022-01-16 22:00:00,0.0
2022-01-16 23:00:00,0.0
2022-01-17 00:00:00,0.0
2022-01-17 01:00:00,0.0
2022-01-17 02:00:00,0.0
2022-01-17 03:00:00,0.0
2022-01-17 04:00:00,0.0
2022-01-17 05:00:00,0.0
2022-01-17 06:00:00,0.044719999999999996
2022-01-17 07:00:00,0.24302
2022-01-17 08:00:00,0.47768
2022-01-17 09:00:00,0.6115900000000001
2022-01-17 10:00:00,0.7273099999999999
2022-01-17 11:00:00,0.75209
2022-01-17 12:00:00,0.75971
2022-01-17 13:00:00,0.66071
2022-01-17 14:00:00,0.5204500000000001
2022-01-17 15:00:00,0.36316000000000004
2022-01-17 16:00:00,0.24222
2022-01-17 17:00:00,0.07640999999999999
2022-01-17 18:00:00,0.03352
2022-01-17 19:00:00,0.0
2022-01-17 20:00:00,0.0
2022-01-17 21:00:00,0.0
2022-01-17 22:00:00,0.0
2022-01-17 23:00:00,0.0
2022-01-18 00:00:00,0.0
2022-01-18 01:00:00,0.0
2022-01-18 02:00:00,0.0
2022-01-18 03:00:00,0.0
2022-01-18 04:00:00,0.0
2022-01-18 05:00:00,0.0
2022-01-18 06:00:00,0.01715
2022-01-18 07:00:00,0.28098
2022-01-18 08:00:00,0.47304
2022-01-18 09:00:00,0.60125
2022-01-18 10:00:00,0.70756
2022-01-18 11:00:00,0.6333
2022-01-18 12:00:00,0.6447999999999999
2022-01-18 13:00:00,0.5569500000000001
2022-01-18 14:00:00,0.5372
2022-01-18 15:00:00,0.43136
2022-01-18 16:00:00,0.19313999999999998
2022-01-18 17:00:00,0.11117
2022-01-18 18:00:00,0.03413
2022-01-18 19:00:00,0.0
2022-01-18 20:00:00,0.0
2022-01-18 21:00:00,0.0
2022-01-18 22:00:00,0.0
2022-01-18 23:00:00,0.0
2022-01-19 00:00:00,0.0
2022-01-19 01:00:00,0.0
2022-01-19 02:00:00,0.0
2022-01-19 03:00:00,0.0
2022-01-19 04:00:00,0.0
2022-01-19 05:00:00,0.0
2022-01-19 06:00:00,0.016550000000000002
2022-01-19 07:00:00,0.27668
2022-01-19 08:00:00,0.4727
2022-01-19 09:00:00,0.63137
2022-01-19 10:00:00,0.70697
2022-01-19 11:00:00,0.7206699999999999
2022-01-19 12:00:00,0.76635
2022-01-19 13:00:00,0.6812699999999999
2022-01-19 14:00:00,0.51477
2022-01-19 15:00:00,0.34834
2022-01-19 16:00:00,0.19791
2022-01-19 17:00:00,0.06656000000000001
2022-01-19 18:00:00,0.0018
2022-01-19 19:00:00,0.0
2022-01-19 20:00:00,0.0
2022-01-19 21:00:00,0.0
2022-01-19 22:00:00,0.0
2022-01-19 23:00:00,0.0
2022-01-20 00:00:00,0.0
2022-01-20 01:00:00,0.0
2022-01-20 02:00:00,0.0
2022-01-20 03:00:00,0.0
2022-01-20 04:00:00,0.0
2022-01-20 05:00:00,0.0
2022-01-20 06:00:00,0.01575
2022-01-20 07:00:00,0.27235000000000004
2022-01-20 08:00:00,0.46651
2022-01-20 09:00:00,0.62639
2022-01-20 10:00:00,0.72311
2022-01-20 11:00:00,0.7537999999999999
2022-01-20 12:00:00,0.74282
2022-01-20 13:00:00,0.62528
2022-01-20 14:00:00,0.48654000000000003
2022-01-20 15:00:00,0.21559
2022-01-20 16:00:00,0.05484000000000001
2022-01-20 17:00:00,0.08038
2022-01-20 18:00:00,0.02524
2022-01-20 19:00:00,0.0
2022-01-20 20:00:00,0.0
2022-01-20 21:00:00,0.0
2022-01-20 22:00:00,0.0
2022-01-20 23:00:00,0.0
2022-01-21 00:00:00,0.0
2022-01-21 01:00:00,0.0
2022-01-21 02:00:00,0.0
2022-01-21 03:00:00,0.0
2022-01-21 04:00:00,0.0
2022-01-21 05:00:00,0.0
2022-01-21 06:00:00,0.015130000000000001
2022-01-21 07:00:00,0.27467
2022-01-21 08:00:00,0.4644
2022-01-21 09:00:00,0.62087
2022-01-21 10:00:00,0.72169
2022-01-21 11:00:00,0.7556799999999999
2022-01-21 12:00:00,0.75217
2022-01-21 13:00:00,0.69144
2022-01-21 14:00:00,0.574
2022-01-21 15:00:00,0.39146
2022-01-21 16:00:00,0.15092
2022-01-21 17:00:00,0.11757
2022-01-21 18:00:00,0.03592
2022-01-21 19:00:00,0.0
2022-01-21 20:00:00,0.0
2022-01-21 21:00:00,0.0
2022-01-21 22:00:00,0.0
2022-01-21 23:00:00,0.0
2022-01-22 00:00:00,0.0
2022-01-22 01:00:00,0.0
2022-01-22 02:00:00,0.0
2022-01-22 03:00:00,0.0
2022-01-22 04:00:00,0.0
2022-01-22 05:00:00,0.0
2022-01-22 06:00:00,0.01512
2022-01-22 07:00:00,0.26453
2022-01-22 08:00:00,0.30795999999999996
2022-01-22 09:00:00,0.33615
2022-01-22 10:00:00,0.54779
2022-01-22 11:00:00,0.33699
2022-01-22 12:00:00,0.7103200000000001
2022-01-22 13:00:00,0.62354
2022-01-22 14:00:00,0.5727000000000001
2022-01-22 15:00:00,0.40523000000000003
2022-01-22 16:00:00,0.23363
2022-01-22 17:00:00,0.05783
2022-01-22 18:00:00,0.024329999999999997
2022-01-22 19:00:00,0.0
2022-01-22 20:00:00,0.0
2022-01-22 21:00:00,0.0
2022-01-22 22:00:00,0.0
2022-01-22 23:00:00,0.0
2022-01-23 00:00:00,0.0
2022-01-23 01:00:00,0.0
2022-01-23 02:00:00,0.0
2022-01-23 03:00:00,0.0
2022-01-23 04:00:00,0.0
2022-01-23 05:00:00,0.0
2022-01-23 06:00:00,0.01128
2022-01-23 07:00:00,0.17948
2022-01-23 08:00:00,0.44676
2022-01-23 09:00:00,0.54318
2022-01-23 10:00:00,0.6538099999999999
2022-01-23 11:00:00,0.68516
2022-01-23 12:00:00,0.73077
2022-01-23 13:00:00,0.63197
2022-01-23 14:00:00,0.5227200000000001
2022-01-23 15:00:00,0.38294
2022-01-23 16:00:00,0.07815000000000001
2022-01-23 17:00:00,0.01391
2022-01-23 18:00:00,0.025670000000000002
2022-01-23 19:00:00,0.0
2022-01-23 20:00:00,0.0
2022-01-23 21:00:00,0.0
2022-01-23 22:00:00,0.0
2022-01-23 23:00:00,0.0
2022-01-24 00:00:00,0.0
2022-01-24 01:00:00,0.0
2022-01-24 02:00:00,0.0
2022-01-24 03:00:00,0.0
2022-01-24 04:00:00,0.0
2022-01-24 05:00:00,0.0
2022-01-24 06:00:00,0.01317
2022-01-24 07:00:00,0.26473
2022-01-24 08:00:00,0.45288999999999996
2022-01-24 09:00:00,0.61688
2022-01-24 10:00:00,0.7119099999999999
2022-01-24 11:00:00,0.71384
2022-01-24 12:00:00,0.6961799999999999
2022-01-24 13:00:00,0.6674800000000001
2022-01-24 14:00:00,0.57359
2022-01-24 15:00:00,0.19005000000000002
2022-01-24 16:00:00,0.24180000000000001
2022-01-24 17:00:00,0.03606
2022-01-24 18:00:00,0.02366
2022-01-24 19:00:00,0.0
2022-01-24 20:00:00,0.0
2022-01-24 21:00:00,0.0
2022-01-24 22:00:00,0.0
2022-01-24 23:00:00,0.0
2022-01-25 00:00:00,0.0
2022-01-25 01:00:00,0.0
2022-01-25 02:00:00,0.0
2022-01-25 03:00:00,0.0
2022-01-25 04:00:00,0.0
2022-01-25 05:00:00,0.0
2022-01-25 06:00:00,0.01319
2022-01-25 07:00:00,0.25468999999999997
2022-01-25 08:00:00,0.46839
2022-01-25 09:00:00,0.61081
2022-01-25 10:00:00,0.31455
2022-01-25 11:00:00,0.60682
2022-01-25 12:00:00,0.64411
2022-01-25 13:00:00,0.65427
2022-01-25 14:00:00,0.56832
2022-01-25 15:00:00,0.40270999999999996
2022-01-25 16:00:00,0.06008
2022-01-25 17:00:00,0.11921999999999999
2022-01-25 18:00:00,0.01768
2022-01-25 19:00:00,0.0
2022-01-25 20:00:00,0.0
2022-01-25 21:00:00,0.0
2022-01-25 22:00:00,0.0
2022-01-25 23:00:00,0.0
2022-01-26 00:00:00,0.0
2022-01-26 01:00:00,0.0
2022-01-26 02:00:00,0.0
2022-01-26 03:00:00,0.0
2022-01-26 04:00:00,0.0
2022-01-26 05:00:00,0.0
2022-01-26 06:00:00,0.01131
2022-01-26 07:00:00,0.09312000000000001
2022-01-26 08:00:00,0.13469
2022-01-26 09:00:00,0.54647
2022-01-26 10:00:00,0.45303
2022-01-26 11:00:00,0.59929
2022-01-26 12:00:00,0.7042
2022-01-26 13:00:00,0.49948000000000004
2022-01-26 14:00:00,0.50432
2022-01-26 15:00:00,0.41098
2022-01-26 16:00:00,0.24822
2022-01-26 17:00:00,0.1187
2022-01-26 18:00:00,0.0017800000000000001
2022-01-26 19:00:00,0.0
2022-01-26 20:00:00,0.0
2022-01-26 21:00:00,0.0
2022-01-26 22:00:00,0.0
2022-01-26 23:00:00,0.0
2022-01-27 00:00:00,0.0
2022-01-27 01:00:00,0.0
2022-01-27 02:00:00,0.0
2022-01-27 03:00:00,0.0
2022-01-27 04:00:00,0.0
2022-01-27 05:00:00,0.0
2022-01-27 06:00:00,0.011359999999999999
2022-01-27 07:00:00,0.26388
2022-01-27 08:00:00,0.37761
2022-01-27 09:00:00,0.62191
2022-01-27 10:00:00,0.71536
2022-01-27 11:00:00,0.60685
2022-01-27 12:00:00,0.6403300000000001
2022-01-27 13:00:00,0.66346
2022-01-27 14:00:00,0.5507000000000001
2022-01-27 15:00:00,0.3935
2022-01-27 16:00:00,0.24982
2022-01-27 17:00:00,0.10884
2022-01-27 18:00:00,0.0017800000000000001
2022-01-27 19:00:00,0.0
2022-01-27 20:00:00,0.0
2022-01-27 21:00:00,0.0
2022-01-27 22:00:00,0.0
2022-01-27 23:00:00,0.0
2022-01-28 00:00:00,0.0
2022-01-28 01:00:00,0.0
2022-01-28 02:00:00,0.0
2022-01-28 03:00:00,0.0
2022-01-28 04:00:00,0.0
2022-01-28 05:00:00,0.0
2022-01-28 06:00:00,0.00949
2022-01-28 07:00:00,0.15961
2022-01-28 08:00:00,0.26038
2022-01-28 09:00:00,0.28686
2022-01-28 10:00:00,0.31095
2022-01-28 11:00:00,0.47169
2022-01-28 12:00:00,0.45994
2022-01-28 13:00:00,0.6615800000000001
2022-01-28 14:00:00,0.48937
2022-01-28 15:00:00,0.16993
2022-01-28 16:00:00,0.09359
2022-01-28 17:00:00,0.02568
2022-01-28 18:00:00,0.00181
2022-01-28 19:00:00,0.0
2022-01-28 20:00:00,0.0
2022-01-28 21:00:00,0.0
2022-01-28 22:00:00,0.0
2022-01-28 23:00:00,0.0
2022-01-29 00:00:00,0.0
2022-01-29 01:00:00,0.0
2022-01-29 02:00:00,0.0
2022-01-29 03:00:00,0.0
2022-01-29 04:00:00,0.0
2022-01-29 05:00:00,0.0
2022-01-29 06:00:00,0.00063
2022-01-29 07:00:00,0.041960000000000004
2022-01-29 08:00:00,0.0601
2022-01-29 09:00:00,0.09317
2022-01-29 10:00:00,0.1123
2022-01-29 11:00:00,0.13832
2022-01-29 12:00:00,0.1669
2022-01-29 13:00:00,0.16222999999999999
2022-01-29 14:00:00,0.15337
2022-01-29 15:00:00,0.31286
2022-01-29 16:00:00,0.21609
2022-01-29 17:00:00,0.014369999999999999
2022-01-29 18:00:00,0.00141
2022-01-29 19:00:00,0.0
2022-01-29 20:00:00,0.0
2022-01-29 21:00:00,0.0
2022-01-29 22:00:00,0.0
2022-01-29 23:00:00,0.0
2022-01-30 00:00:00,0.0
2022-01-30 01:00:00,0.0
2022-01-30 02:00:00,0.0
2022-01-30 03:00:00,0.0
2022-01-30 04:00:00,0.0
2022-01-30 05:00:00,0.0
2022-01-30 06:00:00,0.00544
2022-01-30 07:00:00,0.08977
2022-01-30 08:00:00,0.03532
2022-01-30 09:00:00,0.05508
2022-01-30 10:00:00,0.13918
2022-01-30 11:00:00,0.50932
2022-01-30 12:00:00,0.25471
2022-01-30 13:00:00,0.26111
2022-01-30 14:00:00,0.13429
2022-01-30 15:00:00,0.18294
2022-01-30 16:00:00,0.06522
2022-01-30 17:00:00,0.04231
2022-01-30 18:00:00,0.0014199999999999998
2022-01-30 19:00:00,0.0
2022-01-30 20:00:00,0.0
2022-01-30 21:00:00,0.0
2022-01-30 22:00:00,0.0
2022-01-30 23:00:00,0.0
2022-01-31 00:00:00,0.0
2022-01-31 01:00:00,0.0
2022-01-31 02:00:00,0.0
2022-01-31 03:00:00,0.0
2022-01-31 04:00:00,0.0
2022-01-31 05:00:00,0.0
2022-01-31 06:00:00,0.0
2022-01-31 07:00:00,0.02506
2022-01-31 08:00:00,0.09627
2022-01-31 09:00:00,0.1145
2022-01-31 10:00:00,0.15361000000000002
2022-01-31 11:00:00,0.25164
2022-01-31 12:00:00,0.29277
2022-01-31 13:00:00,0.41944
2022-01-31 14:00:00,0.41058999999999996
2022-01-31 15:00:00,0.16318000000000002
2022-01-31 16:00:00,0.12903
2022-01-31 17:00:00,0.04142
2022-01-31 18:00:00,0.0014
2022-01-31 19:00:00,0.0
2022-01-31 20:00:00,0.0
2022-01-31 21:00:00,0.0
2022-01-31 22:00:00,0.0
2022-01-31 23:00:00,0.0
2022-02-01 00:00:00,0.0
2022-02-01 01:00:00,0.0
2022-02-01 02:00:00,0.0
2022-02-01 03:00:00,0.0
2022-02-01 04:00:00,0.0
2022-02-01 05:00:00,0.0
2022-02-01 06:00:00,0.0077
2022-02-01 07:00:00,0.08517
2022-02-01 08:00:00,0.25727999999999995
2022-02-01 09:00:00,0.26399
2022-02-01 10:00:00,0.44407
2022-02-01 11:00:00,0.31553
2022-02-01 12:00:00,0.51671
2022-02-01 13:00:00,0.58678
2022-02-01 14:00:00,0.31948000000000004
2022-02-01 15:00:00,0.08741
2022-02-01 16:00:00,0.10651000000000001
2022-02-01 17:00:00,0.03986
2022-02-01 18:00:00,0.00141
2022-02-01 19:00:00,0.0
2022-02-01 20:00:00,0.0
2022-02-01 21:00:00,0.0
2022-02-01 22:00:00,0.0
2022-02-01 23:00:00,0.0
2022-02-02 00:00:00,0.0
2022-02-02 01:00:00,0.0
2022-02-02 02:00:00,0.0
2022-02-02 03:00:00,0.0
2022-02-02 04:00:00,0.0
2022-02-02 05:00:00,0.0
2022-02-02 06:00:00,0.0070999999999999995
2022-02-02 07:00:00,0.14887
2022-02-02 08:00:00,0.0
2022-02-02 09:00:00,0.36292
2022-02-02 10:00:00,0.41387999999999997
2022-02-02 11:00:00,0.40468
2022-02-02 12:00:00,0.43335
2022-02-02 13:00:00,0.39333999999999997
2022-02-02 14:00:00,0.22084
2022-02-02 15:00:00,0.13816
2022-02-02 16:00:00,0.03195
2022-02-02 17:00:00,0.01439
2022-02-02 18:00:00,0.0014199999999999998
2022-02-02 19:00:00,0.0
2022-02-02 20:00:00,0.0
2022-02-02 21:00:00,0.0
2022-02-02 22:00:00,0.0
2022-02-02 23:00:00,0.0
2022-02-03 00:00:00,0.0
2022-02-03 01:00:00,0.0
2022-02-03 02:00:00,0.0
2022-02-03 03:00:00,0.0
2022-02-03 04:00:00,0.0
2022-02-03 05:00:00,0.0
2022-02-03 06:00:00,0.00436
2022-02-03 07:00:00,0.08645
2022-02-03 08:00:00,0.32489999999999997
2022-02-03 09:00:00,0.52988
2022-02-03 10:00:00,0.48672000000000004
2022-02-03 11:00:00,0.335
2022-02-03 12:00:00,0.42686
2022-02-03 13:00:00,0.65195
2022-02-03 14:00:00,0.55002
2022-02-03 15:00:00,0.43171
2022-02-03 16:00:00,0.25152
2022-02-03 17:00:00,0.01425
2022-02-03 18:00:00,0.00478
2022-02-03 19:00:00,0.0
2022-02-03 20:00:00,0.0
2022-02-03 21:00:00,0.0
2022-02-03 22:00:00,0.0
2022-02-03 23:00:00,0.0
2022-02-04 00:00:00,0.0
2022-02-04 01:00:00,0.0
2022-02-04 02:00:00,0.0
2022-02-04 03:00:00,0.0
2022-02-04 04:00:00,0.0
2022-02-04 05:00:00,0.0
2022-02-04 06:00:00,0.0
2022-02-04 07:00:00,0.03141
2022-02-04 08:00:00,0.05927
2022-02-04 09:00:00,0.16787
2022-02-04 10:00:00,0.23571
2022-02-04 11:00:00,0.27177999999999997
2022-02-04 12:00:00,0.53883
2022-02-04 13:00:00,0.2032
2022-02-04 14:00:00,0.24021
2022-02-04 15:00:00,0.33135000000000003
2022-02-04 16:00:00,0.24475999999999998
2022-02-04 17:00:00,0.11304
2022-02-04 18:00:00,0.00139
2022-02-04 19:00:00,0.0
2022-02-04 20:00:00,0.0
2022-02-04 21:00:00,0.0
2022-02-04 22:00:00,0.0
2022-02-04 23:00:00,0.0
2022-02-05 00:00:00,0.0
2022-02-05 01:00:00,0.0
2022-02-05 02:00:00,0.0
2022-02-05 03:00:00,0.0
2022-02-05 04:00:00,0.0
2022-02-05 05:00:00,0.0
2022-02-05 06:00:00,0.00597
2022-02-05 07:00:00,0.14418999999999998
2022-02-05 08:00:00,0.25348
2022-02-05 09:00:00,0.36884
2022-02-05 10:00:00,0.5151699999999999
2022-02-05 11:00:00,0.32363
2022-02-05 12:00:00,0.53477
2022-02-05 13:00:00,0.59814
2022-02-05 14:00:00,0.49256
2022-02-05 15:00:00,0.36731
2022-02-05 16:00:00,0.03687
2022-02-05 17:00:00,0.013349999999999999
2022-02-05 18:00:00,0.00138
2022-02-05 19:00:00,0.0
2022-02-05 20:00:00,0.0
2022-02-05 21:00:00,0.0
2022-02-05 22:00:00,0.0
2022-02-05 23:00:00,0.0
2022-02-06 00:00:00,0.0
2022-02-06 01:00:00,0.0
2022-02-06 02:00:00,0.0
2022-02-06 03:00:00,0.0
2022-02-06 04:00:00,0.0
2022-02-06 05:00:00,0.0
2022-02-06 06:00:00,0.00026000000000000003
2022-02-06 07:00:00,0.09706000000000001
2022-02-06 08:00:00,0.08974
2022-02-06 09:00:00,0.13187000000000001
2022-02-06 10:00:00,0.32838999999999996
2022-02-06 11:00:00,0.26437
2022-02-06 12:00:00,0.327
2022-02-06 13:00:00,0.48501
2022-02-06 14:00:00,0.45819
2022-02-06 15:00:00,0.15339
2022-02-06 16:00:00,0.0434
2022-02-06 17:00:00,0.01359
2022-02-06 18:00:00,0.00184
2022-02-06 19:00:00,0.0
2022-02-06 20:00:00,0.0
2022-02-06 21:00:00,0.0
2022-02-06 22:00:00,0.0
2022-02-06 23:00:00,0.0
2022-02-07 00:00:00,0.0
2022-02-07 01:00:00,0.0
2022-02-07 02:00:00,0.0
2022-02-07 03:00:00,0.0
2022-02-07 04:00:00,0.0
2022-02-07 05:00:00,0.0
2022-02-07 06:00:00,0.0
2022-02-07 07:00:00,0.07257
2022-02-07 08:00:00,0.22898
2022-02-07 09:00:00,0.12343000000000001
2022-02-07 10:00:00,0.12228
2022-02-07 11:00:00,0.10366
2022-02-07 12:00:00,0.14609
2022-02-07 13:00:00,0.27394
2022-02-07 14:00:00,0.41919999999999996
2022-02-07 15:00:00,0.28451
2022-02-07 16:00:00,0.060469999999999996
2022-02-07 17:00:00,0.013720000000000001
2022-02-07 18:00:00,0.0014199999999999998
2022-02-07 19:00:00,0.0
2022-02-07 20:00:00,0.0
2022-02-07 21:00:00,0.0
2022-02-07 22:00:00,0.0
2022-02-07 23:00:00,0.0
2022-02-08 00:00:00,0.0
2022-02-08 01:00:00,0.0
2022-02-08 02:00:00,0.0
2022-02-08 03:00:00,0.0
2022-02-08 04:00:00,0.0
2022-02-08 05:00:00,0.0
2022-02-08 06:00:00,0.00332
2022-02-08 07:00:00,0.1232
2022-02-08 08:00:00,0.34043
2022-02-08 09:00:00,0.50169
2022-02-08 10:00:00,0.55344
2022-02-08 11:00:00,0.43259
2022-02-08 12:00:00,0.4865
2022-02-08 13:00:00,0.62819
2022-02-08 14:00:00,0.43094
2022-02-08 15:00:00,0.33909
2022-02-08 16:00:00,0.25027
2022-02-08 17:00:00,0.11689
2022-02-08 18:00:00,0.03125
2022-02-08 19:00:00,0.0
2022-02-08 20:00:00,0.0
2022-02-08 21:00:00,0.0
2022-02-08 22:00:00,0.0
2022-02-08 23:00:00,0.0
2022-02-09 00:00:00,0.0
2022-02-09 01:00:00,0.0
2022-02-09 02:00:00,0.0
2022-02-09 03:00:00,0.0
2022-02-09 04:00:00,0.0
2022-02-09 05:00:00,0.0
2022-02-09 06:00:00,0.00239
2022-02-09 07:00:00,0.1497
2022-02-09 08:00:00,0.30939
2022-02-09 09:00:00,0.46317
2022-02-09 10:00:00,0.57702
2022-02-09 11:00:00,0.35093
2022-02-09 12:00:00,0.41307
2022-02-09 13:00:00,0.29185
2022-02-09 14:00:00,0.32376
2022-02-09 15:00:00,0.16678
2022-02-09 16:00:00,0.18721000000000002
2022-02-09 17:00:00,0.11320999999999999
2022-02-09 18:00:00,0.00329
2022-02-09 19:00:00,0.0
2022-02-09 20:00:00,0.0
2022-02-09 21:00:00,0.0
2022-02-09 22:00:00,0.0
2022-02-09 23:00:00,0.0
2022-02-10 00:00:00,0.0
2022-02-10 01:00:00,0.0
2022-02-10 02:00:00,0.0
2022-02-10 03:00:00,0.0
2022-02-10 04:00:00,0.0
2022-02-10 05:00:00,0.0
2022-02-10 06:00:00,0.00066
2022-02-10 07:00:00,0.24516
2022-02-10 08:00:00,0.3364
2022-02-10 09:00:00,0.63246
2022-02-10 10:00:00,0.64701
2022-02-10 11:00:00,0.63823
2022-02-10 12:00:00,0.74651
2022-02-10 13:00:00,0.64608
2022-02-10 14:00:00,0.55162
2022-02-10 15:00:00,0.39924
2022-02-10 16:00:00,0.17088
2022-02-10 17:00:00,0.01623
2022-02-10 18:00:00,0.00099
2022-02-10 19:00:00,0.0
2022-02-10 20:00:00,0.0
2022-02-10 21:00:00,0.0
2022-02-10 22:00:00,0.0
2022-02-10 23:00:00,0.0
2022-02-11 00:00:00,0.0
2022-02-11 01:00:00,0.0
2022-02-11 02:00:00,0.0
2022-02-11 03:00:00,0.0
2022-02-11 04:00:00,0.0
2022-02-11 05:00:00,0.0
2022-02-11 06:00:00,0.0
2022-02-11 07:00:00,0.19888
2022-02-11 08:00:00,0.47470999999999997
2022-02-11 09:00:00,0.58472
2022-02-11 10:00:00,0.68574
2022-02-11 11:00:00,0.55713
2022-02-11 12:00:00,0.60611
2022-02-11 13:00:00,0.52095
2022-02-11 14:00:00,0.22463
2022-02-11 15:00:00,0.27867000000000003
2022-02-11 16:00:00,0.25284
2022-02-11 17:00:00,0.10856
2022-02-11 18:00:00,0.02427
2022-02-11 19:00:00,0.0
2022-02-11 20:00:00,0.0
2022-02-11 21:00:00,0.0
2022-02-11 22:00:00,0.0
2022-02-11 23:00:00,0.0
2022-02-12 00:00:00,0.0
2022-02-12 01:00:00,0.0
2022-02-12 02:00:00,0.0
2022-02-12 03:00:00,0.0
2022-02-12 04:00:00,0.0
2022-02-12 05:00:00,0.0
2022-02-12 06:00:00,0.00191
2022-02-12 07:00:00,0.21738
2022-02-12 08:00:00,0.18001
2022-02-12 09:00:00,0.47934
2022-02-12 10:00:00,0.5428200000000001
2022-02-12 11:00:00,0.54234
2022-02-12 12:00:00,0.68412
2022-02-12 13:00:00,0.70493
2022-02-12 14:00:00,0.5640700000000001
2022-02-12 15:00:00,0.37574
2022-02-12 16:00:00,0.24699000000000002
2022-02-12 17:00:00,0.08026000000000001
2022-02-12 18:00:00,0.001
2022-02-12 19:00:00,0.0
2022-02-12 20:00:00,0.0
2022-02-12 21:00:00,0.0
2022-02-12 22:00:00,0.0
2022-02-12 23:00:00,0.0
2022-02-13 00:00:00,0.0
2022-02-13 01:00:00,0.0
2022-02-13 02:00:00,0.0
2022-02-13 03:00:00,0.0
2022-02-13 04:00:00,0.0
2022-02-13 05:00:00,0.0
2022-02-13 06:00:00,0.0
2022-02-13 07:00:00,0.041280000000000004
2022-02-13 08:00:00,0.23059000000000002
2022-02-13 09:00:00,0.50664
2022-02-13 10:00:00,0.38383999999999996
2022-02-13 11:00:00,0.40723000000000004
2022-02-13 12:00:00,0.6942
2022-02-13 13:00:00,0.69609
2022-02-13 14:00:00,0.55828
2022-02-13 15:00:00,0.45233
2022-02-13 16:00:00,0.25199
2022-02-13 17:00:00,0.04176
2022-02-13 18:00:00,0.02523
2022-02-13 19:00:00,0.0
2022-02-13 20:00:00,0.0
2022-02-13 21:00:00,0.0
2022-02-13 22:00:00,0.0
2022-02-13 23:00:00,0.0
2022-02-14 00:00:00,0.0
2022-02-14 01:00:00,0.0
2022-02-14 02:00:00,0.0
2022-02-14 03:00:00,0.0
2022-02-14 04:00:00,0.0
2022-02-14 05:00:00,0.0
2022-02-14 06:00:00,0.0
2022-02-14 07:00:00,0.1
2022-02-14 08:00:00,0.22288
2022-02-14 09:00:00,0.33526999999999996
2022-02-14 10:00:00,0.46749
2022-02-14 11:00:00,0.63036
2022-02-14 12:00:00,0.6871499999999999
2022-02-14 13:00:00,0.73473
2022-02-14 14:00:00,0.5806699999999999
2022-02-14 15:00:00,0.43429
2022-02-14 16:00:00,0.24797999999999998
2022-02-14 17:00:00,0.01266
2022-02-14 18:00:00,0.01967
2022-02-14 19:00:00,0.0
2022-02-14 20:00:00,0.0
2022-02-14 21:00:00,0.0
2022-02-14 22:00:00,0.0
2022-02-14 23:00:00,0.0
2022-02-15 00:00:00,0.0
2022-02-15 01:00:00,0.0
2022-02-15 02:00:00,0.0
2022-02-15 03:00:00,0.0
2022-02-15 04:00:00,0.0
2022-02-15 05:00:00,0.0
2022-02-15 06:00:00,0.00063
2022-02-15 07:00:00,0.25411
2022-02-15 08:00:00,0.46612
2022-02-15 09:00:00,0.6250800000000001
2022-02-15 10:00:00,0.72464
2022-02-15 11:00:00,0.75229
2022-02-15 12:00:00,0.7622000000000001
2022-02-15 13:00:00,0.69614
2022-02-15 14:00:00,0.56298
2022-02-15 15:00:00,0.31983
2022-02-15 16:00:00,0.02795
2022-02-15 17:00:00,0.0224
2022-02-15 18:00:00,0.00227
2022-02-15 19:00:00,0.0
2022-02-15 20:00:00,0.0
2022-02-15 21:00:00,0.0
2022-02-15 22:00:00,0.0
2022-02-15 23:00:00,0.0
2022-02-16 00:00:00,0.0
2022-02-16 01:00:00,0.0
2022-02-16 02:00:00,0.0
2022-02-16 03:00:00,0.0
2022-02-16 04:00:00,0.0
2022-02-16 05:00:00,0.0
2022-02-16 06:00:00,0.00027
2022-02-16 07:00:00,0.25417
2022-02-16 08:00:00,0.47378
2022-02-16 09:00:00,0.62901
2022-02-16 10:00:00,0.72234
2022-02-16 11:00:00,0.73294
2022-02-16 12:00:00,0.72311
2022-02-16 13:00:00,0.72148
2022-02-16 14:00:00,0.59888
2022-02-16 15:00:00,0.40714
2022-02-16 16:00:00,0.18234
2022-02-16 17:00:00,0.1037
2022-02-16 18:00:00,0.02016
2022-02-16 19:00:00,0.0
2022-02-16 20:00:00,0.0
2022-02-16 21:00:00,0.0
2022-02-16 22:00:00,0.0
2022-02-16 23:00:00,0.0
2022-02-17 00:00:00,0.0
2022-02-17 01:00:00,0.0
2022-02-17 02:00:00,0.0
2022-02-17 03:00:00,0.0
2022-02-17 04:00:00,0.0
2022-02-17 05:00:00,0.0
2022-02-17 06:00:00,0.0
2022-02-17 07:00:00,0.15762
2022-02-17 08:00:00,0.15195
2022-02-17 09:00:00,0.50968
2022-02-17 10:00:00,0.65504
2022-02-17 11:00:00,0.7777000000000001
2022-02-17 12:00:00,0.61433
2022-02-17 13:00:00,0.70084
2022-02-17 14:00:00,0.5727300000000001
2022-02-17 15:00:00,0.11602
2022-02-17 16:00:00,0.25248
2022-02-17 17:00:00,0.012960000000000001
2022-02-17 18:00:00,0.00061
2022-02-17 19:00:00,0.0
2022-02-17 20:00:00,0.0
2022-02-17 21:00:00,0.0
2022-02-17 22:00:00,0.0
2022-02-17 23:00:00,0.0
2022-02-18 00:00:00,0.0
2022-02-18 01:00:00,0.0
2022-02-18 02:00:00,0.0
2022-02-18 03:00:00,0.0
2022-02-18 04:00:00,0.0
2022-02-18 05:00:00,0.0
2022-02-18 06:00:00,0.0
2022-02-18 07:00:00,0.07658
2022-02-18 08:00:00,0.18030000000000002
2022-02-18 09:00:00,0.38245
2022-02-18 10:00:00,0.43389
2022-02-18 11:00:00,0.36652999999999997
2022-02-18 12:00:00,0.35711000000000004
2022-02-18 13:00:00,0.26781
2022-02-18 14:00:00,0.13316999999999998
2022-02-18 15:00:00,0.17955000000000002
2022-02-18 16:00:00,0.13563999999999998
2022-02-18 17:00:00,0.013009999999999999
2022-02-18 18:00:00,0.01961
2022-02-18 19:00:00,0.0
2022-02-18 20:00:00,0.0
2022-02-18 21:00:00,0.0
2022-02-18 22:00:00,0.0
2022-02-18 23:00:00,0.0
2022-02-19 00:00:00,0.0
2022-02-19 01:00:00,0.0
2022-02-19 02:00:00,0.0
2022-02-19 03:00:00,0.0
2022-02-19 04:00:00,0.0
2022-02-19 05:00:00,0.0
2022-02-19 06:00:00,0.0
2022-02-19 07:00:00,0.26631
2022-02-19 08:00:00,0.22235
2022-02-19 09:00:00,0.30507
2022-02-19 10:00:00,0.64436
2022-02-19 11:00:00,0.47264
2022-02-19 12:00:00,0.16744
2022-02-19 13:00:00,0.64944
2022-02-19 14:00:00,0.37715
2022-02-19 15:00:00,0.19493000000000002
2022-02-19 16:00:00,0.06997
2022-02-19 17:00:00,0.01559
2022-02-19 18:00:00,0.00061
2022-02-19 19:00:00,0.0
2022-02-19 20:00:00,0.0
2022-02-19 21:00:00,0.0
2022-02-19 22:00:00,0.0
2022-02-19 23:00:00,0.0
2022-02-20 00:00:00,0.0
2022-02-20 01:00:00,0.0
2022-02-20 02:00:00,0.0
2022-02-20 03:00:00,0.0
2022-02-20 04:00:00,0.0
2022-02-20 05:00:00,0.0
2022-02-20 06:00:00,0.0
2022-02-20 07:00:00,0.044539999999999996
2022-02-20 08:00:00,0.25809
2022-02-20 09:00:00,0.37418
2022-02-20 10:00:00,0.5540499999999999
2022-02-20 11:00:00,0.68547
2022-02-20 12:00:00,0.50529
2022-02-20 13:00:00,0.50228
2022-02-20 14:00:00,0.41869
2022-02-20 15:00:00,0.30599
2022-02-20 16:00:00,0.05072
2022-02-20 17:00:00,0.10407999999999999
2022-02-20 18:00:00,0.00139
2022-02-20 19:00:00,0.0
2022-02-20 20:00:00,0.0
2022-02-20 21:00:00,0.0
2022-02-20 22:00:00,0.0
2022-02-20 23:00:00,0.0
2022-02-21 00:00:00,0.0
2022-02-21 01:00:00,0.0
2022-02-21 02:00:00,0.0
2022-02-21 03:00:00,0.0
2022-02-21 04:00:00,0.0
2022-02-21 05:00:00,0.0
2022-02-21 06:00:00,0.0
2022-02-21 07:00:00,0.10511
2022-02-21 08:00:00,0.4638
2022-02-21 09:00:00,0.6117100000000001
2022-02-21 10:00:00,0.54159
2022-02-21 11:00:00,0.62198
2022-02-21 12:00:00,0.6625599999999999
2022-02-21 13:00:00,0.5965
2022-02-21 14:00:00,0.58775
2022-02-21 15:00:00,0.4495
2022-02-21 16:00:00,0.24866
2022-02-21 17:00:00,0.08852
2022-02-21 18:00:00,0.0104
2022-02-21 19:00:00,0.0
2022-02-21 20:00:00,0.0
2022-02-21 21:00:00,0.0
2022-02-21 22:00:00,0.0
2022-02-21 23:00:00,0.0
2022-02-22 00:00:00,0.0
2022-02-22 01:00:00,0.0
2022-02-22 02:00:00,0.0
2022-02-22 03:00:00,0.0
2022-02-22 04:00:00,0.0
2022-02-22 05:00:00,0.0
2022-02-22 06:00:00,0.0
2022-02-22 07:00:00,0.26671
2022-02-22 08:00:00,0.47736
2022-02-22 09:00:00,0.6231
2022-02-22 10:00:00,0.69187
2022-02-22 11:00:00,0.66852
2022-02-22 12:00:00,0.6023
2022-02-22 13:00:00,0.35224
2022-02-22 14:00:00,0.2914
2022-02-22 15:00:00,0.36094
2022-02-22 16:00:00,0.02675
2022-02-22 17:00:00,0.09656
2022-02-22 18:00:00,0.021079999999999998
2022-02-22 19:00:00,0.0
2022-02-22 20:00:00,0.0
2022-02-22 21:00:00,0.0
2022-02-22 22:00:00,0.0
2022-02-22 23:00:00,0.0
2022-02-23 00:00:00,0.0
2022-02-23 01:00:00,0.0
2022-02-23 02:00:00,0.0
2022-02-23 03:00:00,0.0
2022-02-23 04:00:00,0.0
2022-02-23 05:00:00,0.0
2022-02-23 06:00:00,0.0
2022-02-23 07:00:00,0.26683
2022-02-23 08:00:00,0.47631
2022-02-23 09:00:00,0.64347
2022-02-23 10:00:00,0.73685
2022-02-23 11:00:00,0.7856000000000001
2022-02-23 12:00:00,0.77203
2022-02-23 13:00:00,0.72803
2022-02-23 14:00:00,0.28275
2022-02-23 15:00:00,0.38354000000000005
2022-02-23 16:00:00,0.24372
2022-02-23 17:00:00,0.10006999999999999
2022-02-23 18:00:00,0.0017800000000000001
2022-02-23 19:00:00,0.0
2022-02-23 20:00:00,0.0
2022-02-23 21:00:00,0.0
2022-02-23 22:00:00,0.0
2022-02-23 23:00:00,0.0
2022-02-24 00:00:00,0.0
2022-02-24 01:00:00,0.0
2022-02-24 02:00:00,0.0
2022-02-24 03:00:00,0.0
2022-02-24 04:00:00,0.0
2022-02-24 05:00:00,0.0
2022-02-24 06:00:00,0.0
2022-02-24 07:00:00,0.24602000000000002
2022-02-24 08:00:00,0.42739
2022-02-24 09:00:00,0.6283099999999999
2022-02-24 10:00:00,0.70821
2022-02-24 11:00:00,0.52747
2022-02-24 12:00:00,0.5779
2022-02-24 13:00:00,0.53001
2022-02-24 14:00:00,0.52986
2022-02-24 15:00:00,0.45619
2022-02-24 16:00:00,0.24733000000000002
2022-02-24 17:00:00,0.01678
2022-02-24 18:00:00,0.00023999999999999998
2022-02-24 19:00:00,0.0
2022-02-24 20:00:00,0.0
2022-02-24 21:00:00,0.0
2022-02-24 22:00:00,0.0
2022-02-24 23:00:00,0.0
2022-02-25 00:00:00,0.0
2022-02-25 01:00:00,0.0
2022-02-25 02:00:00,0.0
2022-02-25 03:00:00,0.0
2022-02-25 04:00:00,0.0
2022-02-25 05:00:00,0.0
2022-02-25 06:00:00,0.0
2022-02-25 07:00:00,0.25662999999999997
2022-02-25 08:00:00,0.48136
2022-02-25 09:00:00,0.6472100000000001
2022-02-25 10:00:00,0.7333200000000001
2022-02-25 11:00:00,0.74405
2022-02-25 12:00:00,0.71139
2022-02-25 13:00:00,0.70085
2022-02-25 14:00:00,0.58577
2022-02-25 15:00:00,0.30501
2022-02-25 16:00:00,0.24441
2022-02-25 17:00:00,0.04376
2022-02-25 18:00:00,0.00464
2022-02-25 19:00:00,0.0
2022-02-25 20:00:00,0.0
2022-02-25 21:00:00,0.0
2022-02-25 22:00:00,0.0
2022-02-25 23:00:00,0.0
2022-02-26 00:00:00,0.0
2022-02-26 01:00:00,0.0
2022-02-26 02:00:00,0.0
2022-02-26 03:00:00,0.0
2022-02-26 04:00:00,0.0
2022-02-26 05:00:00,0.0
2022-02-26 06:00:00,0.0
2022-02-26 07:00:00,0.26338
2022-02-26 08:00:00,0.33594999999999997
2022-02-26 09:00:00,0.33801
2022-02-26 10:00:00,0.75258
2022-02-26 11:00:00,0.76828
2022-02-26 12:00:00,0.74393
2022-02-26 13:00:00,0.70013
2022-02-26 14:00:00,0.63487
2022-02-26 15:00:00,0.45032
2022-02-26 16:00:00,0.24596
2022-02-26 17:00:00,0.07196999999999999
2022-02-26 18:00:00,0.01773
2022-02-26 19:00:00,0.0
2022-02-26 20:00:00,0.0
2022-02-26 21:00:00,0.0
2022-02-26 22:00:00,0.0
2022-02-26 23:00:00,0.0
2022-02-27 00:00:00,0.0
2022-02-27 01:00:00,0.0
2022-02-27 02:00:00,0.0
2022-02-27 03:00:00,0.0
2022-02-27 04:00:00,0.0
2022-02-27 05:00:00,0.0
2022-02-27 06:00:00,0.0
2022-02-27 07:00:00,0.25211
2022-02-27 08:00:00,0.27705
2022-02-27 09:00:00,0.49493
2022-02-27 10:00:00,0.58151
2022-02-27 11:00:00,0.55461
2022-02-27 12:00:00,0.70653
2022-02-27 13:00:00,0.67436
2022-02-27 14:00:00,0.60598
2022-02-27 15:00:00,0.44337
2022-02-27 16:00:00,0.24473
2022-02-27 17:00:00,0.01141
2022-02-27 18:00:00,0.0
2022-02-27 19:00:00,0.0
2022-02-27 20:00:00,0.0
2022-02-27 21:00:00,0.0
2022-02-27 22:00:00,0.0
2022-02-27 23:00:00,0.0
2022-02-28 00:00:00,0.0
2022-02-28 01:00:00,0.0
2022-02-28 02:00:00,0.0
2022-02-28 03:00:00,0.0
2022-02-28 04:00:00,0.0
2022-02-28 05:00:00,0.0
2022-02-28 06:00:00,0.0
2022-02-28 07:00:00,0.14686000000000002
2022-02-28 08:00:00,0.38593
2022-02-28 09:00:00,0.5817599999999999
2022-02-28 10:00:00,0.68179
2022-02-28 11:00:00,0.65658
2022-02-28 12:00:00,0.75963
2022-02-28 13:00:00,0.72488
2022-02-28 14:00:00,0.59923
2022-02-28 15:00:00,0.44626
2022-02-28 16:00:00,0.24537
2022-02-28 17:00:00,0.052950000000000004
2022-02-28 18:00:00,0.01401
2022-02-28 19:00:00,0.0
2022-02-28 20:00:00,0.0
2022-02-28 21:00:00,0.0
2022-02-28 22:00:00,0.0
2022-02-28 23:00:00,0.0
2022-03-01 00:00:00,0.0
2022-03-01 01:00:00,0.0
2022-03-01 02:00:00,0.0
2022-03-01 03:00:00,0.0
2022-03-01 04:00:00,0.0
2022-03-01 05:00:00,0.0
2022-03-01 06:00:00,0.0
2022-03-01 07:00:00,0.18352000000000002
2022-03-01 08:00:00,0.47238
2022-03-01 09:00:00,0.6416799999999999
2022-03-01 10:00:00,0.76683
2022-03-01 11:00:00,0.81153
2022-03-01 12:00:00,0.78228
2022-03-01 13:00:00,0.7360099999999999
2022-03-01 14:00:00,0.6069500000000001
2022-03-01 15:00:00,0.41846
2022-03-01 16:00:00,0.23726
2022-03-01 17:00:00,0.046979999999999994
2022-03-01 18:00:00,0.01465
2022-03-01 19:00:00,0.0
2022-03-01 20:00:00,0.0
2022-03-01 21:00:00,0.0
2022-03-01 22:00:00,0.0
2022-03-01 23:00:00,0.0
2022-03-02 00:00:00,0.0
2022-03-02 01:00:00,0.0
2022-03-02 02:00:00,0.0
2022-03-02 03:00:00,0.0
2022-03-02 04:00:00,0.0
2022-03-02 05:00:00,0.0
2022-03-02 06:00:00,0.0
2022-03-02 07:00:00,0.26671
2022-03-02 08:00:00,0.47019
2022-03-02 09:00:00,0.63554
2022-03-02 10:00:00,0.68443
2022-03-02 11:00:00,0.6633600000000001
2022-03-02 12:00:00,0.6907300000000001
2022-03-02 13:00:00,0.6915
2022-03-02 14:00:00,0.61215
2022-03-02 15:00:00,0.45361
2022-03-02 16:00:00,0.24328999999999998
2022-03-02 17:00:00,0.08389
2022-03-02 18:00:00,0.0057
2022-03-02 19:00:00,0.0
2022-03-02 20:00:00,0.0
2022-03-02 21:00:00,0.0
2022-03-02 22:00:00,0.0
2022-03-02 23:00:00,0.0
2022-03-03 00:00:00,0.0
2022-03-03 01:00:00,0.0
2022-03-03 02:00:00,0.0
2022-03-03 03:00:00,0.0
2022-03-03 04:00:00,0.0
2022-03-03 05:00:00,0.0
2022-03-03 06:00:00,0.0
2022-03-03 07:00:00,0.16019999999999998
2022-03-03 08:00:00,0.37927999999999995
2022-03-03 09:00:00,0.63024
2022-03-03 10:00:00,0.7449
2022-03-03 11:00:00,0.78084
2022-03-03 12:00:00,0.75937
2022-03-03 13:00:00,0.7321
2022-03-03 14:00:00,0.59736
2022-03-03 15:00:00,0.44743
2022-03-03 16:00:00,0.24230000000000002
2022-03-03 17:00:00,0.09643
2022-03-03 18:00:00,0.00058
2022-03-03 19:00:00,0.0
2022-03-03 20:00:00,0.0
2022-03-03 21:00:00,0.0
2022-03-03 22:00:00,0.0
2022-03-03 23:00:00,0.0
2022-03-04 00:00:00,0.0
2022-03-04 01:00:00,0.0
2022-03-04 02:00:00,0.0
2022-03-04 03:00:00,0.0
2022-03-04 04:00:00,0.0
2022-03-04 05:00:00,0.0
2022-03-04 06:00:00,0.0
2022-03-04 07:00:00,0.23587
2022-03-04 08:00:00,0.46882
2022-03-04 09:00:00,0.63721
2022-03-04 10:00:00,0.68662
2022-03-04 11:00:00,0.67435
2022-03-04 12:00:00,0.73705
2022-03-04 13:00:00,0.63648
2022-03-04 14:00:00,0.5675
2022-03-04 15:00:00,0.29119
2022-03-04 16:00:00,0.23742
2022-03-04 17:00:00,0.06117
2022-03-04 18:00:00,0.00136
2022-03-04 19:00:00,0.0
2022-03-04 20:00:00,0.0
2022-03-04 21:00:00,0.0
2022-03-04 22:00:00,0.0
2022-03-04 23:00:00,0.0
2022-03-05 00:00:00,0.0
2022-03-05 01:00:00,0.0
2022-03-05 02:00:00,0.0
2022-03-05 03:00:00,0.0
2022-03-05 04:00:00,0.0
2022-03-05 05:00:00,0.0
2022-03-05 06:00:00,0.0
2022-03-05 07:00:00,0.25063
2022-03-05 08:00:00,0.46768
2022-03-05 09:00:00,0.65212
2022-03-05 10:00:00,0.68274
2022-03-05 11:00:00,0.70337
2022-03-05 12:00:00,0.64881
2022-03-05 13:00:00,0.68938
2022-03-05 14:00:00,0.5385599999999999
2022-03-05 15:00:00,0.34194
2022-03-05 16:00:00,0.04252
2022-03-05 17:00:00,0.01276
2022-03-05 18:00:00,0.0
2022-03-05 19:00:00,0.0
2022-03-05 20:00:00,0.0
2022-03-05 21:00:00,0.0
2022-03-05 22:00:00,0.0
2022-03-05 23:00:00,0.0
2022-03-06 00:00:00,0.0
2022-03-06 01:00:00,0.0
2022-03-06 02:00:00,0.0
2022-03-06 03:00:00,0.0
2022-03-06 04:00:00,0.0
2022-03-06 05:00:00,0.0
2022-03-06 06:00:00,0.0
2022-03-06 07:00:00,0.25375
2022-03-06 08:00:00,0.47058
2022-03-06 09:00:00,0.63835
2022-03-06 10:00:00,0.5552699999999999
2022-03-06 11:00:00,0.60734
2022-03-06 12:00:00,0.66989
2022-03-06 13:00:00,0.6319400000000001
2022-03-06 14:00:00,0.54947
2022-03-06 15:00:00,0.40617000000000003
2022-03-06 16:00:00,0.21887
2022-03-06 17:00:00,0.09014
2022-03-06 18:00:00,0.0
2022-03-06 19:00:00,0.0
2022-03-06 20:00:00,0.0
2022-03-06 21:00:00,0.0
2022-03-06 22:00:00,0.0
2022-03-06 23:00:00,0.0
2022-03-07 00:00:00,0.0
2022-03-07 01:00:00,0.0
2022-03-07 02:00:00,0.0
2022-03-07 03:00:00,0.0
2022-03-07 04:00:00,0.0
2022-03-07 05:00:00,0.0
2022-03-07 06:00:00,0.0
2022-03-07 07:00:00,0.25125
2022-03-07 08:00:00,0.47275
2022-03-07 09:00:00,0.63847
2022-03-07 10:00:00,0.7485
2022-03-07 11:00:00,0.6557999999999999
2022-03-07 12:00:00,0.7569
2022-03-07 13:00:00,0.68349
2022-03-07 14:00:00,0.58226
2022-03-07 15:00:00,0.36731
2022-03-07 16:00:00,0.17127
2022-03-07 17:00:00,0.08368
2022-03-07 18:00:00,0.0
2022-03-07 19:00:00,0.0
2022-03-07 20:00:00,0.0
2022-03-07 21:00:00,0.0
2022-03-07 22:00:00,0.0
2022-03-07 23:00:00,0.0
2022-03-08 00:00:00,0.0
2022-03-08 01:00:00,0.0
2022-03-08 02:00:00,0.0
2022-03-08 03:00:00,0.0
2022-03-08 04:00:00,0.0
2022-03-08 05:00:00,0.0
2022-03-08 06:00:00,0.0
2022-03-08 07:00:00,0.17274
2022-03-08 08:00:00,0.46024
2022-03-08 09:00:00,0.62954
2022-03-08 10:00:00,0.7039
2022-03-08 11:00:00,0.7590800000000001
2022-03-08 12:00:00,0.6939
2022-03-08 13:00:00,0.7015
2022-03-08 14:00:00,0.5915
2022-03-08 15:00:00,0.37451999999999996
2022-03-08 16:00:00,0.22577
2022-03-08 17:00:00,0.00948
2022-03-08 18:00:00,0.00621
2022-03-08 19:00:00,0.0
2022-03-08 20:00:00,0.0
2022-03-08 21:00:00,0.0
2022-03-08 22:00:00,0.0
2022-03-08 23:00:00,0.0
2022-03-09 00:00:00,0.0
2022-03-09 01:00:00,0.0
2022-03-09 02:00:00,0.0
2022-03-09 03:00:00,0.0
2022-03-09 04:00:00,0.0
2022-03-09 05:00:00,0.0
2022-03-09 06:00:00,0.0
2022-03-09 07:00:00,0.25177
2022-03-09 08:00:00,0.4573
2022-03-09 09:00:00,0.62998
2022-03-09 10:00:00,0.7607200000000001
2022-03-09 11:00:00,0.8089700000000001
2022-03-09 12:00:00,0.7647
2022-03-09 13:00:00,0.73298
2022-03-09 14:00:00,0.6229600000000001
2022-03-09 15:00:00,0.25302
2022-03-09 16:00:00,0.21822999999999998
2022-03-09 17:00:00,0.033299999999999996
2022-03-09 18:00:00,0.00679
2022-03-09 19:00:00,0.0
2022-03-09 20:00:00,0.0
2022-03-09 21:00:00,0.0
2022-03-09 22:00:00,0.0
2022-03-09 23:00:00,0.0
2022-03-10 00:00:00,0.0
2022-03-10 01:00:00,0.0
2022-03-10 02:00:00,0.0
2022-03-10 03:00:00,0.0
2022-03-10 04:00:00,0.0
2022-03-10 05:00:00,0.0
2022-03-10 06:00:00,0.0
2022-03-10 07:00:00,0.16466999999999998
2022-03-10 08:00:00,0.46241000000000004
2022-03-10 09:00:00,0.6279600000000001
2022-03-10 10:00:00,0.61456
2022-03-10 11:00:00,0.7596
2022-03-10 12:00:00,0.75024
2022-03-10 13:00:00,0.70438
2022-03-10 14:00:00,0.58572
2022-03-10 15:00:00,0.36422000000000004
2022-03-10 16:00:00,0.21612
2022-03-10 17:00:00,0.008960000000000001
2022-03-10 18:00:00,0.0
2022-03-10 19:00:00,0.0
2022-03-10 20:00:00,0.0
2022-03-10 21:00:00,0.0
2022-03-10 22:00:00,0.0
2022-03-10 23:00:00,0.0
2022-03-11 00:00:00,0.0
2022-03-11 01:00:00,0.0
2022-03-11 02:00:00,0.0
2022-03-11 03:00:00,0.0
2022-03-11 04:00:00,0.0
2022-03-11 05:00:00,0.0
2022-03-11 06:00:00,0.0
2022-03-11 07:00:00,0.01448
2022-03-11 08:00:00,0.18580000000000002
2022-03-11 09:00:00,0.41851
2022-03-11 10:00:00,0.46354
2022-03-11 11:00:00,0.49221
2022-03-11 12:00:00,0.11026000000000001
2022-03-11 13:00:00,0.3945
2022-03-11 14:00:00,0.26161
2022-03-11 15:00:00,0.25645
2022-03-11 16:00:00,0.05681
2022-03-11 17:00:00,0.00846
2022-03-11 18:00:00,0.0
2022-03-11 19:00:00,0.0
2022-03-11 20:00:00,0.0
2022-03-11 21:00:00,0.0
2022-03-11 22:00:00,0.0
2022-03-11 23:00:00,0.0
2022-03-12 00:00:00,0.0
2022-03-12 01:00:00,0.0
2022-03-12 02:00:00,0.0
2022-03-12 03:00:00,0.0
2022-03-12 04:00:00,0.0
2022-03-12 05:00:00,0.0
2022-03-12 06:00:00,0.0
2022-03-12 07:00:00,0.00807
2022-03-12 08:00:00,0.05213
2022-03-12 09:00:00,0.17539
2022-03-12 10:00:00,0.17973
2022-03-12 11:00:00,0.37001
2022-03-12 12:00:00,0.6396799999999999
2022-03-12 13:00:00,0.47343999999999997
2022-03-12 14:00:00,0.29531
2022-03-12 15:00:00,0.22505
2022-03-12 16:00:00,0.09129000000000001
2022-03-12 17:00:00,0.0085
2022-03-12 18:00:00,0.00474
2022-03-12 19:00:00,0.0
2022-03-12 20:00:00,0.0
2022-03-12 21:00:00,0.0
2022-03-12 22:00:00,0.0
2022-03-12 23:00:00,0.0
2022-03-13 00:00:00,0.0
2022-03-13 01:00:00,0.0
2022-03-13 02:00:00,0.0
2022-03-13 03:00:00,0.0
2022-03-13 04:00:00,0.0
2022-03-13 05:00:00,0.0
2022-03-13 06:00:00,0.0
2022-03-13 07:00:00,0.15253999999999998
2022-03-13 08:00:00,0.03345
2022-03-13 09:00:00,0.03339
2022-03-13 10:00:00,0.07468000000000001
2022-03-13 11:00:00,0.49693
2022-03-13 12:00:00,0.52419
2022-03-13 13:00:00,0.66298
2022-03-13 14:00:00,0.50555
2022-03-13 15:00:00,0.40956
2022-03-13 16:00:00,0.15707
2022-03-13 17:00:00,0.08127
2022-03-13 18:00:00,0.0
2022-03-13 19:00:00,0.0
2022-03-13 20:00:00,0.0
2022-03-13 21:00:00,0.0
2022-03-13 22:00:00,0.0
2022-03-13 23:00:00,0.0
2022-03-14 00:00:00,0.0
2022-03-14 01:00:00,0.0
2022-03-14 02:00:00,0.0
2022-03-14 03:00:00,0.0
2022-03-14 04:00:00,0.0
2022-03-14 05:00:00,0.0
2022-03-14 06:00:00,0.0
2022-03-14 07:00:00,0.062450000000000006
2022-03-14 08:00:00,0.14671
2022-03-14 09:00:00,0.15177000000000002
2022-03-14 10:00:00,0.5673400000000001
2022-03-14 11:00:00,0.5699500000000001
2022-03-14 12:00:00,0.5075500000000001
2022-03-14 13:00:00,0.56002
2022-03-14 14:00:00,0.59312
2022-03-14 15:00:00,0.30122000000000004
2022-03-14 16:00:00,0.21167
2022-03-14 17:00:00,0.07276
2022-03-14 18:00:00,0.0
2022-03-14 19:00:00,0.0
2022-03-14 20:00:00,0.0
2022-03-14 21:00:00,0.0
2022-03-14 22:00:00,0.0
2022-03-14 23:00:00,0.0
2022-03-15 00:00:00,0.0
2022-03-15 01:00:00,0.0
2022-03-15 02:00:00,0.0
2022-03-15 03:00:00,0.0
2022-03-15 04:00:00,0.0
2022-03-15 05:00:00,0.0
2022-03-15 06:00:00,0.0
2022-03-15 07:00:00,0.06792000000000001
2022-03-15 08:00:00,0.39474000000000004
2022-03-15 09:00:00,0.5046700000000001
2022-03-15 10:00:00,0.57441
2022-03-15 11:00:00,0.36551999999999996
2022-03-15 12:00:00,0.65567
2022-03-15 13:00:00,0.52711
2022-03-15 14:00:00,0.48629
2022-03-15 15:00:00,0.20446
2022-03-15 16:00:00,0.2072
2022-03-15 17:00:00,0.00789
2022-03-15 18:00:00,0.0
2022-03-15 19:00:00,0.0
2022-03-15 20:00:00,0.0
2022-03-15 21:00:00,0.0
2022-03-15 22:00:00,0.0
2022-03-15 23:00:00,0.0
2022-03-16 00:00:00,0.0
2022-03-16 01:00:00,0.0
2022-03-16 02:00:00,0.0
2022-03-16 03:00:00,0.0
2022-03-16 04:00:00,0.0
2022-03-16 05:00:00,0.0
2022-03-16 06:00:00,0.0
2022-03-16 07:00:00,0.10235999999999999
2022-03-16 08:00:00,0.41292
2022-03-16 09:00:00,0.61607
2022-03-16 10:00:00,0.76139
2022-03-16 11:00:00,0.81141
2022-03-16 12:00:00,0.72877
2022-03-16 13:00:00,0.6594800000000001
2022-03-16 14:00:00,0.58489
2022-03-16 15:00:00,0.43048000000000003
2022-03-16 16:00:00,0.22679
2022-03-16 17:00:00,0.028239999999999998
2022-03-16 18:00:00,0.0
2022-03-16 19:00:00,0.0
2022-03-16 20:00:00,0.0
2022-03-16 21:00:00,0.0
2022-03-16 22:00:00,0.0
2022-03-16 23:00:00,0.0
2022-03-17 00:00:00,0.0
2022-03-17 01:00:00,0.0
2022-03-17 02:00:00,0.0
2022-03-17 03:00:00,0.0
2022-03-17 04:00:00,0.0
2022-03-17 05:00:00,0.0
2022-03-17 06:00:00,0.0
2022-03-17 07:00:00,0.0106
2022-03-17 08:00:00,0.18081
2022-03-17 09:00:00,0.54008
2022-03-17 10:00:00,0.5260199999999999
2022-03-17 11:00:00,0.6735599999999999
2022-03-17 12:00:00,0.69137
2022-03-17 13:00:00,0.52832
2022-03-17 14:00:00,0.53411
2022-03-17 15:00:00,0.38882
2022-03-17 16:00:00,0.2233
2022-03-17 17:00:00,0.051789999999999996
2022-03-17 18:00:00,0.0
2022-03-17 19:00:00,0.0
2022-03-17 20:00:00,0.0
2022-03-17 21:00:00,0.0
2022-03-17 22:00:00,0.0
2022-03-17 23:00:00,0.0
2022-03-18 00:00:00,0.0
2022-03-18 01:00:00,0.0
2022-03-18 02:00:00,0.0
2022-03-18 03:00:00,0.0
2022-03-18 04:00:00,0.0
2022-03-18 05:00:00,0.0
2022-03-18 06:00:00,0.0
2022-03-18 07:00:00,0.24129
2022-03-18 08:00:00,0.46155
2022-03-18 09:00:00,0.62273
2022-03-18 10:00:00,0.70032
2022-03-18 11:00:00,0.76382
2022-03-18 12:00:00,0.7526
2022-03-18 13:00:00,0.70975
2022-03-18 14:00:00,0.5978
2022-03-18 15:00:00,0.42488
2022-03-18 16:00:00,0.11142
2022-03-18 17:00:00,0.06292
2022-03-18 18:00:00,0.0
2022-03-18 19:00:00,0.0
2022-03-18 20:00:00,0.0
2022-03-18 21:00:00,0.0
2022-03-18 22:00:00,0.0
2022-03-18 23:00:00,0.0
2022-03-19 00:00:00,0.0
2022-03-19 01:00:00,0.0
2022-03-19 02:00:00,0.0
2022-03-19 03:00:00,0.0
2022-03-19 04:00:00,0.0
2022-03-19 05:00:00,0.0
2022-03-19 06:00:00,0.0
2022-03-19 07:00:00,0.14208
2022-03-19 08:00:00,0.33258
2022-03-19 09:00:00,0.5708300000000001
2022-03-19 10:00:00,0.6217999999999999
2022-03-19 11:00:00,0.6811799999999999
2022-03-19 12:00:00,0.5579400000000001
2022-03-19 13:00:00,0.56928
2022-03-19 14:00:00,0.5722
2022-03-19 15:00:00,0.37699
2022-03-19 16:00:00,0.17987999999999998
2022-03-19 17:00:00,0.01858
2022-03-19 18:00:00,0.0
2022-03-19 19:00:00,0.0
2022-03-19 20:00:00,0.0
2022-03-19 21:00:00,0.0
2022-03-19 22:00:00,0.0
2022-03-19 23:00:00,0.0
2022-03-20 00:00:00,0.0
2022-03-20 01:00:00,0.0
2022-03-20 02:00:00,0.0
2022-03-20 03:00:00,0.0
2022-03-20 04:00:00,0.0
2022-03-20 05:00:00,0.0
2022-03-20 06:00:00,0.0
2022-03-20 07:00:00,0.02564
2022-03-20 08:00:00,0.07886
2022-03-20 09:00:00,0.04015
2022-03-20 10:00:00,0.044700000000000004
2022-03-20 11:00:00,0.21416
2022-03-20 12:00:00,0.17961000000000002
2022-03-20 13:00:00,0.23871
2022-03-20 14:00:00,0.20857
2022-03-20 15:00:00,0.15852000000000002
2022-03-20 16:00:00,0.03664
2022-03-20 17:00:00,0.0069299999999999995
2022-03-20 18:00:00,0.0
2022-03-20 19:00:00,0.0
2022-03-20 20:00:00,0.0
2022-03-20 21:00:00,0.0
2022-03-20 22:00:00,0.0
2022-03-20 23:00:00,0.0
2022-03-21 00:00:00,0.0
2022-03-21 01:00:00,0.0
2022-03-21 02:00:00,0.0
2022-03-21 03:00:00,0.0
2022-03-21 04:00:00,0.0
2022-03-21 05:00:00,0.0
2022-03-21 06:00:00,0.0
2022-03-21 07:00:00,0.062189999999999995
2022-03-21 08:00:00,0.31314
2022-03-21 09:00:00,0.1983
2022-03-21 10:00:00,0.58017
2022-03-21 11:00:00,0.5249299999999999
2022-03-21 12:00:00,0.48595
2022-03-21 13:00:00,0.75254
2022-03-21 14:00:00,0.42746
2022-03-21 15:00:00,0.26433
2022-03-21 16:00:00,0.06533
2022-03-21 17:00:00,0.010029999999999999
2022-03-21 18:00:00,0.0
2022-03-21 19:00:00,0.0
2022-03-21 20:00:00,0.0
2022-03-21 21:00:00,0.0
2022-03-21 22:00:00,0.0
2022-03-21 23:00:00,0.0
2022-03-22 00:00:00,0.0
2022-03-22 01:00:00,0.0
2022-03-22 02:00:00,0.0
2022-03-22 03:00:00,0.0
2022-03-22 04:00:00,0.0
2022-03-22 05:00:00,0.0
2022-03-22 06:00:00,0.0
2022-03-22 07:00:00,0.25888
2022-03-22 08:00:00,0.48046
2022-03-22 09:00:00,0.64581
2022-03-22 10:00:00,0.78535
2022-03-22 11:00:00,0.83294
2022-03-22 12:00:00,0.80856
2022-03-22 13:00:00,0.61993
2022-03-22 14:00:00,0.47119
2022-03-22 15:00:00,0.32966
2022-03-22 16:00:00,0.21556
2022-03-22 17:00:00,0.06283
2022-03-22 18:00:00,0.0
2022-03-22 19:00:00,0.0
2022-03-22 20:00:00,0.0
2022-03-22 21:00:00,0.0
2022-03-22 22:00:00,0.0
2022-03-22 23:00:00,0.0
2022-03-23 00:00:00,0.0
2022-03-23 01:00:00,0.0
2022-03-23 02:00:00,0.0
2022-03-23 03:00:00,0.0
2022-03-23 04:00:00,0.0
2022-03-23 05:00:00,0.0
2022-03-23 06:00:00,0.0
2022-03-23 07:00:00,0.24783000000000002
2022-03-23 08:00:00,0.46277999999999997
2022-03-23 09:00:00,0.62446
2022-03-23 10:00:00,0.76286
2022-03-23 11:00:00,0.75981
2022-03-23 12:00:00,0.6565700000000001
2022-03-23 13:00:00,0.60499
2022-03-23 14:00:00,0.57837
2022-03-23 15:00:00,0.4129
2022-03-23 16:00:00,0.21825
2022-03-23 17:00:00,0.05417
2022-03-23 18:00:00,0.0
2022-03-23 19:00:00,0.0
2022-03-23 20:00:00,0.0
2022-03-23 21:00:00,0.0
2022-03-23 22:00:00,0.0
2022-03-23 23:00:00,0.0
2022-03-24 00:00:00,0.0
2022-03-24 01:00:00,0.0
2022-03-24 02:00:00,0.0
2022-03-24 03:00:00,0.0
2022-03-24 04:00:00,0.0
2022-03-24 05:00:00,0.0
2022-03-24 06:00:00,0.0
2022-03-24 07:00:00,0.053130000000000004
2022-03-24 08:00:00,0.3985
2022-03-24 09:00:00,0.56101
2022-03-24 10:00:00,0.5905499999999999
2022-03-24 11:00:00,0.5639700000000001
2022-03-24 12:00:00,0.78139
2022-03-24 13:00:00,0.7114299999999999
2022-03-24 14:00:00,0.5769
2022-03-24 15:00:00,0.40036
2022-03-24 16:00:00,0.214
2022-03-24 17:00:00,0.03419
2022-03-24 18:00:00,0.0
2022-03-24 19:00:00,0.0
2022-03-24 20:00:00,0.0
2022-03-24 21:00:00,0.0
2022-03-24 22:00:00,0.0
2022-03-24 23:00:00,0.0
2022-03-25 00:00:00,0.0
2022-03-25 01:00:00,0.0
2022-03-25 02:00:00,0.0
2022-03-25 03:00:00,0.0
2022-03-25 04:00:00,0.0
2022-03-25 05:00:00,0.0
2022-03-25 06:00:00,0.0
2022-03-25 07:00:00,0.22725
2022-03-25 08:00:00,0.49976
2022-03-25 09:00:00,0.61179
2022-03-25 10:00:00,0.70509
2022-03-25 11:00:00,0.73098
2022-03-25 12:00:00,0.7386900000000001
2022-03-25 13:00:00,0.71875
2022-03-25 14:00:00,0.58948
2022-03-25 15:00:00,0.40564999999999996
2022-03-25 16:00:00,0.20996
2022-03-25 17:00:00,0.05535
2022-03-25 18:00:00,0.0
2022-03-25 19:00:00,0.0
2022-03-25 20:00:00,0.0
2022-03-25 21:00:00,0.0
2022-03-25 22:00:00,0.0
2022-03-25 23:00:00,0.0
2022-03-26 00:00:00,0.0
2022-03-26 01:00:00,0.0
2022-03-26 02:00:00,0.0
2022-03-26 03:00:00,0.0
2022-03-26 04:00:00,0.0
2022-03-26 05:00:00,0.0
2022-03-26 06:00:00,0.0
2022-03-26 07:00:00,0.20982
2022-03-26 08:00:00,0.41426999999999997
2022-03-26 09:00:00,0.60553
2022-03-26 10:00:00,0.68504
2022-03-26 11:00:00,0.38662
2022-03-26 12:00:00,0.5689500000000001
2022-03-26 13:00:00,0.62854
2022-03-26 14:00:00,0.46232999999999996
2022-03-26 15:00:00,0.09881000000000001
2022-03-26 16:00:00,0.08068
2022-03-26 17:00:00,0.04929
2022-03-26 18:00:00,0.0
2022-03-26 19:00:00,0.0
2022-03-26 20:00:00,0.0
2022-03-26 21:00:00,0.0
2022-03-26 22:00:00,0.0
2022-03-26 23:00:00,0.0
2022-03-27 00:00:00,0.0
2022-03-27 01:00:00,0.0
2022-03-27 02:00:00,0.0
2022-03-27 03:00:00,0.0
2022-03-27 04:00:00,0.0
2022-03-27 05:00:00,0.0
2022-03-27 06:00:00,0.0
2022-03-27 07:00:00,0.04127
2022-03-27 08:00:00,0.37995
2022-03-27 09:00:00,0.54357
2022-03-27 10:00:00,0.60676
2022-03-27 11:00:00,0.44733
2022-03-27 12:00:00,0.19171000000000002
2022-03-27 13:00:00,0.53185
2022-03-27 14:00:00,0.36757999999999996
2022-03-27 15:00:00,0.38019
2022-03-27 16:00:00,0.14264
2022-03-27 17:00:00,0.060090000000000005
2022-03-27 18:00:00,0.0
2022-03-27 19:00:00,0.0
2022-03-27 20:00:00,0.0
2022-03-27 21:00:00,0.0
2022-03-27 22:00:00,0.0
2022-03-27 23:00:00,0.0
2022-03-28 00:00:00,0.0
2022-03-28 01:00:00,0.0
2022-03-28 02:00:00,0.0
2022-03-28 03:00:00,0.0
2022-03-28 04:00:00,0.0
2022-03-28 05:00:00,0.0
2022-03-28 06:00:00,0.0
2022-03-28 07:00:00,0.04313
2022-03-28 08:00:00,0.16854
2022-03-28 09:00:00,0.16466
2022-03-28 10:00:00,0.50544
2022-03-28 11:00:00,0.32648
2022-03-28 12:00:00,0.32095999999999997
2022-03-28 13:00:00,0.43263999999999997
2022-03-28 14:00:00,0.56732
2022-03-28 15:00:00,0.41325
2022-03-28 16:00:00,0.20492
2022-03-28 17:00:00,0.00507
2022-03-28 18:00:00,0.0
2022-03-28 19:00:00,0.0
2022-03-28 20:00:00,0.0
2022-03-28 21:00:00,0.0
2022-03-28 22:00:00,0.0
2022-03-28 23:00:00,0.0
2022-03-29 00:00:00,0.0
2022-03-29 01:00:00,0.0
2022-03-29 02:00:00,0.0
2022-03-29 03:00:00,0.0
2022-03-29 04:00:00,0.0
2022-03-29 05:00:00,0.0
2022-03-29 06:00:00,0.0
2022-03-29 07:00:00,0.26577
2022-03-29 08:00:00,0.45588
2022-03-29 09:00:00,0.60561
2022-03-29 10:00:00,0.72042
2022-03-29 11:00:00,0.7592000000000001
2022-03-29 12:00:00,0.78485
2022-03-29 13:00:00,0.72594
2022-03-29 14:00:00,0.59709
2022-03-29 15:00:00,0.41528
2022-03-29 16:00:00,0.20708000000000001
2022-03-29 17:00:00,0.0319
2022-03-29 18:00:00,0.0
2022-03-29 19:00:00,0.0
2022-03-29 20:00:00,0.0
2022-03-29 21:00:00,0.0
2022-03-29 22:00:00,0.0
2022-03-29 23:00:00,0.0
2022-03-30 00:00:00,0.0
2022-03-30 01:00:00,0.0
2022-03-30 02:00:00,0.0
2022-03-30 03:00:00,0.0
2022-03-30 04:00:00,0.0
2022-03-30 05:00:00,0.0
2022-03-30 06:00:00,0.0
2022-03-30 07:00:00,0.2268
2022-03-30 08:00:00,0.07841
2022-03-30 09:00:00,0.28448
2022-03-30 10:00:00,0.71841
2022-03-30 11:00:00,0.66608
2022-03-30 12:00:00,0.58001
2022-03-30 13:00:00,0.58936
2022-03-30 14:00:00,0.5821900000000001
2022-03-30 15:00:00,0.33236
2022-03-30 16:00:00,0.03198
2022-03-30 17:00:00,0.0067
2022-03-30 18:00:00,0.0
2022-03-30 19:00:00,0.0
2022-03-30 20:00:00,0.0
2022-03-30 21:00:00,0.0
2022-03-30 22:00:00,0.0
2022-03-30 23:00:00,0.0
2022-03-31 00:00:00,0.0
2022-03-31 01:00:00,0.0
2022-03-31 02:00:00,0.0
2022-03-31 03:00:00,0.0
2022-03-31 04:00:00,0.0
2022-03-31 05:00:00,0.0
2022-03-31 06:00:00,0.0
2022-03-31 07:00:00,0.26276
2022-03-31 08:00:00,0.33143
2022-03-31 09:00:00,0.59075
2022-03-31 10:00:00,0.48852999999999996
2022-03-31 11:00:00,0.75203
2022-03-31 12:00:00,0.67626
2022-03-31 13:00:00,0.5925199999999999
2022-03-31 14:00:00,0.06215
2022-03-31 15:00:00,0.03168
2022-03-31 16:00:00,0.0176
2022-03-31 17:00:00,0.00457
2022-03-31 18:00:00,0.0
2022-03-31 19:00:00,0.0
2022-03-31 20:00:00,0.0
2022-03-31 21:00:00,0.0
2022-03-31 22:00:00,0.0
2022-03-31 23:00:00,0.0
2022-04-01 00:00:00,0.0
2022-04-01 01:00:00,0.0
2022-04-01 02:00:00,0.0
2022-04-01 03:00:00,0.0
2022-04-01 04:00:00,0.0
2022-04-01 05:00:00,0.0
2022-04-01 06:00:00,0.0
2022-04-01 07:00:00,0.047689999999999996
2022-04-01 08:00:00,0.04861
2022-04-01 09:00:00,0.32348000000000005
2022-04-01 10:00:00,0.444
2022-04-01 11:00:00,0.2949
2022-04-01 12:00:00,0.17066
2022-04-01 13:00:00,0.41139
2022-04-01 14:00:00,0.35012
2022-04-01 15:00:00,0.08278
2022-04-01 16:00:00,0.09598999999999999
2022-04-01 17:00:00,0.008150000000000001
2022-04-01 18:00:00,0.0
2022-04-01 19:00:00,0.0
2022-04-01 20:00:00,0.0
2022-04-01 21:00:00,0.0
2022-04-01 22:00:00,0.0
2022-04-01 23:00:00,0.0
2022-04-02 00:00:00,0.0
2022-04-02 01:00:00,0.0
2022-04-02 02:00:00,0.0
2022-04-02 03:00:00,0.0
2022-04-02 04:00:00,0.0
2022-04-02 05:00:00,0.0
2022-04-02 06:00:00,0.0
2022-04-02 07:00:00,0.1595
2022-04-02 08:00:00,0.26932999999999996
2022-04-02 09:00:00,0.60876
2022-04-02 10:00:00,0.5392
2022-04-02 11:00:00,0.62154
2022-04-02 12:00:00,0.35801
2022-04-02 13:00:00,0.6927000000000001
2022-04-02 14:00:00,0.61907
2022-04-02 15:00:00,0.36431
2022-04-02 16:00:00,0.20201
2022-04-02 17:00:00,0.04206
2022-04-02 18:00:00,0.0
2022-04-02 19:00:00,0.0
2022-04-02 20:00:00,0.0
2022-04-02 21:00:00,0.0
2022-04-02 22:00:00,0.0
2022-04-02 23:00:00,0.0
2022-04-03 00:00:00,0.0
2022-04-03 01:00:00,0.0
2022-04-03 02:00:00,0.0
2022-04-03 03:00:00,0.0
2022-04-03 04:00:00,0.0
2022-04-03 05:00:00,0.0
2022-04-03 06:00:00,0.0
2022-04-03 07:00:00,0.13313999999999998
2022-04-03 08:00:00,0.44164
2022-04-03 09:00:00,0.6223
2022-04-03 10:00:00,0.72474
2022-04-03 11:00:00,0.6785599999999999
2022-04-03 12:00:00,0.60038
2022-04-03 13:00:00,0.595
2022-04-03 14:00:00,0.39572
2022-04-03 15:00:00,0.41456
2022-04-03 16:00:00,0.09498000000000001
2022-04-03 17:00:00,0.05053
2022-04-03 18:00:00,0.0
2022-04-03 19:00:00,0.0
2022-04-03 20:00:00,0.0
2022-04-03 21:00:00,0.0
2022-04-03 22:00:00,0.0
2022-04-03 23:00:00,0.0
2022-04-04 00:00:00,0.0
2022-04-04 01:00:00,0.0
2022-04-04 02:00:00,0.0
2022-04-04 03:00:00,0.0
2022-04-04 04:00:00,0.0
2022-04-04 05:00:00,0.0
2022-04-04 06:00:00,0.0
2022-04-04 07:00:00,0.18875
2022-04-04 08:00:00,0.45286000000000004
2022-04-04 09:00:00,0.6179600000000001
2022-04-04 10:00:00,0.42408999999999997
2022-04-04 11:00:00,0.36357
2022-04-04 12:00:00,0.47768
2022-04-04 13:00:00,0.5301
2022-04-04 14:00:00,0.58338
2022-04-04 15:00:00,0.40998
2022-04-04 16:00:00,0.19004
2022-04-04 17:00:00,0.04599
2022-04-04 18:00:00,0.0
2022-04-04 19:00:00,0.0
2022-04-04 20:00:00,0.0
2022-04-04 21:00:00,0.0
2022-04-04 22:00:00,0.0
2022-04-04 23:00:00,0.0
2022-04-05 00:00:00,0.0
2022-04-05 01:00:00,0.0
2022-04-05 02:00:00,0.0
2022-04-05 03:00:00,0.0
2022-04-05 04:00:00,0.0
2022-04-05 05:00:00,0.0
2022-04-05 06:00:00,0.0
2022-04-05 07:00:00,0.08335
2022-04-05 08:00:00,0.31886000000000003
2022-04-05 09:00:00,0.53167
2022-04-05 10:00:00,0.7178300000000001
2022-04-05 11:00:00,0.75329
2022-04-05 12:00:00,0.72997
2022-04-05 13:00:00,0.49498000000000003
2022-04-05 14:00:00,0.08020999999999999
2022-04-05 15:00:00,0.24247
2022-04-05 16:00:00,0.02366
2022-04-05 17:00:00,0.018920000000000003
2022-04-05 18:00:00,0.0
2022-04-05 19:00:00,0.0
2022-04-05 20:00:00,0.0
2022-04-05 21:00:00,0.0
2022-04-05 22:00:00,0.0
2022-04-05 23:00:00,0.0
2022-04-06 00:00:00,0.0
2022-04-06 01:00:00,0.0
2022-04-06 02:00:00,0.0
2022-04-06 03:00:00,0.0
2022-04-06 04:00:00,0.0
2022-04-06 05:00:00,0.0
2022-04-06 06:00:00,0.0
2022-04-06 07:00:00,0.19269
2022-04-06 08:00:00,0.46852999999999995
2022-04-06 09:00:00,0.62397
2022-04-06 10:00:00,0.71689
2022-04-06 11:00:00,0.7330399999999999
2022-04-06 12:00:00,0.7055499999999999
2022-04-06 13:00:00,0.59436
2022-04-06 14:00:00,0.57772
2022-04-06 15:00:00,0.37851
2022-04-06 16:00:00,0.07232
2022-04-06 17:00:00,0.04524
2022-04-06 18:00:00,0.0
2022-04-06 19:00:00,0.0
2022-04-06 20:00:00,0.0
2022-04-06 21:00:00,0.0
2022-04-06 22:00:00,0.0
2022-04-06 23:00:00,0.0
2022-04-07 00:00:00,0.0
2022-04-07 01:00:00,0.0
2022-04-07 02:00:00,0.0
2022-04-07 03:00:00,0.0
2022-04-07 04:00:00,0.0
2022-04-07 05:00:00,0.0
2022-04-07 06:00:00,0.0
2022-04-07 07:00:00,0.07567
2022-04-07 08:00:00,0.38763
2022-04-07 09:00:00,0.39754
2022-04-07 10:00:00,0.6565700000000001
2022-04-07 11:00:00,0.70931
2022-04-07 12:00:00,0.6583600000000001
2022-04-07 13:00:00,0.66888
2022-04-07 14:00:00,0.5791799999999999
2022-04-07 15:00:00,0.39791000000000004
2022-04-07 16:00:00,0.18924000000000002
2022-04-07 17:00:00,0.04414
2022-04-07 18:00:00,0.0
2022-04-07 19:00:00,0.0
2022-04-07 20:00:00,0.0
2022-04-07 21:00:00,0.0
2022-04-07 22:00:00,0.0
2022-04-07 23:00:00,0.0
2022-04-08 00:00:00,0.0
2022-04-08 01:00:00,0.0
2022-04-08 02:00:00,0.0
2022-04-08 03:00:00,0.0
2022-04-08 04:00:00,0.0
2022-04-08 05:00:00,0.0
2022-04-08 06:00:00,0.0
2022-04-08 07:00:00,0.11862
2022-04-08 08:00:00,0.24525
2022-04-08 09:00:00,0.42472000000000004
2022-04-08 10:00:00,0.35297
2022-04-08 11:00:00,0.30565
2022-04-08 12:00:00,0.46164
2022-04-08 13:00:00,0.5014700000000001
2022-04-08 14:00:00,0.47975999999999996
2022-04-08 15:00:00,0.11034000000000001
2022-04-08 16:00:00,0.03551
2022-04-08 17:00:00,0.0029300000000000003
2022-04-08 18:00:00,0.0
2022-04-08 19:00:00,0.0
2022-04-08 20:00:00,0.0
2022-04-08 21:00:00,0.0
2022-04-08 22:00:00,0.0
2022-04-08 23:00:00,0.0
2022-04-09 00:00:00,0.0
2022-04-09 01:00:00,0.0
2022-04-09 02:00:00,0.0
2022-04-09 03:00:00,0.0
2022-04-09 04:00:00,0.0
2022-04-09 05:00:00,0.0
2022-04-09 06:00:00,0.0
2022-04-09 07:00:00,0.09659000000000001
2022-04-09 08:00:00,0.41135000000000005
2022-04-09 09:00:00,0.54987
2022-04-09 10:00:00,0.6434500000000001
2022-04-09 11:00:00,0.66122
2022-04-09 12:00:00,0.72889
2022-04-09 13:00:00,0.64309
2022-04-09 14:00:00,0.55479
2022-04-09 15:00:00,0.39214
2022-04-09 16:00:00,0.08387
2022-04-09 17:00:00,0.00558
2022-04-09 18:00:00,0.0
2022-04-09 19:00:00,0.0
2022-04-09 20:00:00,0.0
2022-04-09 21:00:00,0.0
2022-04-09 22:00:00,0.0
2022-04-09 23:00:00,0.0
2022-04-10 00:00:00,0.0
2022-04-10 01:00:00,0.0
2022-04-10 02:00:00,0.0
2022-04-10 03:00:00,0.0
2022-04-10 04:00:00,0.0
2022-04-10 05:00:00,0.0
2022-04-10 06:00:00,0.0
2022-04-10 07:00:00,0.15774000000000002
2022-04-10 08:00:00,0.42502999999999996
2022-04-10 09:00:00,0.64528
2022-04-10 10:00:00,0.7261599999999999
2022-04-10 11:00:00,0.76419
2022-04-10 12:00:00,0.75893
2022-04-10 13:00:00,0.69805
2022-04-10 14:00:00,0.5949
2022-04-10 15:00:00,0.41591
2022-04-10 16:00:00,0.1866
2022-04-10 17:00:00,0.04082
2022-04-10 18:00:00,0.0
2022-04-10 19:00:00,0.0
2022-04-10 20:00:00,0.0
2022-04-10 21:00:00,0.0
2022-04-10 22:00:00,0.0
2022-04-10 23:00:00,0.0
2022-04-11 00:00:00,0.0
2022-04-11 01:00:00,0.0
2022-04-11 02:00:00,0.0
2022-04-11 03:00:00,0.0
2022-04-11 04:00:00,0.0
2022-04-11 05:00:00,0.0
2022-04-11 06:00:00,0.0
2022-04-11 07:00:00,0.23238
2022-04-11 08:00:00,0.48377
2022-04-11 09:00:00,0.65673
2022-04-11 10:00:00,0.6816599999999999
2022-04-11 11:00:00,0.67711
2022-04-11 12:00:00,0.6782100000000001
2022-04-11 13:00:00,0.68436
2022-04-11 14:00:00,0.5636599999999999
2022-04-11 15:00:00,0.36599
2022-04-11 16:00:00,0.18238
2022-04-11 17:00:00,0.03438
2022-04-11 18:00:00,0.0
2022-04-11 19:00:00,0.0
2022-04-11 20:00:00,0.0
2022-04-11 21:00:00,0.0
2022-04-11 22:00:00,0.0
2022-04-11 23:00:00,0.0
2022-04-12 00:00:00,0.0
2022-04-12 01:00:00,0.0
2022-04-12 02:00:00,0.0
2022-04-12 03:00:00,0.0
2022-04-12 04:00:00,0.0
2022-04-12 05:00:00,0.0
2022-04-12 06:00:00,0.0
2022-04-12 07:00:00,0.18647
2022-04-12 08:00:00,0.272
2022-04-12 09:00:00,0.5806399999999999
2022-04-12 10:00:00,0.6485
2022-04-12 11:00:00,0.63473
2022-04-12 12:00:00,0.4423
2022-04-12 13:00:00,0.37525
2022-04-12 14:00:00,0.46281
2022-04-12 15:00:00,0.31359
2022-04-12 16:00:00,0.01468
2022-04-12 17:00:00,0.0024300000000000003
2022-04-12 18:00:00,0.0
2022-04-12 19:00:00,0.0
2022-04-12 20:00:00,0.0
2022-04-12 21:00:00,0.0
2022-04-12 22:00:00,0.0
2022-04-12 23:00:00,0.0
2022-04-13 00:00:00,0.0
2022-04-13 01:00:00,0.0
2022-04-13 02:00:00,0.0
2022-04-13 03:00:00,0.0
2022-04-13 04:00:00,0.0
2022-04-13 05:00:00,0.0
2022-04-13 06:00:00,0.0
2022-04-13 07:00:00,0.2018
2022-04-13 08:00:00,0.44621
2022-04-13 09:00:00,0.6239199999999999
2022-04-13 10:00:00,0.7147
2022-04-13 11:00:00,0.70924
2022-04-13 12:00:00,0.67638
2022-04-13 13:00:00,0.6458200000000001
2022-04-13 14:00:00,0.51156
2022-04-13 15:00:00,0.36624
2022-04-13 16:00:00,0.13719
2022-04-13 17:00:00,0.0024700000000000004
2022-04-13 18:00:00,0.0
2022-04-13 19:00:00,0.0
2022-04-13 20:00:00,0.0
2022-04-13 21:00:00,0.0
2022-04-13 22:00:00,0.0
2022-04-13 23:00:00,0.0
2022-04-14 00:00:00,0.0
2022-04-14 01:00:00,0.0
2022-04-14 02:00:00,0.0
2022-04-14 03:00:00,0.0
2022-04-14 04:00:00,0.0
2022-04-14 05:00:00,0.0
2022-04-14 06:00:00,0.0
2022-04-14 07:00:00,0.1422
2022-04-14 08:00:00,0.29487
2022-04-14 09:00:00,0.20664
2022-04-14 10:00:00,0.6302300000000001
2022-04-14 11:00:00,0.50733
2022-04-14 12:00:00,0.6843400000000001
2022-04-14 13:00:00,0.45355
2022-04-14 14:00:00,0.42976
2022-04-14 15:00:00,0.25372
2022-04-14 16:00:00,0.036789999999999996
2022-04-14 17:00:00,0.00509
2022-04-14 18:00:00,0.0
2022-04-14 19:00:00,0.0
2022-04-14 20:00:00,0.0
2022-04-14 21:00:00,0.0
2022-04-14 22:00:00,0.0
2022-04-14 23:00:00,0.0
2022-04-15 00:00:00,0.0
2022-04-15 01:00:00,0.0
2022-04-15 02:00:00,0.0
2022-04-15 03:00:00,0.0
2022-04-15 04:00:00,0.0
2022-04-15 05:00:00,0.0
2022-04-15 06:00:00,0.0
2022-04-15 07:00:00,0.23809
2022-04-15 08:00:00,0.50282
2022-04-15 09:00:00,0.66506
2022-04-15 10:00:00,0.73802
2022-04-15 11:00:00,0.78506
2022-04-15 12:00:00,0.76535
2022-04-15 13:00:00,0.6848200000000001
2022-04-15 14:00:00,0.56774
2022-04-15 15:00:00,0.41746
2022-04-15 16:00:00,0.18772999999999998
2022-04-15 17:00:00,0.01714
2022-04-15 18:00:00,0.0
2022-04-15 19:00:00,0.0
2022-04-15 20:00:00,0.0
2022-04-15 21:00:00,0.0
2022-04-15 22:00:00,0.0
2022-04-15 23:00:00,0.0
2022-04-16 00:00:00,0.0
2022-04-16 01:00:00,0.0
2022-04-16 02:00:00,0.0
2022-04-16 03:00:00,0.0
2022-04-16 04:00:00,0.0
2022-04-16 05:00:00,0.0
2022-04-16 06:00:00,0.0
2022-04-16 07:00:00,0.25683
2022-04-16 08:00:00,0.5052099999999999
2022-04-16 09:00:00,0.68951
2022-04-16 10:00:00,0.79503
2022-04-16 11:00:00,0.83497
2022-04-16 12:00:00,0.81738
2022-04-16 13:00:00,0.7579400000000001
2022-04-16 14:00:00,0.6300399999999999
2022-04-16 15:00:00,0.4382
2022-04-16 16:00:00,0.19319
2022-04-16 17:00:00,0.01692
2022-04-16 18:00:00,0.0
2022-04-16 19:00:00,0.0
2022-04-16 20:00:00,0.0
2022-04-16 21:00:00,0.0
2022-04-16 22:00:00,0.0
2022-04-16 23:00:00,0.0
2022-04-17 00:00:00,0.0
2022-04-17 01:00:00,0.0
2022-04-17 02:00:00,0.0
2022-04-17 03:00:00,0.0
2022-04-17 04:00:00,0.0
2022-04-17 05:00:00,0.0
2022-04-17 06:00:00,0.0
2022-04-17 07:00:00,0.26272
2022-04-17 08:00:00,0.51388
2022-04-17 09:00:00,0.68659
2022-04-17 10:00:00,0.7795
2022-04-17 11:00:00,0.82369
2022-04-17 12:00:00,0.80114
2022-04-17 13:00:00,0.73745
2022-04-17 14:00:00,0.60436
2022-04-17 15:00:00,0.4265
2022-04-17 16:00:00,0.18400999999999998
2022-04-17 17:00:00,0.0181
2022-04-17 18:00:00,0.0
2022-04-17 19:00:00,0.0
2022-04-17 20:00:00,0.0
2022-04-17 21:00:00,0.0
2022-04-17 22:00:00,0.0
2022-04-17 23:00:00,0.0
2022-04-18 00:00:00,0.0
2022-04-18 01:00:00,0.0
2022-04-18 02:00:00,0.0
2022-04-18 03:00:00,0.0
2022-04-18 04:00:00,0.0
2022-04-18 05:00:00,0.0
2022-04-18 06:00:00,0.0
2022-04-18 07:00:00,0.2352
2022-04-18 08:00:00,0.49084
2022-04-18 09:00:00,0.6696
2022-04-18 10:00:00,0.76054
2022-04-18 11:00:00,0.8041799999999999
2022-04-18 12:00:00,0.7780900000000001
2022-04-18 13:00:00,0.69973
2022-04-18 14:00:00,0.56049
2022-04-18 15:00:00,0.40942
2022-04-18 16:00:00,0.17099
2022-04-18 17:00:00,0.01715
2022-04-18 18:00:00,0.0
2022-04-18 19:00:00,0.0
2022-04-18 20:00:00,0.0
2022-04-18 21:00:00,0.0
2022-04-18 22:00:00,0.0
2022-04-18 23:00:00,0.0
2022-04-19 00:00:00,0.0
2022-04-19 01:00:00,0.0
2022-04-19 02:00:00,0.0
2022-04-19 03:00:00,0.0
2022-04-19 04:00:00,0.0
2022-04-19 05:00:00,0.0
2022-04-19 06:00:00,0.0
2022-04-19 07:00:00,0.23689
2022-04-19 08:00:00,0.49439999999999995
2022-04-19 09:00:00,0.65547
2022-04-19 10:00:00,0.73901
2022-04-19 11:00:00,0.76486
2022-04-19 12:00:00,0.75205
2022-04-19 13:00:00,0.6846599999999999
2022-04-19 14:00:00,0.5695399999999999
2022-04-19 15:00:00,0.39741000000000004
2022-04-19 16:00:00,0.17166
2022-04-19 17:00:00,0.01383
2022-04-19 18:00:00,0.0
2022-04-19 19:00:00,0.0
2022-04-19 20:00:00,0.0
2022-04-19 21:00:00,0.0
2022-04-19 22:00:00,0.0
2022-04-19 23:00:00,0.0
2022-04-20 00:00:00,0.0
2022-04-20 01:00:00,0.0
2022-04-20 02:00:00,0.0
2022-04-20 03:00:00,0.0
2022-04-20 04:00:00,0.0
2022-04-20 05:00:00,0.0
2022-04-20 06:00:00,0.0
2022-04-20 07:00:00,0.23063
2022-04-20 08:00:00,0.49062
2022-04-20 09:00:00,0.64209
2022-04-20 10:00:00,0.72053
2022-04-20 11:00:00,0.75493
2022-04-20 12:00:00,0.72785
2022-04-20 13:00:00,0.6603600000000001
2022-04-20 14:00:00,0.5310199999999999
2022-04-20 15:00:00,0.34526
2022-04-20 16:00:00,0.14911000000000002
2022-04-20 17:00:00,0.027600000000000003
2022-04-20 18:00:00,0.0
2022-04-20 19:00:00,0.0
2022-04-20 20:00:00,0.0
2022-04-20 21:00:00,0.0
2022-04-20 22:00:00,0.0
2022-04-20 23:00:00,0.0
2022-04-21 00:00:00,0.0
2022-04-21 01:00:00,0.0
2022-04-21 02:00:00,0.0
2022-04-21 03:00:00,0.0
2022-04-21 04:00:00,0.0
2022-04-21 05:00:00,0.0
2022-04-21 06:00:00,0.0
2022-04-21 07:00:00,0.23185
2022-04-21 08:00:00,0.48781
2022-04-21 09:00:00,0.6495599999999999
2022-04-21 10:00:00,0.74226
2022-04-21 11:00:00,0.77249
2022-04-21 12:00:00,0.71574
2022-04-21 13:00:00,0.6760900000000001
2022-04-21 14:00:00,0.50595
2022-04-21 15:00:00,0.25464
2022-04-21 16:00:00,0.11852
2022-04-21 17:00:00,0.01822
2022-04-21 18:00:00,0.0
2022-04-21 19:00:00,0.0
2022-04-21 20:00:00,0.0
2022-04-21 21:00:00,0.0
2022-04-21 22:00:00,0.0
2022-04-21 23:00:00,0.0
2022-04-22 00:00:00,0.0
2022-04-22 01:00:00,0.0
2022-04-22 02:00:00,0.0
2022-04-22 03:00:00,0.0
2022-04-22 04:00:00,0.0
2022-04-22 05:00:00,0.0
2022-04-22 06:00:00,0.0
2022-04-22 07:00:00,0.22904
2022-04-22 08:00:00,0.47958
2022-04-22 09:00:00,0.6379900000000001
2022-04-22 10:00:00,0.7243200000000001
2022-04-22 11:00:00,0.76825
2022-04-22 12:00:00,0.75136
2022-04-22 13:00:00,0.60394
2022-04-22 14:00:00,0.5371699999999999
2022-04-22 15:00:00,0.27349
2022-04-22 16:00:00,0.15712
2022-04-22 17:00:00,0.027440000000000003
2022-04-22 18:00:00,0.0
2022-04-22 19:00:00,0.0
2022-04-22 20:00:00,0.0
2022-04-22 21:00:00,0.0
2022-04-22 22:00:00,0.0
2022-04-22 23:00:00,0.0
2022-04-23 00:00:00,0.0
2022-04-23 01:00:00,0.0
2022-04-23 02:00:00,0.0
2022-04-23 03:00:00,0.0
2022-04-23 04:00:00,0.0
2022-04-23 05:00:00,0.0
2022-04-23 06:00:00,0.0
2022-04-23 07:00:00,0.02109
2022-04-23 08:00:00,0.19063999999999998
2022-04-23 09:00:00,0.21983000000000003
2022-04-23 10:00:00,0.49818
2022-04-23 11:00:00,0.6226900000000001
2022-04-23 12:00:00,0.72011
2022-04-23 13:00:00,0.58045
2022-04-23 14:00:00,0.54831
2022-04-23 15:00:00,0.38533
2022-04-23 16:00:00,0.16338
2022-04-23 17:00:00,0.01531
2022-04-23 18:00:00,0.0
2022-04-23 19:00:00,0.0
2022-04-23 20:00:00,0.0
2022-04-23 21:00:00,0.0
2022-04-23 22:00:00,0.0
2022-04-23 23:00:00,0.0
2022-04-24 00:00:00,0.0
2022-04-24 01:00:00,0.0
2022-04-24 02:00:00,0.0
2022-04-24 03:00:00,0.0
2022-04-24 04:00:00,0.0
2022-04-24 05:00:00,0.0
2022-04-24 06:00:00,0.0
2022-04-24 07:00:00,0.23287
2022-04-24 08:00:00,0.47768
2022-04-24 09:00:00,0.6357999999999999
2022-04-24 10:00:00,0.70941
2022-04-24 11:00:00,0.74293
2022-04-24 12:00:00,0.718
2022-04-24 13:00:00,0.64966
2022-04-24 14:00:00,0.54764
2022-04-24 15:00:00,0.37226
2022-04-24 16:00:00,0.16238999999999998
2022-04-24 17:00:00,0.01758
2022-04-24 18:00:00,0.0
2022-04-24 19:00:00,0.0
2022-04-24 20:00:00,0.0
2022-04-24 21:00:00,0.0
2022-04-24 22:00:00,0.0
2022-04-24 23:00:00,0.0
2022-04-25 00:00:00,0.0
2022-04-25 01:00:00,0.0
2022-04-25 02:00:00,0.0
2022-04-25 03:00:00,0.0
2022-04-25 04:00:00,0.0
2022-04-25 05:00:00,0.0
2022-04-25 06:00:00,0.0
2022-04-25 07:00:00,0.23538
2022-04-25 08:00:00,0.48644
2022-04-25 09:00:00,0.64388
2022-04-25 10:00:00,0.72187
2022-04-25 11:00:00,0.7222000000000001
2022-04-25 12:00:00,0.5711799999999999
2022-04-25 13:00:00,0.61007
2022-04-25 14:00:00,0.44532
2022-04-25 15:00:00,0.34797
2022-04-25 16:00:00,0.15793000000000001
2022-04-25 17:00:00,0.02198
2022-04-25 18:00:00,0.0
2022-04-25 19:00:00,0.0
2022-04-25 20:00:00,0.0
2022-04-25 21:00:00,0.0
2022-04-25 22:00:00,0.0
2022-04-25 23:00:00,0.0
2022-04-26 00:00:00,0.0
2022-04-26 01:00:00,0.0
2022-04-26 02:00:00,0.0
2022-04-26 03:00:00,0.0
2022-04-26 04:00:00,0.0
2022-04-26 05:00:00,0.0
2022-04-26 06:00:00,0.0
2022-04-26 07:00:00,0.22397
2022-04-26 08:00:00,0.48218
2022-04-26 09:00:00,0.6325
2022-04-26 10:00:00,0.70499
2022-04-26 11:00:00,0.73112
2022-04-26 12:00:00,0.71166
2022-04-26 13:00:00,0.6509400000000001
2022-04-26 14:00:00,0.53762
2022-04-26 15:00:00,0.3579
2022-04-26 16:00:00,0.15607
2022-04-26 17:00:00,0.016460000000000002
2022-04-26 18:00:00,0.0
2022-04-26 19:00:00,0.0
2022-04-26 20:00:00,0.0
2022-04-26 21:00:00,0.0
2022-04-26 22:00:00,0.0
2022-04-26 23:00:00,0.0
2022-04-27 00:00:00,0.0
2022-04-27 01:00:00,0.0
2022-04-27 02:00:00,0.0
2022-04-27 03:00:00,0.0
2022-04-27 04:00:00,0.0
2022-04-27 05:00:00,0.0
2022-04-27 06:00:00,0.0
2022-04-27 07:00:00,0.0
2022-04-27 08:00:00,0.46494
2022-04-27 09:00:00,0.59981
2022-04-27 10:00:00,0.6407
2022-04-27 11:00:00,0.59075
2022-04-27 12:00:00,0.5142899999999999
2022-04-27 13:00:00,0.52376
2022-04-27 14:00:00,0.46038
2022-04-27 15:00:00,0.32685000000000003
2022-04-27 16:00:00,0.15489
2022-04-27 17:00:00,0.019690000000000003
2022-04-27 18:00:00,0.0
2022-04-27 19:00:00,0.0
2022-04-27 20:00:00,0.0
2022-04-27 21:00:00,0.0
2022-04-27 22:00:00,0.0
2022-04-27 23:00:00,0.0
2022-04-28 00:00:00,0.0
2022-04-28 01:00:00,0.0
2022-04-28 02:00:00,0.0
2022-04-28 03:00:00,0.0
2022-04-28 04:00:00,0.0
2022-04-28 05:00:00,0.0
2022-04-28 06:00:00,0.0
2022-04-28 07:00:00,0.23128
2022-04-28 08:00:00,0.47552
2022-04-28 09:00:00,0.63436
2022-04-28 10:00:00,0.71935
2022-04-28 11:00:00,0.75412
2022-04-28 12:00:00,0.74248
2022-04-28 13:00:00,0.6775800000000001
2022-04-28 14:00:00,0.55113
2022-04-28 15:00:00,0.37262
2022-04-28 16:00:00,0.15641999999999998
2022-04-28 17:00:00,0.01438
2022-04-28 18:00:00,0.0
2022-04-28 19:00:00,0.0
2022-04-28 20:00:00,0.0
2022-04-28 21:00:00,0.0
2022-04-28 22:00:00,0.0
2022-04-28 23:00:00,0.0
2022-04-29 00:00:00,0.0
2022-04-29 01:00:00,0.0
2022-04-29 02:00:00,0.0
2022-04-29 03:00:00,0.0
2022-04-29 04:00:00,0.0
2022-04-29 05:00:00,0.0
2022-04-29 06:00:00,0.0
2022-04-29 07:00:00,0.21237
2022-04-29 08:00:00,0.45862
2022-04-29 09:00:00,0.6098899999999999
2022-04-29 10:00:00,0.697
2022-04-29 11:00:00,0.7271
2022-04-29 12:00:00,0.70162
2022-04-29 13:00:00,0.64738
2022-04-29 14:00:00,0.51418
2022-04-29 15:00:00,0.36827
2022-04-29 16:00:00,0.15644
2022-04-29 17:00:00,0.020730000000000002
2022-04-29 18:00:00,0.0
2022-04-29 19:00:00,0.0
2022-04-29 20:00:00,0.0
2022-04-29 21:00:00,0.0
2022-04-29 22:00:00,0.0
2022-04-29 23:00:00,0.0
2022-04-30 00:00:00,0.0
2022-04-30 01:00:00,0.0
2022-04-30 02:00:00,0.0
2022-04-30 03:00:00,0.0
2022-04-30 04:00:00,0.0
2022-04-30 05:00:00,0.0
2022-04-30 06:00:00,0.0
2022-04-30 07:00:00,0.01468
2022-04-30 08:00:00,0.04546
2022-04-30 09:00:00,0.08563
2022-04-30 10:00:00,0.18581999999999999
2022-04-30 11:00:00,0.15522
2022-04-30 12:00:00,0.31568
2022-04-30 13:00:00,0.25252
2022-04-30 14:00:00,0.13765
2022-04-30 15:00:00,0.0863
2022-04-30 16:00:00,0.06987
2022-04-30 17:00:00,0.00103
2022-04-30 18:00:00,0.0
2022-04-30 19:00:00,0.0
2022-04-30 20:00:00,0.0
2022-04-30 21:00:00,0.0
2022-04-30 22:00:00,0.0
2022-04-30 23:00:00,0.0
2022-05-01 00:00:00,0.0
2022-05-01 01:00:00,0.0
2022-05-01 02:00:00,0.0
2022-05-01 03:00:00,0.0
2022-05-01 04:00:00,0.0
2022-05-01 05:00:00,0.0
2022-05-01 06:00:00,0.0
2022-05-01 07:00:00,0.18591999999999997
2022-05-01 08:00:00,0.40342
2022-05-01 09:00:00,0.62434
2022-05-01 10:00:00,0.7126699999999999
2022-05-01 11:00:00,0.69914
2022-05-01 12:00:00,0.68729
2022-05-01 13:00:00,0.54577
2022-05-01 14:00:00,0.47672000000000003
2022-05-01 15:00:00,0.33187
2022-05-01 16:00:00,0.14952000000000001
2022-05-01 17:00:00,0.015470000000000001
2022-05-01 18:00:00,0.0
2022-05-01 19:00:00,0.0
2022-05-01 20:00:00,0.0
2022-05-01 21:00:00,0.0
2022-05-01 22:00:00,0.0
2022-05-01 23:00:00,0.0
2022-05-02 00:00:00,0.0
2022-05-02 01:00:00,0.0
2022-05-02 02:00:00,0.0
2022-05-02 03:00:00,0.0
2022-05-02 04:00:00,0.0
2022-05-02 05:00:00,0.0
2022-05-02 06:00:00,0.0
2022-05-02 07:00:00,0.22594
2022-05-02 08:00:00,0.46895
2022-05-02 09:00:00,0.62322
2022-05-02 10:00:00,0.69959
2022-05-02 11:00:00,0.66388
2022-05-02 12:00:00,0.5460900000000001
2022-05-02 13:00:00,0.4644
2022-05-02 14:00:00,0.36060000000000003
2022-05-02 15:00:00,0.19000999999999998
2022-05-02 16:00:00,0.06599
2022-05-02 17:00:00,0.00477
2022-05-02 18:00:00,0.0
2022-05-02 19:00:00,0.0
2022-05-02 20:00:00,0.0
2022-05-02 21:00:00,0.0
2022-05-02 22:00:00,0.0
2022-05-02 23:00:00,0.0
2022-05-03 00:00:00,0.0
2022-05-03 01:00:00,0.0
2022-05-03 02:00:00,0.0
2022-05-03 03:00:00,0.0
2022-05-03 04:00:00,0.0
2022-05-03 05:00:00,0.0
2022-05-03 06:00:00,0.0
2022-05-03 07:00:00,0.13124
2022-05-03 08:00:00,0.46303
2022-05-03 09:00:00,0.62091
2022-05-03 10:00:00,0.70068
2022-05-03 11:00:00,0.7447
2022-05-03 12:00:00,0.70951
2022-05-03 13:00:00,0.55374
2022-05-03 14:00:00,0.42701
2022-05-03 15:00:00,0.24994
2022-05-03 16:00:00,0.14612
2022-05-03 17:00:00,0.01858
2022-05-03 18:00:00,0.0
2022-05-03 19:00:00,0.0
2022-05-03 20:00:00,0.0
2022-05-03 21:00:00,0.0
2022-05-03 22:00:00,0.0
2022-05-03 23:00:00,0.0
2022-05-04 00:00:00,0.0
2022-05-04 01:00:00,0.0
2022-05-04 02:00:00,0.0
2022-05-04 03:00:00,0.0
2022-05-04 04:00:00,0.0
2022-05-04 05:00:00,0.0
2022-05-04 06:00:00,0.0
2022-05-04 07:00:00,0.06781000000000001
2022-05-04 08:00:00,0.09342
2022-05-04 09:00:00,0.50112
2022-05-04 10:00:00,0.0347
2022-05-04 11:00:00,0.0412
2022-05-04 12:00:00,0.10623
2022-05-04 13:00:00,0.15095
2022-05-04 14:00:00,0.07303
2022-05-04 15:00:00,0.02759
2022-05-04 16:00:00,0.030670000000000003
2022-05-04 17:00:00,0.00026000000000000003
2022-05-04 18:00:00,0.0
2022-05-04 19:00:00,0.0
2022-05-04 20:00:00,0.0
2022-05-04 21:00:00,0.0
2022-05-04 22:00:00,0.0
2022-05-04 23:00:00,0.0
2022-05-05 00:00:00,0.0
2022-05-05 01:00:00,0.0
2022-05-05 02:00:00,0.0
2022-05-05 03:00:00,0.0
2022-05-05 04:00:00,0.0
2022-05-05 05:00:00,0.0
2022-05-05 06:00:00,0.0
2022-05-05 07:00:00,0.08526
2022-05-05 08:00:00,0.34023000000000003
2022-05-05 09:00:00,0.6390800000000001
2022-05-05 10:00:00,0.73663
2022-05-05 11:00:00,0.7703
2022-05-05 12:00:00,0.75387
2022-05-05 13:00:00,0.6849
2022-05-05 14:00:00,0.5456
2022-05-05 15:00:00,0.36985
2022-05-05 16:00:00,0.15506999999999999
2022-05-05 17:00:00,0.01573
2022-05-05 18:00:00,0.0
2022-05-05 19:00:00,0.0
2022-05-05 20:00:00,0.0
2022-05-05 21:00:00,0.0
2022-05-05 22:00:00,0.0
2022-05-05 23:00:00,0.0
2022-05-06 00:00:00,0.0
2022-05-06 01:00:00,0.0
2022-05-06 02:00:00,0.0
2022-05-06 03:00:00,0.0
2022-05-06 04:00:00,0.0
2022-05-06 05:00:00,0.0
2022-05-06 06:00:00,0.0
2022-05-06 07:00:00,0.25184
2022-05-06 08:00:00,0.52234
2022-05-06 09:00:00,0.66815
2022-05-06 10:00:00,0.74595
2022-05-06 11:00:00,0.7782
2022-05-06 12:00:00,0.75887
2022-05-06 13:00:00,0.6869700000000001
2022-05-06 14:00:00,0.55368
2022-05-06 15:00:00,0.37993
2022-05-06 16:00:00,0.15693000000000001
2022-05-06 17:00:00,0.0157
2022-05-06 18:00:00,0.0
2022-05-06 19:00:00,0.0
2022-05-06 20:00:00,0.0
2022-05-06 21:00:00,0.0
2022-05-06 22:00:00,0.0
2022-05-06 23:00:00,0.0
2022-05-07 00:00:00,0.0
2022-05-07 01:00:00,0.0
2022-05-07 02:00:00,0.0
2022-05-07 03:00:00,0.0
2022-05-07 04:00:00,0.0
2022-05-07 05:00:00,0.0
2022-05-07 06:00:00,0.0
2022-05-07 07:00:00,0.22607
2022-05-07 08:00:00,0.48951999999999996
2022-05-07 09:00:00,0.63877
2022-05-07 10:00:00,0.72175
2022-05-07 11:00:00,0.75459
2022-05-07 12:00:00,0.73895
2022-05-07 13:00:00,0.66338
2022-05-07 14:00:00,0.5315
2022-05-07 15:00:00,0.36442
2022-05-07 16:00:00,0.15209
2022-05-07 17:00:00,0.01574
2022-05-07 18:00:00,0.0
2022-05-07 19:00:00,0.0
2022-05-07 20:00:00,0.0
2022-05-07 21:00:00,0.0
2022-05-07 22:00:00,0.0
2022-05-07 23:00:00,0.0
2022-05-08 00:00:00,0.0
2022-05-08 01:00:00,0.0
2022-05-08 02:00:00,0.0
2022-05-08 03:00:00,0.0
2022-05-08 04:00:00,0.0
2022-05-08 05:00:00,0.0
2022-05-08 06:00:00,0.0
2022-05-08 07:00:00,0.09086
2022-05-08 08:00:00,0.46117
2022-05-08 09:00:00,0.6325
2022-05-08 10:00:00,0.70194
2022-05-08 11:00:00,0.72499
2022-05-08 12:00:00,0.68143
2022-05-08 13:00:00,0.47154
2022-05-08 14:00:00,0.42373
2022-05-08 15:00:00,0.28689
2022-05-08 16:00:00,0.13726
2022-05-08 17:00:00,0.01568
2022-05-08 18:00:00,0.0
2022-05-08 19:00:00,0.0
2022-05-08 20:00:00,0.0
2022-05-08 21:00:00,0.0
2022-05-08 22:00:00,0.0
2022-05-08 23:00:00,0.0
2022-05-09 00:00:00,0.0
2022-05-09 01:00:00,0.0
2022-05-09 02:00:00,0.0
2022-05-09 03:00:00,0.0
2022-05-09 04:00:00,0.0
2022-05-09 05:00:00,0.0
2022-05-09 06:00:00,0.0
2022-05-09 07:00:00,0.21356
2022-05-09 08:00:00,0.47668
2022-05-09 09:00:00,0.6256900000000001
2022-05-09 10:00:00,0.7029099999999999
2022-05-09 11:00:00,0.72553
2022-05-09 12:00:00,0.65603
2022-05-09 13:00:00,0.44269
2022-05-09 14:00:00,0.46320999999999996
2022-05-09 15:00:00,0.32933999999999997
2022-05-09 16:00:00,0.12425
2022-05-09 17:00:00,0.00232
2022-05-09 18:00:00,0.0
2022-05-09 19:00:00,0.0
2022-05-09 20:00:00,0.0
2022-05-09 21:00:00,0.0
2022-05-09 22:00:00,0.0
2022-05-09 23:00:00,0.0
2022-05-10 00:00:00,0.0
2022-05-10 01:00:00,0.0
2022-05-10 02:00:00,0.0
2022-05-10 03:00:00,0.0
2022-05-10 04:00:00,0.0
2022-05-10 05:00:00,0.0
2022-05-10 06:00:00,0.0
2022-05-10 07:00:00,0.22641999999999998
2022-05-10 08:00:00,0.48896
2022-05-10 09:00:00,0.64425
2022-05-10 10:00:00,0.72366
2022-05-10 11:00:00,0.7456799999999999
2022-05-10 12:00:00,0.71813
2022-05-10 13:00:00,0.6345700000000001
2022-05-10 14:00:00,0.49797
2022-05-10 15:00:00,0.33449
2022-05-10 16:00:00,0.1457
2022-05-10 17:00:00,0.01426
2022-05-10 18:00:00,0.0
2022-05-10 19:00:00,0.0
2022-05-10 20:00:00,0.0
2022-05-10 21:00:00,0.0
2022-05-10 22:00:00,0.0
2022-05-10 23:00:00,0.0
2022-05-11 00:00:00,0.0
2022-05-11 01:00:00,0.0
2022-05-11 02:00:00,0.0
2022-05-11 03:00:00,0.0
2022-05-11 04:00:00,0.0
2022-05-11 05:00:00,0.0
2022-05-11 06:00:00,0.0
2022-05-11 07:00:00,0.14111
2022-05-11 08:00:00,0.43801999999999996
2022-05-11 09:00:00,0.35757
2022-05-11 10:00:00,0.24966999999999998
2022-05-11 11:00:00,0.60352
2022-05-11 12:00:00,0.58265
2022-05-11 13:00:00,0.50859
2022-05-11 14:00:00,0.49602999999999997
2022-05-11 15:00:00,0.04668
2022-05-11 16:00:00,0.016390000000000002
2022-05-11 17:00:00,0.009980000000000001
2022-05-11 18:00:00,0.0
2022-05-11 19:00:00,0.0
2022-05-11 20:00:00,0.0
2022-05-11 21:00:00,0.0
2022-05-11 22:00:00,0.0
2022-05-11 23:00:00,0.0
2022-05-12 00:00:00,0.0
2022-05-12 01:00:00,0.0
2022-05-12 02:00:00,0.0
2022-05-12 03:00:00,0.0
2022-05-12 04:00:00,0.0
2022-05-12 05:00:00,0.0
2022-05-12 06:00:00,0.0
2022-05-12 07:00:00,0.00958
2022-05-12 08:00:00,0.10356
2022-05-12 09:00:00,0.22798
2022-05-12 10:00:00,0.36605
2022-05-12 11:00:00,0.1522
2022-05-12 12:00:00,0.49278
2022-05-12 13:00:00,0.6083500000000001
2022-05-12 14:00:00,0.47635
2022-05-12 15:00:00,0.30624
2022-05-12 16:00:00,0.13805
2022-05-12 17:00:00,0.01302
2022-05-12 18:00:00,0.0
2022-05-12 19:00:00,0.0
2022-05-12 20:00:00,0.0
2022-05-12 21:00:00,0.0
2022-05-12 22:00:00,0.0
2022-05-12 23:00:00,0.0
2022-05-13 00:00:00,0.0
2022-05-13 01:00:00,0.0
2022-05-13 02:00:00,0.0
2022-05-13 03:00:00,0.0
2022-05-13 04:00:00,0.0
2022-05-13 05:00:00,0.0
2022-05-13 06:00:00,0.0
2022-05-13 07:00:00,0.20312
2022-05-13 08:00:00,0.46935000000000004
2022-05-13 09:00:00,0.62527
2022-05-13 10:00:00,0.69687
2022-05-13 11:00:00,0.72529
2022-05-13 12:00:00,0.6912
2022-05-13 13:00:00,0.60897
2022-05-13 14:00:00,0.50218
2022-05-13 15:00:00,0.34455
2022-05-13 16:00:00,0.1434
2022-05-13 17:00:00,0.01234
2022-05-13 18:00:00,0.0
2022-05-13 19:00:00,0.0
2022-05-13 20:00:00,0.0
2022-05-13 21:00:00,0.0
2022-05-13 22:00:00,0.0
2022-05-13 23:00:00,0.0
2022-05-14 00:00:00,0.0
2022-05-14 01:00:00,0.0
2022-05-14 02:00:00,0.0
2022-05-14 03:00:00,0.0
2022-05-14 04:00:00,0.0
2022-05-14 05:00:00,0.0
2022-05-14 06:00:00,0.0
2022-05-14 07:00:00,0.20862999999999998
2022-05-14 08:00:00,0.48649000000000003
2022-05-14 09:00:00,0.6432
2022-05-14 10:00:00,0.71893
2022-05-14 11:00:00,0.75241
2022-05-14 12:00:00,0.72238
2022-05-14 13:00:00,0.6038
2022-05-14 14:00:00,0.47189
2022-05-14 15:00:00,0.30505
2022-05-14 16:00:00,0.11902
2022-05-14 17:00:00,0.00099
2022-05-14 18:00:00,0.0
2022-05-14 19:00:00,0.0
2022-05-14 20:00:00,0.0
2022-05-14 21:00:00,0.0
2022-05-14 22:00:00,0.0
2022-05-14 23:00:00,0.0
2022-05-15 00:00:00,0.0
2022-05-15 01:00:00,0.0
2022-05-15 02:00:00,0.0
2022-05-15 03:00:00,0.0
2022-05-15 04:00:00,0.0
2022-05-15 05:00:00,0.0
2022-05-15 06:00:00,0.0
2022-05-15 07:00:00,0.0012
2022-05-15 08:00:00,0.043609999999999996
2022-05-15 09:00:00,0.05285
2022-05-15 10:00:00,0.05108
2022-05-15 11:00:00,0.1227
2022-05-15 12:00:00,0.19066999999999998
2022-05-15 13:00:00,0.12242
2022-05-15 14:00:00,0.07751000000000001
2022-05-15 15:00:00,0.16513
2022-05-15 16:00:00,0.00873
2022-05-15 17:00:00,0.0
2022-05-15 18:00:00,0.0
2022-05-15 19:00:00,0.0
2022-05-15 20:00:00,0.0
2022-05-15 21:00:00,0.0
2022-05-15 22:00:00,0.0
2022-05-15 23:00:00,0.0
2022-05-16 00:00:00,0.0
2022-05-16 01:00:00,0.0
2022-05-16 02:00:00,0.0
2022-05-16 03:00:00,0.0
2022-05-16 04:00:00,0.0
2022-05-16 05:00:00,0.0
2022-05-16 06:00:00,0.0
2022-05-16 07:00:00,0.22519
2022-05-16 08:00:00,0.01079
2022-05-16 09:00:00,0.02305
2022-05-16 10:00:00,0.06935
2022-05-16 11:00:00,0.08485
2022-05-16 12:00:00,0.12287000000000001
2022-05-16 13:00:00,0.33179000000000003
2022-05-16 14:00:00,0.33394
2022-05-16 15:00:00,0.23453
2022-05-16 16:00:00,0.13954
2022-05-16 17:00:00,0.0
2022-05-16 18:00:00,0.0
2022-05-16 19:00:00,0.0
2022-05-16 20:00:00,0.0
2022-05-16 21:00:00,0.0
2022-05-16 22:00:00,0.0
2022-05-16 23:00:00,0.0
2022-05-17 00:00:00,0.0
2022-05-17 01:00:00,0.0
2022-05-17 02:00:00,0.0
2022-05-17 03:00:00,0.0
2022-05-17 04:00:00,0.0
2022-05-17 05:00:00,0.0
2022-05-17 06:00:00,0.0
2022-05-17 07:00:00,0.01042
2022-05-17 08:00:00,0.45544
2022-05-17 09:00:00,0.62754
2022-05-17 10:00:00,0.5799099999999999
2022-05-17 11:00:00,0.6063099999999999
2022-05-17 12:00:00,0.6185499999999999
2022-05-17 13:00:00,0.58129
2022-05-17 14:00:00,0.51449
2022-05-17 15:00:00,0.35518
2022-05-17 16:00:00,0.1479
2022-05-17 17:00:00,0.00664
2022-05-17 18:00:00,0.0
2022-05-17 19:00:00,0.0
2022-05-17 20:00:00,0.0
2022-05-17 21:00:00,0.0
2022-05-17 22:00:00,0.0
2022-05-17 23:00:00,0.0
2022-05-18 00:00:00,0.0
2022-05-18 01:00:00,0.0
2022-05-18 02:00:00,0.0
2022-05-18 03:00:00,0.0
2022-05-18 04:00:00,0.0
2022-05-18 05:00:00,0.0
2022-05-18 06:00:00,0.0
2022-05-18 07:00:00,0.04396
2022-05-18 08:00:00,0.42118
2022-05-18 09:00:00,0.31418
2022-05-18 10:00:00,0.6925
2022-05-18 11:00:00,0.83909
2022-05-18 12:00:00,0.7494
2022-05-18 13:00:00,0.69978
2022-05-18 14:00:00,0.5479400000000001
2022-05-18 15:00:00,0.37086
2022-05-18 16:00:00,0.09715
2022-05-18 17:00:00,0.0007
2022-05-18 18:00:00,0.0
2022-05-18 19:00:00,0.0
2022-05-18 20:00:00,0.0
2022-05-18 21:00:00,0.0
2022-05-18 22:00:00,0.0
2022-05-18 23:00:00,0.0
2022-05-19 00:00:00,0.0
2022-05-19 01:00:00,0.0
2022-05-19 02:00:00,0.0
2022-05-19 03:00:00,0.0
2022-05-19 04:00:00,0.0
2022-05-19 05:00:00,0.0
2022-05-19 06:00:00,0.0
2022-05-19 07:00:00,0.00439
2022-05-19 08:00:00,0.02944
2022-05-19 09:00:00,0.04498
2022-05-19 10:00:00,0.07651000000000001
2022-05-19 11:00:00,0.10855
2022-05-19 12:00:00,0.31045
2022-05-19 13:00:00,0.27908999999999995
2022-05-19 14:00:00,0.3961
2022-05-19 15:00:00,0.28138
2022-05-19 16:00:00,0.08857
2022-05-19 17:00:00,0.0
2022-05-19 18:00:00,0.0
2022-05-19 19:00:00,0.0
2022-05-19 20:00:00,0.0
2022-05-19 21:00:00,0.0
2022-05-19 22:00:00,0.0
2022-05-19 23:00:00,0.0
2022-05-20 00:00:00,0.0
2022-05-20 01:00:00,0.0
2022-05-20 02:00:00,0.0
2022-05-20 03:00:00,0.0
2022-05-20 04:00:00,0.0
2022-05-20 05:00:00,0.0
2022-05-20 06:00:00,0.0
2022-05-20 07:00:00,0.21713
2022-05-20 08:00:00,0.49685
2022-05-20 09:00:00,0.65116
2022-05-20 10:00:00,0.74405
2022-05-20 11:00:00,0.7759299999999999
2022-05-20 12:00:00,0.7594299999999999
2022-05-20 13:00:00,0.6817000000000001
2022-05-20 14:00:00,0.54318
2022-05-20 15:00:00,0.36129
2022-05-20 16:00:00,0.15113
2022-05-20 17:00:00,0.00967
2022-05-20 18:00:00,0.0
2022-05-20 19:00:00,0.0
2022-05-20 20:00:00,0.0
2022-05-20 21:00:00,0.0
2022-05-20 22:00:00,0.0
2022-05-20 23:00:00,0.0
2022-05-21 00:00:00,0.0
2022-05-21 01:00:00,0.0
2022-05-21 02:00:00,0.0
2022-05-21 03:00:00,0.0
2022-05-21 04:00:00,0.0
2022-05-21 05:00:00,0.0
2022-05-21 06:00:00,0.0
2022-05-21 07:00:00,0.19862
2022-05-21 08:00:00,0.48188
2022-05-21 09:00:00,0.6317200000000001
2022-05-21 10:00:00,0.72036
2022-05-21 11:00:00,0.75836
2022-05-21 12:00:00,0.73581
2022-05-21 13:00:00,0.6570499999999999
2022-05-21 14:00:00,0.53027
2022-05-21 15:00:00,0.31133999999999995
2022-05-21 16:00:00,0.12074
2022-05-21 17:00:00,0.00437
2022-05-21 18:00:00,0.0
2022-05-21 19:00:00,0.0
2022-05-21 20:00:00,0.0
2022-05-21 21:00:00,0.0
2022-05-21 22:00:00,0.0
2022-05-21 23:00:00,0.0
2022-05-22 00:00:00,0.0
2022-05-22 01:00:00,0.0
2022-05-22 02:00:00,0.0
2022-05-22 03:00:00,0.0
2022-05-22 04:00:00,0.0
2022-05-22 05:00:00,0.0
2022-05-22 06:00:00,0.0
2022-05-22 07:00:00,0.20537
2022-05-22 08:00:00,0.47846
2022-05-22 09:00:00,0.62829
2022-05-22 10:00:00,0.71723
2022-05-22 11:00:00,0.75381
2022-05-22 12:00:00,0.74376
2022-05-22 13:00:00,0.6684
2022-05-22 14:00:00,0.54239
2022-05-22 15:00:00,0.36305
2022-05-22 16:00:00,0.14573
2022-05-22 17:00:00,0.00949
2022-05-22 18:00:00,0.0
2022-05-22 19:00:00,0.0
2022-05-22 20:00:00,0.0
2022-05-22 21:00:00,0.0
2022-05-22 22:00:00,0.0
2022-05-22 23:00:00,0.0
2022-05-23 00:00:00,0.0
2022-05-23 01:00:00,0.0
2022-05-23 02:00:00,0.0
2022-05-23 03:00:00,0.0
2022-05-23 04:00:00,0.0
2022-05-23 05:00:00,0.0
2022-05-23 06:00:00,0.0
2022-05-23 07:00:00,0.17937
2022-05-23 08:00:00,0.47892
2022-05-23 09:00:00,0.62944
2022-05-23 10:00:00,0.71702
2022-05-23 11:00:00,0.7563
2022-05-23 12:00:00,0.7210599999999999
2022-05-23 13:00:00,0.56268
2022-05-23 14:00:00,0.49551
2022-05-23 15:00:00,0.32663
2022-05-23 16:00:00,0.13904
2022-05-23 17:00:00,0.00652
2022-05-23 18:00:00,0.0
2022-05-23 19:00:00,0.0
2022-05-23 20:00:00,0.0
2022-05-23 21:00:00,0.0
2022-05-23 22:00:00,0.0
2022-05-23 23:00:00,0.0
2022-05-24 00:00:00,0.0
2022-05-24 01:00:00,0.0
2022-05-24 02:00:00,0.0
2022-05-24 03:00:00,0.0
2022-05-24 04:00:00,0.0
2022-05-24 05:00:00,0.0
2022-05-24 06:00:00,0.0
2022-05-24 07:00:00,0.18266
2022-05-24 08:00:00,0.46541000000000005
2022-05-24 09:00:00,0.6115700000000001
2022-05-24 10:00:00,0.6958099999999999
2022-05-24 11:00:00,0.7326
2022-05-24 12:00:00,0.70204
2022-05-24 13:00:00,0.6447
2022-05-24 14:00:00,0.52074
2022-05-24 15:00:00,0.35020999999999997
2022-05-24 16:00:00,0.13827
2022-05-24 17:00:00,0.0065
2022-05-24 18:00:00,0.0
2022-05-24 19:00:00,0.0
2022-05-24 20:00:00,0.0
2022-05-24 21:00:00,0.0
2022-05-24 22:00:00,0.0
2022-05-24 23:00:00,0.0
2022-05-25 00:00:00,0.0
2022-05-25 01:00:00,0.0
2022-05-25 02:00:00,0.0
2022-05-25 03:00:00,0.0
2022-05-25 04:00:00,0.0
2022-05-25 05:00:00,0.0
2022-05-25 06:00:00,0.0
2022-05-25 07:00:00,0.18558000000000002
2022-05-25 08:00:00,0.47813
2022-05-25 09:00:00,0.6256900000000001
2022-05-25 10:00:00,0.69525
2022-05-25 11:00:00,0.74625
2022-05-25 12:00:00,0.7353099999999999
2022-05-25 13:00:00,0.5932000000000001
2022-05-25 14:00:00,0.47141000000000005
2022-05-25 15:00:00,0.32666
2022-05-25 16:00:00,0.11692
2022-05-25 17:00:00,0.00102
2022-05-25 18:00:00,0.0
2022-05-25 19:00:00,0.0
2022-05-25 20:00:00,0.0
2022-05-25 21:00:00,0.0
2022-05-25 22:00:00,0.0
2022-05-25 23:00:00,0.0
2022-05-26 00:00:00,0.0
2022-05-26 01:00:00,0.0
2022-05-26 02:00:00,0.0
2022-05-26 03:00:00,0.0
2022-05-26 04:00:00,0.0
2022-05-26 05:00:00,0.0
2022-05-26 06:00:00,0.0
2022-05-26 07:00:00,0.10231
2022-05-26 08:00:00,0.43286
2022-05-26 09:00:00,0.57508
2022-05-26 10:00:00,0.68065
2022-05-26 11:00:00,0.41474
2022-05-26 12:00:00,0.5294500000000001
2022-05-26 13:00:00,0.52289
2022-05-26 14:00:00,0.42118
2022-05-26 15:00:00,0.30392
2022-05-26 16:00:00,0.14284
2022-05-26 17:00:00,0.0076500000000000005
2022-05-26 18:00:00,0.0
2022-05-26 19:00:00,0.0
2022-05-26 20:00:00,0.0
2022-05-26 21:00:00,0.0
2022-05-26 22:00:00,0.0
2022-05-26 23:00:00,0.0
2022-05-27 00:00:00,0.0
2022-05-27 01:00:00,0.0
2022-05-27 02:00:00,0.0
2022-05-27 03:00:00,0.0
2022-05-27 04:00:00,0.0
2022-05-27 05:00:00,0.0
2022-05-27 06:00:00,0.0
2022-05-27 07:00:00,0.04407
2022-05-27 08:00:00,0.33418000000000003
2022-05-27 09:00:00,0.58409
2022-05-27 10:00:00,0.69026
2022-05-27 11:00:00,0.67847
2022-05-27 12:00:00,0.50549
2022-05-27 13:00:00,0.55641
2022-05-27 14:00:00,0.48310000000000003
2022-05-27 15:00:00,0.32214
2022-05-27 16:00:00,0.13666999999999999
2022-05-27 17:00:00,0.0070599999999999994
2022-05-27 18:00:00,0.0
2022-05-27 19:00:00,0.0
2022-05-27 20:00:00,0.0
2022-05-27 21:00:00,0.0
2022-05-27 22:00:00,0.0
2022-05-27 23:00:00,0.0
2022-05-28 00:00:00,0.0
2022-05-28 01:00:00,0.0
2022-05-28 02:00:00,0.0
2022-05-28 03:00:00,0.0
2022-05-28 04:00:00,0.0
2022-05-28 05:00:00,0.0
2022-05-28 06:00:00,0.0
2022-05-28 07:00:00,0.15759
2022-05-28 08:00:00,0.47913
2022-05-28 09:00:00,0.58343
2022-05-28 10:00:00,0.6483300000000001
2022-05-28 11:00:00,0.68002
2022-05-28 12:00:00,0.69756
2022-05-28 13:00:00,0.6125
2022-05-28 14:00:00,0.4131
2022-05-28 15:00:00,0.25872
2022-05-28 16:00:00,0.08853
2022-05-28 17:00:00,0.0
2022-05-28 18:00:00,0.0
2022-05-28 19:00:00,0.0
2022-05-28 20:00:00,0.0
2022-05-28 21:00:00,0.0
2022-05-28 22:00:00,0.0
2022-05-28 23:00:00,0.0
2022-05-29 00:00:00,0.0
2022-05-29 01:00:00,0.0
2022-05-29 02:00:00,0.0
2022-05-29 03:00:00,0.0
2022-05-29 04:00:00,0.0
2022-05-29 05:00:00,0.0
2022-05-29 06:00:00,0.0
2022-05-29 07:00:00,0.13988
2022-05-29 08:00:00,0.44905
2022-05-29 09:00:00,0.6020800000000001
2022-05-29 10:00:00,0.6969500000000001
2022-05-29 11:00:00,0.73405
2022-05-29 12:00:00,0.7255499999999999
2022-05-29 13:00:00,0.6612899999999999
2022-05-29 14:00:00,0.5336900000000001
2022-05-29 15:00:00,0.34939
2022-05-29 16:00:00,0.13755
2022-05-29 17:00:00,0.00645
2022-05-29 18:00:00,0.0
2022-05-29 19:00:00,0.0
2022-05-29 20:00:00,0.0
2022-05-29 21:00:00,0.0
2022-05-29 22:00:00,0.0
2022-05-29 23:00:00,0.0
2022-05-30 00:00:00,0.0
2022-05-30 01:00:00,0.0
2022-05-30 02:00:00,0.0
2022-05-30 03:00:00,0.0
2022-05-30 04:00:00,0.0
2022-05-30 05:00:00,0.0
2022-05-30 06:00:00,0.0
2022-05-30 07:00:00,0.14622
2022-05-30 08:00:00,0.1728
2022-05-30 09:00:00,0.59048
2022-05-30 10:00:00,0.57947
2022-05-30 11:00:00,0.4639
2022-05-30 12:00:00,0.48562
2022-05-30 13:00:00,0.61585
2022-05-30 14:00:00,0.4782
2022-05-30 15:00:00,0.24543
2022-05-30 16:00:00,0.11748
2022-05-30 17:00:00,0.00156
2022-05-30 18:00:00,0.0
2022-05-30 19:00:00,0.0
2022-05-30 20:00:00,0.0
2022-05-30 21:00:00,0.0
2022-05-30 22:00:00,0.0
2022-05-30 23:00:00,0.0
2022-05-31 00:00:00,0.0
2022-05-31 01:00:00,0.0
2022-05-31 02:00:00,0.0
2022-05-31 03:00:00,0.0
2022-05-31 04:00:00,0.0
2022-05-31 05:00:00,0.0
2022-05-31 06:00:00,0.0
2022-05-31 07:00:00,0.02566
2022-05-31 08:00:00,0.3618
2022-05-31 09:00:00,0.5399299999999999
2022-05-31 10:00:00,0.60134
2022-05-31 11:00:00,0.56833
2022-05-31 12:00:00,0.4214
2022-05-31 13:00:00,0.52237
2022-05-31 14:00:00,0.39494
2022-05-31 15:00:00,0.19674
2022-05-31 16:00:00,0.09306
2022-05-31 17:00:00,0.0
2022-05-31 18:00:00,0.0
2022-05-31 19:00:00,0.0
2022-05-31 20:00:00,0.0
2022-05-31 21:00:00,0.0
2022-05-31 22:00:00,0.0
2022-05-31 23:00:00,0.0
2022-06-01 00:00:00,0.0
2022-06-01 01:00:00,0.0
2022-06-01 02:00:00,0.0
2022-06-01 03:00:00,0.0
2022-06-01 04:00:00,0.0
2022-06-01 05:00:00,0.0
2022-06-01 06:00:00,0.0
2022-06-01 07:00:00,0.01216
2022-06-01 08:00:00,0.32023
2022-06-01 09:00:00,0.34091000000000005
2022-06-01 10:00:00,0.42818
2022-06-01 11:00:00,0.6595700000000001
2022-06-01 12:00:00,0.63295
2022-06-01 13:00:00,0.47589
2022-06-01 14:00:00,0.4477
2022-06-01 15:00:00,0.19562000000000002
2022-06-01 16:00:00,0.06806
2022-06-01 17:00:00,0.00512
2022-06-01 18:00:00,0.0
2022-06-01 19:00:00,0.0
2022-06-01 20:00:00,0.0
2022-06-01 21:00:00,0.0
2022-06-01 22:00:00,0.0
2022-06-01 23:00:00,0.0
2022-06-02 00:00:00,0.0
2022-06-02 01:00:00,0.0
2022-06-02 02:00:00,0.0
2022-06-02 03:00:00,0.0
2022-06-02 04:00:00,0.0
2022-06-02 05:00:00,0.0
2022-06-02 06:00:00,0.0
2022-06-02 07:00:00,0.01349
2022-06-02 08:00:00,0.21746000000000001
2022-06-02 09:00:00,0.2656
2022-06-02 10:00:00,0.5166499999999999
2022-06-02 11:00:00,0.68913
2022-06-02 12:00:00,0.65186
2022-06-02 13:00:00,0.51501
2022-06-02 14:00:00,0.37289999999999995
2022-06-02 15:00:00,0.30698000000000003
2022-06-02 16:00:00,0.12667
2022-06-02 17:00:00,0.0038599999999999997
2022-06-02 18:00:00,0.0
2022-06-02 19:00:00,0.0
2022-06-02 20:00:00,0.0
2022-06-02 21:00:00,0.0
2022-06-02 22:00:00,0.0
2022-06-02 23:00:00,0.0
2022-06-03 00:00:00,0.0
2022-06-03 01:00:00,0.0
2022-06-03 02:00:00,0.0
2022-06-03 03:00:00,0.0
2022-06-03 04:00:00,0.0
2022-06-03 05:00:00,0.0
2022-06-03 06:00:00,0.0
2022-06-03 07:00:00,0.00555
2022-06-03 08:00:00,0.061130000000000004
2022-06-03 09:00:00,0.13798
2022-06-03 10:00:00,0.5993200000000001
2022-06-03 11:00:00,0.29406
2022-06-03 12:00:00,0.36663
2022-06-03 13:00:00,0.42842
2022-06-03 14:00:00,0.39337
2022-06-03 15:00:00,0.2877
2022-06-03 16:00:00,0.13402
2022-06-03 17:00:00,0.004889999999999999
2022-06-03 18:00:00,0.0
2022-06-03 19:00:00,0.0
2022-06-03 20:00:00,0.0
2022-06-03 21:00:00,0.0
2022-06-03 22:00:00,0.0
2022-06-03 23:00:00,0.0
2022-06-04 00:00:00,0.0
2022-06-04 01:00:00,0.0
2022-06-04 02:00:00,0.0
2022-06-04 03:00:00,0.0
2022-06-04 04:00:00,0.0
2022-06-04 05:00:00,0.0
2022-06-04 06:00:00,0.0
2022-06-04 07:00:00,0.01103
2022-06-04 08:00:00,0.44662
2022-06-04 09:00:00,0.61029
2022-06-04 10:00:00,0.70111
2022-06-04 11:00:00,0.7400399999999999
2022-06-04 12:00:00,0.71899
2022-06-04 13:00:00,0.6553300000000001
2022-06-04 14:00:00,0.5360900000000001
2022-06-04 15:00:00,0.35945
2022-06-04 16:00:00,0.14196
2022-06-04 17:00:00,0.00556
2022-06-04 18:00:00,0.0
2022-06-04 19:00:00,0.0
2022-06-04 20:00:00,0.0
2022-06-04 21:00:00,0.0
2022-06-04 22:00:00,0.0
2022-06-04 23:00:00,0.0
2022-06-05 00:00:00,0.0
2022-06-05 01:00:00,0.0
2022-06-05 02:00:00,0.0
2022-06-05 03:00:00,0.0
2022-06-05 04:00:00,0.0
2022-06-05 05:00:00,0.0
2022-06-05 06:00:00,0.0
2022-06-05 07:00:00,0.00926
2022-06-05 08:00:00,0.43789999999999996
2022-06-05 09:00:00,0.60441
2022-06-05 10:00:00,0.6894199999999999
2022-06-05 11:00:00,0.72275
2022-06-05 12:00:00,0.71139
2022-06-05 13:00:00,0.64311
2022-06-05 14:00:00,0.52615
2022-06-05 15:00:00,0.34996
2022-06-05 16:00:00,0.14002
2022-06-05 17:00:00,0.00467
2022-06-05 18:00:00,0.0
2022-06-05 19:00:00,0.0
2022-06-05 20:00:00,0.0
2022-06-05 21:00:00,0.0
2022-06-05 22:00:00,0.0
2022-06-05 23:00:00,0.0
2022-06-06 00:00:00,0.0
2022-06-06 01:00:00,0.0
2022-06-06 02:00:00,0.0
2022-06-06 03:00:00,0.0
2022-06-06 04:00:00,0.0
2022-06-06 05:00:00,0.0
2022-06-06 06:00:00,0.0
2022-06-06 07:00:00,0.00993
2022-06-06 08:00:00,0.43289999999999995
2022-06-06 09:00:00,0.58876
2022-06-06 10:00:00,0.6772
2022-06-06 11:00:00,0.72087
2022-06-06 12:00:00,0.7051799999999999
2022-06-06 13:00:00,0.6336900000000001
2022-06-06 14:00:00,0.50683
2022-06-06 15:00:00,0.34155
2022-06-06 16:00:00,0.11725
2022-06-06 17:00:00,0.0
2022-06-06 18:00:00,0.0
2022-06-06 19:00:00,0.0
2022-06-06 20:00:00,0.0
2022-06-06 21:00:00,0.0
2022-06-06 22:00:00,0.0
2022-06-06 23:00:00,0.0
2022-06-07 00:00:00,0.0
2022-06-07 01:00:00,0.0
2022-06-07 02:00:00,0.0
2022-06-07 03:00:00,0.0
2022-06-07 04:00:00,0.0
2022-06-07 05:00:00,0.0
2022-06-07 06:00:00,0.0
2022-06-07 07:00:00,0.01108
2022-06-07 08:00:00,0.45496
2022-06-07 09:00:00,0.59822
2022-06-07 10:00:00,0.56743
2022-06-07 11:00:00,0.50162
2022-06-07 12:00:00,0.66637
2022-06-07 13:00:00,0.40281
2022-06-07 14:00:00,0.2228
2022-06-07 15:00:00,0.27996
2022-06-07 16:00:00,0.05842
2022-06-07 17:00:00,0.0
2022-06-07 18:00:00,0.0
2022-06-07 19:00:00,0.0
2022-06-07 20:00:00,0.0
2022-06-07 21:00:00,0.0
2022-06-07 22:00:00,0.0
2022-06-07 23:00:00,0.0
2022-06-08 00:00:00,0.0
2022-06-08 01:00:00,0.0
2022-06-08 02:00:00,0.0
2022-06-08 03:00:00,0.0
2022-06-08 04:00:00,0.0
2022-06-08 05:00:00,0.0
2022-06-08 06:00:00,0.0
2022-06-08 07:00:00,0.01159
2022-06-08 08:00:00,0.29587
2022-06-08 09:00:00,0.40593
2022-06-08 10:00:00,0.45572
2022-06-08 11:00:00,0.40132
2022-06-08 12:00:00,0.67829
2022-06-08 13:00:00,0.62687
2022-06-08 14:00:00,0.27870999999999996
2022-06-08 15:00:00,0.15813999999999998
2022-06-08 16:00:00,0.020579999999999998
2022-06-08 17:00:00,0.004730000000000001
2022-06-08 18:00:00,0.0
2022-06-08 19:00:00,0.0
2022-06-08 20:00:00,0.0
2022-06-08 21:00:00,0.0
2022-06-08 22:00:00,0.0
2022-06-08 23:00:00,0.0
2022-06-09 00:00:00,0.0
2022-06-09 01:00:00,0.0
2022-06-09 02:00:00,0.0
2022-06-09 03:00:00,0.0
2022-06-09 04:00:00,0.0
2022-06-09 05:00:00,0.0
2022-06-09 06:00:00,0.0
2022-06-09 07:00:00,0.00392
2022-06-09 08:00:00,0.37577999999999995
2022-06-09 09:00:00,0.39916
2022-06-09 10:00:00,0.57011
2022-06-09 11:00:00,0.48775999999999997
2022-06-09 12:00:00,0.26232
2022-06-09 13:00:00,0.18111000000000002
2022-06-09 14:00:00,0.36102
2022-06-09 15:00:00,0.26685000000000003
2022-06-09 16:00:00,0.04412
2022-06-09 17:00:00,0.0
2022-06-09 18:00:00,0.0
2022-06-09 19:00:00,0.0
2022-06-09 20:00:00,0.0
2022-06-09 21:00:00,0.0
2022-06-09 22:00:00,0.0
2022-06-09 23:00:00,0.0
2022-06-10 00:00:00,0.0
2022-06-10 01:00:00,0.0
2022-06-10 02:00:00,0.0
2022-06-10 03:00:00,0.0
2022-06-10 04:00:00,0.0
2022-06-10 05:00:00,0.0
2022-06-10 06:00:00,0.0
2022-06-10 07:00:00,0.01024
2022-06-10 08:00:00,0.011439999999999999
2022-06-10 09:00:00,0.09576000000000001
2022-06-10 10:00:00,0.37227
2022-06-10 11:00:00,0.33354
2022-06-10 12:00:00,0.14447
2022-06-10 13:00:00,0.15331
2022-06-10 14:00:00,0.11592
2022-06-10 15:00:00,0.02218
2022-06-10 16:00:00,0.07768000000000001
2022-06-10 17:00:00,0.0
2022-06-10 18:00:00,0.0
2022-06-10 19:00:00,0.0
2022-06-10 20:00:00,0.0
2022-06-10 21:00:00,0.0
2022-06-10 22:00:00,0.0
2022-06-10 23:00:00,0.0
2022-06-11 00:00:00,0.0
2022-06-11 01:00:00,0.0
2022-06-11 02:00:00,0.0
2022-06-11 03:00:00,0.0
2022-06-11 04:00:00,0.0
2022-06-11 05:00:00,0.0
2022-06-11 06:00:00,0.0
2022-06-11 07:00:00,0.00613
2022-06-11 08:00:00,0.10049
2022-06-11 09:00:00,0.32194
2022-06-11 10:00:00,0.52322
2022-06-11 11:00:00,0.34922000000000003
2022-06-11 12:00:00,0.39344
2022-06-11 13:00:00,0.30043000000000003
2022-06-11 14:00:00,0.23593
2022-06-11 15:00:00,0.10438
2022-06-11 16:00:00,0.00878
2022-06-11 17:00:00,0.0
2022-06-11 18:00:00,0.0
2022-06-11 19:00:00,0.0
2022-06-11 20:00:00,0.0
2022-06-11 21:00:00,0.0
2022-06-11 22:00:00,0.0
2022-06-11 23:00:00,0.0
2022-06-12 00:00:00,0.0
2022-06-12 01:00:00,0.0
2022-06-12 02:00:00,0.0
2022-06-12 03:00:00,0.0
2022-06-12 04:00:00,0.0
2022-06-12 05:00:00,0.0
2022-06-12 06:00:00,0.0
2022-06-12 07:00:00,0.00925
2022-06-12 08:00:00,0.29007
2022-06-12 09:00:00,0.42721
2022-06-12 10:00:00,0.58057
2022-06-12 11:00:00,0.6899500000000001
2022-06-12 12:00:00,0.4597
2022-06-12 13:00:00,0.49017
2022-06-12 14:00:00,0.4487
2022-06-12 15:00:00,0.08298
2022-06-12 16:00:00,0.03403
2022-06-12 17:00:00,0.00037
2022-06-12 18:00:00,0.0
2022-06-12 19:00:00,0.0
2022-06-12 20:00:00,0.0
2022-06-12 21:00:00,0.0
2022-06-12 22:00:00,0.0
2022-06-12 23:00:00,0.0
2022-06-13 00:00:00,0.0
2022-06-13 01:00:00,0.0
2022-06-13 02:00:00,0.0
2022-06-13 03:00:00,0.0
2022-06-13 04:00:00,0.0
2022-06-13 05:00:00,0.0
2022-06-13 06:00:00,0.0
2022-06-13 07:00:00,0.01079
2022-06-13 08:00:00,0.39733999999999997
2022-06-13 09:00:00,0.59162
2022-06-13 10:00:00,0.6841
2022-06-13 11:00:00,0.68464
2022-06-13 12:00:00,0.67945
2022-06-13 13:00:00,0.64155
2022-06-13 14:00:00,0.41285000000000005
2022-06-13 15:00:00,0.32661
2022-06-13 16:00:00,0.15402000000000002
2022-06-13 17:00:00,0.0047599999999999995
2022-06-13 18:00:00,0.0
2022-06-13 19:00:00,0.0
2022-06-13 20:00:00,0.0
2022-06-13 21:00:00,0.0
2022-06-13 22:00:00,0.0
2022-06-13 23:00:00,0.0
2022-06-14 00:00:00,0.0
2022-06-14 01:00:00,0.0
2022-06-14 02:00:00,0.0
2022-06-14 03:00:00,0.0
2022-06-14 04:00:00,0.0
2022-06-14 05:00:00,0.0
2022-06-14 06:00:00,0.0
2022-06-14 07:00:00,0.00642
2022-06-14 08:00:00,0.30219999999999997
2022-06-14 09:00:00,0.60535
2022-06-14 10:00:00,0.69735
2022-06-14 11:00:00,0.5989
2022-06-14 12:00:00,0.73411
2022-06-14 13:00:00,0.57892
2022-06-14 14:00:00,0.45936
2022-06-14 15:00:00,0.37823
2022-06-14 16:00:00,0.12365000000000001
2022-06-14 17:00:00,0.0009699999999999999
2022-06-14 18:00:00,0.0
2022-06-14 19:00:00,0.0
2022-06-14 20:00:00,0.0
2022-06-14 21:00:00,0.0
2022-06-14 22:00:00,0.0
2022-06-14 23:00:00,0.0
2022-06-15 00:00:00,0.0
2022-06-15 01:00:00,0.0
2022-06-15 02:00:00,0.0
2022-06-15 03:00:00,0.0
2022-06-15 04:00:00,0.0
2022-06-15 05:00:00,0.0
2022-06-15 06:00:00,0.0
2022-06-15 07:00:00,0.008199999999999999
2022-06-15 08:00:00,0.38127999999999995
2022-06-15 09:00:00,0.5101600000000001
2022-06-15 10:00:00,0.49066000000000004
2022-06-15 11:00:00,0.72165
2022-06-15 12:00:00,0.67928
2022-06-15 13:00:00,0.64262
2022-06-15 14:00:00,0.52071
2022-06-15 15:00:00,0.35764999999999997
2022-06-15 16:00:00,0.14574
2022-06-15 17:00:00,0.0064
2022-06-15 18:00:00,0.0
2022-06-15 19:00:00,0.0
2022-06-15 20:00:00,0.0
2022-06-15 21:00:00,0.0
2022-06-15 22:00:00,0.0
2022-06-15 23:00:00,0.0
2022-06-16 00:00:00,0.0
2022-06-16 01:00:00,0.0
2022-06-16 02:00:00,0.0
2022-06-16 03:00:00,0.0
2022-06-16 04:00:00,0.0
2022-06-16 05:00:00,0.0
2022-06-16 06:00:00,0.0
2022-06-16 07:00:00,0.00811
2022-06-16 08:00:00,0.42604000000000003
2022-06-16 09:00:00,0.5908
2022-06-16 10:00:00,0.67687
2022-06-16 11:00:00,0.6946599999999999
2022-06-16 12:00:00,0.6861900000000001
2022-06-16 13:00:00,0.62512
2022-06-16 14:00:00,0.51129
2022-06-16 15:00:00,0.34647
2022-06-16 16:00:00,0.14495
2022-06-16 17:00:00,0.00438
2022-06-16 18:00:00,0.0
2022-06-16 19:00:00,0.0
2022-06-16 20:00:00,0.0
2022-06-16 21:00:00,0.0
2022-06-16 22:00:00,0.0
2022-06-16 23:00:00,0.0
2022-06-17 00:00:00,0.0
2022-06-17 01:00:00,0.0
2022-06-17 02:00:00,0.0
2022-06-17 03:00:00,0.0
2022-06-17 04:00:00,0.0
2022-06-17 05:00:00,0.0
2022-06-17 06:00:00,0.0
2022-06-17 07:00:00,0.00746
2022-06-17 08:00:00,0.42932
2022-06-17 09:00:00,0.58923
2022-06-17 10:00:00,0.6880499999999999
2022-06-17 11:00:00,0.72426
2022-06-17 12:00:00,0.7167899999999999
2022-06-17 13:00:00,0.64806
2022-06-17 14:00:00,0.5272100000000001
2022-06-17 15:00:00,0.35381
2022-06-17 16:00:00,0.14756
2022-06-17 17:00:00,0.0042699999999999995
2022-06-17 18:00:00,0.0
2022-06-17 19:00:00,0.0
2022-06-17 20:00:00,0.0
2022-06-17 21:00:00,0.0
2022-06-17 22:00:00,0.0
2022-06-17 23:00:00,0.0
2022-06-18 00:00:00,0.0
2022-06-18 01:00:00,0.0
2022-06-18 02:00:00,0.0
2022-06-18 03:00:00,0.0
2022-06-18 04:00:00,0.0
2022-06-18 05:00:00,0.0
2022-06-18 06:00:00,0.0
2022-06-18 07:00:00,0.0
2022-06-18 08:00:00,0.02866
2022-06-18 09:00:00,0.09983
2022-06-18 10:00:00,0.11154
2022-06-18 11:00:00,0.06842000000000001
2022-06-18 12:00:00,0.28255
2022-06-18 13:00:00,0.1585
2022-06-18 14:00:00,0.054520000000000006
2022-06-18 15:00:00,0.05156
2022-06-18 16:00:00,0.00687
2022-06-18 17:00:00,0.0
2022-06-18 18:00:00,0.0
2022-06-18 19:00:00,0.0
2022-06-18 20:00:00,0.0
2022-06-18 21:00:00,0.0
2022-06-18 22:00:00,0.0
2022-06-18 23:00:00,0.0
2022-06-19 00:00:00,0.0
2022-06-19 01:00:00,0.0
2022-06-19 02:00:00,0.0
2022-06-19 03:00:00,0.0
2022-06-19 04:00:00,0.0
2022-06-19 05:00:00,0.0
2022-06-19 06:00:00,0.0
2022-06-19 07:00:00,0.007940000000000001
2022-06-19 08:00:00,0.41777
2022-06-19 09:00:00,0.58778
2022-06-19 10:00:00,0.68363
2022-06-19 11:00:00,0.69851
2022-06-19 12:00:00,0.68877
2022-06-19 13:00:00,0.59461
2022-06-19 14:00:00,0.49294
2022-06-19 15:00:00,0.32038
2022-06-19 16:00:00,0.14413
2022-06-19 17:00:00,0.00498
2022-06-19 18:00:00,0.0
2022-06-19 19:00:00,0.0
2022-06-19 20:00:00,0.0
2022-06-19 21:00:00,0.0
2022-06-19 22:00:00,0.0
2022-06-19 23:00:00,0.0
2022-06-20 00:00:00,0.0
2022-06-20 01:00:00,0.0
2022-06-20 02:00:00,0.0
2022-06-20 03:00:00,0.0
2022-06-20 04:00:00,0.0
2022-06-20 05:00:00,0.0
2022-06-20 06:00:00,0.0
2022-06-20 07:00:00,0.0
2022-06-20 08:00:00,0.0077599999999999995
2022-06-20 09:00:00,0.03573
2022-06-20 10:00:00,0.22787000000000002
2022-06-20 11:00:00,0.31764
2022-06-20 12:00:00,0.23782
2022-06-20 13:00:00,0.27537
2022-06-20 14:00:00,0.1041
2022-06-20 15:00:00,0.04109
2022-06-20 16:00:00,0.01125
2022-06-20 17:00:00,0.0
2022-06-20 18:00:00,0.0
2022-06-20 19:00:00,0.0
2022-06-20 20:00:00,0.0
2022-06-20 21:00:00,0.0
2022-06-20 22:00:00,0.0
2022-06-20 23:00:00,0.0
2022-06-21 00:00:00,0.0
2022-06-21 01:00:00,0.0
2022-06-21 02:00:00,0.0
2022-06-21 03:00:00,0.0
2022-06-21 04:00:00,0.0
2022-06-21 05:00:00,0.0
2022-06-21 06:00:00,0.0
2022-06-21 07:00:00,0.00454
2022-06-21 08:00:00,0.33747000000000005
2022-06-21 09:00:00,0.57028
2022-06-21 10:00:00,0.6705099999999999
2022-06-21 11:00:00,0.66723
2022-06-21 12:00:00,0.49971
2022-06-21 13:00:00,0.5386
2022-06-21 14:00:00,0.5029399999999999
2022-06-21 15:00:00,0.34112
2022-06-21 16:00:00,0.14493999999999999
2022-06-21 17:00:00,0.0049900000000000005
2022-06-21 18:00:00,0.0
2022-06-21 19:00:00,0.0
2022-06-21 20:00:00,0.0
2022-06-21 21:00:00,0.0
2022-06-21 22:00:00,0.0
2022-06-21 23:00:00,0.0
2022-06-22 00:00:00,0.0
2022-06-22 01:00:00,0.0
2022-06-22 02:00:00,0.0
2022-06-22 03:00:00,0.0
2022-06-22 04:00:00,0.0
2022-06-22 05:00:00,0.0
2022-06-22 06:00:00,0.0
2022-06-22 07:00:00,0.00741
2022-06-22 08:00:00,0.41345
2022-06-22 09:00:00,0.58821
2022-06-22 10:00:00,0.6856
2022-06-22 11:00:00,0.72272
2022-06-22 12:00:00,0.69841
2022-06-22 13:00:00,0.63398
2022-06-22 14:00:00,0.49861
2022-06-22 15:00:00,0.34841
2022-06-22 16:00:00,0.14759
2022-06-22 17:00:00,0.00391
2022-06-22 18:00:00,0.0
2022-06-22 19:00:00,0.0
2022-06-22 20:00:00,0.0
2022-06-22 21:00:00,0.0
2022-06-22 22:00:00,0.0
2022-06-22 23:00:00,0.0
2022-06-23 00:00:00,0.0
2022-06-23 01:00:00,0.0
2022-06-23 02:00:00,0.0
2022-06-23 03:00:00,0.0
2022-06-23 04:00:00,0.0
2022-06-23 05:00:00,0.0
2022-06-23 06:00:00,0.0
2022-06-23 07:00:00,0.00563
2022-06-23 08:00:00,0.41304
2022-06-23 09:00:00,0.57445
2022-06-23 10:00:00,0.6685599999999999
2022-06-23 11:00:00,0.71542
2022-06-23 12:00:00,0.69963
2022-06-23 13:00:00,0.63
2022-06-23 14:00:00,0.51176
2022-06-23 15:00:00,0.34447000000000005
2022-06-23 16:00:00,0.14855000000000002
2022-06-23 17:00:00,0.0032
2022-06-23 18:00:00,0.0
2022-06-23 19:00:00,0.0
2022-06-23 20:00:00,0.0
2022-06-23 21:00:00,0.0
2022-06-23 22:00:00,0.0
2022-06-23 23:00:00,0.0
2022-06-24 00:00:00,0.0
2022-06-24 01:00:00,0.0
2022-06-24 02:00:00,0.0
2022-06-24 03:00:00,0.0
2022-06-24 04:00:00,0.0
2022-06-24 05:00:00,0.0
2022-06-24 06:00:00,0.0
2022-06-24 07:00:00,0.00677
2022-06-24 08:00:00,0.40787
2022-06-24 09:00:00,0.57532
2022-06-24 10:00:00,0.6624500000000001
2022-06-24 11:00:00,0.70132
2022-06-24 12:00:00,0.6791900000000001
2022-06-24 13:00:00,0.6153500000000001
2022-06-24 14:00:00,0.50795
2022-06-24 15:00:00,0.33255
2022-06-24 16:00:00,0.14285
2022-06-24 17:00:00,0.0030299999999999997
2022-06-24 18:00:00,0.0
2022-06-24 19:00:00,0.0
2022-06-24 20:00:00,0.0
2022-06-24 21:00:00,0.0
2022-06-24 22:00:00,0.0
2022-06-24 23:00:00,0.0
2022-06-25 00:00:00,0.0
2022-06-25 01:00:00,0.0
2022-06-25 02:00:00,0.0
2022-06-25 03:00:00,0.0
2022-06-25 04:00:00,0.0
2022-06-25 05:00:00,0.0
2022-06-25 06:00:00,0.0
2022-06-25 07:00:00,0.00736
2022-06-25 08:00:00,0.40229000000000004
2022-06-25 09:00:00,0.54689
2022-06-25 10:00:00,0.6523300000000001
2022-06-25 11:00:00,0.71626
2022-06-25 12:00:00,0.71151
2022-06-25 13:00:00,0.60215
2022-06-25 14:00:00,0.51561
2022-06-25 15:00:00,0.33991000000000005
2022-06-25 16:00:00,0.14922
2022-06-25 17:00:00,0.0061600000000000005
2022-06-25 18:00:00,0.0
2022-06-25 19:00:00,0.0
2022-06-25 20:00:00,0.0
2022-06-25 21:00:00,0.0
2022-06-25 22:00:00,0.0
2022-06-25 23:00:00,0.0
2022-06-26 00:00:00,0.0
2022-06-26 01:00:00,0.0
2022-06-26 02:00:00,0.0
2022-06-26 03:00:00,0.0
2022-06-26 04:00:00,0.0
2022-06-26 05:00:00,0.0
2022-06-26 06:00:00,0.0
2022-06-26 07:00:00,0.00617
2022-06-26 08:00:00,0.39856
2022-06-26 09:00:00,0.57074
2022-06-26 10:00:00,0.67834
2022-06-26 11:00:00,0.68856
2022-06-26 12:00:00,0.67434
2022-06-26 13:00:00,0.60514
2022-06-26 14:00:00,0.43889999999999996
2022-06-26 15:00:00,0.27813
2022-06-26 16:00:00,0.10933
2022-06-26 17:00:00,0.00715
2022-06-26 18:00:00,0.0
2022-06-26 19:00:00,0.0
2022-06-26 20:00:00,0.0
2022-06-26 21:00:00,0.0
2022-06-26 22:00:00,0.0
2022-06-26 23:00:00,0.0
2022-06-27 00:00:00,0.0
2022-06-27 01:00:00,0.0
2022-06-27 02:00:00,0.0
2022-06-27 03:00:00,0.0
2022-06-27 04:00:00,0.0
2022-06-27 05:00:00,0.0
2022-06-27 06:00:00,0.0
2022-06-27 07:00:00,0.00511
2022-06-27 08:00:00,0.42162
2022-06-27 09:00:00,0.55843
2022-06-27 10:00:00,0.66783
2022-06-27 11:00:00,0.71696
2022-06-27 12:00:00,0.6889500000000001
2022-06-27 13:00:00,0.5827
2022-06-27 14:00:00,0.39224000000000003
2022-06-27 15:00:00,0.25092
2022-06-27 16:00:00,0.13116999999999998
2022-06-27 17:00:00,0.00632
2022-06-27 18:00:00,0.0
2022-06-27 19:00:00,0.0
2022-06-27 20:00:00,0.0
2022-06-27 21:00:00,0.0
2022-06-27 22:00:00,0.0
2022-06-27 23:00:00,0.0
2022-06-28 00:00:00,0.0
2022-06-28 01:00:00,0.0
2022-06-28 02:00:00,0.0
2022-06-28 03:00:00,0.0
2022-06-28 04:00:00,0.0
2022-06-28 05:00:00,0.0
2022-06-28 06:00:00,0.0
2022-06-28 07:00:00,0.00632
2022-06-28 08:00:00,0.41393
2022-06-28 09:00:00,0.58909
2022-06-28 10:00:00,0.68739
2022-06-28 11:00:00,0.73345
2022-06-28 12:00:00,0.7177
2022-06-28 13:00:00,0.64224
2022-06-28 14:00:00,0.52546
2022-06-28 15:00:00,0.35491
2022-06-28 16:00:00,0.15272999999999998
2022-06-28 17:00:00,0.004719999999999999
2022-06-28 18:00:00,0.0
2022-06-28 19:00:00,0.0
2022-06-28 20:00:00,0.0
2022-06-28 21:00:00,0.0
2022-06-28 22:00:00,0.0
2022-06-28 23:00:00,0.0
2022-06-29 00:00:00,0.0
2022-06-29 01:00:00,0.0
2022-06-29 02:00:00,0.0
2022-06-29 03:00:00,0.0
2022-06-29 04:00:00,0.0
2022-06-29 05:00:00,0.0
2022-06-29 06:00:00,0.0
2022-06-29 07:00:00,0.0062699999999999995
2022-06-29 08:00:00,0.41212
2022-06-29 09:00:00,0.58085
2022-06-29 10:00:00,0.67959
2022-06-29 11:00:00,0.7259800000000001
2022-06-29 12:00:00,0.70938
2022-06-29 13:00:00,0.54531
2022-06-29 14:00:00,0.4666
2022-06-29 15:00:00,0.26306
2022-06-29 16:00:00,0.13551
2022-06-29 17:00:00,0.00714
2022-06-29 18:00:00,0.0
2022-06-29 19:00:00,0.0
2022-06-29 20:00:00,0.0
2022-06-29 21:00:00,0.0
2022-06-29 22:00:00,0.0
2022-06-29 23:00:00,0.0
2022-06-30 00:00:00,0.0
2022-06-30 01:00:00,0.0
2022-06-30 02:00:00,0.0
2022-06-30 03:00:00,0.0
2022-06-30 04:00:00,0.0
2022-06-30 05:00:00,0.0
2022-06-30 06:00:00,0.0
2022-06-30 07:00:00,0.00505
2022-06-30 08:00:00,0.40786
2022-06-30 09:00:00,0.56924
2022-06-30 10:00:00,0.66943
2022-06-30 11:00:00,0.7156399999999999
2022-06-30 12:00:00,0.70328
2022-06-30 13:00:00,0.63136
2022-06-30 14:00:00,0.52203
2022-06-30 15:00:00,0.35942
2022-06-30 16:00:00,0.15736
2022-06-30 17:00:00,0.00232
2022-06-30 18:00:00,0.0
2022-06-30 19:00:00,0.0
2022-06-30 20:00:00,0.0
2022-06-30 21:00:00,0.0
2022-06-30 22:00:00,0.0
2022-06-30 23:00:00,0.0
2022-07-01 00:00:00,0.0
2022-07-01 01:00:00,0.0
2022-07-01 02:00:00,0.0
2022-07-01 03:00:00,0.0
2022-07-01 04:00:00,0.0
2022-07-01 05:00:00,0.0
2022-07-01 06:00:00,0.0
2022-07-01 07:00:00,0.0068200000000000005
2022-07-01 08:00:00,0.39677999999999997
2022-07-01 09:00:00,0.57605
2022-07-01 10:00:00,0.67284
2022-07-01 11:00:00,0.7210599999999999
2022-07-01 12:00:00,0.71186
2022-07-01 13:00:00,0.63571
2022-07-01 14:00:00,0.52616
2022-07-01 15:00:00,0.35798
2022-07-01 16:00:00,0.1575
2022-07-01 17:00:00,0.00404
2022-07-01 18:00:00,0.0
2022-07-01 19:00:00,0.0
2022-07-01 20:00:00,0.0
2022-07-01 21:00:00,0.0
2022-07-01 22:00:00,0.0
2022-07-01 23:00:00,0.0
2022-07-02 00:00:00,0.0
2022-07-02 01:00:00,0.0
2022-07-02 02:00:00,0.0
2022-07-02 03:00:00,0.0
2022-07-02 04:00:00,0.0
2022-07-02 05:00:00,0.0
2022-07-02 06:00:00,0.0
2022-07-02 07:00:00,0.00632
2022-07-02 08:00:00,0.40286
2022-07-02 09:00:00,0.58177
2022-07-02 10:00:00,0.68145
2022-07-02 11:00:00,0.7313500000000001
2022-07-02 12:00:00,0.71566
2022-07-02 13:00:00,0.64078
2022-07-02 14:00:00,0.52644
2022-07-02 15:00:00,0.35783
2022-07-02 16:00:00,0.15544
2022-07-02 17:00:00,0.004849999999999999
2022-07-02 18:00:00,0.0
2022-07-02 19:00:00,0.0
2022-07-02 20:00:00,0.0
2022-07-02 21:00:00,0.0
2022-07-02 22:00:00,0.0
2022-07-02 23:00:00,0.0
2022-07-03 00:00:00,0.0
2022-07-03 01:00:00,0.0
2022-07-03 02:00:00,0.0
2022-07-03 03:00:00,0.0
2022-07-03 04:00:00,0.0
2022-07-03 05:00:00,0.0
2022-07-03 06:00:00,0.0
2022-07-03 07:00:00,0.00679
2022-07-03 08:00:00,0.39966
2022-07-03 09:00:00,0.56175
2022-07-03 10:00:00,0.66398
2022-07-03 11:00:00,0.69824
2022-07-03 12:00:00,0.68738
2022-07-03 13:00:00,0.619
2022-07-03 14:00:00,0.51013
2022-07-03 15:00:00,0.35228
2022-07-03 16:00:00,0.1564
2022-07-03 17:00:00,0.00352
2022-07-03 18:00:00,0.0
2022-07-03 19:00:00,0.0
2022-07-03 20:00:00,0.0
2022-07-03 21:00:00,0.0
2022-07-03 22:00:00,0.0
2022-07-03 23:00:00,0.0
2022-07-04 00:00:00,0.0
2022-07-04 01:00:00,0.0
2022-07-04 02:00:00,0.0
2022-07-04 03:00:00,0.0
2022-07-04 04:00:00,0.0
2022-07-04 05:00:00,0.0
2022-07-04 06:00:00,0.0
2022-07-04 07:00:00,0.00566
2022-07-04 08:00:00,0.3961
2022-07-04 09:00:00,0.56969
2022-07-04 10:00:00,0.6712
2022-07-04 11:00:00,0.7166
2022-07-04 12:00:00,0.7051000000000001
2022-07-04 13:00:00,0.6336799999999999
2022-07-04 14:00:00,0.52275
2022-07-04 15:00:00,0.36093000000000003
2022-07-04 16:00:00,0.16088999999999998
2022-07-04 17:00:00,0.00342
2022-07-04 18:00:00,0.0
2022-07-04 19:00:00,0.0
2022-07-04 20:00:00,0.0
2022-07-04 21:00:00,0.0
2022-07-04 22:00:00,0.0
2022-07-04 23:00:00,0.0
2022-07-05 00:00:00,0.0
2022-07-05 01:00:00,0.0
2022-07-05 02:00:00,0.0
2022-07-05 03:00:00,0.0
2022-07-05 04:00:00,0.0
2022-07-05 05:00:00,0.0
2022-07-05 06:00:00,0.0
2022-07-05 07:00:00,0.006889999999999999
2022-07-05 08:00:00,0.40999
2022-07-05 09:00:00,0.57748
2022-07-05 10:00:00,0.6828099999999999
2022-07-05 11:00:00,0.72765
2022-07-05 12:00:00,0.71903
2022-07-05 13:00:00,0.64337
2022-07-05 14:00:00,0.5334800000000001
2022-07-05 15:00:00,0.366
2022-07-05 16:00:00,0.1633
2022-07-05 17:00:00,0.00333
2022-07-05 18:00:00,0.0
2022-07-05 19:00:00,0.0
2022-07-05 20:00:00,0.0
2022-07-05 21:00:00,0.0
2022-07-05 22:00:00,0.0
2022-07-05 23:00:00,0.0
2022-07-06 00:00:00,0.0
2022-07-06 01:00:00,0.0
2022-07-06 02:00:00,0.0
2022-07-06 03:00:00,0.0
2022-07-06 04:00:00,0.0
2022-07-06 05:00:00,0.0
2022-07-06 06:00:00,0.0
2022-07-06 07:00:00,0.00684
2022-07-06 08:00:00,0.40818
2022-07-06 09:00:00,0.5729299999999999
2022-07-06 10:00:00,0.6810900000000001
2022-07-06 11:00:00,0.7267
2022-07-06 12:00:00,0.71689
2022-07-06 13:00:00,0.64164
2022-07-06 14:00:00,0.53342
2022-07-06 15:00:00,0.36632
2022-07-06 16:00:00,0.16385
2022-07-06 17:00:00,0.00555
2022-07-06 18:00:00,0.0
2022-07-06 19:00:00,0.0
2022-07-06 20:00:00,0.0
2022-07-06 21:00:00,0.0
2022-07-06 22:00:00,0.0
2022-07-06 23:00:00,0.0
2022-07-07 00:00:00,0.0
2022-07-07 01:00:00,0.0
2022-07-07 02:00:00,0.0
2022-07-07 03:00:00,0.0
2022-07-07 04:00:00,0.0
2022-07-07 05:00:00,0.0
2022-07-07 06:00:00,0.0
2022-07-07 07:00:00,0.00628
2022-07-07 08:00:00,0.40739
2022-07-07 09:00:00,0.54825
2022-07-07 10:00:00,0.68623
2022-07-07 11:00:00,0.71597
2022-07-07 12:00:00,0.7169500000000001
2022-07-07 13:00:00,0.53622
2022-07-07 14:00:00,0.50295
2022-07-07 15:00:00,0.36513
2022-07-07 16:00:00,0.1653
2022-07-07 17:00:00,0.00433
2022-07-07 18:00:00,0.0
2022-07-07 19:00:00,0.0
2022-07-07 20:00:00,0.0
2022-07-07 21:00:00,0.0
2022-07-07 22:00:00,0.0
2022-07-07 23:00:00,0.0
2022-07-08 00:00:00,0.0
2022-07-08 01:00:00,0.0
2022-07-08 02:00:00,0.0
2022-07-08 03:00:00,0.0
2022-07-08 04:00:00,0.0
2022-07-08 05:00:00,0.0
2022-07-08 06:00:00,0.0
2022-07-08 07:00:00,0.00677
2022-07-08 08:00:00,0.39289999999999997
2022-07-08 09:00:00,0.55152
2022-07-08 10:00:00,0.65035
2022-07-08 11:00:00,0.6909400000000001
2022-07-08 12:00:00,0.66713
2022-07-08 13:00:00,0.61066
2022-07-08 14:00:00,0.48602
2022-07-08 15:00:00,0.32618
2022-07-08 16:00:00,0.15550999999999998
2022-07-08 17:00:00,0.01017
2022-07-08 18:00:00,0.0
2022-07-08 19:00:00,0.0
2022-07-08 20:00:00,0.0
2022-07-08 21:00:00,0.0
2022-07-08 22:00:00,0.0
2022-07-08 23:00:00,0.0
2022-07-09 00:00:00,0.0
2022-07-09 01:00:00,0.0
2022-07-09 02:00:00,0.0
2022-07-09 03:00:00,0.0
2022-07-09 04:00:00,0.0
2022-07-09 05:00:00,0.0
2022-07-09 06:00:00,0.0
2022-07-09 07:00:00,0.00618
2022-07-09 08:00:00,0.39100999999999997
2022-07-09 09:00:00,0.56109
2022-07-09 10:00:00,0.6674800000000001
2022-07-09 11:00:00,0.71537
2022-07-09 12:00:00,0.7076399999999999
2022-07-09 13:00:00,0.6200399999999999
2022-07-09 14:00:00,0.5254
2022-07-09 15:00:00,0.36106
2022-07-09 16:00:00,0.16443000000000002
2022-07-09 17:00:00,0.004730000000000001
2022-07-09 18:00:00,0.0
2022-07-09 19:00:00,0.0
2022-07-09 20:00:00,0.0
2022-07-09 21:00:00,0.0
2022-07-09 22:00:00,0.0
2022-07-09 23:00:00,0.0
2022-07-10 00:00:00,0.0
2022-07-10 01:00:00,0.0
2022-07-10 02:00:00,0.0
2022-07-10 03:00:00,0.0
2022-07-10 04:00:00,0.0
2022-07-10 05:00:00,0.0
2022-07-10 06:00:00,0.0
2022-07-10 07:00:00,0.005719999999999999
2022-07-10 08:00:00,0.39738999999999997
2022-07-10 09:00:00,0.56478
2022-07-10 10:00:00,0.48547
2022-07-10 11:00:00,0.48014999999999997
2022-07-10 12:00:00,0.68384
2022-07-10 13:00:00,0.64844
2022-07-10 14:00:00,0.538
2022-07-10 15:00:00,0.35501
2022-07-10 16:00:00,0.12078
2022-07-10 17:00:00,0.01074
2022-07-10 18:00:00,0.0
2022-07-10 19:00:00,0.0
2022-07-10 20:00:00,0.0
2022-07-10 21:00:00,0.0
2022-07-10 22:00:00,0.0
2022-07-10 23:00:00,0.0
2022-07-11 00:00:00,0.0
2022-07-11 01:00:00,0.0
2022-07-11 02:00:00,0.0
2022-07-11 03:00:00,0.0
2022-07-11 04:00:00,0.0
2022-07-11 05:00:00,0.0
2022-07-11 06:00:00,0.0
2022-07-11 07:00:00,0.00575
2022-07-11 08:00:00,0.39686
2022-07-11 09:00:00,0.56896
2022-07-11 10:00:00,0.6729700000000001
2022-07-11 11:00:00,0.73189
2022-07-11 12:00:00,0.7272000000000001
2022-07-11 13:00:00,0.6607999999999999
2022-07-11 14:00:00,0.54214
2022-07-11 15:00:00,0.37354000000000004
2022-07-11 16:00:00,0.16795
2022-07-11 17:00:00,0.0044800000000000005
2022-07-11 18:00:00,0.0
2022-07-11 19:00:00,0.0
2022-07-11 20:00:00,0.0
2022-07-11 21:00:00,0.0
2022-07-11 22:00:00,0.0
2022-07-11 23:00:00,0.0
2022-07-12 00:00:00,0.0
2022-07-12 01:00:00,0.0
2022-07-12 02:00:00,0.0
2022-07-12 03:00:00,0.0
2022-07-12 04:00:00,0.0
2022-07-12 05:00:00,0.0
2022-07-12 06:00:00,0.0
2022-07-12 07:00:00,0.0074199999999999995
2022-07-12 08:00:00,0.35445
2022-07-12 09:00:00,0.32858
2022-07-12 10:00:00,0.37151999999999996
2022-07-12 11:00:00,0.68084
2022-07-12 12:00:00,0.6851
2022-07-12 13:00:00,0.58274
2022-07-12 14:00:00,0.44641000000000003
2022-07-12 15:00:00,0.31054000000000004
2022-07-12 16:00:00,0.12089
2022-07-12 17:00:00,0.01141
2022-07-12 18:00:00,0.0
2022-07-12 19:00:00,0.0
2022-07-12 20:00:00,0.0
2022-07-12 21:00:00,0.0
2022-07-12 22:00:00,0.0
2022-07-12 23:00:00,0.0
2022-07-13 00:00:00,0.0
2022-07-13 01:00:00,0.0
2022-07-13 02:00:00,0.0
2022-07-13 03:00:00,0.0
2022-07-13 04:00:00,0.0
2022-07-13 05:00:00,0.0
2022-07-13 06:00:00,0.0
2022-07-13 07:00:00,0.006730000000000001
2022-07-13 08:00:00,0.13278
2022-07-13 09:00:00,0.15736
2022-07-13 10:00:00,0.24909
2022-07-13 11:00:00,0.63198
2022-07-13 12:00:00,0.6140599999999999
2022-07-13 13:00:00,0.55979
2022-07-13 14:00:00,0.45413
2022-07-13 15:00:00,0.18709
2022-07-13 16:00:00,0.01304
2022-07-13 17:00:00,0.0
2022-07-13 18:00:00,0.0
2022-07-13 19:00:00,0.0
2022-07-13 20:00:00,0.0
2022-07-13 21:00:00,0.0
2022-07-13 22:00:00,0.0
2022-07-13 23:00:00,0.0
2022-07-14 00:00:00,0.0
2022-07-14 01:00:00,0.0
2022-07-14 02:00:00,0.0
2022-07-14 03:00:00,0.0
2022-07-14 04:00:00,0.0
2022-07-14 05:00:00,0.0
2022-07-14 06:00:00,0.0
2022-07-14 07:00:00,0.00674
2022-07-14 08:00:00,0.36489
2022-07-14 09:00:00,0.56251
2022-07-14 10:00:00,0.63773
2022-07-14 11:00:00,0.70088
2022-07-14 12:00:00,0.6977000000000001
2022-07-14 13:00:00,0.60965
2022-07-14 14:00:00,0.48305000000000003
2022-07-14 15:00:00,0.35126
2022-07-14 16:00:00,0.15916
2022-07-14 17:00:00,0.00844
2022-07-14 18:00:00,0.0
2022-07-14 19:00:00,0.0
2022-07-14 20:00:00,0.0
2022-07-14 21:00:00,0.0
2022-07-14 22:00:00,0.0
2022-07-14 23:00:00,0.0
2022-07-15 00:00:00,0.0
2022-07-15 01:00:00,0.0
2022-07-15 02:00:00,0.0
2022-07-15 03:00:00,0.0
2022-07-15 04:00:00,0.0
2022-07-15 05:00:00,0.0
2022-07-15 06:00:00,0.0
2022-07-15 07:00:00,0.00802
2022-07-15 08:00:00,0.30457999999999996
2022-07-15 09:00:00,0.58468
2022-07-15 10:00:00,0.56044
2022-07-15 11:00:00,0.6624500000000001
2022-07-15 12:00:00,0.63082
2022-07-15 13:00:00,0.39213
2022-07-15 14:00:00,0.5237
2022-07-15 15:00:00,0.36106
2022-07-15 16:00:00,0.16121000000000002
2022-07-15 17:00:00,0.00654
2022-07-15 18:00:00,0.0
2022-07-15 19:00:00,0.0
2022-07-15 20:00:00,0.0
2022-07-15 21:00:00,0.0
2022-07-15 22:00:00,0.0
2022-07-15 23:00:00,0.0
2022-07-16 00:00:00,0.0
2022-07-16 01:00:00,0.0
2022-07-16 02:00:00,0.0
2022-07-16 03:00:00,0.0
2022-07-16 04:00:00,0.0
2022-07-16 05:00:00,0.0
2022-07-16 06:00:00,0.0
2022-07-16 07:00:00,0.00737
2022-07-16 08:00:00,0.36019
2022-07-16 09:00:00,0.54002
2022-07-16 10:00:00,0.6245299999999999
2022-07-16 11:00:00,0.6752400000000001
2022-07-16 12:00:00,0.68925
2022-07-16 13:00:00,0.58493
2022-07-16 14:00:00,0.24386000000000002
2022-07-16 15:00:00,0.29871
2022-07-16 16:00:00,0.08736
2022-07-16 17:00:00,0.01
2022-07-16 18:00:00,0.0
2022-07-16 19:00:00,0.0
2022-07-16 20:00:00,0.0
2022-07-16 21:00:00,0.0
2022-07-16 22:00:00,0.0
2022-07-16 23:00:00,0.0
2022-07-17 00:00:00,0.0
2022-07-17 01:00:00,0.0
2022-07-17 02:00:00,0.0
2022-07-17 03:00:00,0.0
2022-07-17 04:00:00,0.0
2022-07-17 05:00:00,0.0
2022-07-17 06:00:00,0.0
2022-07-17 07:00:00,0.00613
2022-07-17 08:00:00,0.42624
2022-07-17 09:00:00,0.55916
2022-07-17 10:00:00,0.65062
2022-07-17 11:00:00,0.69513
2022-07-17 12:00:00,0.6785399999999999
2022-07-17 13:00:00,0.6103
2022-07-17 14:00:00,0.48319
2022-07-17 15:00:00,0.35178
2022-07-17 16:00:00,0.16033
2022-07-17 17:00:00,0.01142
2022-07-17 18:00:00,0.0
2022-07-17 19:00:00,0.0
2022-07-17 20:00:00,0.0
2022-07-17 21:00:00,0.0
2022-07-17 22:00:00,0.0
2022-07-17 23:00:00,0.0
2022-07-18 00:00:00,0.0
2022-07-18 01:00:00,0.0
2022-07-18 02:00:00,0.0
2022-07-18 03:00:00,0.0
2022-07-18 04:00:00,0.0
2022-07-18 05:00:00,0.0
2022-07-18 06:00:00,0.0
2022-07-18 07:00:00,0.0060999999999999995
2022-07-18 08:00:00,0.37655
2022-07-18 09:00:00,0.54765
2022-07-18 10:00:00,0.6537200000000001
2022-07-18 11:00:00,0.69577
2022-07-18 12:00:00,0.68641
2022-07-18 13:00:00,0.61948
2022-07-18 14:00:00,0.50589
2022-07-18 15:00:00,0.34270999999999996
2022-07-18 16:00:00,0.15414
2022-07-18 17:00:00,0.01589
2022-07-18 18:00:00,0.0
2022-07-18 19:00:00,0.0
2022-07-18 20:00:00,0.0
2022-07-18 21:00:00,0.0
2022-07-18 22:00:00,0.0
2022-07-18 23:00:00,0.0
2022-07-19 00:00:00,0.0
2022-07-19 01:00:00,0.0
2022-07-19 02:00:00,0.0
2022-07-19 03:00:00,0.0
2022-07-19 04:00:00,0.0
2022-07-19 05:00:00,0.0
2022-07-19 06:00:00,0.0
2022-07-19 07:00:00,0.00557
2022-07-19 08:00:00,0.13388999999999998
2022-07-19 09:00:00,0.5154500000000001
2022-07-19 10:00:00,0.64734
2022-07-19 11:00:00,0.68469
2022-07-19 12:00:00,0.67696
2022-07-19 13:00:00,0.59656
2022-07-19 14:00:00,0.50692
2022-07-19 15:00:00,0.25698000000000004
2022-07-19 16:00:00,0.14847
2022-07-19 17:00:00,0.013349999999999999
2022-07-19 18:00:00,0.0
2022-07-19 19:00:00,0.0
2022-07-19 20:00:00,0.0
2022-07-19 21:00:00,0.0
2022-07-19 22:00:00,0.0
2022-07-19 23:00:00,0.0
2022-07-20 00:00:00,0.0
2022-07-20 01:00:00,0.0
2022-07-20 02:00:00,0.0
2022-07-20 03:00:00,0.0
2022-07-20 04:00:00,0.0
2022-07-20 05:00:00,0.0
2022-07-20 06:00:00,0.0
2022-07-20 07:00:00,0.0072699999999999996
2022-07-20 08:00:00,0.37745
2022-07-20 09:00:00,0.5456
2022-07-20 10:00:00,0.6558200000000001
2022-07-20 11:00:00,0.69939
2022-07-20 12:00:00,0.7067100000000001
2022-07-20 13:00:00,0.64051
2022-07-20 14:00:00,0.53659
2022-07-20 15:00:00,0.37281
2022-07-20 16:00:00,0.1726
2022-07-20 17:00:00,0.01112
2022-07-20 18:00:00,0.0
2022-07-20 19:00:00,0.0
2022-07-20 20:00:00,0.0
2022-07-20 21:00:00,0.0
2022-07-20 22:00:00,0.0
2022-07-20 23:00:00,0.0
2022-07-21 00:00:00,0.0
2022-07-21 01:00:00,0.0
2022-07-21 02:00:00,0.0
2022-07-21 03:00:00,0.0
2022-07-21 04:00:00,0.0
2022-07-21 05:00:00,0.0
2022-07-21 06:00:00,0.0
2022-07-21 07:00:00,0.00789
2022-07-21 08:00:00,0.38556999999999997
2022-07-21 09:00:00,0.5745800000000001
2022-07-21 10:00:00,0.64442
2022-07-21 11:00:00,0.70429
2022-07-21 12:00:00,0.6176200000000001
2022-07-21 13:00:00,0.56392
2022-07-21 14:00:00,0.46708
2022-07-21 15:00:00,0.36205000000000004
2022-07-21 16:00:00,0.16979
2022-07-21 17:00:00,0.01099
2022-07-21 18:00:00,0.0
2022-07-21 19:00:00,0.0
2022-07-21 20:00:00,0.0
2022-07-21 21:00:00,0.0
2022-07-21 22:00:00,0.0
2022-07-21 23:00:00,0.0
2022-07-22 00:00:00,0.0
2022-07-22 01:00:00,0.0
2022-07-22 02:00:00,0.0
2022-07-22 03:00:00,0.0
2022-07-22 04:00:00,0.0
2022-07-22 05:00:00,0.0
2022-07-22 06:00:00,0.0
2022-07-22 07:00:00,0.00733
2022-07-22 08:00:00,0.40236
2022-07-22 09:00:00,0.57245
2022-07-22 10:00:00,0.67004
2022-07-22 11:00:00,0.71385
2022-07-22 12:00:00,0.70368
2022-07-22 13:00:00,0.63876
2022-07-22 14:00:00,0.5315
2022-07-22 15:00:00,0.37263
2022-07-22 16:00:00,0.17156
2022-07-22 17:00:00,0.01328
2022-07-22 18:00:00,0.0
2022-07-22 19:00:00,0.0
2022-07-22 20:00:00,0.0
2022-07-22 21:00:00,0.0
2022-07-22 22:00:00,0.0
2022-07-22 23:00:00,0.0
2022-07-23 00:00:00,0.0
2022-07-23 01:00:00,0.0
2022-07-23 02:00:00,0.0
2022-07-23 03:00:00,0.0
2022-07-23 04:00:00,0.0
2022-07-23 05:00:00,0.0
2022-07-23 06:00:00,0.0
2022-07-23 07:00:00,0.00788
2022-07-23 08:00:00,0.41514999999999996
2022-07-23 09:00:00,0.5771000000000001
2022-07-23 10:00:00,0.66975
2022-07-23 11:00:00,0.71321
2022-07-23 12:00:00,0.70326
2022-07-23 13:00:00,0.6421699999999999
2022-07-23 14:00:00,0.53204
2022-07-23 15:00:00,0.37041
2022-07-23 16:00:00,0.1718
2022-07-23 17:00:00,0.012029999999999999
2022-07-23 18:00:00,0.0
2022-07-23 19:00:00,0.0
2022-07-23 20:00:00,0.0
2022-07-23 21:00:00,0.0
2022-07-23 22:00:00,0.0
2022-07-23 23:00:00,0.0
2022-07-24 00:00:00,0.0
2022-07-24 01:00:00,0.0
2022-07-24 02:00:00,0.0
2022-07-24 03:00:00,0.0
2022-07-24 04:00:00,0.0
2022-07-24 05:00:00,0.0
2022-07-24 06:00:00,0.0
2022-07-24 07:00:00,0.006679999999999999
2022-07-24 08:00:00,0.41332
2022-07-24 09:00:00,0.5725800000000001
2022-07-24 10:00:00,0.67199
2022-07-24 11:00:00,0.7070599999999999
2022-07-24 12:00:00,0.6948799999999999
2022-07-24 13:00:00,0.6431399999999999
2022-07-24 14:00:00,0.53088
2022-07-24 15:00:00,0.37551999999999996
2022-07-24 16:00:00,0.17323
2022-07-24 17:00:00,0.01255
2022-07-24 18:00:00,0.0
2022-07-24 19:00:00,0.0
2022-07-24 20:00:00,0.0
2022-07-24 21:00:00,0.0
2022-07-24 22:00:00,0.0
2022-07-24 23:00:00,0.0
2022-07-25 00:00:00,0.0
2022-07-25 01:00:00,0.0
2022-07-25 02:00:00,0.0
2022-07-25 03:00:00,0.0
2022-07-25 04:00:00,0.0
2022-07-25 05:00:00,0.0
2022-07-25 06:00:00,0.0
2022-07-25 07:00:00,0.00675
2022-07-25 08:00:00,0.0
2022-07-25 09:00:00,0.57165
2022-07-25 10:00:00,0.6723899999999999
2022-07-25 11:00:00,0.7112999999999999
2022-07-25 12:00:00,0.6917300000000001
2022-07-25 13:00:00,0.63501
2022-07-25 14:00:00,0.52953
2022-07-25 15:00:00,0.37325
2022-07-25 16:00:00,0.17388
2022-07-25 17:00:00,0.019260000000000003
2022-07-25 18:00:00,0.0
2022-07-25 19:00:00,0.0
2022-07-25 20:00:00,0.0
2022-07-25 21:00:00,0.0
2022-07-25 22:00:00,0.0
2022-07-25 23:00:00,0.0
2022-07-26 00:00:00,0.0
2022-07-26 01:00:00,0.0
2022-07-26 02:00:00,0.0
2022-07-26 03:00:00,0.0
2022-07-26 04:00:00,0.0
2022-07-26 05:00:00,0.0
2022-07-26 06:00:00,0.0
2022-07-26 07:00:00,0.007940000000000001
2022-07-26 08:00:00,0.40001
2022-07-26 09:00:00,0.56638
2022-07-26 10:00:00,0.66479
2022-07-26 11:00:00,0.70399
2022-07-26 12:00:00,0.69799
2022-07-26 13:00:00,0.6419199999999999
2022-07-26 14:00:00,0.5349299999999999
2022-07-26 15:00:00,0.37674
2022-07-26 16:00:00,0.17384
2022-07-26 17:00:00,0.01435
2022-07-26 18:00:00,0.0
2022-07-26 19:00:00,0.0
2022-07-26 20:00:00,0.0
2022-07-26 21:00:00,0.0
2022-07-26 22:00:00,0.0
2022-07-26 23:00:00,0.0
2022-07-27 00:00:00,0.0
2022-07-27 01:00:00,0.0
2022-07-27 02:00:00,0.0
2022-07-27 03:00:00,0.0
2022-07-27 04:00:00,0.0
2022-07-27 05:00:00,0.0
2022-07-27 06:00:00,0.0
2022-07-27 07:00:00,0.00797
2022-07-27 08:00:00,0.40838
2022-07-27 09:00:00,0.57852
2022-07-27 10:00:00,0.6861799999999999
2022-07-27 11:00:00,0.71166
2022-07-27 12:00:00,0.70486
2022-07-27 13:00:00,0.64378
2022-07-27 14:00:00,0.53616
2022-07-27 15:00:00,0.37698000000000004
2022-07-27 16:00:00,0.17441
2022-07-27 17:00:00,0.01835
2022-07-27 18:00:00,0.0
2022-07-27 19:00:00,0.0
2022-07-27 20:00:00,0.0
2022-07-27 21:00:00,0.0
2022-07-27 22:00:00,0.0
2022-07-27 23:00:00,0.0
2022-07-28 00:00:00,0.0
2022-07-28 01:00:00,0.0
2022-07-28 02:00:00,0.0
2022-07-28 03:00:00,0.0
2022-07-28 04:00:00,0.0
2022-07-28 05:00:00,0.0
2022-07-28 06:00:00,0.0
2022-07-28 07:00:00,0.00801
2022-07-28 08:00:00,0.39407
2022-07-28 09:00:00,0.57588
2022-07-28 10:00:00,0.7040299999999999
2022-07-28 11:00:00,0.73485
2022-07-28 12:00:00,0.7291799999999999
2022-07-28 13:00:00,0.64746
2022-07-28 14:00:00,0.53047
2022-07-28 15:00:00,0.33725
2022-07-28 16:00:00,0.16116999999999998
2022-07-28 17:00:00,0.01737
2022-07-28 18:00:00,0.0
2022-07-28 19:00:00,0.0
2022-07-28 20:00:00,0.0
2022-07-28 21:00:00,0.0
2022-07-28 22:00:00,0.0
2022-07-28 23:00:00,0.0
2022-07-29 00:00:00,0.0
2022-07-29 01:00:00,0.0
2022-07-29 02:00:00,0.0
2022-07-29 03:00:00,0.0
2022-07-29 04:00:00,0.0
2022-07-29 05:00:00,0.0
2022-07-29 06:00:00,0.0
2022-07-29 07:00:00,0.01046
2022-07-29 08:00:00,0.29605000000000004
2022-07-29 09:00:00,0.57047
2022-07-29 10:00:00,0.6887000000000001
2022-07-29 11:00:00,0.73368
2022-07-29 12:00:00,0.7285499999999999
2022-07-29 13:00:00,0.44935
2022-07-29 14:00:00,0.07092
2022-07-29 15:00:00,0.05446
2022-07-29 16:00:00,0.01055
2022-07-29 17:00:00,0.00035999999999999997
2022-07-29 18:00:00,0.0
2022-07-29 19:00:00,0.0
2022-07-29 20:00:00,0.0
2022-07-29 21:00:00,0.0
2022-07-29 22:00:00,0.0
2022-07-29 23:00:00,0.0
2022-07-30 00:00:00,0.0
2022-07-30 01:00:00,0.0
2022-07-30 02:00:00,0.0
2022-07-30 03:00:00,0.0
2022-07-30 04:00:00,0.0
2022-07-30 05:00:00,0.0
2022-07-30 06:00:00,0.0
2022-07-30 07:00:00,0.00863
2022-07-30 08:00:00,0.4352
2022-07-30 09:00:00,0.61607
2022-07-30 10:00:00,0.70965
2022-07-30 11:00:00,0.7415
2022-07-30 12:00:00,0.73587
2022-07-30 13:00:00,0.6763899999999999
2022-07-30 14:00:00,0.5645399999999999
2022-07-30 15:00:00,0.39857
2022-07-30 16:00:00,0.18834
2022-07-30 17:00:00,0.015
2022-07-30 18:00:00,0.0
2022-07-30 19:00:00,0.0
2022-07-30 20:00:00,0.0
2022-07-30 21:00:00,0.0
2022-07-30 22:00:00,0.0
2022-07-30 23:00:00,0.0
2022-07-31 00:00:00,0.0
2022-07-31 01:00:00,0.0
2022-07-31 02:00:00,0.0
2022-07-31 03:00:00,0.0
2022-07-31 04:00:00,0.0
2022-07-31 05:00:00,0.0
2022-07-31 06:00:00,0.0
2022-07-31 07:00:00,0.00932
2022-07-31 08:00:00,0.43909
2022-07-31 09:00:00,0.612
2022-07-31 10:00:00,0.71453
2022-07-31 11:00:00,0.7542300000000001
2022-07-31 12:00:00,0.74807
2022-07-31 13:00:00,0.67875
2022-07-31 14:00:00,0.5634
2022-07-31 15:00:00,0.39812000000000003
2022-07-31 16:00:00,0.18341
2022-07-31 17:00:00,0.019850000000000003
2022-07-31 18:00:00,0.0
2022-07-31 19:00:00,0.0
2022-07-31 20:00:00,0.0
2022-07-31 21:00:00,0.0
2022-07-31 22:00:00,0.0
2022-07-31 23:00:00,0.0
2022-08-01 00:00:00,0.0
2022-08-01 01:00:00,0.0
2022-08-01 02:00:00,0.0
2022-08-01 03:00:00,0.0
2022-08-01 04:00:00,0.0
2022-08-01 05:00:00,0.0
2022-08-01 06:00:00,0.0
2022-08-01 07:00:00,0.01112
2022-08-01 08:00:00,0.36398
2022-08-01 09:00:00,0.46536
2022-08-01 10:00:00,0.65736
2022-08-01 11:00:00,0.7179800000000001
2022-08-01 12:00:00,0.7135499999999999
2022-08-01 13:00:00,0.65775
2022-08-01 14:00:00,0.49286
2022-08-01 15:00:00,0.15503999999999998
2022-08-01 16:00:00,0.03663
2022-08-01 17:00:00,0.00562
2022-08-01 18:00:00,0.0
2022-08-01 19:00:00,0.0
2022-08-01 20:00:00,0.0
2022-08-01 21:00:00,0.0
2022-08-01 22:00:00,0.0
2022-08-01 23:00:00,0.0
2022-08-02 00:00:00,0.0
2022-08-02 01:00:00,0.0
2022-08-02 02:00:00,0.0
2022-08-02 03:00:00,0.0
2022-08-02 04:00:00,0.0
2022-08-02 05:00:00,0.0
2022-08-02 06:00:00,0.0
2022-08-02 07:00:00,0.14427
2022-08-02 08:00:00,0.41045
2022-08-02 09:00:00,0.57389
2022-08-02 10:00:00,0.6767000000000001
2022-08-02 11:00:00,0.71973
2022-08-02 12:00:00,0.70866
2022-08-02 13:00:00,0.64155
2022-08-02 14:00:00,0.45132
2022-08-02 15:00:00,0.25681
2022-08-02 16:00:00,0.11123000000000001
2022-08-02 17:00:00,0.018789999999999998
2022-08-02 18:00:00,0.0
2022-08-02 19:00:00,0.0
2022-08-02 20:00:00,0.0
2022-08-02 21:00:00,0.0
2022-08-02 22:00:00,0.0
2022-08-02 23:00:00,0.0
2022-08-03 00:00:00,0.0
2022-08-03 01:00:00,0.0
2022-08-03 02:00:00,0.0
2022-08-03 03:00:00,0.0
2022-08-03 04:00:00,0.0
2022-08-03 05:00:00,0.0
2022-08-03 06:00:00,0.0
2022-08-03 07:00:00,0.13547
2022-08-03 08:00:00,0.40852999999999995
2022-08-03 09:00:00,0.5757899999999999
2022-08-03 10:00:00,0.67338
2022-08-03 11:00:00,0.71605
2022-08-03 12:00:00,0.70138
2022-08-03 13:00:00,0.63961
2022-08-03 14:00:00,0.53375
2022-08-03 15:00:00,0.36978
2022-08-03 16:00:00,0.17341
2022-08-03 17:00:00,0.023420000000000003
2022-08-03 18:00:00,0.0
2022-08-03 19:00:00,0.0
2022-08-03 20:00:00,0.0
2022-08-03 21:00:00,0.0
2022-08-03 22:00:00,0.0
2022-08-03 23:00:00,0.0
2022-08-04 00:00:00,0.0
2022-08-04 01:00:00,0.0
2022-08-04 02:00:00,0.0
2022-08-04 03:00:00,0.0
2022-08-04 04:00:00,0.0
2022-08-04 05:00:00,0.0
2022-08-04 06:00:00,0.0
2022-08-04 07:00:00,0.15169
2022-08-04 08:00:00,0.41366
2022-08-04 09:00:00,0.59454
2022-08-04 10:00:00,0.69365
2022-08-04 11:00:00,0.64137
2022-08-04 12:00:00,0.63325
2022-08-04 13:00:00,0.63403
2022-08-04 14:00:00,0.46038
2022-08-04 15:00:00,0.31512
2022-08-04 16:00:00,0.11856
2022-08-04 17:00:00,0.00789
2022-08-04 18:00:00,0.0
2022-08-04 19:00:00,0.0
2022-08-04 20:00:00,0.0
2022-08-04 21:00:00,0.0
2022-08-04 22:00:00,0.0
2022-08-04 23:00:00,0.0
2022-08-05 00:00:00,0.0
2022-08-05 01:00:00,0.0
2022-08-05 02:00:00,0.0
2022-08-05 03:00:00,0.0
2022-08-05 04:00:00,0.0
2022-08-05 05:00:00,0.0
2022-08-05 06:00:00,0.0
2022-08-05 07:00:00,0.14122
2022-08-05 08:00:00,0.41364
2022-08-05 09:00:00,0.58328
2022-08-05 10:00:00,0.68326
2022-08-05 11:00:00,0.72275
2022-08-05 12:00:00,0.71231
2022-08-05 13:00:00,0.64381
2022-08-05 14:00:00,0.49063
2022-08-05 15:00:00,0.3382
2022-08-05 16:00:00,0.15657
2022-08-05 17:00:00,0.02178
2022-08-05 18:00:00,0.0
2022-08-05 19:00:00,0.0
2022-08-05 20:00:00,0.0
2022-08-05 21:00:00,0.0
2022-08-05 22:00:00,0.0
2022-08-05 23:00:00,0.0
2022-08-06 00:00:00,0.0
2022-08-06 01:00:00,0.0
2022-08-06 02:00:00,0.0
2022-08-06 03:00:00,0.0
2022-08-06 04:00:00,0.0
2022-08-06 05:00:00,0.0
2022-08-06 06:00:00,0.0
2022-08-06 07:00:00,0.07904000000000001
2022-08-06 08:00:00,0.40614999999999996
2022-08-06 09:00:00,0.55708
2022-08-06 10:00:00,0.6842
2022-08-06 11:00:00,0.62167
2022-08-06 12:00:00,0.69796
2022-08-06 13:00:00,0.5668200000000001
2022-08-06 14:00:00,0.42436
2022-08-06 15:00:00,0.11584
2022-08-06 16:00:00,0.0705
2022-08-06 17:00:00,0.00296
2022-08-06 18:00:00,0.0
2022-08-06 19:00:00,0.0
2022-08-06 20:00:00,0.0
2022-08-06 21:00:00,0.0
2022-08-06 22:00:00,0.0
2022-08-06 23:00:00,0.0
2022-08-07 00:00:00,0.0
2022-08-07 01:00:00,0.0
2022-08-07 02:00:00,0.0
2022-08-07 03:00:00,0.0
2022-08-07 04:00:00,0.0
2022-08-07 05:00:00,0.0
2022-08-07 06:00:00,0.0
2022-08-07 07:00:00,0.07
2022-08-07 08:00:00,0.17458
2022-08-07 09:00:00,0.21048
2022-08-07 10:00:00,0.52432
2022-08-07 11:00:00,0.17964
2022-08-07 12:00:00,0.38088
2022-08-07 13:00:00,0.15738999999999997
2022-08-07 14:00:00,0.16845
2022-08-07 15:00:00,0.07393999999999999
2022-08-07 16:00:00,0.013689999999999999
2022-08-07 17:00:00,0.00073
2022-08-07 18:00:00,0.0
2022-08-07 19:00:00,0.0
2022-08-07 20:00:00,0.0
2022-08-07 21:00:00,0.0
2022-08-07 22:00:00,0.0
2022-08-07 23:00:00,0.0
2022-08-08 00:00:00,0.0
2022-08-08 01:00:00,0.0
2022-08-08 02:00:00,0.0
2022-08-08 03:00:00,0.0
2022-08-08 04:00:00,0.0
2022-08-08 05:00:00,0.0
2022-08-08 06:00:00,0.0
2022-08-08 07:00:00,0.007030000000000001
2022-08-08 08:00:00,0.01268
2022-08-08 09:00:00,0.02152
2022-08-08 10:00:00,0.05131
2022-08-08 11:00:00,0.17896
2022-08-08 12:00:00,0.15222999999999998
2022-08-08 13:00:00,0.23558
2022-08-08 14:00:00,0.13516999999999998
2022-08-08 15:00:00,0.06986
2022-08-08 16:00:00,0.01123
2022-08-08 17:00:00,0.00073
2022-08-08 18:00:00,0.0
2022-08-08 19:00:00,0.0
2022-08-08 20:00:00,0.0
2022-08-08 21:00:00,0.0
2022-08-08 22:00:00,0.0
2022-08-08 23:00:00,0.0
2022-08-09 00:00:00,0.0
2022-08-09 01:00:00,0.0
2022-08-09 02:00:00,0.0
2022-08-09 03:00:00,0.0
2022-08-09 04:00:00,0.0
2022-08-09 05:00:00,0.0
2022-08-09 06:00:00,0.0
2022-08-09 07:00:00,0.10438
2022-08-09 08:00:00,0.18356999999999998
2022-08-09 09:00:00,0.16204
2022-08-09 10:00:00,0.1231
2022-08-09 11:00:00,0.19569
2022-08-09 12:00:00,0.25958
2022-08-09 13:00:00,0.48225999999999997
2022-08-09 14:00:00,0.25729
2022-08-09 15:00:00,0.08077
2022-08-09 16:00:00,0.03056
2022-08-09 17:00:00,0.00073
2022-08-09 18:00:00,0.0
2022-08-09 19:00:00,0.0
2022-08-09 20:00:00,0.0
2022-08-09 21:00:00,0.0
2022-08-09 22:00:00,0.0
2022-08-09 23:00:00,0.0
2022-08-10 00:00:00,0.0
2022-08-10 01:00:00,0.0
2022-08-10 02:00:00,0.0
2022-08-10 03:00:00,0.0
2022-08-10 04:00:00,0.0
2022-08-10 05:00:00,0.0
2022-08-10 06:00:00,0.0
2022-08-10 07:00:00,0.010199999999999999
2022-08-10 08:00:00,0.01018
2022-08-10 09:00:00,0.022510000000000002
2022-08-10 10:00:00,0.03661
2022-08-10 11:00:00,0.13185
2022-08-10 12:00:00,0.053840000000000006
2022-08-10 13:00:00,0.061880000000000004
2022-08-10 14:00:00,0.05724
2022-08-10 15:00:00,0.37557999999999997
2022-08-10 16:00:00,0.11843000000000001
2022-08-10 17:00:00,0.00078
2022-08-10 18:00:00,0.0
2022-08-10 19:00:00,0.0
2022-08-10 20:00:00,0.0
2022-08-10 21:00:00,0.0
2022-08-10 22:00:00,0.0
2022-08-10 23:00:00,0.0
2022-08-11 00:00:00,0.0
2022-08-11 01:00:00,0.0
2022-08-11 02:00:00,0.0
2022-08-11 03:00:00,0.0
2022-08-11 04:00:00,0.0
2022-08-11 05:00:00,0.0
2022-08-11 06:00:00,0.0
2022-08-11 07:00:00,0.04683
2022-08-11 08:00:00,0.31273
2022-08-11 09:00:00,0.60988
2022-08-11 10:00:00,0.572
2022-08-11 11:00:00,0.28135000000000004
2022-08-11 12:00:00,0.48244
2022-08-11 13:00:00,0.34673000000000004
2022-08-11 14:00:00,0.49307999999999996
2022-08-11 15:00:00,0.4106
2022-08-11 16:00:00,0.19608
2022-08-11 17:00:00,0.01863
2022-08-11 18:00:00,0.0
2022-08-11 19:00:00,0.0
2022-08-11 20:00:00,0.0
2022-08-11 21:00:00,0.0
2022-08-11 22:00:00,0.0
2022-08-11 23:00:00,0.0
2022-08-12 00:00:00,0.0
2022-08-12 01:00:00,0.0
2022-08-12 02:00:00,0.0
2022-08-12 03:00:00,0.0
2022-08-12 04:00:00,0.0
2022-08-12 05:00:00,0.0
2022-08-12 06:00:00,0.0
2022-08-12 07:00:00,0.1976
2022-08-12 08:00:00,0.46025
2022-08-12 09:00:00,0.63518
2022-08-12 10:00:00,0.73826
2022-08-12 11:00:00,0.75254
2022-08-12 12:00:00,0.68289
2022-08-12 13:00:00,0.6788
2022-08-12 14:00:00,0.55821
2022-08-12 15:00:00,0.38261
2022-08-12 16:00:00,0.18175
2022-08-12 17:00:00,0.0172
2022-08-12 18:00:00,0.0
2022-08-12 19:00:00,0.0
2022-08-12 20:00:00,0.0
2022-08-12 21:00:00,0.0
2022-08-12 22:00:00,0.0
2022-08-12 23:00:00,0.0
2022-08-13 00:00:00,0.0
2022-08-13 01:00:00,0.0
2022-08-13 02:00:00,0.0
2022-08-13 03:00:00,0.0
2022-08-13 04:00:00,0.0
2022-08-13 05:00:00,0.0
2022-08-13 06:00:00,0.0
2022-08-13 07:00:00,0.20884
2022-08-13 08:00:00,0.4614
2022-08-13 09:00:00,0.6239199999999999
2022-08-13 10:00:00,0.7359600000000001
2022-08-13 11:00:00,0.78051
2022-08-13 12:00:00,0.76822
2022-08-13 13:00:00,0.71049
2022-08-13 14:00:00,0.58811
2022-08-13 15:00:00,0.41042
2022-08-13 16:00:00,0.19128
2022-08-13 17:00:00,0.01886
2022-08-13 18:00:00,0.0
2022-08-13 19:00:00,0.0
2022-08-13 20:00:00,0.0
2022-08-13 21:00:00,0.0
2022-08-13 22:00:00,0.0
2022-08-13 23:00:00,0.0
2022-08-14 00:00:00,0.0
2022-08-14 01:00:00,0.0
2022-08-14 02:00:00,0.0
2022-08-14 03:00:00,0.0
2022-08-14 04:00:00,0.0
2022-08-14 05:00:00,0.0
2022-08-14 06:00:00,0.0
2022-08-14 07:00:00,0.20788
2022-08-14 08:00:00,0.45302
2022-08-14 09:00:00,0.61978
2022-08-14 10:00:00,0.7270700000000001
2022-08-14 11:00:00,0.76537
2022-08-14 12:00:00,0.74276
2022-08-14 13:00:00,0.6811
2022-08-14 14:00:00,0.56875
2022-08-14 15:00:00,0.39926999999999996
2022-08-14 16:00:00,0.18869999999999998
2022-08-14 17:00:00,0.01858
2022-08-14 18:00:00,0.0
2022-08-14 19:00:00,0.0
2022-08-14 20:00:00,0.0
2022-08-14 21:00:00,0.0
2022-08-14 22:00:00,0.0
2022-08-14 23:00:00,0.0
2022-08-15 00:00:00,0.0
2022-08-15 01:00:00,0.0
2022-08-15 02:00:00,0.0
2022-08-15 03:00:00,0.0
2022-08-15 04:00:00,0.0
2022-08-15 05:00:00,0.0
2022-08-15 06:00:00,0.0
2022-08-15 07:00:00,0.21281999999999998
2022-08-15 08:00:00,0.45576
2022-08-15 09:00:00,0.6348400000000001
2022-08-15 10:00:00,0.7385
2022-08-15 11:00:00,0.7804500000000001
2022-08-15 12:00:00,0.76583
2022-08-15 13:00:00,0.70136
2022-08-15 14:00:00,0.5794199999999999
2022-08-15 15:00:00,0.40514
2022-08-15 16:00:00,0.18997999999999998
2022-08-15 17:00:00,0.019
2022-08-15 18:00:00,0.0
2022-08-15 19:00:00,0.0
2022-08-15 20:00:00,0.0
2022-08-15 21:00:00,0.0
2022-08-15 22:00:00,0.0
2022-08-15 23:00:00,0.0
2022-08-16 00:00:00,0.0
2022-08-16 01:00:00,0.0
2022-08-16 02:00:00,0.0
2022-08-16 03:00:00,0.0
2022-08-16 04:00:00,0.0
2022-08-16 05:00:00,0.0
2022-08-16 06:00:00,0.0
2022-08-16 07:00:00,0.14013
2022-08-16 08:00:00,0.44998
2022-08-16 09:00:00,0.61419
2022-08-16 10:00:00,0.72072
2022-08-16 11:00:00,0.73677
2022-08-16 12:00:00,0.7500800000000001
2022-08-16 13:00:00,0.68256
2022-08-16 14:00:00,0.5328999999999999
2022-08-16 15:00:00,0.38889
2022-08-16 16:00:00,0.12534
2022-08-16 17:00:00,0.026629999999999997
2022-08-16 18:00:00,0.0
2022-08-16 19:00:00,0.0
2022-08-16 20:00:00,0.0
2022-08-16 21:00:00,0.0
2022-08-16 22:00:00,0.0
2022-08-16 23:00:00,0.0
2022-08-17 00:00:00,0.0
2022-08-17 01:00:00,0.0
2022-08-17 02:00:00,0.0
2022-08-17 03:00:00,0.0
2022-08-17 04:00:00,0.0
2022-08-17 05:00:00,0.0
2022-08-17 06:00:00,0.0
2022-08-17 07:00:00,0.01157
2022-08-17 08:00:00,0.46019
2022-08-17 09:00:00,0.58299
2022-08-17 10:00:00,0.62161
2022-08-17 11:00:00,0.44765
2022-08-17 12:00:00,0.29675
2022-08-17 13:00:00,0.61995
2022-08-17 14:00:00,0.49927
2022-08-17 15:00:00,0.29077
2022-08-17 16:00:00,0.17096
2022-08-17 17:00:00,0.02674
2022-08-17 18:00:00,0.0
2022-08-17 19:00:00,0.0
2022-08-17 20:00:00,0.0
2022-08-17 21:00:00,0.0
2022-08-17 22:00:00,0.0
2022-08-17 23:00:00,0.0
2022-08-18 00:00:00,0.0
2022-08-18 01:00:00,0.0
2022-08-18 02:00:00,0.0
2022-08-18 03:00:00,0.0
2022-08-18 04:00:00,0.0
2022-08-18 05:00:00,0.0
2022-08-18 06:00:00,0.0
2022-08-18 07:00:00,0.13615
2022-08-18 08:00:00,0.465
2022-08-18 09:00:00,0.60348
2022-08-18 10:00:00,0.7251000000000001
2022-08-18 11:00:00,0.76498
2022-08-18 12:00:00,0.74614
2022-08-18 13:00:00,0.6830700000000001
2022-08-18 14:00:00,0.55031
2022-08-18 15:00:00,0.38101999999999997
2022-08-18 16:00:00,0.11684
2022-08-18 17:00:00,0.02955
2022-08-18 18:00:00,0.0
2022-08-18 19:00:00,0.0
2022-08-18 20:00:00,0.0
2022-08-18 21:00:00,0.0
2022-08-18 22:00:00,0.0
2022-08-18 23:00:00,0.0
2022-08-19 00:00:00,0.0
2022-08-19 01:00:00,0.0
2022-08-19 02:00:00,0.0
2022-08-19 03:00:00,0.0
2022-08-19 04:00:00,0.0
2022-08-19 05:00:00,0.0
2022-08-19 06:00:00,0.0
2022-08-19 07:00:00,0.00078
2022-08-19 08:00:00,0.01358
2022-08-19 09:00:00,0.02498
2022-08-19 10:00:00,0.14487
2022-08-19 11:00:00,0.11411
2022-08-19 12:00:00,0.47806
2022-08-19 13:00:00,0.25207
2022-08-19 14:00:00,0.07642
2022-08-19 15:00:00,0.035
2022-08-19 16:00:00,0.013099999999999999
2022-08-19 17:00:00,0.00171
2022-08-19 18:00:00,0.0
2022-08-19 19:00:00,0.0
2022-08-19 20:00:00,0.0
2022-08-19 21:00:00,0.0
2022-08-19 22:00:00,0.0
2022-08-19 23:00:00,0.0
2022-08-20 00:00:00,0.0
2022-08-20 01:00:00,0.0
2022-08-20 02:00:00,0.0
2022-08-20 03:00:00,0.0
2022-08-20 04:00:00,0.0
2022-08-20 05:00:00,0.0
2022-08-20 06:00:00,0.0
2022-08-20 07:00:00,0.00083
2022-08-20 08:00:00,0.369
2022-08-20 09:00:00,0.12017
2022-08-20 10:00:00,0.25218
2022-08-20 11:00:00,0.15869999999999998
2022-08-20 12:00:00,0.38883
2022-08-20 13:00:00,0.42194
2022-08-20 14:00:00,0.09968
2022-08-20 15:00:00,0.04199
2022-08-20 16:00:00,0.01304
2022-08-20 17:00:00,0.0016899999999999999
2022-08-20 18:00:00,0.0
2022-08-20 19:00:00,0.0
2022-08-20 20:00:00,0.0
2022-08-20 21:00:00,0.0
2022-08-20 22:00:00,0.0
2022-08-20 23:00:00,0.0
2022-08-21 00:00:00,0.0
2022-08-21 01:00:00,0.0
2022-08-21 02:00:00,0.0
2022-08-21 03:00:00,0.0
2022-08-21 04:00:00,0.0
2022-08-21 05:00:00,0.0
2022-08-21 06:00:00,0.0
2022-08-21 07:00:00,0.10385
2022-08-21 08:00:00,0.45499
2022-08-21 09:00:00,0.62791
2022-08-21 10:00:00,0.73873
2022-08-21 11:00:00,0.76962
2022-08-21 12:00:00,0.65673
2022-08-21 13:00:00,0.5966
2022-08-21 14:00:00,0.5732999999999999
2022-08-21 15:00:00,0.39825
2022-08-21 16:00:00,0.18538
2022-08-21 17:00:00,0.02287
2022-08-21 18:00:00,0.0
2022-08-21 19:00:00,0.0
2022-08-21 20:00:00,0.0
2022-08-21 21:00:00,0.0
2022-08-21 22:00:00,0.0
2022-08-21 23:00:00,0.0
2022-08-22 00:00:00,0.0
2022-08-22 01:00:00,0.0
2022-08-22 02:00:00,0.0
2022-08-22 03:00:00,0.0
2022-08-22 04:00:00,0.0
2022-08-22 05:00:00,0.0
2022-08-22 06:00:00,0.0
2022-08-22 07:00:00,0.22212
2022-08-22 08:00:00,0.45782999999999996
2022-08-22 09:00:00,0.6348400000000001
2022-08-22 10:00:00,0.7323
2022-08-22 11:00:00,0.77363
2022-08-22 12:00:00,0.75718
2022-08-22 13:00:00,0.67608
2022-08-22 14:00:00,0.5425599999999999
2022-08-22 15:00:00,0.39527999999999996
2022-08-22 16:00:00,0.18280000000000002
2022-08-22 17:00:00,0.02825
2022-08-22 18:00:00,0.0
2022-08-22 19:00:00,0.0
2022-08-22 20:00:00,0.0
2022-08-22 21:00:00,0.0
2022-08-22 22:00:00,0.0
2022-08-22 23:00:00,0.0
2022-08-23 00:00:00,0.0
2022-08-23 01:00:00,0.0
2022-08-23 02:00:00,0.0
2022-08-23 03:00:00,0.0
2022-08-23 04:00:00,0.0
2022-08-23 05:00:00,0.0
2022-08-23 06:00:00,0.0
2022-08-23 07:00:00,0.227
2022-08-23 08:00:00,0.44674
2022-08-23 09:00:00,0.61879
2022-08-23 10:00:00,0.72489
2022-08-23 11:00:00,0.7600800000000001
2022-08-23 12:00:00,0.74051
2022-08-23 13:00:00,0.66947
2022-08-23 14:00:00,0.55698
2022-08-23 15:00:00,0.3846
2022-08-23 16:00:00,0.17725
2022-08-23 17:00:00,0.02845
2022-08-23 18:00:00,0.0
2022-08-23 19:00:00,0.0
2022-08-23 20:00:00,0.0
2022-08-23 21:00:00,0.0
2022-08-23 22:00:00,0.0
2022-08-23 23:00:00,0.0
2022-08-24 00:00:00,0.0
2022-08-24 01:00:00,0.0
2022-08-24 02:00:00,0.0
2022-08-24 03:00:00,0.0
2022-08-24 04:00:00,0.0
2022-08-24 05:00:00,0.0
2022-08-24 06:00:00,0.0
2022-08-24 07:00:00,0.1968
2022-08-24 08:00:00,0.44232
2022-08-24 09:00:00,0.5856399999999999
2022-08-24 10:00:00,0.72162
2022-08-24 11:00:00,0.7241000000000001
2022-08-24 12:00:00,0.69376
2022-08-24 13:00:00,0.49099
2022-08-24 14:00:00,0.10056999999999999
2022-08-24 15:00:00,0.06168
2022-08-24 16:00:00,0.021079999999999998
2022-08-24 17:00:00,0.00156
2022-08-24 18:00:00,0.0
2022-08-24 19:00:00,0.0
2022-08-24 20:00:00,0.0
2022-08-24 21:00:00,0.0
2022-08-24 22:00:00,0.0
2022-08-24 23:00:00,0.0
2022-08-25 00:00:00,0.0
2022-08-25 01:00:00,0.0
2022-08-25 02:00:00,0.0
2022-08-25 03:00:00,0.0
2022-08-25 04:00:00,0.0
2022-08-25 05:00:00,0.0
2022-08-25 06:00:00,0.0
2022-08-25 07:00:00,0.05439
2022-08-25 08:00:00,0.22591999999999998
2022-08-25 09:00:00,0.47456
2022-08-25 10:00:00,0.62351
2022-08-25 11:00:00,0.37499
2022-08-25 12:00:00,0.292
2022-08-25 13:00:00,0.26943
2022-08-25 14:00:00,0.24983000000000002
2022-08-25 15:00:00,0.12819
2022-08-25 16:00:00,0.0136
2022-08-25 17:00:00,0.0020099999999999996
2022-08-25 18:00:00,0.0
2022-08-25 19:00:00,0.0
2022-08-25 20:00:00,0.0
2022-08-25 21:00:00,0.0
2022-08-25 22:00:00,0.0
2022-08-25 23:00:00,0.0
2022-08-26 00:00:00,0.0
2022-08-26 01:00:00,0.0
2022-08-26 02:00:00,0.0
2022-08-26 03:00:00,0.0
2022-08-26 04:00:00,0.0
2022-08-26 05:00:00,0.0
2022-08-26 06:00:00,0.0
2022-08-26 07:00:00,0.014240000000000001
2022-08-26 08:00:00,0.12425
2022-08-26 09:00:00,0.34646
2022-08-26 10:00:00,0.42883
2022-08-26 11:00:00,0.5395
2022-08-26 12:00:00,0.36533
2022-08-26 13:00:00,0.14733000000000002
2022-08-26 14:00:00,0.33119
2022-08-26 15:00:00,0.05263
2022-08-26 16:00:00,0.01767
2022-08-26 17:00:00,0.0020099999999999996
2022-08-26 18:00:00,0.0
2022-08-26 19:00:00,0.0
2022-08-26 20:00:00,0.0
2022-08-26 21:00:00,0.0
2022-08-26 22:00:00,0.0
2022-08-26 23:00:00,0.0
2022-08-27 00:00:00,0.0
2022-08-27 01:00:00,0.0
2022-08-27 02:00:00,0.0
2022-08-27 03:00:00,0.0
2022-08-27 04:00:00,0.0
2022-08-27 05:00:00,0.0
2022-08-27 06:00:00,0.0
2022-08-27 07:00:00,0.21055000000000001
2022-08-27 08:00:00,0.16698
2022-08-27 09:00:00,0.41910000000000003
2022-08-27 10:00:00,0.70225
2022-08-27 11:00:00,0.62302
2022-08-27 12:00:00,0.5116700000000001
2022-08-27 13:00:00,0.36473
2022-08-27 14:00:00,0.42665
2022-08-27 15:00:00,0.33247000000000004
2022-08-27 16:00:00,0.14971
2022-08-27 17:00:00,0.02131
2022-08-27 18:00:00,0.0
2022-08-27 19:00:00,0.0
2022-08-27 20:00:00,0.0
2022-08-27 21:00:00,0.0
2022-08-27 22:00:00,0.0
2022-08-27 23:00:00,0.0
2022-08-28 00:00:00,0.0
2022-08-28 01:00:00,0.0
2022-08-28 02:00:00,0.0
2022-08-28 03:00:00,0.0
2022-08-28 04:00:00,0.0
2022-08-28 05:00:00,0.0
2022-08-28 06:00:00,0.0
2022-08-28 07:00:00,0.23937999999999998
2022-08-28 08:00:00,0.45197000000000004
2022-08-28 09:00:00,0.62119
2022-08-28 10:00:00,0.7216699999999999
2022-08-28 11:00:00,0.75848
2022-08-28 12:00:00,0.7339199999999999
2022-08-28 13:00:00,0.6659299999999999
2022-08-28 14:00:00,0.54699
2022-08-28 15:00:00,0.35644
2022-08-28 16:00:00,0.15287
2022-08-28 17:00:00,0.0024300000000000003
2022-08-28 18:00:00,0.0
2022-08-28 19:00:00,0.0
2022-08-28 20:00:00,0.0
2022-08-28 21:00:00,0.0
2022-08-28 22:00:00,0.0
2022-08-28 23:00:00,0.0
2022-08-29 00:00:00,0.0
2022-08-29 01:00:00,0.0
2022-08-29 02:00:00,0.0
2022-08-29 03:00:00,0.0
2022-08-29 04:00:00,0.0
2022-08-29 05:00:00,0.0
2022-08-29 06:00:00,0.0
2022-08-29 07:00:00,0.20898
2022-08-29 08:00:00,0.44974000000000003
2022-08-29 09:00:00,0.59246
2022-08-29 10:00:00,0.67311
2022-08-29 11:00:00,0.7931
2022-08-29 12:00:00,0.7898999999999999
2022-08-29 13:00:00,0.7145499999999999
2022-08-29 14:00:00,0.5541799999999999
2022-08-29 15:00:00,0.21444
2022-08-29 16:00:00,0.033229999999999996
2022-08-29 17:00:00,0.03433
2022-08-29 18:00:00,0.0
2022-08-29 19:00:00,0.0
2022-08-29 20:00:00,0.0
2022-08-29 21:00:00,0.0
2022-08-29 22:00:00,0.0
2022-08-29 23:00:00,0.0
2022-08-30 00:00:00,0.0
2022-08-30 01:00:00,0.0
2022-08-30 02:00:00,0.0
2022-08-30 03:00:00,0.0
2022-08-30 04:00:00,0.0
2022-08-30 05:00:00,0.0
2022-08-30 06:00:00,0.0
2022-08-30 07:00:00,0.25717
2022-08-30 08:00:00,0.46482999999999997
2022-08-30 09:00:00,0.56697
2022-08-30 10:00:00,0.61894
2022-08-30 11:00:00,0.81213
2022-08-30 12:00:00,0.684
2022-08-30 13:00:00,0.68443
2022-08-30 14:00:00,0.5231399999999999
2022-08-30 15:00:00,0.40920999999999996
2022-08-30 16:00:00,0.16659000000000002
2022-08-30 17:00:00,0.02548
2022-08-30 18:00:00,0.0
2022-08-30 19:00:00,0.0
2022-08-30 20:00:00,0.0
2022-08-30 21:00:00,0.0
2022-08-30 22:00:00,0.0
2022-08-30 23:00:00,0.0
2022-08-31 00:00:00,0.0
2022-08-31 01:00:00,0.0
2022-08-31 02:00:00,0.0
2022-08-31 03:00:00,0.0
2022-08-31 04:00:00,0.0
2022-08-31 05:00:00,0.0
2022-08-31 06:00:00,0.0
2022-08-31 07:00:00,0.28239
2022-08-31 08:00:00,0.49178
2022-08-31 09:00:00,0.67172
2022-08-31 10:00:00,0.76922
2022-08-31 11:00:00,0.80912
2022-08-31 12:00:00,0.77777
2022-08-31 13:00:00,0.70837
2022-08-31 14:00:00,0.58647
2022-08-31 15:00:00,0.41113
2022-08-31 16:00:00,0.18722
2022-08-31 17:00:00,0.01481
2022-08-31 18:00:00,0.0
2022-08-31 19:00:00,0.0
2022-08-31 20:00:00,0.0
2022-08-31 21:00:00,0.0
2022-08-31 22:00:00,0.0
2022-08-31 23:00:00,0.0
2022-09-01 00:00:00,0.0
2022-09-01 01:00:00,0.0
2022-09-01 02:00:00,0.0
2022-09-01 03:00:00,0.0
2022-09-01 04:00:00,0.0
2022-09-01 05:00:00,0.0
2022-09-01 06:00:00,0.0
2022-09-01 07:00:00,0.25838
2022-09-01 08:00:00,0.4687
2022-09-01 09:00:00,0.65736
2022-09-01 10:00:00,0.76718
2022-09-01 11:00:00,0.8116599999999999
2022-09-01 12:00:00,0.78246
2022-09-01 13:00:00,0.70993
2022-09-01 14:00:00,0.57952
2022-09-01 15:00:00,0.40452999999999995
2022-09-01 16:00:00,0.18649000000000002
2022-09-01 17:00:00,0.02216
2022-09-01 18:00:00,0.0
2022-09-01 19:00:00,0.0
2022-09-01 20:00:00,0.0
2022-09-01 21:00:00,0.0
2022-09-01 22:00:00,0.0
2022-09-01 23:00:00,0.0
2022-09-02 00:00:00,0.0
2022-09-02 01:00:00,0.0
2022-09-02 02:00:00,0.0
2022-09-02 03:00:00,0.0
2022-09-02 04:00:00,0.0
2022-09-02 05:00:00,0.0
2022-09-02 06:00:00,0.0
2022-09-02 07:00:00,0.2571
2022-09-02 08:00:00,0.47836
2022-09-02 09:00:00,0.66112
2022-09-02 10:00:00,0.76371
2022-09-02 11:00:00,0.80455
2022-09-02 12:00:00,0.77418
2022-09-02 13:00:00,0.70147
2022-09-02 14:00:00,0.57089
2022-09-02 15:00:00,0.39327
2022-09-02 16:00:00,0.18130000000000002
2022-09-02 17:00:00,0.02721
2022-09-02 18:00:00,0.0
2022-09-02 19:00:00,0.0
2022-09-02 20:00:00,0.0
2022-09-02 21:00:00,0.0
2022-09-02 22:00:00,0.0
2022-09-02 23:00:00,0.0
2022-09-03 00:00:00,0.0
2022-09-03 01:00:00,0.0
2022-09-03 02:00:00,0.0
2022-09-03 03:00:00,0.0
2022-09-03 04:00:00,0.0
2022-09-03 05:00:00,0.0
2022-09-03 06:00:00,0.0
2022-09-03 07:00:00,0.23272
2022-09-03 08:00:00,0.46526999999999996
2022-09-03 09:00:00,0.63388
2022-09-03 10:00:00,0.71987
2022-09-03 11:00:00,0.7606900000000001
2022-09-03 12:00:00,0.73054
2022-09-03 13:00:00,0.66188
2022-09-03 14:00:00,0.53196
2022-09-03 15:00:00,0.36178
2022-09-03 16:00:00,0.16888999999999998
2022-09-03 17:00:00,0.03821
2022-09-03 18:00:00,0.0
2022-09-03 19:00:00,0.0
2022-09-03 20:00:00,0.0
2022-09-03 21:00:00,0.0
2022-09-03 22:00:00,0.0
2022-09-03 23:00:00,0.0
2022-09-04 00:00:00,0.0
2022-09-04 01:00:00,0.0
2022-09-04 02:00:00,0.0
2022-09-04 03:00:00,0.0
2022-09-04 04:00:00,0.0
2022-09-04 05:00:00,0.0
2022-09-04 06:00:00,0.0
2022-09-04 07:00:00,0.02289
2022-09-04 08:00:00,0.01503
2022-09-04 09:00:00,0.08339
2022-09-04 10:00:00,0.56455
2022-09-04 11:00:00,0.76625
2022-09-04 12:00:00,0.74398
2022-09-04 13:00:00,0.6538999999999999
2022-09-04 14:00:00,0.48962
2022-09-04 15:00:00,0.27215
2022-09-04 16:00:00,0.06085
2022-09-04 17:00:00,0.0070999999999999995
2022-09-04 18:00:00,0.0
2022-09-04 19:00:00,0.0
2022-09-04 20:00:00,0.0
2022-09-04 21:00:00,0.0
2022-09-04 22:00:00,0.0
2022-09-04 23:00:00,0.0
2022-09-05 00:00:00,0.0
2022-09-05 01:00:00,0.0
2022-09-05 02:00:00,0.0
2022-09-05 03:00:00,0.0
2022-09-05 04:00:00,0.0
2022-09-05 05:00:00,0.0
2022-09-05 06:00:00,0.0
2022-09-05 07:00:00,0.20826
2022-09-05 08:00:00,0.44057
2022-09-05 09:00:00,0.66279
2022-09-05 10:00:00,0.61773
2022-09-05 11:00:00,0.7646799999999999
2022-09-05 12:00:00,0.71213
2022-09-05 13:00:00,0.58813
2022-09-05 14:00:00,0.41586
2022-09-05 15:00:00,0.31075
2022-09-05 16:00:00,0.13867
2022-09-05 17:00:00,0.034659999999999996
2022-09-05 18:00:00,0.0
2022-09-05 19:00:00,0.0
2022-09-05 20:00:00,0.0
2022-09-05 21:00:00,0.0
2022-09-05 22:00:00,0.0
2022-09-05 23:00:00,0.0
2022-09-06 00:00:00,0.0
2022-09-06 01:00:00,0.0
2022-09-06 02:00:00,0.0
2022-09-06 03:00:00,0.0
2022-09-06 04:00:00,0.0
2022-09-06 05:00:00,0.0
2022-09-06 06:00:00,0.0
2022-09-06 07:00:00,0.23326
2022-09-06 08:00:00,0.29205000000000003
2022-09-06 09:00:00,0.12428
2022-09-06 10:00:00,0.17224
2022-09-06 11:00:00,0.17125
2022-09-06 12:00:00,0.2889
2022-09-06 13:00:00,0.34635000000000005
2022-09-06 14:00:00,0.43651
2022-09-06 15:00:00,0.34856
2022-09-06 16:00:00,0.16953000000000001
2022-09-06 17:00:00,0.03419
2022-09-06 18:00:00,0.0
2022-09-06 19:00:00,0.0
2022-09-06 20:00:00,0.0
2022-09-06 21:00:00,0.0
2022-09-06 22:00:00,0.0
2022-09-06 23:00:00,0.0
2022-09-07 00:00:00,0.0
2022-09-07 01:00:00,0.0
2022-09-07 02:00:00,0.0
2022-09-07 03:00:00,0.0
2022-09-07 04:00:00,0.0
2022-09-07 05:00:00,0.0
2022-09-07 06:00:00,0.0
2022-09-07 07:00:00,0.25374
2022-09-07 08:00:00,0.46182
2022-09-07 09:00:00,0.6499400000000001
2022-09-07 10:00:00,0.74427
2022-09-07 11:00:00,0.76876
2022-09-07 12:00:00,0.75285
2022-09-07 13:00:00,0.67844
2022-09-07 14:00:00,0.55032
2022-09-07 15:00:00,0.37195
2022-09-07 16:00:00,0.17311
2022-09-07 17:00:00,0.03957
2022-09-07 18:00:00,0.0
2022-09-07 19:00:00,0.0
2022-09-07 20:00:00,0.0
2022-09-07 21:00:00,0.0
2022-09-07 22:00:00,0.0
2022-09-07 23:00:00,0.0
2022-09-08 00:00:00,0.0
2022-09-08 01:00:00,0.0
2022-09-08 02:00:00,0.0
2022-09-08 03:00:00,0.0
2022-09-08 04:00:00,0.0
2022-09-08 05:00:00,0.0
2022-09-08 06:00:00,0.0
2022-09-08 07:00:00,0.20339
2022-09-08 08:00:00,0.31793
2022-09-08 09:00:00,0.07929
2022-09-08 10:00:00,0.72323
2022-09-08 11:00:00,0.72215
2022-09-08 12:00:00,0.1247
2022-09-08 13:00:00,0.61817
2022-09-08 14:00:00,0.47132999999999997
2022-09-08 15:00:00,0.35756
2022-09-08 16:00:00,0.16527
2022-09-08 17:00:00,0.01452
2022-09-08 18:00:00,0.0
2022-09-08 19:00:00,0.0
2022-09-08 20:00:00,0.0
2022-09-08 21:00:00,0.0
2022-09-08 22:00:00,0.0
2022-09-08 23:00:00,0.0
2022-09-09 00:00:00,0.0
2022-09-09 01:00:00,0.0
2022-09-09 02:00:00,0.0
2022-09-09 03:00:00,0.0
2022-09-09 04:00:00,0.0
2022-09-09 05:00:00,0.0
2022-09-09 06:00:00,0.0
2022-09-09 07:00:00,0.24628
2022-09-09 08:00:00,0.34596
2022-09-09 09:00:00,0.64037
2022-09-09 10:00:00,0.7301
2022-09-09 11:00:00,0.76497
2022-09-09 12:00:00,0.7335499999999999
2022-09-09 13:00:00,0.6543300000000001
2022-09-09 14:00:00,0.49642000000000003
2022-09-09 15:00:00,0.3487
2022-09-09 16:00:00,0.16044999999999998
2022-09-09 17:00:00,0.030780000000000002
2022-09-09 18:00:00,0.0
2022-09-09 19:00:00,0.0
2022-09-09 20:00:00,0.0
2022-09-09 21:00:00,0.0
2022-09-09 22:00:00,0.0
2022-09-09 23:00:00,0.0
2022-09-10 00:00:00,0.0
2022-09-10 01:00:00,0.0
2022-09-10 02:00:00,0.0
2022-09-10 03:00:00,0.0
2022-09-10 04:00:00,0.0
2022-09-10 05:00:00,0.0
2022-09-10 06:00:00,0.0
2022-09-10 07:00:00,0.19041999999999998
2022-09-10 08:00:00,0.47369
2022-09-10 09:00:00,0.63879
2022-09-10 10:00:00,0.7267100000000001
2022-09-10 11:00:00,0.76015
2022-09-10 12:00:00,0.73502
2022-09-10 13:00:00,0.65697
2022-09-10 14:00:00,0.49763
2022-09-10 15:00:00,0.28369
2022-09-10 16:00:00,0.13076
2022-09-10 17:00:00,0.03195
2022-09-10 18:00:00,0.0
2022-09-10 19:00:00,0.0
2022-09-10 20:00:00,0.0
2022-09-10 21:00:00,0.0
2022-09-10 22:00:00,0.0
2022-09-10 23:00:00,0.0
2022-09-11 00:00:00,0.0
2022-09-11 01:00:00,0.0
2022-09-11 02:00:00,0.0
2022-09-11 03:00:00,0.0
2022-09-11 04:00:00,0.0
2022-09-11 05:00:00,0.0
2022-09-11 06:00:00,0.0
2022-09-11 07:00:00,0.02395
2022-09-11 08:00:00,0.07407
2022-09-11 09:00:00,0.65665
2022-09-11 10:00:00,0.71108
2022-09-11 11:00:00,0.5943999999999999
2022-09-11 12:00:00,0.54861
2022-09-11 13:00:00,0.58329
2022-09-11 14:00:00,0.28676999999999997
2022-09-11 15:00:00,0.31748000000000004
2022-09-11 16:00:00,0.07582
2022-09-11 17:00:00,0.02141
2022-09-11 18:00:00,0.0
2022-09-11 19:00:00,0.0
2022-09-11 20:00:00,0.0
2022-09-11 21:00:00,0.0
2022-09-11 22:00:00,0.0
2022-09-11 23:00:00,0.0
2022-09-12 00:00:00,0.0
2022-09-12 01:00:00,0.0
2022-09-12 02:00:00,0.0
2022-09-12 03:00:00,0.0
2022-09-12 04:00:00,0.0
2022-09-12 05:00:00,0.0
2022-09-12 06:00:00,0.0
2022-09-12 07:00:00,0.11073999999999999
2022-09-12 08:00:00,0.34864
2022-09-12 09:00:00,0.6212000000000001
2022-09-12 10:00:00,0.70927
2022-09-12 11:00:00,0.7479600000000001
2022-09-12 12:00:00,0.70064
2022-09-12 13:00:00,0.62161
2022-09-12 14:00:00,0.28039
2022-09-12 15:00:00,0.21255000000000002
2022-09-12 16:00:00,0.1118
2022-09-12 17:00:00,0.03824
2022-09-12 18:00:00,0.0
2022-09-12 19:00:00,0.0
2022-09-12 20:00:00,0.0
2022-09-12 21:00:00,0.0
2022-09-12 22:00:00,0.0
2022-09-12 23:00:00,0.0
2022-09-13 00:00:00,0.0
2022-09-13 01:00:00,0.0
2022-09-13 02:00:00,0.0
2022-09-13 03:00:00,0.0
2022-09-13 04:00:00,0.0
2022-09-13 05:00:00,0.0
2022-09-13 06:00:00,0.0
2022-09-13 07:00:00,0.013460000000000001
2022-09-13 08:00:00,0.05127
2022-09-13 09:00:00,0.16147999999999998
2022-09-13 10:00:00,0.5404
2022-09-13 11:00:00,0.75002
2022-09-13 12:00:00,0.47992
2022-09-13 13:00:00,0.63464
2022-09-13 14:00:00,0.43543
2022-09-13 15:00:00,0.04690999999999999
2022-09-13 16:00:00,0.13108
2022-09-13 17:00:00,0.00628
2022-09-13 18:00:00,0.0
2022-09-13 19:00:00,0.0
2022-09-13 20:00:00,0.0
2022-09-13 21:00:00,0.0
2022-09-13 22:00:00,0.0
2022-09-13 23:00:00,0.0
2022-09-14 00:00:00,0.0
2022-09-14 01:00:00,0.0
2022-09-14 02:00:00,0.0
2022-09-14 03:00:00,0.0
2022-09-14 04:00:00,0.0
2022-09-14 05:00:00,0.0
2022-09-14 06:00:00,0.0
2022-09-14 07:00:00,0.00466
2022-09-14 08:00:00,0.01709
2022-09-14 09:00:00,0.03477
2022-09-14 10:00:00,0.10732
2022-09-14 11:00:00,0.06098
2022-09-14 12:00:00,0.12724
2022-09-14 13:00:00,0.1056
2022-09-14 14:00:00,0.07764
2022-09-14 15:00:00,0.13532
2022-09-14 16:00:00,0.02205
2022-09-14 17:00:00,0.00233
2022-09-14 18:00:00,0.0
2022-09-14 19:00:00,0.0
2022-09-14 20:00:00,0.0
2022-09-14 21:00:00,0.0
2022-09-14 22:00:00,0.0
2022-09-14 23:00:00,0.0
2022-09-15 00:00:00,0.0
2022-09-15 01:00:00,0.0
2022-09-15 02:00:00,0.0
2022-09-15 03:00:00,0.0
2022-09-15 04:00:00,0.0
2022-09-15 05:00:00,0.0
2022-09-15 06:00:00,0.0
2022-09-15 07:00:00,0.0813
2022-09-15 08:00:00,0.02463
2022-09-15 09:00:00,0.055740000000000005
2022-09-15 10:00:00,0.06028
2022-09-15 11:00:00,0.13509000000000002
2022-09-15 12:00:00,0.24414
2022-09-15 13:00:00,0.34528
2022-09-15 14:00:00,0.30324
2022-09-15 15:00:00,0.25498
2022-09-15 16:00:00,0.14992
2022-09-15 17:00:00,0.04419
2022-09-15 18:00:00,0.0
2022-09-15 19:00:00,0.0
2022-09-15 20:00:00,0.0
2022-09-15 21:00:00,0.0
2022-09-15 22:00:00,0.0
2022-09-15 23:00:00,0.0
2022-09-16 00:00:00,0.0
2022-09-16 01:00:00,0.0
2022-09-16 02:00:00,0.0
2022-09-16 03:00:00,0.0
2022-09-16 04:00:00,0.0
2022-09-16 05:00:00,0.0
2022-09-16 06:00:00,0.0
2022-09-16 07:00:00,0.05757
2022-09-16 08:00:00,0.02125
2022-09-16 09:00:00,0.03228
2022-09-16 10:00:00,0.04367
2022-09-16 11:00:00,0.07528
2022-09-16 12:00:00,0.14352
2022-09-16 13:00:00,0.09389
2022-09-16 14:00:00,0.10856
2022-09-16 15:00:00,0.05625
2022-09-16 16:00:00,0.020489999999999998
2022-09-16 17:00:00,0.00242
2022-09-16 18:00:00,0.0
2022-09-16 19:00:00,0.0
2022-09-16 20:00:00,0.0
2022-09-16 21:00:00,0.0
2022-09-16 22:00:00,0.0
2022-09-16 23:00:00,0.0
2022-09-17 00:00:00,0.0
2022-09-17 01:00:00,0.0
2022-09-17 02:00:00,0.0
2022-09-17 03:00:00,0.0
2022-09-17 04:00:00,0.0
2022-09-17 05:00:00,0.0
2022-09-17 06:00:00,0.0
2022-09-17 07:00:00,0.30782
2022-09-17 08:00:00,0.5525399999999999
2022-09-17 09:00:00,0.71423
2022-09-17 10:00:00,0.81063
2022-09-17 11:00:00,0.83888
2022-09-17 12:00:00,0.8148
2022-09-17 13:00:00,0.7306699999999999
2022-09-17 14:00:00,0.59684
2022-09-17 15:00:00,0.40797000000000005
2022-09-17 16:00:00,0.1795
2022-09-17 17:00:00,0.03657
2022-09-17 18:00:00,0.0
2022-09-17 19:00:00,0.0
2022-09-17 20:00:00,0.0
2022-09-17 21:00:00,0.0
2022-09-17 22:00:00,0.0
2022-09-17 23:00:00,0.0
2022-09-18 00:00:00,0.0
2022-09-18 01:00:00,0.0
2022-09-18 02:00:00,0.0
2022-09-18 03:00:00,0.0
2022-09-18 04:00:00,0.0
2022-09-18 05:00:00,0.0
2022-09-18 06:00:00,0.0
2022-09-18 07:00:00,0.32581
2022-09-18 08:00:00,0.55153
2022-09-18 09:00:00,0.70654
2022-09-18 10:00:00,0.80259
2022-09-18 11:00:00,0.8283400000000001
2022-09-18 12:00:00,0.79495
2022-09-18 13:00:00,0.71353
2022-09-18 14:00:00,0.58313
2022-09-18 15:00:00,0.40047000000000005
2022-09-18 16:00:00,0.17659
2022-09-18 17:00:00,0.0364
2022-09-18 18:00:00,0.0
2022-09-18 19:00:00,0.0
2022-09-18 20:00:00,0.0
2022-09-18 21:00:00,0.0
2022-09-18 22:00:00,0.0
2022-09-18 23:00:00,0.0
2022-09-19 00:00:00,0.0
2022-09-19 01:00:00,0.0
2022-09-19 02:00:00,0.0
2022-09-19 03:00:00,0.0
2022-09-19 04:00:00,0.0
2022-09-19 05:00:00,0.0
2022-09-19 06:00:00,0.0
2022-09-19 07:00:00,0.30695999999999996
2022-09-19 08:00:00,0.53358
2022-09-19 09:00:00,0.69033
2022-09-19 10:00:00,0.78425
2022-09-19 11:00:00,0.80198
2022-09-19 12:00:00,0.7584099999999999
2022-09-19 13:00:00,0.69648
2022-09-19 14:00:00,0.55251
2022-09-19 15:00:00,0.37689
2022-09-19 16:00:00,0.17035
2022-09-19 17:00:00,0.04344
2022-09-19 18:00:00,0.0
2022-09-19 19:00:00,0.0
2022-09-19 20:00:00,0.0
2022-09-19 21:00:00,0.0
2022-09-19 22:00:00,0.0
2022-09-19 23:00:00,0.0
2022-09-20 00:00:00,0.0
2022-09-20 01:00:00,0.0
2022-09-20 02:00:00,0.0
2022-09-20 03:00:00,0.0
2022-09-20 04:00:00,0.0
2022-09-20 05:00:00,0.0
2022-09-20 06:00:00,0.0
2022-09-20 07:00:00,0.009550000000000001
2022-09-20 08:00:00,0.48273
2022-09-20 09:00:00,0.13912
2022-09-20 10:00:00,0.7579199999999999
2022-09-20 11:00:00,0.7570399999999999
2022-09-20 12:00:00,0.66449
2022-09-20 13:00:00,0.60725
2022-09-20 14:00:00,0.33038999999999996
2022-09-20 15:00:00,0.11993000000000001
2022-09-20 16:00:00,0.08
2022-09-20 17:00:00,0.012150000000000001
2022-09-20 18:00:00,0.0
2022-09-20 19:00:00,0.0
2022-09-20 20:00:00,0.0
2022-09-20 21:00:00,0.0
2022-09-20 22:00:00,0.0
2022-09-20 23:00:00,0.0
2022-09-21 00:00:00,0.0
2022-09-21 01:00:00,0.0
2022-09-21 02:00:00,0.0
2022-09-21 03:00:00,0.0
2022-09-21 04:00:00,0.0
2022-09-21 05:00:00,0.0
2022-09-21 06:00:00,0.0
2022-09-21 07:00:00,0.08509
2022-09-21 08:00:00,0.42535
2022-09-21 09:00:00,0.57952
2022-09-21 10:00:00,0.36724
2022-09-21 11:00:00,0.16202
2022-09-21 12:00:00,0.4829
2022-09-21 13:00:00,0.52011
2022-09-21 14:00:00,0.17163
2022-09-21 15:00:00,0.23393
2022-09-21 16:00:00,0.07637000000000001
2022-09-21 17:00:00,0.00225
2022-09-21 18:00:00,0.0
2022-09-21 19:00:00,0.0
2022-09-21 20:00:00,0.0
2022-09-21 21:00:00,0.0
2022-09-21 22:00:00,0.0
2022-09-21 23:00:00,0.0
2022-09-22 00:00:00,0.0
2022-09-22 01:00:00,0.0
2022-09-22 02:00:00,0.0
2022-09-22 03:00:00,0.0
2022-09-22 04:00:00,0.0
2022-09-22 05:00:00,0.0
2022-09-22 06:00:00,0.0
2022-09-22 07:00:00,0.17256
2022-09-22 08:00:00,0.23448
2022-09-22 09:00:00,0.44317
2022-09-22 10:00:00,0.19728
2022-09-22 11:00:00,0.20392
2022-09-22 12:00:00,0.33042
2022-09-22 13:00:00,0.20581
2022-09-22 14:00:00,0.07976000000000001
2022-09-22 15:00:00,0.03327
2022-09-22 16:00:00,0.02837
2022-09-22 17:00:00,0.00232
2022-09-22 18:00:00,0.0
2022-09-22 19:00:00,0.0
2022-09-22 20:00:00,0.0
2022-09-22 21:00:00,0.0
2022-09-22 22:00:00,0.0
2022-09-22 23:00:00,0.0
2022-09-23 00:00:00,0.0
2022-09-23 01:00:00,0.0
2022-09-23 02:00:00,0.0
2022-09-23 03:00:00,0.0
2022-09-23 04:00:00,0.0
2022-09-23 05:00:00,0.0
2022-09-23 06:00:00,0.0
2022-09-23 07:00:00,0.23184
2022-09-23 08:00:00,0.40752999999999995
2022-09-23 09:00:00,0.6263099999999999
2022-09-23 10:00:00,0.70863
2022-09-23 11:00:00,0.80812
2022-09-23 12:00:00,0.79395
2022-09-23 13:00:00,0.7093200000000001
2022-09-23 14:00:00,0.57374
2022-09-23 15:00:00,0.38795999999999997
2022-09-23 16:00:00,0.16654
2022-09-23 17:00:00,0.040369999999999996
2022-09-23 18:00:00,0.0
2022-09-23 19:00:00,0.0
2022-09-23 20:00:00,0.0
2022-09-23 21:00:00,0.0
2022-09-23 22:00:00,0.0
2022-09-23 23:00:00,0.0
2022-09-24 00:00:00,0.0
2022-09-24 01:00:00,0.0
2022-09-24 02:00:00,0.0
2022-09-24 03:00:00,0.0
2022-09-24 04:00:00,0.0
2022-09-24 05:00:00,0.0
2022-09-24 06:00:00,0.00033
2022-09-24 07:00:00,0.33267
2022-09-24 08:00:00,0.5724400000000001
2022-09-24 09:00:00,0.72375
2022-09-24 10:00:00,0.80292
2022-09-24 11:00:00,0.8252200000000001
2022-09-24 12:00:00,0.7978099999999999
2022-09-24 13:00:00,0.71376
2022-09-24 14:00:00,0.58298
2022-09-24 15:00:00,0.39682999999999996
2022-09-24 16:00:00,0.17003000000000001
2022-09-24 17:00:00,0.037700000000000004
2022-09-24 18:00:00,0.0
2022-09-24 19:00:00,0.0
2022-09-24 20:00:00,0.0
2022-09-24 21:00:00,0.0
2022-09-24 22:00:00,0.0
2022-09-24 23:00:00,0.0
2022-09-25 00:00:00,0.0
2022-09-25 01:00:00,0.0
2022-09-25 02:00:00,0.0
2022-09-25 03:00:00,0.0
2022-09-25 04:00:00,0.0
2022-09-25 05:00:00,0.0
2022-09-25 06:00:00,0.00032
2022-09-25 07:00:00,0.3165
2022-09-25 08:00:00,0.55059
2022-09-25 09:00:00,0.70173
2022-09-25 10:00:00,0.78355
2022-09-25 11:00:00,0.81116
2022-09-25 12:00:00,0.77919
2022-09-25 13:00:00,0.69165
2022-09-25 14:00:00,0.55136
2022-09-25 15:00:00,0.34722000000000003
2022-09-25 16:00:00,0.16733
2022-09-25 17:00:00,0.047049999999999995
2022-09-25 18:00:00,0.0
2022-09-25 19:00:00,0.0
2022-09-25 20:00:00,0.0
2022-09-25 21:00:00,0.0
2022-09-25 22:00:00,0.0
2022-09-25 23:00:00,0.0
2022-09-26 00:00:00,0.0
2022-09-26 01:00:00,0.0
2022-09-26 02:00:00,0.0
2022-09-26 03:00:00,0.0
2022-09-26 04:00:00,0.0
2022-09-26 05:00:00,0.0
2022-09-26 06:00:00,0.0
2022-09-26 07:00:00,0.09356
2022-09-26 08:00:00,0.31977
2022-09-26 09:00:00,0.07734
2022-09-26 10:00:00,0.09323999999999999
2022-09-26 11:00:00,0.11835999999999999
2022-09-26 12:00:00,0.12884
2022-09-26 13:00:00,0.08642
2022-09-26 14:00:00,0.11961
2022-09-26 15:00:00,0.0343
2022-09-26 16:00:00,0.05969
2022-09-26 17:00:00,0.04617
2022-09-26 18:00:00,0.0
2022-09-26 19:00:00,0.0
2022-09-26 20:00:00,0.0
2022-09-26 21:00:00,0.0
2022-09-26 22:00:00,0.0
2022-09-26 23:00:00,0.0
2022-09-27 00:00:00,0.0
2022-09-27 01:00:00,0.0
2022-09-27 02:00:00,0.0
2022-09-27 03:00:00,0.0
2022-09-27 04:00:00,0.0
2022-09-27 05:00:00,0.0
2022-09-27 06:00:00,0.0
2022-09-27 07:00:00,0.11192
2022-09-27 08:00:00,0.19986
2022-09-27 09:00:00,0.15888
2022-09-27 10:00:00,0.44067
2022-09-27 11:00:00,0.44355
2022-09-27 12:00:00,0.42497
2022-09-27 13:00:00,0.37272000000000005
2022-09-27 14:00:00,0.12161
2022-09-27 15:00:00,0.07122
2022-09-27 16:00:00,0.01564
2022-09-27 17:00:00,0.00646
2022-09-27 18:00:00,0.0
2022-09-27 19:00:00,0.0
2022-09-27 20:00:00,0.0
2022-09-27 21:00:00,0.0
2022-09-27 22:00:00,0.0
2022-09-27 23:00:00,0.0
2022-09-28 00:00:00,0.0
2022-09-28 01:00:00,0.0
2022-09-28 02:00:00,0.0
2022-09-28 03:00:00,0.0
2022-09-28 04:00:00,0.0
2022-09-28 05:00:00,0.0
2022-09-28 06:00:00,0.0
2022-09-28 07:00:00,0.15674000000000002
2022-09-28 08:00:00,0.04707
2022-09-28 09:00:00,0.05093
2022-09-28 10:00:00,0.13419999999999999
2022-09-28 11:00:00,0.0891
2022-09-28 12:00:00,0.20627
2022-09-28 13:00:00,0.0997
2022-09-28 14:00:00,0.08943999999999999
2022-09-28 15:00:00,0.04734
2022-09-28 16:00:00,0.01613
2022-09-28 17:00:00,0.0028799999999999997
2022-09-28 18:00:00,0.0
2022-09-28 19:00:00,0.0
2022-09-28 20:00:00,0.0
2022-09-28 21:00:00,0.0
2022-09-28 22:00:00,0.0
2022-09-28 23:00:00,0.0
2022-09-29 00:00:00,0.0
2022-09-29 01:00:00,0.0
2022-09-29 02:00:00,0.0
2022-09-29 03:00:00,0.0
2022-09-29 04:00:00,0.0
2022-09-29 05:00:00,0.0
2022-09-29 06:00:00,0.0
2022-09-29 07:00:00,0.011640000000000001
2022-09-29 08:00:00,0.17656
2022-09-29 09:00:00,0.23521
2022-09-29 10:00:00,0.70305
2022-09-29 11:00:00,0.5264
2022-09-29 12:00:00,0.69304
2022-09-29 13:00:00,0.22912000000000002
2022-09-29 14:00:00,0.15749000000000002
2022-09-29 15:00:00,0.06429
2022-09-29 16:00:00,0.01609
2022-09-29 17:00:00,0.00287
2022-09-29 18:00:00,0.0
2022-09-29 19:00:00,0.0
2022-09-29 20:00:00,0.0
2022-09-29 21:00:00,0.0
2022-09-29 22:00:00,0.0
2022-09-29 23:00:00,0.0
2022-09-30 00:00:00,0.0
2022-09-30 01:00:00,0.0
2022-09-30 02:00:00,0.0
2022-09-30 03:00:00,0.0
2022-09-30 04:00:00,0.0
2022-09-30 05:00:00,0.0
2022-09-30 06:00:00,0.0039700000000000004
2022-09-30 07:00:00,0.31424
2022-09-30 08:00:00,0.54618
2022-09-30 09:00:00,0.64961
2022-09-30 10:00:00,0.75561
2022-09-30 11:00:00,0.43894
2022-09-30 12:00:00,0.36976
2022-09-30 13:00:00,0.39372
2022-09-30 14:00:00,0.18111000000000002
2022-09-30 15:00:00,0.04875
2022-09-30 16:00:00,0.016550000000000002
2022-09-30 17:00:00,0.00283
2022-09-30 18:00:00,0.0
2022-09-30 19:00:00,0.0
2022-09-30 20:00:00,0.0
2022-09-30 21:00:00,0.0
2022-09-30 22:00:00,0.0
2022-09-30 23:00:00,0.0
2022-10-01 00:00:00,0.0
2022-10-01 01:00:00,0.0
2022-10-01 02:00:00,0.0
2022-10-01 03:00:00,0.0
2022-10-01 04:00:00,0.0
2022-10-01 05:00:00,0.0
2022-10-01 06:00:00,0.00029
2022-10-01 07:00:00,0.03364
2022-10-01 08:00:00,0.34819
2022-10-01 09:00:00,0.19603
2022-10-01 10:00:00,0.23904
2022-10-01 11:00:00,0.38668
2022-10-01 12:00:00,0.36673
2022-10-01 13:00:00,0.21487
2022-10-01 14:00:00,0.20398
2022-10-01 15:00:00,0.30243000000000003
2022-10-01 16:00:00,0.15175999999999998
2022-10-01 17:00:00,0.00594
2022-10-01 18:00:00,0.0
2022-10-01 19:00:00,0.0
2022-10-01 20:00:00,0.0
2022-10-01 21:00:00,0.0
2022-10-01 22:00:00,0.0
2022-10-01 23:00:00,0.0
2022-10-02 00:00:00,0.0
2022-10-02 01:00:00,0.0
2022-10-02 02:00:00,0.0
2022-10-02 03:00:00,0.0
2022-10-02 04:00:00,0.0
2022-10-02 05:00:00,0.0
2022-10-02 06:00:00,0.00608
2022-10-02 07:00:00,0.31486000000000003
2022-10-02 08:00:00,0.47383
2022-10-02 09:00:00,0.52012
2022-10-02 10:00:00,0.5878
2022-10-02 11:00:00,0.6386499999999999
2022-10-02 12:00:00,0.7149500000000001
2022-10-02 13:00:00,0.5710700000000001
2022-10-02 14:00:00,0.5149199999999999
2022-10-02 15:00:00,0.34222
2022-10-02 16:00:00,0.16053
2022-10-02 17:00:00,0.02214
2022-10-02 18:00:00,0.0
2022-10-02 19:00:00,0.0
2022-10-02 20:00:00,0.0
2022-10-02 21:00:00,0.0
2022-10-02 22:00:00,0.0
2022-10-02 23:00:00,0.0
2022-10-03 00:00:00,0.0
2022-10-03 01:00:00,0.0
2022-10-03 02:00:00,0.0
2022-10-03 03:00:00,0.0
2022-10-03 04:00:00,0.0
2022-10-03 05:00:00,0.0
2022-10-03 06:00:00,0.00066
2022-10-03 07:00:00,0.07476000000000001
2022-10-03 08:00:00,0.09737
2022-10-03 09:00:00,0.18834
2022-10-03 10:00:00,0.5307799999999999
2022-10-03 11:00:00,0.5235599999999999
2022-10-03 12:00:00,0.68876
2022-10-03 13:00:00,0.34532999999999997
2022-10-03 14:00:00,0.04877
2022-10-03 15:00:00,0.04836
2022-10-03 16:00:00,0.048549999999999996
2022-10-03 17:00:00,0.04887
2022-10-03 18:00:00,0.0
2022-10-03 19:00:00,0.0
2022-10-03 20:00:00,0.0
2022-10-03 21:00:00,0.0
2022-10-03 22:00:00,0.0
2022-10-03 23:00:00,0.0
2022-10-04 00:00:00,0.0
2022-10-04 01:00:00,0.0
2022-10-04 02:00:00,0.0
2022-10-04 03:00:00,0.0
2022-10-04 04:00:00,0.0
2022-10-04 05:00:00,0.0
2022-10-04 06:00:00,0.004940000000000001
2022-10-04 07:00:00,0.00882
2022-10-04 08:00:00,0.23748
2022-10-04 09:00:00,0.22782
2022-10-04 10:00:00,0.36906
2022-10-04 11:00:00,0.40317000000000003
2022-10-04 12:00:00,0.59756
2022-10-04 13:00:00,0.22152000000000002
2022-10-04 14:00:00,0.07132
2022-10-04 15:00:00,0.0313
2022-10-04 16:00:00,0.14827
2022-10-04 17:00:00,0.00328
2022-10-04 18:00:00,0.0
2022-10-04 19:00:00,0.0
2022-10-04 20:00:00,0.0
2022-10-04 21:00:00,0.0
2022-10-04 22:00:00,0.0
2022-10-04 23:00:00,0.0
2022-10-05 00:00:00,0.0
2022-10-05 01:00:00,0.0
2022-10-05 02:00:00,0.0
2022-10-05 03:00:00,0.0
2022-10-05 04:00:00,0.0
2022-10-05 05:00:00,0.0
2022-10-05 06:00:00,0.0
2022-10-05 07:00:00,0.09419
2022-10-05 08:00:00,0.55659
2022-10-05 09:00:00,0.66867
2022-10-05 10:00:00,0.7047899999999999
2022-10-05 11:00:00,0.76412
2022-10-05 12:00:00,0.7115
2022-10-05 13:00:00,0.64223
2022-10-05 14:00:00,0.53104
2022-10-05 15:00:00,0.35116
2022-10-05 16:00:00,0.16435
2022-10-05 17:00:00,0.05355
2022-10-05 18:00:00,0.0
2022-10-05 19:00:00,0.0
2022-10-05 20:00:00,0.0
2022-10-05 21:00:00,0.0
2022-10-05 22:00:00,0.0
2022-10-05 23:00:00,0.0
2022-10-06 00:00:00,0.0
2022-10-06 01:00:00,0.0
2022-10-06 02:00:00,0.0
2022-10-06 03:00:00,0.0
2022-10-06 04:00:00,0.0
2022-10-06 05:00:00,0.0
2022-10-06 06:00:00,0.01145
2022-10-06 07:00:00,0.16502
2022-10-06 08:00:00,0.5562999999999999
2022-10-06 09:00:00,0.4747
2022-10-06 10:00:00,0.30352999999999997
2022-10-06 11:00:00,0.52678
2022-10-06 12:00:00,0.62821
2022-10-06 13:00:00,0.53514
2022-10-06 14:00:00,0.41455000000000003
2022-10-06 15:00:00,0.29285
2022-10-06 16:00:00,0.16365000000000002
2022-10-06 17:00:00,0.04029
2022-10-06 18:00:00,0.0
2022-10-06 19:00:00,0.0
2022-10-06 20:00:00,0.0
2022-10-06 21:00:00,0.0
2022-10-06 22:00:00,0.0
2022-10-06 23:00:00,0.0
2022-10-07 00:00:00,0.0
2022-10-07 01:00:00,0.0
2022-10-07 02:00:00,0.0
2022-10-07 03:00:00,0.0
2022-10-07 04:00:00,0.0
2022-10-07 05:00:00,0.0
2022-10-07 06:00:00,0.0025499999999999997
2022-10-07 07:00:00,0.07636
2022-10-07 08:00:00,0.047490000000000004
2022-10-07 09:00:00,0.22857
2022-10-07 10:00:00,0.11539
2022-10-07 11:00:00,0.24669999999999997
2022-10-07 12:00:00,0.12746
2022-10-07 13:00:00,0.29841
2022-10-07 14:00:00,0.25093
2022-10-07 15:00:00,0.3405
2022-10-07 16:00:00,0.08911
2022-10-07 17:00:00,0.00321
2022-10-07 18:00:00,0.0
2022-10-07 19:00:00,0.0
2022-10-07 20:00:00,0.0
2022-10-07 21:00:00,0.0
2022-10-07 22:00:00,0.0
2022-10-07 23:00:00,0.0
2022-10-08 00:00:00,0.0
2022-10-08 01:00:00,0.0
2022-10-08 02:00:00,0.0
2022-10-08 03:00:00,0.0
2022-10-08 04:00:00,0.0
2022-10-08 05:00:00,0.0
2022-10-08 06:00:00,0.026
2022-10-08 07:00:00,0.34534
2022-10-08 08:00:00,0.5551799999999999
2022-10-08 09:00:00,0.68196
2022-10-08 10:00:00,0.79292
2022-10-08 11:00:00,0.48207
2022-10-08 12:00:00,0.50517
2022-10-08 13:00:00,0.5425800000000001
2022-10-08 14:00:00,0.25623
2022-10-08 15:00:00,0.35166000000000003
2022-10-08 16:00:00,0.16583
2022-10-08 17:00:00,0.00365
2022-10-08 18:00:00,0.0
2022-10-08 19:00:00,0.0
2022-10-08 20:00:00,0.0
2022-10-08 21:00:00,0.0
2022-10-08 22:00:00,0.0
2022-10-08 23:00:00,0.0
2022-10-09 00:00:00,0.0
2022-10-09 01:00:00,0.0
2022-10-09 02:00:00,0.0
2022-10-09 03:00:00,0.0
2022-10-09 04:00:00,0.0
2022-10-09 05:00:00,0.0
2022-10-09 06:00:00,0.06318
2022-10-09 07:00:00,0.344
2022-10-09 08:00:00,0.56651
2022-10-09 09:00:00,0.6389600000000001
2022-10-09 10:00:00,0.72009
2022-10-09 11:00:00,0.75582
2022-10-09 12:00:00,0.6191599999999999
2022-10-09 13:00:00,0.42732
2022-10-09 14:00:00,0.15152000000000002
2022-10-09 15:00:00,0.13149
2022-10-09 16:00:00,0.01758
2022-10-09 17:00:00,0.00376
2022-10-09 18:00:00,0.0
2022-10-09 19:00:00,0.0
2022-10-09 20:00:00,0.0
2022-10-09 21:00:00,0.0
2022-10-09 22:00:00,0.0
2022-10-09 23:00:00,0.0
2022-10-10 00:00:00,0.0
2022-10-10 01:00:00,0.0
2022-10-10 02:00:00,0.0
2022-10-10 03:00:00,0.0
2022-10-10 04:00:00,0.0
2022-10-10 05:00:00,0.0
2022-10-10 06:00:00,0.005809999999999999
2022-10-10 07:00:00,0.0399
2022-10-10 08:00:00,0.02851
2022-10-10 09:00:00,0.09976
2022-10-10 10:00:00,0.17749
2022-10-10 11:00:00,0.45931
2022-10-10 12:00:00,0.41268
2022-10-10 13:00:00,0.53227
2022-10-10 14:00:00,0.32661
2022-10-10 15:00:00,0.21962
2022-10-10 16:00:00,0.01693
2022-10-10 17:00:00,0.00376
2022-10-10 18:00:00,0.0
2022-10-10 19:00:00,0.0
2022-10-10 20:00:00,0.0
2022-10-10 21:00:00,0.0
2022-10-10 22:00:00,0.0
2022-10-10 23:00:00,0.0
2022-10-11 00:00:00,0.0
2022-10-11 01:00:00,0.0
2022-10-11 02:00:00,0.0
2022-10-11 03:00:00,0.0
2022-10-11 04:00:00,0.0
2022-10-11 05:00:00,0.0
2022-10-11 06:00:00,0.025589999999999998
2022-10-11 07:00:00,0.15405000000000002
2022-10-11 08:00:00,0.0
2022-10-11 09:00:00,0.69882
2022-10-11 10:00:00,0.78142
2022-10-11 11:00:00,0.48412
2022-10-11 12:00:00,0.7310800000000001
2022-10-11 13:00:00,0.60881
2022-10-11 14:00:00,0.49686
2022-10-11 15:00:00,0.32087
2022-10-11 16:00:00,0.07633
2022-10-11 17:00:00,0.0051600000000000005
2022-10-11 18:00:00,0.0
2022-10-11 19:00:00,0.0
2022-10-11 20:00:00,0.0
2022-10-11 21:00:00,0.0
2022-10-11 22:00:00,0.0
2022-10-11 23:00:00,0.0
2022-10-12 00:00:00,0.0
2022-10-12 01:00:00,0.0
2022-10-12 02:00:00,0.0
2022-10-12 03:00:00,0.0
2022-10-12 04:00:00,0.0
2022-10-12 05:00:00,0.0
2022-10-12 06:00:00,0.01877
2022-10-12 07:00:00,0.12663
2022-10-12 08:00:00,0.0
2022-10-12 09:00:00,0.46816
2022-10-12 10:00:00,0.77459
2022-10-12 11:00:00,0.80636
2022-10-12 12:00:00,0.7337
2022-10-12 13:00:00,0.68155
2022-10-12 14:00:00,0.5413300000000001
2022-10-12 15:00:00,0.35667000000000004
2022-10-12 16:00:00,0.16124000000000002
2022-10-12 17:00:00,0.03933
2022-10-12 18:00:00,0.0
2022-10-12 19:00:00,0.0
2022-10-12 20:00:00,0.0
2022-10-12 21:00:00,0.0
2022-10-12 22:00:00,0.0
2022-10-12 23:00:00,0.0
2022-10-13 00:00:00,0.0
2022-10-13 01:00:00,0.0
2022-10-13 02:00:00,0.0
2022-10-13 03:00:00,0.0
2022-10-13 04:00:00,0.0
2022-10-13 05:00:00,0.0
2022-10-13 06:00:00,0.02714
2022-10-13 07:00:00,0.10475
2022-10-13 08:00:00,0.46359
2022-10-13 09:00:00,0.70187
2022-10-13 10:00:00,0.73077
2022-10-13 11:00:00,0.8166599999999999
2022-10-13 12:00:00,0.78667
2022-10-13 13:00:00,0.68088
2022-10-13 14:00:00,0.5124099999999999
2022-10-13 15:00:00,0.34224
2022-10-13 16:00:00,0.16088999999999998
2022-10-13 17:00:00,0.02283
2022-10-13 18:00:00,0.0
2022-10-13 19:00:00,0.0
2022-10-13 20:00:00,0.0
2022-10-13 21:00:00,0.0
2022-10-13 22:00:00,0.0
2022-10-13 23:00:00,0.0
2022-10-14 00:00:00,0.0
2022-10-14 01:00:00,0.0
2022-10-14 02:00:00,0.0
2022-10-14 03:00:00,0.0
2022-10-14 04:00:00,0.0
2022-10-14 05:00:00,0.0
2022-10-14 06:00:00,0.09495999999999999
2022-10-14 07:00:00,0.36787000000000003
2022-10-14 08:00:00,0.57174
2022-10-14 09:00:00,0.7143400000000001
2022-10-14 10:00:00,0.77674
2022-10-14 11:00:00,0.79455
2022-10-14 12:00:00,0.75728
2022-10-14 13:00:00,0.63961
2022-10-14 14:00:00,0.49712
2022-10-14 15:00:00,0.30835
2022-10-14 16:00:00,0.10147
2022-10-14 17:00:00,0.04466
2022-10-14 18:00:00,0.0
2022-10-14 19:00:00,0.0
2022-10-14 20:00:00,0.0
2022-10-14 21:00:00,0.0
2022-10-14 22:00:00,0.0
2022-10-14 23:00:00,0.0
2022-10-15 00:00:00,0.0
2022-10-15 01:00:00,0.0
2022-10-15 02:00:00,0.0
2022-10-15 03:00:00,0.0
2022-10-15 04:00:00,0.0
2022-10-15 05:00:00,0.0
2022-10-15 06:00:00,0.09253
2022-10-15 07:00:00,0.37375
2022-10-15 08:00:00,0.58038
2022-10-15 09:00:00,0.7232799999999999
2022-10-15 10:00:00,0.7802899999999999
2022-10-15 11:00:00,0.78762
2022-10-15 12:00:00,0.7430599999999999
2022-10-15 13:00:00,0.60864
2022-10-15 14:00:00,0.35952
2022-10-15 15:00:00,0.28314
2022-10-15 16:00:00,0.02668
2022-10-15 17:00:00,0.00426
2022-10-15 18:00:00,0.0
2022-10-15 19:00:00,0.0
2022-10-15 20:00:00,0.0
2022-10-15 21:00:00,0.0
2022-10-15 22:00:00,0.0
2022-10-15 23:00:00,0.0
2022-10-16 00:00:00,0.0
2022-10-16 01:00:00,0.0
2022-10-16 02:00:00,0.0
2022-10-16 03:00:00,0.0
2022-10-16 04:00:00,0.0
2022-10-16 05:00:00,0.0
2022-10-16 06:00:00,0.06939000000000001
2022-10-16 07:00:00,0.26846
2022-10-16 08:00:00,0.31901999999999997
2022-10-16 09:00:00,0.27607
2022-10-16 10:00:00,0.49892000000000003
2022-10-16 11:00:00,0.67764
2022-10-16 12:00:00,0.50978
2022-10-16 13:00:00,0.55265
2022-10-16 14:00:00,0.48891
2022-10-16 15:00:00,0.31092000000000003
2022-10-16 16:00:00,0.15741999999999998
2022-10-16 17:00:00,0.04412
2022-10-16 18:00:00,0.0
2022-10-16 19:00:00,0.0
2022-10-16 20:00:00,0.0
2022-10-16 21:00:00,0.0
2022-10-16 22:00:00,0.0
2022-10-16 23:00:00,0.0
2022-10-17 00:00:00,0.0
2022-10-17 01:00:00,0.0
2022-10-17 02:00:00,0.0
2022-10-17 03:00:00,0.0
2022-10-17 04:00:00,0.0
2022-10-17 05:00:00,0.0
2022-10-17 06:00:00,0.0849
2022-10-17 07:00:00,0.28195
2022-10-17 08:00:00,0.5597300000000001
2022-10-17 09:00:00,0.70709
2022-10-17 10:00:00,0.75944
2022-10-17 11:00:00,0.77922
2022-10-17 12:00:00,0.72921
2022-10-17 13:00:00,0.49695
2022-10-17 14:00:00,0.37354000000000004
2022-10-17 15:00:00,0.17012
2022-10-17 16:00:00,0.14071
2022-10-17 17:00:00,0.00418
2022-10-17 18:00:00,0.0
2022-10-17 19:00:00,0.0
2022-10-17 20:00:00,0.0
2022-10-17 21:00:00,0.0
2022-10-17 22:00:00,0.0
2022-10-17 23:00:00,0.0
2022-10-18 00:00:00,0.0
2022-10-18 01:00:00,0.0
2022-10-18 02:00:00,0.0
2022-10-18 03:00:00,0.0
2022-10-18 04:00:00,0.0
2022-10-18 05:00:00,0.0
2022-10-18 06:00:00,0.00075
2022-10-18 07:00:00,0.3009
2022-10-18 08:00:00,0.54769
2022-10-18 09:00:00,0.51043
2022-10-18 10:00:00,0.66227
2022-10-18 11:00:00,0.42531
2022-10-18 12:00:00,0.39625
2022-10-18 13:00:00,0.41975
2022-10-18 14:00:00,0.12473999999999999
2022-10-18 15:00:00,0.032560000000000006
2022-10-18 16:00:00,0.15788
2022-10-18 17:00:00,0.00428
2022-10-18 18:00:00,0.0
2022-10-18 19:00:00,0.0
2022-10-18 20:00:00,0.0
2022-10-18 21:00:00,0.0
2022-10-18 22:00:00,0.0
2022-10-18 23:00:00,0.0
2022-10-19 00:00:00,0.0
2022-10-19 01:00:00,0.0
2022-10-19 02:00:00,0.0
2022-10-19 03:00:00,0.0
2022-10-19 04:00:00,0.0
2022-10-19 05:00:00,0.0
2022-10-19 06:00:00,0.05762
2022-10-19 07:00:00,0.027190000000000002
2022-10-19 08:00:00,0.037340000000000005
2022-10-19 09:00:00,0.05615
2022-10-19 10:00:00,0.1007
2022-10-19 11:00:00,0.07696
2022-10-19 12:00:00,0.10387
2022-10-19 13:00:00,0.08258
2022-10-19 14:00:00,0.04532
2022-10-19 15:00:00,0.03252
2022-10-19 16:00:00,0.0185
2022-10-19 17:00:00,0.0043
2022-10-19 18:00:00,0.0
2022-10-19 19:00:00,0.0
2022-10-19 20:00:00,0.0
2022-10-19 21:00:00,0.0
2022-10-19 22:00:00,0.0
2022-10-19 23:00:00,0.0
2022-10-20 00:00:00,0.0
2022-10-20 01:00:00,0.0
2022-10-20 02:00:00,0.0
2022-10-20 03:00:00,0.0
2022-10-20 04:00:00,0.0
2022-10-20 05:00:00,0.0
2022-10-20 06:00:00,0.10919
2022-10-20 07:00:00,0.37487
2022-10-20 08:00:00,0.58175
2022-10-20 09:00:00,0.72192
2022-10-20 10:00:00,0.78861
2022-10-20 11:00:00,0.80655
2022-10-20 12:00:00,0.6884
2022-10-20 13:00:00,0.6189600000000001
2022-10-20 14:00:00,0.52736
2022-10-20 15:00:00,0.33363
2022-10-20 16:00:00,0.16707
2022-10-20 17:00:00,0.061329999999999996
2022-10-20 18:00:00,0.0
2022-10-20 19:00:00,0.0
2022-10-20 20:00:00,0.0
2022-10-20 21:00:00,0.0
2022-10-20 22:00:00,0.0
2022-10-20 23:00:00,0.0
2022-10-21 00:00:00,0.0
2022-10-21 01:00:00,0.0
2022-10-21 02:00:00,0.0
2022-10-21 03:00:00,0.0
2022-10-21 04:00:00,0.0
2022-10-21 05:00:00,0.0
2022-10-21 06:00:00,0.00468
2022-10-21 07:00:00,0.01862
2022-10-21 08:00:00,0.027039999999999998
2022-10-21 09:00:00,0.06794
2022-10-21 10:00:00,0.23905
2022-10-21 11:00:00,0.35184
2022-10-21 12:00:00,0.09570999999999999
2022-10-21 13:00:00,0.41269
2022-10-21 14:00:00,0.12918000000000002
2022-10-21 15:00:00,0.12738
2022-10-21 16:00:00,0.05604
2022-10-21 17:00:00,0.00426
2022-10-21 18:00:00,0.0
2022-10-21 19:00:00,0.0
2022-10-21 20:00:00,0.0
2022-10-21 21:00:00,0.0
2022-10-21 22:00:00,0.0
2022-10-21 23:00:00,0.0
2022-10-22 00:00:00,0.0
2022-10-22 01:00:00,0.0
2022-10-22 02:00:00,0.0
2022-10-22 03:00:00,0.0
2022-10-22 04:00:00,0.0
2022-10-22 05:00:00,0.0
2022-10-22 06:00:00,0.04362
2022-10-22 07:00:00,0.14919
2022-10-22 08:00:00,0.19194999999999998
2022-10-22 09:00:00,0.37173
2022-10-22 10:00:00,0.16007
2022-10-22 11:00:00,0.49386
2022-10-22 12:00:00,0.70963
2022-10-22 13:00:00,0.66551
2022-10-22 14:00:00,0.49875
2022-10-22 15:00:00,0.33269
2022-10-22 16:00:00,0.16971
2022-10-22 17:00:00,0.06332
2022-10-22 18:00:00,0.0
2022-10-22 19:00:00,0.0
2022-10-22 20:00:00,0.0
2022-10-22 21:00:00,0.0
2022-10-22 22:00:00,0.0
2022-10-22 23:00:00,0.0
2022-10-23 00:00:00,0.0
2022-10-23 01:00:00,0.0
2022-10-23 02:00:00,0.0
2022-10-23 03:00:00,0.0
2022-10-23 04:00:00,0.0
2022-10-23 05:00:00,0.0
2022-10-23 06:00:00,0.11844
2022-10-23 07:00:00,0.38633
2022-10-23 08:00:00,0.5781799999999999
2022-10-23 09:00:00,0.70627
2022-10-23 10:00:00,0.7616799999999999
2022-10-23 11:00:00,0.68935
2022-10-23 12:00:00,0.68377
2022-10-23 13:00:00,0.58686
2022-10-23 14:00:00,0.50698
2022-10-23 15:00:00,0.35258
2022-10-23 16:00:00,0.08238
2022-10-23 17:00:00,0.00471
2022-10-23 18:00:00,0.0
2022-10-23 19:00:00,0.0
2022-10-23 20:00:00,0.0
2022-10-23 21:00:00,0.0
2022-10-23 22:00:00,0.0
2022-10-23 23:00:00,0.0
2022-10-24 00:00:00,0.0
2022-10-24 01:00:00,0.0
2022-10-24 02:00:00,0.0
2022-10-24 03:00:00,0.0
2022-10-24 04:00:00,0.0
2022-10-24 05:00:00,0.0
2022-10-24 06:00:00,0.02104
2022-10-24 07:00:00,0.07473
2022-10-24 08:00:00,0.36615
2022-10-24 09:00:00,0.31777999999999995
2022-10-24 10:00:00,0.58074
2022-10-24 11:00:00,0.57153
2022-10-24 12:00:00,0.71737
2022-10-24 13:00:00,0.62386
2022-10-24 14:00:00,0.12984
2022-10-24 15:00:00,0.08098000000000001
2022-10-24 16:00:00,0.16059
2022-10-24 17:00:00,0.00483
2022-10-24 18:00:00,0.0
2022-10-24 19:00:00,0.0
2022-10-24 20:00:00,0.0
2022-10-24 21:00:00,0.0
2022-10-24 22:00:00,0.0
2022-10-24 23:00:00,0.0
2022-10-25 00:00:00,0.0
2022-10-25 01:00:00,0.0
2022-10-25 02:00:00,0.0
2022-10-25 03:00:00,0.0
2022-10-25 04:00:00,0.0
2022-10-25 05:00:00,0.0
2022-10-25 06:00:00,0.04501
2022-10-25 07:00:00,0.38247000000000003
2022-10-25 08:00:00,0.57284
2022-10-25 09:00:00,0.69133
2022-10-25 10:00:00,0.74974
2022-10-25 11:00:00,0.74902
2022-10-25 12:00:00,0.75199
2022-10-25 13:00:00,0.6654800000000001
2022-10-25 14:00:00,0.5581799999999999
2022-10-25 15:00:00,0.05149
2022-10-25 16:00:00,0.15875
2022-10-25 17:00:00,0.05062
2022-10-25 18:00:00,0.0
2022-10-25 19:00:00,0.0
2022-10-25 20:00:00,0.0
2022-10-25 21:00:00,0.0
2022-10-25 22:00:00,0.0
2022-10-25 23:00:00,0.0
2022-10-26 00:00:00,0.0
2022-10-26 01:00:00,0.0
2022-10-26 02:00:00,0.0
2022-10-26 03:00:00,0.0
2022-10-26 04:00:00,0.0
2022-10-26 05:00:00,0.0
2022-10-26 06:00:00,0.12428
2022-10-26 07:00:00,0.38385
2022-10-26 08:00:00,0.57404
2022-10-26 09:00:00,0.7081799999999999
2022-10-26 10:00:00,0.78524
2022-10-26 11:00:00,0.78206
2022-10-26 12:00:00,0.78446
2022-10-26 13:00:00,0.66151
2022-10-26 14:00:00,0.53277
2022-10-26 15:00:00,0.35611000000000004
2022-10-26 16:00:00,0.14038
2022-10-26 17:00:00,0.0489
2022-10-26 18:00:00,0.0
2022-10-26 19:00:00,0.0
2022-10-26 20:00:00,0.0
2022-10-26 21:00:00,0.0
2022-10-26 22:00:00,0.0
2022-10-26 23:00:00,0.0
2022-10-27 00:00:00,0.0
2022-10-27 01:00:00,0.0
2022-10-27 02:00:00,0.0
2022-10-27 03:00:00,0.0
2022-10-27 04:00:00,0.0
2022-10-27 05:00:00,0.0
2022-10-27 06:00:00,0.12201999999999999
2022-10-27 07:00:00,0.36895999999999995
2022-10-27 08:00:00,0.56772
2022-10-27 09:00:00,0.69777
2022-10-27 10:00:00,0.71653
2022-10-27 11:00:00,0.6936599999999999
2022-10-27 12:00:00,0.74217
2022-10-27 13:00:00,0.64016
2022-10-27 14:00:00,0.53053
2022-10-27 15:00:00,0.11469
2022-10-27 16:00:00,0.14068
2022-10-27 17:00:00,0.05364
2022-10-27 18:00:00,0.0
2022-10-27 19:00:00,0.0
2022-10-27 20:00:00,0.0
2022-10-27 21:00:00,0.0
2022-10-27 22:00:00,0.0
2022-10-27 23:00:00,0.0
2022-10-28 00:00:00,0.0
2022-10-28 01:00:00,0.0
2022-10-28 02:00:00,0.0
2022-10-28 03:00:00,0.0
2022-10-28 04:00:00,0.0
2022-10-28 05:00:00,0.0
2022-10-28 06:00:00,0.1093
2022-10-28 07:00:00,0.13835
2022-10-28 08:00:00,0.32199
2022-10-28 09:00:00,0.6682400000000001
2022-10-28 10:00:00,0.7041499999999999
2022-10-28 11:00:00,0.27869
2022-10-28 12:00:00,0.36508999999999997
2022-10-28 13:00:00,0.62246
2022-10-28 14:00:00,0.49535
2022-10-28 15:00:00,0.09176000000000001
2022-10-28 16:00:00,0.16833
2022-10-28 17:00:00,0.004730000000000001
2022-10-28 18:00:00,0.0
2022-10-28 19:00:00,0.0
2022-10-28 20:00:00,0.0
2022-10-28 21:00:00,0.0
2022-10-28 22:00:00,0.0
2022-10-28 23:00:00,0.0
2022-10-29 00:00:00,0.0
2022-10-29 01:00:00,0.0
2022-10-29 02:00:00,0.0
2022-10-29 03:00:00,0.0
2022-10-29 04:00:00,0.0
2022-10-29 05:00:00,0.0
2022-10-29 06:00:00,0.11668
2022-10-29 07:00:00,0.34027999999999997
2022-10-29 08:00:00,0.37547
2022-10-29 09:00:00,0.6625
2022-10-29 10:00:00,0.74388
2022-10-29 11:00:00,0.75852
2022-10-29 12:00:00,0.7400399999999999
2022-10-29 13:00:00,0.63862
2022-10-29 14:00:00,0.534
2022-10-29 15:00:00,0.34223000000000003
2022-10-29 16:00:00,0.0844
2022-10-29 17:00:00,0.0051600000000000005
2022-10-29 18:00:00,0.0
2022-10-29 19:00:00,0.0
2022-10-29 20:00:00,0.0
2022-10-29 21:00:00,0.0
2022-10-29 22:00:00,0.0
2022-10-29 23:00:00,0.0
2022-10-30 00:00:00,0.0
2022-10-30 01:00:00,0.0
2022-10-30 02:00:00,0.0
2022-10-30 03:00:00,0.0
2022-10-30 04:00:00,0.0
2022-10-30 05:00:00,0.0
2022-10-30 06:00:00,0.01873
2022-10-30 07:00:00,0.13090000000000002
2022-10-30 08:00:00,0.50791
2022-10-30 09:00:00,0.67984
2022-10-30 10:00:00,0.75989
2022-10-30 11:00:00,0.75119
2022-10-30 12:00:00,0.63524
2022-10-30 13:00:00,0.60036
2022-10-30 14:00:00,0.46892
2022-10-30 15:00:00,0.34595
2022-10-30 16:00:00,0.09068000000000001
2022-10-30 17:00:00,0.06620000000000001
2022-10-30 18:00:00,0.0
2022-10-30 19:00:00,0.0
2022-10-30 20:00:00,0.0
2022-10-30 21:00:00,0.0
2022-10-30 22:00:00,0.0
2022-10-30 23:00:00,0.0
2022-10-31 00:00:00,0.0
2022-10-31 01:00:00,0.0
2022-10-31 02:00:00,0.0
2022-10-31 03:00:00,0.0
2022-10-31 04:00:00,0.0
2022-10-31 05:00:00,0.0
2022-10-31 06:00:00,0.048659999999999995
2022-10-31 07:00:00,0.054700000000000006
2022-10-31 08:00:00,0.07227
2022-10-31 09:00:00,0.08424
2022-10-31 10:00:00,0.12994
2022-10-31 11:00:00,0.19843
2022-10-31 12:00:00,0.47787
2022-10-31 13:00:00,0.05428
2022-10-31 14:00:00,0.056409999999999995
2022-10-31 15:00:00,0.08947
2022-10-31 16:00:00,0.1524
2022-10-31 17:00:00,0.00528
2022-10-31 18:00:00,0.0
2022-10-31 19:00:00,0.0
2022-10-31 20:00:00,0.0
2022-10-31 21:00:00,0.0
2022-10-31 22:00:00,0.0
2022-10-31 23:00:00,0.0
2022-11-01 00:00:00,0.0
2022-11-01 01:00:00,0.0
2022-11-01 02:00:00,0.0
2022-11-01 03:00:00,0.0
2022-11-01 04:00:00,0.0
2022-11-01 05:00:00,0.0
2022-11-01 06:00:00,0.00161
2022-11-01 07:00:00,0.031030000000000002
2022-11-01 08:00:00,0.07046
2022-11-01 09:00:00,0.35710000000000003
2022-11-01 10:00:00,0.19268000000000002
2022-11-01 11:00:00,0.27551
2022-11-01 12:00:00,0.27901
2022-11-01 13:00:00,0.36392
2022-11-01 14:00:00,0.33587
2022-11-01 15:00:00,0.15697999999999998
2022-11-01 16:00:00,0.02089
2022-11-01 17:00:00,0.00604
2022-11-01 18:00:00,0.0
2022-11-01 19:00:00,0.0
2022-11-01 20:00:00,0.0
2022-11-01 21:00:00,0.0
2022-11-01 22:00:00,0.0
2022-11-01 23:00:00,0.0
2022-11-02 00:00:00,0.0
2022-11-02 01:00:00,0.0
2022-11-02 02:00:00,0.0
2022-11-02 03:00:00,0.0
2022-11-02 04:00:00,0.0
2022-11-02 05:00:00,0.0
2022-11-02 06:00:00,0.009699999999999999
2022-11-02 07:00:00,0.05775
2022-11-02 08:00:00,0.10762000000000001
2022-11-02 09:00:00,0.32677
2022-11-02 10:00:00,0.24343
2022-11-02 11:00:00,0.36988
2022-11-02 12:00:00,0.21891999999999998
2022-11-02 13:00:00,0.25908
2022-11-02 14:00:00,0.12418000000000001
2022-11-02 15:00:00,0.07073
2022-11-02 16:00:00,0.02145
2022-11-02 17:00:00,0.00621
2022-11-02 18:00:00,0.0
2022-11-02 19:00:00,0.0
2022-11-02 20:00:00,0.0
2022-11-02 21:00:00,0.0
2022-11-02 22:00:00,0.0
2022-11-02 23:00:00,0.0
2022-11-03 00:00:00,0.0
2022-11-03 01:00:00,0.0
2022-11-03 02:00:00,0.0
2022-11-03 03:00:00,0.0
2022-11-03 04:00:00,0.0
2022-11-03 05:00:00,0.0
2022-11-03 06:00:00,0.04227
2022-11-03 07:00:00,0.21931
2022-11-03 08:00:00,0.42863999999999997
2022-11-03 09:00:00,0.52637
2022-11-03 10:00:00,0.74346
2022-11-03 11:00:00,0.51464
2022-11-03 12:00:00,0.39677999999999997
2022-11-03 13:00:00,0.40734
2022-11-03 14:00:00,0.30955
2022-11-03 15:00:00,0.32319
2022-11-03 16:00:00,0.06818
2022-11-03 17:00:00,0.00679
2022-11-03 18:00:00,0.0
2022-11-03 19:00:00,0.0
2022-11-03 20:00:00,0.0
2022-11-03 21:00:00,0.0
2022-11-03 22:00:00,0.0
2022-11-03 23:00:00,0.0
2022-11-04 00:00:00,0.0
2022-11-04 01:00:00,0.0
2022-11-04 02:00:00,0.0
2022-11-04 03:00:00,0.0
2022-11-04 04:00:00,0.0
2022-11-04 05:00:00,0.0
2022-11-04 06:00:00,0.11006
2022-11-04 07:00:00,0.24808000000000002
2022-11-04 08:00:00,0.58602
2022-11-04 09:00:00,0.75381
2022-11-04 10:00:00,0.79213
2022-11-04 11:00:00,0.7574500000000001
2022-11-04 12:00:00,0.80048
2022-11-04 13:00:00,0.6386900000000001
2022-11-04 14:00:00,0.5438500000000001
2022-11-04 15:00:00,0.36642
2022-11-04 16:00:00,0.16875
2022-11-04 17:00:00,0.07594
2022-11-04 18:00:00,0.0
2022-11-04 19:00:00,0.0
2022-11-04 20:00:00,0.0
2022-11-04 21:00:00,0.0
2022-11-04 22:00:00,0.0
2022-11-04 23:00:00,0.0
2022-11-05 00:00:00,0.0
2022-11-05 01:00:00,0.0
2022-11-05 02:00:00,0.0
2022-11-05 03:00:00,0.0
2022-11-05 04:00:00,0.0
2022-11-05 05:00:00,0.0
2022-11-05 06:00:00,0.0655
2022-11-05 07:00:00,0.31117
2022-11-05 08:00:00,0.6039
2022-11-05 09:00:00,0.72484
2022-11-05 10:00:00,0.78613
2022-11-05 11:00:00,0.78228
2022-11-05 12:00:00,0.76725
2022-11-05 13:00:00,0.69838
2022-11-05 14:00:00,0.5512
2022-11-05 15:00:00,0.34148
2022-11-05 16:00:00,0.18488
2022-11-05 17:00:00,0.07043
2022-11-05 18:00:00,0.0
2022-11-05 19:00:00,0.0
2022-11-05 20:00:00,0.0
2022-11-05 21:00:00,0.0
2022-11-05 22:00:00,0.0
2022-11-05 23:00:00,0.0
2022-11-06 00:00:00,0.0
2022-11-06 01:00:00,0.0
2022-11-06 02:00:00,0.0
2022-11-06 03:00:00,0.0
2022-11-06 04:00:00,0.0
2022-11-06 05:00:00,0.0
2022-11-06 06:00:00,0.084
2022-11-06 07:00:00,0.26143
2022-11-06 08:00:00,0.20645
2022-11-06 09:00:00,0.61676
2022-11-06 10:00:00,0.339
2022-11-06 11:00:00,0.55636
2022-11-06 12:00:00,0.61522
2022-11-06 13:00:00,0.62164
2022-11-06 14:00:00,0.5082300000000001
2022-11-06 15:00:00,0.16284
2022-11-06 16:00:00,0.02152
2022-11-06 17:00:00,0.00661
2022-11-06 18:00:00,0.0
2022-11-06 19:00:00,0.0
2022-11-06 20:00:00,0.0
2022-11-06 21:00:00,0.0
2022-11-06 22:00:00,0.0
2022-11-06 23:00:00,0.0
2022-11-07 00:00:00,0.0
2022-11-07 01:00:00,0.0
2022-11-07 02:00:00,0.0
2022-11-07 03:00:00,0.0
2022-11-07 04:00:00,0.0
2022-11-07 05:00:00,0.0
2022-11-07 06:00:00,0.009689999999999999
2022-11-07 07:00:00,0.14067
2022-11-07 08:00:00,0.0881
2022-11-07 09:00:00,0.26985000000000003
2022-11-07 10:00:00,0.20368
2022-11-07 11:00:00,0.36508999999999997
2022-11-07 12:00:00,0.45459
2022-11-07 13:00:00,0.32668
2022-11-07 14:00:00,0.23558
2022-11-07 15:00:00,0.07354000000000001
2022-11-07 16:00:00,0.14994
2022-11-07 17:00:00,0.06351
2022-11-07 18:00:00,0.0
2022-11-07 19:00:00,0.0
2022-11-07 20:00:00,0.0
2022-11-07 21:00:00,0.0
2022-11-07 22:00:00,0.0
2022-11-07 23:00:00,0.0
2022-11-08 00:00:00,0.0
2022-11-08 01:00:00,0.0
2022-11-08 02:00:00,0.0
2022-11-08 03:00:00,0.0
2022-11-08 04:00:00,0.0
2022-11-08 05:00:00,0.0
2022-11-08 06:00:00,0.05785
2022-11-08 07:00:00,0.26142000000000004
2022-11-08 08:00:00,0.062189999999999995
2022-11-08 09:00:00,0.09043999999999999
2022-11-08 10:00:00,0.60299
2022-11-08 11:00:00,0.36137
2022-11-08 12:00:00,0.5979800000000001
2022-11-08 13:00:00,0.42905
2022-11-08 14:00:00,0.06699
2022-11-08 15:00:00,0.04697
2022-11-08 16:00:00,0.11342
2022-11-08 17:00:00,0.00709
2022-11-08 18:00:00,0.0
2022-11-08 19:00:00,0.0
2022-11-08 20:00:00,0.0
2022-11-08 21:00:00,0.0
2022-11-08 22:00:00,0.0
2022-11-08 23:00:00,0.0
2022-11-09 00:00:00,0.0
2022-11-09 01:00:00,0.0
2022-11-09 02:00:00,0.0
2022-11-09 03:00:00,0.0
2022-11-09 04:00:00,0.0
2022-11-09 05:00:00,0.0
2022-11-09 06:00:00,0.04001
2022-11-09 07:00:00,0.02307
2022-11-09 08:00:00,0.046090000000000006
2022-11-09 09:00:00,0.11821
2022-11-09 10:00:00,0.167
2022-11-09 11:00:00,0.2009
2022-11-09 12:00:00,0.23981
2022-11-09 13:00:00,0.20401
2022-11-09 14:00:00,0.19804
2022-11-09 15:00:00,0.35678
2022-11-09 16:00:00,0.18241
2022-11-09 17:00:00,0.00993
2022-11-09 18:00:00,0.0
2022-11-09 19:00:00,0.0
2022-11-09 20:00:00,0.0
2022-11-09 21:00:00,0.0
2022-11-09 22:00:00,0.0
2022-11-09 23:00:00,0.0
2022-11-10 00:00:00,0.0
2022-11-10 01:00:00,0.0
2022-11-10 02:00:00,0.0
2022-11-10 03:00:00,0.0
2022-11-10 04:00:00,0.0
2022-11-10 05:00:00,0.0
2022-11-10 06:00:00,0.05684
2022-11-10 07:00:00,0.24328
2022-11-10 08:00:00,0.37285
2022-11-10 09:00:00,0.45018
2022-11-10 10:00:00,0.58531
2022-11-10 11:00:00,0.70024
2022-11-10 12:00:00,0.7150299999999999
2022-11-10 13:00:00,0.61871
2022-11-10 14:00:00,0.37289
2022-11-10 15:00:00,0.33936
2022-11-10 16:00:00,0.15609
2022-11-10 17:00:00,0.06679
2022-11-10 18:00:00,0.0
2022-11-10 19:00:00,0.0
2022-11-10 20:00:00,0.0
2022-11-10 21:00:00,0.0
2022-11-10 22:00:00,0.0
2022-11-10 23:00:00,0.0
2022-11-11 00:00:00,0.0
2022-11-11 01:00:00,0.0
2022-11-11 02:00:00,0.0
2022-11-11 03:00:00,0.0
2022-11-11 04:00:00,0.0
2022-11-11 05:00:00,0.0
2022-11-11 06:00:00,0.14374
2022-11-11 07:00:00,0.37213999999999997
2022-11-11 08:00:00,0.53612
2022-11-11 09:00:00,0.65731
2022-11-11 10:00:00,0.7296699999999999
2022-11-11 11:00:00,0.66162
2022-11-11 12:00:00,0.65832
2022-11-11 13:00:00,0.56028
2022-11-11 14:00:00,0.35792
2022-11-11 15:00:00,0.15734
2022-11-11 16:00:00,0.03347
2022-11-11 17:00:00,0.006860000000000001
2022-11-11 18:00:00,0.0
2022-11-11 19:00:00,0.0
2022-11-11 20:00:00,0.0
2022-11-11 21:00:00,0.0
2022-11-11 22:00:00,0.0
2022-11-11 23:00:00,0.0
2022-11-12 00:00:00,0.0
2022-11-12 01:00:00,0.0
2022-11-12 02:00:00,0.0
2022-11-12 03:00:00,0.0
2022-11-12 04:00:00,0.0
2022-11-12 05:00:00,0.0
2022-11-12 06:00:00,0.05242
2022-11-12 07:00:00,0.37894
2022-11-12 08:00:00,0.55971
2022-11-12 09:00:00,0.48269
2022-11-12 10:00:00,0.56635
2022-11-12 11:00:00,0.67962
2022-11-12 12:00:00,0.70684
2022-11-12 13:00:00,0.66413
2022-11-12 14:00:00,0.53207
2022-11-12 15:00:00,0.35464
2022-11-12 16:00:00,0.16479
2022-11-12 17:00:00,0.07728
2022-11-12 18:00:00,0.0
2022-11-12 19:00:00,0.0
2022-11-12 20:00:00,0.0
2022-11-12 21:00:00,0.0
2022-11-12 22:00:00,0.0
2022-11-12 23:00:00,0.0
2022-11-13 00:00:00,0.0
2022-11-13 01:00:00,0.0
2022-11-13 02:00:00,0.0
2022-11-13 03:00:00,0.0
2022-11-13 04:00:00,0.0
2022-11-13 05:00:00,0.0
2022-11-13 06:00:00,0.15371
2022-11-13 07:00:00,0.33083999999999997
2022-11-13 08:00:00,0.5228700000000001
2022-11-13 09:00:00,0.6952999999999999
2022-11-13 10:00:00,0.61815
2022-11-13 11:00:00,0.72926
2022-11-13 12:00:00,0.6835
2022-11-13 13:00:00,0.63424
2022-11-13 14:00:00,0.5241399999999999
2022-11-13 15:00:00,0.35169
2022-11-13 16:00:00,0.16084
2022-11-13 17:00:00,0.00732
2022-11-13 18:00:00,0.0
2022-11-13 19:00:00,0.0
2022-11-13 20:00:00,0.0
2022-11-13 21:00:00,0.0
2022-11-13 22:00:00,0.0
2022-11-13 23:00:00,0.0
2022-11-14 00:00:00,0.0
2022-11-14 01:00:00,0.0
2022-11-14 02:00:00,0.0
2022-11-14 03:00:00,0.0
2022-11-14 04:00:00,0.0
2022-11-14 05:00:00,0.0
2022-11-14 06:00:00,0.00579
2022-11-14 07:00:00,0.054560000000000004
2022-11-14 08:00:00,0.051789999999999996
2022-11-14 09:00:00,0.28808
2022-11-14 10:00:00,0.5551200000000001
2022-11-14 11:00:00,0.5936
2022-11-14 12:00:00,0.36952999999999997
2022-11-14 13:00:00,0.32001999999999997
2022-11-14 14:00:00,0.41519
2022-11-14 15:00:00,0.23576
2022-11-14 16:00:00,0.10247
2022-11-14 17:00:00,0.07662000000000001
2022-11-14 18:00:00,0.0
2022-11-14 19:00:00,0.0
2022-11-14 20:00:00,0.0
2022-11-14 21:00:00,0.0
2022-11-14 22:00:00,0.0
2022-11-14 23:00:00,0.0
2022-11-15 00:00:00,0.0
2022-11-15 01:00:00,0.0
2022-11-15 02:00:00,0.0
2022-11-15 03:00:00,0.0
2022-11-15 04:00:00,0.0
2022-11-15 05:00:00,0.0
2022-11-15 06:00:00,0.03473
2022-11-15 07:00:00,0.05017
2022-11-15 08:00:00,0.25196
2022-11-15 09:00:00,0.46701
2022-11-15 10:00:00,0.47617000000000004
2022-11-15 11:00:00,0.36576
2022-11-15 12:00:00,0.62162
2022-11-15 13:00:00,0.58282
2022-11-15 14:00:00,0.07858
2022-11-15 15:00:00,0.32143
2022-11-15 16:00:00,0.08042
2022-11-15 17:00:00,0.03084
2022-11-15 18:00:00,0.0
2022-11-15 19:00:00,0.0
2022-11-15 20:00:00,0.0
2022-11-15 21:00:00,0.0
2022-11-15 22:00:00,0.0
2022-11-15 23:00:00,0.0
2022-11-16 00:00:00,0.0
2022-11-16 01:00:00,0.0
2022-11-16 02:00:00,0.0
2022-11-16 03:00:00,0.0
2022-11-16 04:00:00,0.0
2022-11-16 05:00:00,0.0
2022-11-16 06:00:00,0.00309
2022-11-16 07:00:00,0.16958
2022-11-16 08:00:00,0.33899
2022-11-16 09:00:00,0.4234
2022-11-16 10:00:00,0.62139
2022-11-16 11:00:00,0.77722
2022-11-16 12:00:00,0.53415
2022-11-16 13:00:00,0.58875
2022-11-16 14:00:00,0.47289
2022-11-16 15:00:00,0.32639999999999997
2022-11-16 16:00:00,0.16535
2022-11-16 17:00:00,0.0076
2022-11-16 18:00:00,0.0
2022-11-16 19:00:00,0.0
2022-11-16 20:00:00,0.0
2022-11-16 21:00:00,0.0
2022-11-16 22:00:00,0.0
2022-11-16 23:00:00,0.0
2022-11-17 00:00:00,0.0
2022-11-17 01:00:00,0.0
2022-11-17 02:00:00,0.0
2022-11-17 03:00:00,0.0
2022-11-17 04:00:00,0.0
2022-11-17 05:00:00,0.0
2022-11-17 06:00:00,0.15512
2022-11-17 07:00:00,0.39022
2022-11-17 08:00:00,0.58299
2022-11-17 09:00:00,0.7096
2022-11-17 10:00:00,0.7867799999999999
2022-11-17 11:00:00,0.8155800000000001
2022-11-17 12:00:00,0.78359
2022-11-17 13:00:00,0.68455
2022-11-17 14:00:00,0.51893
2022-11-17 15:00:00,0.36005000000000004
2022-11-17 16:00:00,0.14822
2022-11-17 17:00:00,0.04603
2022-11-17 18:00:00,0.0
2022-11-17 19:00:00,0.0
2022-11-17 20:00:00,0.0
2022-11-17 21:00:00,0.0
2022-11-17 22:00:00,0.0
2022-11-17 23:00:00,0.0
2022-11-18 00:00:00,0.0
2022-11-18 01:00:00,0.0
2022-11-18 02:00:00,0.0
2022-11-18 03:00:00,0.0
2022-11-18 04:00:00,0.0
2022-11-18 05:00:00,0.0
2022-11-18 06:00:00,0.15243
2022-11-18 07:00:00,0.39221
2022-11-18 08:00:00,0.5831900000000001
2022-11-18 09:00:00,0.70824
2022-11-18 10:00:00,0.6472
2022-11-18 11:00:00,0.74712
2022-11-18 12:00:00,0.7770199999999999
2022-11-18 13:00:00,0.66715
2022-11-18 14:00:00,0.50737
2022-11-18 15:00:00,0.36397
2022-11-18 16:00:00,0.15958
2022-11-18 17:00:00,0.08195000000000001
2022-11-18 18:00:00,0.0
2022-11-18 19:00:00,0.0
2022-11-18 20:00:00,0.0
2022-11-18 21:00:00,0.0
2022-11-18 22:00:00,0.0
2022-11-18 23:00:00,0.0
2022-11-19 00:00:00,0.0
2022-11-19 01:00:00,0.0
2022-11-19 02:00:00,0.0
2022-11-19 03:00:00,0.0
2022-11-19 04:00:00,0.0
2022-11-19 05:00:00,0.0
2022-11-19 06:00:00,0.10585
2022-11-19 07:00:00,0.38111
2022-11-19 08:00:00,0.45122
2022-11-19 09:00:00,0.6892999999999999
2022-11-19 10:00:00,0.7563
2022-11-19 11:00:00,0.77646
2022-11-19 12:00:00,0.75842
2022-11-19 13:00:00,0.6427999999999999
2022-11-19 14:00:00,0.5186000000000001
2022-11-19 15:00:00,0.36479
2022-11-19 16:00:00,0.1536
2022-11-19 17:00:00,0.08649
2022-11-19 18:00:00,0.0
2022-11-19 19:00:00,0.0
2022-11-19 20:00:00,0.0
2022-11-19 21:00:00,0.0
2022-11-19 22:00:00,0.0
2022-11-19 23:00:00,0.0
2022-11-20 00:00:00,0.0
2022-11-20 01:00:00,0.0
2022-11-20 02:00:00,0.0
2022-11-20 03:00:00,0.0
2022-11-20 04:00:00,0.0
2022-11-20 05:00:00,0.0
2022-11-20 06:00:00,0.0254
2022-11-20 07:00:00,0.37487
2022-11-20 08:00:00,0.55961
2022-11-20 09:00:00,0.6184
2022-11-20 10:00:00,0.6882999999999999
2022-11-20 11:00:00,0.6614800000000001
2022-11-20 12:00:00,0.6718500000000001
2022-11-20 13:00:00,0.54391
2022-11-20 14:00:00,0.06387
2022-11-20 15:00:00,0.24032
2022-11-20 16:00:00,0.17514
2022-11-20 17:00:00,0.02423
2022-11-20 18:00:00,0.0
2022-11-20 19:00:00,0.0
2022-11-20 20:00:00,0.0
2022-11-20 21:00:00,0.0
2022-11-20 22:00:00,0.0
2022-11-20 23:00:00,0.0
2022-11-21 00:00:00,0.0
2022-11-21 01:00:00,0.0
2022-11-21 02:00:00,0.0
2022-11-21 03:00:00,0.0
2022-11-21 04:00:00,0.0
2022-11-21 05:00:00,0.0
2022-11-21 06:00:00,0.13651
2022-11-21 07:00:00,0.36033
2022-11-21 08:00:00,0.55069
2022-11-21 09:00:00,0.67584
2022-11-21 10:00:00,0.7504400000000001
2022-11-21 11:00:00,0.77227
2022-11-21 12:00:00,0.7397400000000001
2022-11-21 13:00:00,0.67527
2022-11-21 14:00:00,0.49821
2022-11-21 15:00:00,0.21002
2022-11-21 16:00:00,0.18621000000000001
2022-11-21 17:00:00,0.0079
2022-11-21 18:00:00,0.00796
2022-11-21 19:00:00,0.0
2022-11-21 20:00:00,0.0
2022-11-21 21:00:00,0.0
2022-11-21 22:00:00,0.0
2022-11-21 23:00:00,0.0
2022-11-22 00:00:00,0.0
2022-11-22 01:00:00,0.0
2022-11-22 02:00:00,0.0
2022-11-22 03:00:00,0.0
2022-11-22 04:00:00,0.0
2022-11-22 05:00:00,0.0
2022-11-22 06:00:00,0.10673
2022-11-22 07:00:00,0.24161000000000002
2022-11-22 08:00:00,0.5581499999999999
2022-11-22 09:00:00,0.68925
2022-11-22 10:00:00,0.69456
2022-11-22 11:00:00,0.75271
2022-11-22 12:00:00,0.6225700000000001
2022-11-22 13:00:00,0.59817
2022-11-22 14:00:00,0.49224
2022-11-22 15:00:00,0.34798
2022-11-22 16:00:00,0.18915
2022-11-22 17:00:00,0.08608
2022-11-22 18:00:00,0.0
2022-11-22 19:00:00,0.0
2022-11-22 20:00:00,0.0
2022-11-22 21:00:00,0.0
2022-11-22 22:00:00,0.0
2022-11-22 23:00:00,0.0
2022-11-23 00:00:00,0.0
2022-11-23 01:00:00,0.0
2022-11-23 02:00:00,0.0
2022-11-23 03:00:00,0.0
2022-11-23 04:00:00,0.0
2022-11-23 05:00:00,0.0
2022-11-23 06:00:00,0.028030000000000003
2022-11-23 07:00:00,0.07409
2022-11-23 08:00:00,0.13943
2022-11-23 09:00:00,0.1407
2022-11-23 10:00:00,0.16935
2022-11-23 11:00:00,0.19916999999999999
2022-11-23 12:00:00,0.20703
2022-11-23 13:00:00,0.17359
2022-11-23 14:00:00,0.12429000000000001
2022-11-23 15:00:00,0.22786
2022-11-23 16:00:00,0.18287
2022-11-23 17:00:00,0.02266
2022-11-23 18:00:00,0.0
2022-11-23 19:00:00,0.0
2022-11-23 20:00:00,0.0
2022-11-23 21:00:00,0.0
2022-11-23 22:00:00,0.0
2022-11-23 23:00:00,0.0
2022-11-24 00:00:00,0.0
2022-11-24 01:00:00,0.0
2022-11-24 02:00:00,0.0
2022-11-24 03:00:00,0.0
2022-11-24 04:00:00,0.0
2022-11-24 05:00:00,0.0
2022-11-24 06:00:00,0.00945
2022-11-24 07:00:00,0.036770000000000004
2022-11-24 08:00:00,0.08188
2022-11-24 09:00:00,0.18087
2022-11-24 10:00:00,0.30352999999999997
2022-11-24 11:00:00,0.28448
2022-11-24 12:00:00,0.35525
2022-11-24 13:00:00,0.6393099999999999
2022-11-24 14:00:00,0.54802
2022-11-24 15:00:00,0.36989
2022-11-24 16:00:00,0.18533000000000002
2022-11-24 17:00:00,0.046740000000000004
2022-11-24 18:00:00,0.0038
2022-11-24 19:00:00,0.0
2022-11-24 20:00:00,0.0
2022-11-24 21:00:00,0.0
2022-11-24 22:00:00,0.0
2022-11-24 23:00:00,0.0
2022-11-25 00:00:00,0.0
2022-11-25 01:00:00,0.0
2022-11-25 02:00:00,0.0
2022-11-25 03:00:00,0.0
2022-11-25 04:00:00,0.0
2022-11-25 05:00:00,0.0
2022-11-25 06:00:00,0.13655
2022-11-25 07:00:00,0.35266000000000003
2022-11-25 08:00:00,0.54057
2022-11-25 09:00:00,0.69026
2022-11-25 10:00:00,0.7483200000000001
2022-11-25 11:00:00,0.7948500000000001
2022-11-25 12:00:00,0.69465
2022-11-25 13:00:00,0.35237
2022-11-25 14:00:00,0.0854
2022-11-25 15:00:00,0.09969
2022-11-25 16:00:00,0.02637
2022-11-25 17:00:00,0.00886
2022-11-25 18:00:00,0.0
2022-11-25 19:00:00,0.0
2022-11-25 20:00:00,0.0
2022-11-25 21:00:00,0.0
2022-11-25 22:00:00,0.0
2022-11-25 23:00:00,0.0
2022-11-26 00:00:00,0.0
2022-11-26 01:00:00,0.0
2022-11-26 02:00:00,0.0
2022-11-26 03:00:00,0.0
2022-11-26 04:00:00,0.0
2022-11-26 05:00:00,0.0
2022-11-26 06:00:00,0.02422
2022-11-26 07:00:00,0.26865
2022-11-26 08:00:00,0.54914
2022-11-26 09:00:00,0.66585
2022-11-26 10:00:00,0.60354
2022-11-26 11:00:00,0.42268
2022-11-26 12:00:00,0.46212000000000003
2022-11-26 13:00:00,0.55245
2022-11-26 14:00:00,0.37394
2022-11-26 15:00:00,0.33025
2022-11-26 16:00:00,0.06324
2022-11-26 17:00:00,0.00882
2022-11-26 18:00:00,0.0
2022-11-26 19:00:00,0.0
2022-11-26 20:00:00,0.0
2022-11-26 21:00:00,0.0
2022-11-26 22:00:00,0.0
2022-11-26 23:00:00,0.0
2022-11-27 00:00:00,0.0
2022-11-27 01:00:00,0.0
2022-11-27 02:00:00,0.0
2022-11-27 03:00:00,0.0
2022-11-27 04:00:00,0.0
2022-11-27 05:00:00,0.0
2022-11-27 06:00:00,0.13747
2022-11-27 07:00:00,0.36822000000000005
2022-11-27 08:00:00,0.55423
2022-11-27 09:00:00,0.67461
2022-11-27 10:00:00,0.75014
2022-11-27 11:00:00,0.78138
2022-11-27 12:00:00,0.72841
2022-11-27 13:00:00,0.64228
2022-11-27 14:00:00,0.48729
2022-11-27 15:00:00,0.33973000000000003
2022-11-27 16:00:00,0.14567
2022-11-27 17:00:00,0.08305
2022-11-27 18:00:00,0.00993
2022-11-27 19:00:00,0.0
2022-11-27 20:00:00,0.0
2022-11-27 21:00:00,0.0
2022-11-27 22:00:00,0.0
2022-11-27 23:00:00,0.0
2022-11-28 00:00:00,0.0
2022-11-28 01:00:00,0.0
2022-11-28 02:00:00,0.0
2022-11-28 03:00:00,0.0
2022-11-28 04:00:00,0.0
2022-11-28 05:00:00,0.0
2022-11-28 06:00:00,0.06909
2022-11-28 07:00:00,0.20768
2022-11-28 08:00:00,0.3573
2022-11-28 09:00:00,0.66443
2022-11-28 10:00:00,0.72049
2022-11-28 11:00:00,0.6640499999999999
2022-11-28 12:00:00,0.44833
2022-11-28 13:00:00,0.34057
2022-11-28 14:00:00,0.05089
2022-11-28 15:00:00,0.03822
2022-11-28 16:00:00,0.041659999999999996
2022-11-28 17:00:00,0.00883
2022-11-28 18:00:00,0.0
2022-11-28 19:00:00,0.0
2022-11-28 20:00:00,0.0
2022-11-28 21:00:00,0.0
2022-11-28 22:00:00,0.0
2022-11-28 23:00:00,0.0
2022-11-29 00:00:00,0.0
2022-11-29 01:00:00,0.0
2022-11-29 02:00:00,0.0
2022-11-29 03:00:00,0.0
2022-11-29 04:00:00,0.0
2022-11-29 05:00:00,0.0
2022-11-29 06:00:00,0.07103
2022-11-29 07:00:00,0.23745
2022-11-29 08:00:00,0.40496
2022-11-29 09:00:00,0.45503
2022-11-29 10:00:00,0.7067899999999999
2022-11-29 11:00:00,0.7147899999999999
2022-11-29 12:00:00,0.62778
2022-11-29 13:00:00,0.49274
2022-11-29 14:00:00,0.37949
2022-11-29 15:00:00,0.10139
2022-11-29 16:00:00,0.023940000000000003
2022-11-29 17:00:00,0.00933
2022-11-29 18:00:00,0.0
2022-11-29 19:00:00,0.0
2022-11-29 20:00:00,0.0
2022-11-29 21:00:00,0.0
2022-11-29 22:00:00,0.0
2022-11-29 23:00:00,0.0
2022-11-30 00:00:00,0.0
2022-11-30 01:00:00,0.0
2022-11-30 02:00:00,0.0
2022-11-30 03:00:00,0.0
2022-11-30 04:00:00,0.0
2022-11-30 05:00:00,0.0
2022-11-30 06:00:00,0.06977
2022-11-30 07:00:00,0.25196
2022-11-30 08:00:00,0.47694
2022-11-30 09:00:00,0.31524
2022-11-30 10:00:00,0.2271
2022-11-30 11:00:00,0.65691
2022-11-30 12:00:00,0.36834
2022-11-30 13:00:00,0.19619
2022-11-30 14:00:00,0.40578
2022-11-30 15:00:00,0.35317000000000004
2022-11-30 16:00:00,0.19637000000000002
2022-11-30 17:00:00,0.01167
2022-11-30 18:00:00,0.0
2022-11-30 19:00:00,0.0
2022-11-30 20:00:00,0.0
2022-11-30 21:00:00,0.0
2022-11-30 22:00:00,0.0
2022-11-30 23:00:00,0.0
2022-12-01 00:00:00,0.0
2022-12-01 01:00:00,0.0
2022-12-01 02:00:00,0.0
2022-12-01 03:00:00,0.0
2022-12-01 04:00:00,0.0
2022-12-01 05:00:00,0.0
2022-12-01 06:00:00,0.01137
2022-12-01 07:00:00,0.07689
2022-12-01 08:00:00,0.30393000000000003
2022-12-01 09:00:00,0.29521
2022-12-01 10:00:00,0.15936
2022-12-01 11:00:00,0.41708
2022-12-01 12:00:00,0.6796
2022-12-01 13:00:00,0.5457000000000001
2022-12-01 14:00:00,0.48483
2022-12-01 15:00:00,0.30763
2022-12-01 16:00:00,0.02438
2022-12-01 17:00:00,0.0092
2022-12-01 18:00:00,0.0
2022-12-01 19:00:00,0.0
2022-12-01 20:00:00,0.0
2022-12-01 21:00:00,0.0
2022-12-01 22:00:00,0.0
2022-12-01 23:00:00,0.0
2022-12-02 00:00:00,0.0
2022-12-02 01:00:00,0.0
2022-12-02 02:00:00,0.0
2022-12-02 03:00:00,0.0
2022-12-02 04:00:00,0.0
2022-12-02 05:00:00,0.0
2022-12-02 06:00:00,0.04999
2022-12-02 07:00:00,0.19931000000000001
2022-12-02 08:00:00,0.44789999999999996
2022-12-02 09:00:00,0.54465
2022-12-02 10:00:00,0.58921
2022-12-02 11:00:00,0.6896
2022-12-02 12:00:00,0.58198
2022-12-02 13:00:00,0.45049
2022-12-02 14:00:00,0.441
2022-12-02 15:00:00,0.35101
2022-12-02 16:00:00,0.19309
2022-12-02 17:00:00,0.05525
2022-12-02 18:00:00,0.0
2022-12-02 19:00:00,0.0
2022-12-02 20:00:00,0.0
2022-12-02 21:00:00,0.0
2022-12-02 22:00:00,0.0
2022-12-02 23:00:00,0.0
2022-12-03 00:00:00,0.0
2022-12-03 01:00:00,0.0
2022-12-03 02:00:00,0.0
2022-12-03 03:00:00,0.0
2022-12-03 04:00:00,0.0
2022-12-03 05:00:00,0.0
2022-12-03 06:00:00,0.047909999999999994
2022-12-03 07:00:00,0.02488
2022-12-03 08:00:00,0.20281
2022-12-03 09:00:00,0.42481
2022-12-03 10:00:00,0.29538
2022-12-03 11:00:00,0.49838
2022-12-03 12:00:00,0.45794
2022-12-03 13:00:00,0.51166
2022-12-03 14:00:00,0.22163
2022-12-03 15:00:00,0.04328
2022-12-03 16:00:00,0.02447
2022-12-03 17:00:00,0.00932
2022-12-03 18:00:00,0.0
2022-12-03 19:00:00,0.0
2022-12-03 20:00:00,0.0
2022-12-03 21:00:00,0.0
2022-12-03 22:00:00,0.0
2022-12-03 23:00:00,0.0
2022-12-04 00:00:00,0.0
2022-12-04 01:00:00,0.0
2022-12-04 02:00:00,0.0
2022-12-04 03:00:00,0.0
2022-12-04 04:00:00,0.0
2022-12-04 05:00:00,0.0
2022-12-04 06:00:00,0.00464
2022-12-04 07:00:00,0.03523
2022-12-04 08:00:00,0.05632
2022-12-04 09:00:00,0.12551
2022-12-04 10:00:00,0.14308
2022-12-04 11:00:00,0.15827000000000002
2022-12-04 12:00:00,0.35848
2022-12-04 13:00:00,0.45988
2022-12-04 14:00:00,0.28308999999999995
2022-12-04 15:00:00,0.18087999999999999
2022-12-04 16:00:00,0.030359999999999998
2022-12-04 17:00:00,0.00992
2022-12-04 18:00:00,0.0
2022-12-04 19:00:00,0.0
2022-12-04 20:00:00,0.0
2022-12-04 21:00:00,0.0
2022-12-04 22:00:00,0.0
2022-12-04 23:00:00,0.0
2022-12-05 00:00:00,0.0
2022-12-05 01:00:00,0.0
2022-12-05 02:00:00,0.0
2022-12-05 03:00:00,0.0
2022-12-05 04:00:00,0.0
2022-12-05 05:00:00,0.0
2022-12-05 06:00:00,0.01459
2022-12-05 07:00:00,0.05518
2022-12-05 08:00:00,0.07398
2022-12-05 09:00:00,0.17493999999999998
2022-12-05 10:00:00,0.21943000000000001
2022-12-05 11:00:00,0.21399
2022-12-05 12:00:00,0.21838999999999997
2022-12-05 13:00:00,0.32756
2022-12-05 14:00:00,0.24477000000000002
2022-12-05 15:00:00,0.17924
2022-12-05 16:00:00,0.024730000000000002
2022-12-05 17:00:00,0.009970000000000001
2022-12-05 18:00:00,0.0
2022-12-05 19:00:00,0.0
2022-12-05 20:00:00,0.0
2022-12-05 21:00:00,0.0
2022-12-05 22:00:00,0.0
2022-12-05 23:00:00,0.0
2022-12-06 00:00:00,0.0
2022-12-06 01:00:00,0.0
2022-12-06 02:00:00,0.0
2022-12-06 03:00:00,0.0
2022-12-06 04:00:00,0.0
2022-12-06 05:00:00,0.0
2022-12-06 06:00:00,0.00256
2022-12-06 07:00:00,0.04221
2022-12-06 08:00:00,0.08118
2022-12-06 09:00:00,0.09792000000000001
2022-12-06 10:00:00,0.0707
2022-12-06 11:00:00,0.11611
2022-12-06 12:00:00,0.11699
2022-12-06 13:00:00,0.27526999999999996
2022-12-06 14:00:00,0.20779
2022-12-06 15:00:00,0.07690000000000001
2022-12-06 16:00:00,0.0249
2022-12-06 17:00:00,0.01002
2022-12-06 18:00:00,0.0
2022-12-06 19:00:00,0.0
2022-12-06 20:00:00,0.0
2022-12-06 21:00:00,0.0
2022-12-06 22:00:00,0.0
2022-12-06 23:00:00,0.0
2022-12-07 00:00:00,0.0
2022-12-07 01:00:00,0.0
2022-12-07 02:00:00,0.0
2022-12-07 03:00:00,0.0
2022-12-07 04:00:00,0.0
2022-12-07 05:00:00,0.0
2022-12-07 06:00:00,0.059969999999999996
2022-12-07 07:00:00,0.06444
2022-12-07 08:00:00,0.14455
2022-12-07 09:00:00,0.05079
2022-12-07 10:00:00,0.10759
2022-12-07 11:00:00,0.12093000000000001
2022-12-07 12:00:00,0.12369
2022-12-07 13:00:00,0.26322
2022-12-07 14:00:00,0.08947
2022-12-07 15:00:00,0.36513
2022-12-07 16:00:00,0.02523
2022-12-07 17:00:00,0.05458
2022-12-07 18:00:00,0.016309999999999998
2022-12-07 19:00:00,0.0
2022-12-07 20:00:00,0.0
2022-12-07 21:00:00,0.0
2022-12-07 22:00:00,0.0
2022-12-07 23:00:00,0.0
2022-12-08 00:00:00,0.0
2022-12-08 01:00:00,0.0
2022-12-08 02:00:00,0.0
2022-12-08 03:00:00,0.0
2022-12-08 04:00:00,0.0
2022-12-08 05:00:00,0.0
2022-12-08 06:00:00,0.06723
2022-12-08 07:00:00,0.32364
2022-12-08 08:00:00,0.53542
2022-12-08 09:00:00,0.64573
2022-12-08 10:00:00,0.70178
2022-12-08 11:00:00,0.76867
2022-12-08 12:00:00,0.7453200000000001
2022-12-08 13:00:00,0.6936
2022-12-08 14:00:00,0.55643
2022-12-08 15:00:00,0.37349
2022-12-08 16:00:00,0.18386000000000002
2022-12-08 17:00:00,0.06039
2022-12-08 18:00:00,0.00023
2022-12-08 19:00:00,0.0
2022-12-08 20:00:00,0.0
2022-12-08 21:00:00,0.0
2022-12-08 22:00:00,0.0
2022-12-08 23:00:00,0.0
2022-12-09 00:00:00,0.0
2022-12-09 01:00:00,0.0
2022-12-09 02:00:00,0.0
2022-12-09 03:00:00,0.0
2022-12-09 04:00:00,0.0
2022-12-09 05:00:00,0.0
2022-12-09 06:00:00,0.13543
2022-12-09 07:00:00,0.36561
2022-12-09 08:00:00,0.5507000000000001
2022-12-09 09:00:00,0.67195
2022-12-09 10:00:00,0.75874
2022-12-09 11:00:00,0.7765700000000001
2022-12-09 12:00:00,0.7518400000000001
2022-12-09 13:00:00,0.68377
2022-12-09 14:00:00,0.5592
2022-12-09 15:00:00,0.384
2022-12-09 16:00:00,0.16435
2022-12-09 17:00:00,0.0492
2022-12-09 18:00:00,0.0158
2022-12-09 19:00:00,0.0
2022-12-09 20:00:00,0.0
2022-12-09 21:00:00,0.0
2022-12-09 22:00:00,0.0
2022-12-09 23:00:00,0.0
2022-12-10 00:00:00,0.0
2022-12-10 01:00:00,0.0
2022-12-10 02:00:00,0.0
2022-12-10 03:00:00,0.0
2022-12-10 04:00:00,0.0
2022-12-10 05:00:00,0.0
2022-12-10 06:00:00,0.12526
2022-12-10 07:00:00,0.35136
2022-12-10 08:00:00,0.49476
2022-12-10 09:00:00,0.67063
2022-12-10 10:00:00,0.7549
2022-12-10 11:00:00,0.7702899999999999
2022-12-10 12:00:00,0.74363
2022-12-10 13:00:00,0.6622
2022-12-10 14:00:00,0.5328099999999999
2022-12-10 15:00:00,0.36872000000000005
2022-12-10 16:00:00,0.16504
2022-12-10 17:00:00,0.05625
2022-12-10 18:00:00,0.00411
2022-12-10 19:00:00,0.0
2022-12-10 20:00:00,0.0
2022-12-10 21:00:00,0.0
2022-12-10 22:00:00,0.0
2022-12-10 23:00:00,0.0
2022-12-11 00:00:00,0.0
2022-12-11 01:00:00,0.0
2022-12-11 02:00:00,0.0
2022-12-11 03:00:00,0.0
2022-12-11 04:00:00,0.0
2022-12-11 05:00:00,0.0
2022-12-11 06:00:00,0.01863
2022-12-11 07:00:00,0.03484
2022-12-11 08:00:00,0.31692000000000004
2022-12-11 09:00:00,0.58024
2022-12-11 10:00:00,0.68602
2022-12-11 11:00:00,0.651
2022-12-11 12:00:00,0.66196
2022-12-11 13:00:00,0.64093
2022-12-11 14:00:00,0.20138
2022-12-11 15:00:00,0.24403999999999998
2022-12-11 16:00:00,0.20506
2022-12-11 17:00:00,0.08374
2022-12-11 18:00:00,0.00023
2022-12-11 19:00:00,0.0
2022-12-11 20:00:00,0.0
2022-12-11 21:00:00,0.0
2022-12-11 22:00:00,0.0
2022-12-11 23:00:00,0.0
2022-12-12 00:00:00,0.0
2022-12-12 01:00:00,0.0
2022-12-12 02:00:00,0.0
2022-12-12 03:00:00,0.0
2022-12-12 04:00:00,0.0
2022-12-12 05:00:00,0.0
2022-12-12 06:00:00,0.04269
2022-12-12 07:00:00,0.18418
2022-12-12 08:00:00,0.12541
2022-12-12 09:00:00,0.11034000000000001
2022-12-12 10:00:00,0.21219
2022-12-12 11:00:00,0.37094
2022-12-12 12:00:00,0.66712
2022-12-12 13:00:00,0.43386
2022-12-12 14:00:00,0.42002999999999996
2022-12-12 15:00:00,0.18178
2022-12-12 16:00:00,0.04014
2022-12-12 17:00:00,0.01034
2022-12-12 18:00:00,0.00023999999999999998
2022-12-12 19:00:00,0.0
2022-12-12 20:00:00,0.0
2022-12-12 21:00:00,0.0
2022-12-12 22:00:00,0.0
2022-12-12 23:00:00,0.0
2022-12-13 00:00:00,0.0
2022-12-13 01:00:00,0.0
2022-12-13 02:00:00,0.0
2022-12-13 03:00:00,0.0
2022-12-13 04:00:00,0.0
2022-12-13 05:00:00,0.0
2022-12-13 06:00:00,0.06509999999999999
2022-12-13 07:00:00,0.20256
2022-12-13 08:00:00,0.06240999999999999
2022-12-13 09:00:00,0.08879000000000001
2022-12-13 10:00:00,0.054369999999999995
2022-12-13 11:00:00,0.11148000000000001
2022-12-13 12:00:00,0.09226999999999999
2022-12-13 13:00:00,0.11692
2022-12-13 14:00:00,0.48298
2022-12-13 15:00:00,0.17331
2022-12-13 16:00:00,0.09495
2022-12-13 17:00:00,0.0106
2022-12-13 18:00:00,0.00026000000000000003
2022-12-13 19:00:00,0.0
2022-12-13 20:00:00,0.0
2022-12-13 21:00:00,0.0
2022-12-13 22:00:00,0.0
2022-12-13 23:00:00,0.0
2022-12-14 00:00:00,0.0
2022-12-14 01:00:00,0.0
2022-12-14 02:00:00,0.0
2022-12-14 03:00:00,0.0
2022-12-14 04:00:00,0.0
2022-12-14 05:00:00,0.0
2022-12-14 06:00:00,0.12346
2022-12-14 07:00:00,0.35882
2022-12-14 08:00:00,0.5540900000000001
2022-12-14 09:00:00,0.68655
2022-12-14 10:00:00,0.7718400000000001
2022-12-14 11:00:00,0.79303
2022-12-14 12:00:00,0.7649199999999999
2022-12-14 13:00:00,0.68471
2022-12-14 14:00:00,0.51766
2022-12-14 15:00:00,0.37886000000000003
2022-12-14 16:00:00,0.18946000000000002
2022-12-14 17:00:00,0.05123
2022-12-14 18:00:00,0.01882
2022-12-14 19:00:00,0.0
2022-12-14 20:00:00,0.0
2022-12-14 21:00:00,0.0
2022-12-14 22:00:00,0.0
2022-12-14 23:00:00,0.0
2022-12-15 00:00:00,0.0
2022-12-15 01:00:00,0.0
2022-12-15 02:00:00,0.0
2022-12-15 03:00:00,0.0
2022-12-15 04:00:00,0.0
2022-12-15 05:00:00,0.0
2022-12-15 06:00:00,0.06075
2022-12-15 07:00:00,0.35169
2022-12-15 08:00:00,0.5302
2022-12-15 09:00:00,0.65624
2022-12-15 10:00:00,0.7331
2022-12-15 11:00:00,0.74514
2022-12-15 12:00:00,0.6972200000000001
2022-12-15 13:00:00,0.63359
2022-12-15 14:00:00,0.51593
2022-12-15 15:00:00,0.38293
2022-12-15 16:00:00,0.19556
2022-12-15 17:00:00,0.07837000000000001
2022-12-15 18:00:00,0.02137
2022-12-15 19:00:00,0.0
2022-12-15 20:00:00,0.0
2022-12-15 21:00:00,0.0
2022-12-15 22:00:00,0.0
2022-12-15 23:00:00,0.0
2022-12-16 00:00:00,0.0
2022-12-16 01:00:00,0.0
2022-12-16 02:00:00,0.0
2022-12-16 03:00:00,0.0
2022-12-16 04:00:00,0.0
2022-12-16 05:00:00,0.0
2022-12-16 06:00:00,0.01948
2022-12-16 07:00:00,0.16508
2022-12-16 08:00:00,0.13704
2022-12-16 09:00:00,0.39018
2022-12-16 10:00:00,0.2747
2022-12-16 11:00:00,0.5919800000000001
2022-12-16 12:00:00,0.63314
2022-12-16 13:00:00,0.63222
2022-12-16 14:00:00,0.50422
2022-12-16 15:00:00,0.07484
2022-12-16 16:00:00,0.046200000000000005
2022-12-16 17:00:00,0.011689999999999999
2022-12-16 18:00:00,0.02017
2022-12-16 19:00:00,0.0
2022-12-16 20:00:00,0.0
2022-12-16 21:00:00,0.0
2022-12-16 22:00:00,0.0
2022-12-16 23:00:00,0.0
2022-12-17 00:00:00,0.0
2022-12-17 01:00:00,0.0
2022-12-17 02:00:00,0.0
2022-12-17 03:00:00,0.0
2022-12-17 04:00:00,0.0
2022-12-17 05:00:00,0.0
2022-12-17 06:00:00,0.0694
2022-12-17 07:00:00,0.18056999999999998
2022-12-17 08:00:00,0.14632
2022-12-17 09:00:00,0.21061000000000002
2022-12-17 10:00:00,0.64351
2022-12-17 11:00:00,0.65853
2022-12-17 12:00:00,0.59864
2022-12-17 13:00:00,0.65052
2022-12-17 14:00:00,0.50244
2022-12-17 15:00:00,0.29173000000000004
2022-12-17 16:00:00,0.17114
2022-12-17 17:00:00,0.09819
2022-12-17 18:00:00,0.01823
2022-12-17 19:00:00,0.0
2022-12-17 20:00:00,0.0
2022-12-17 21:00:00,0.0
2022-12-17 22:00:00,0.0
2022-12-17 23:00:00,0.0
2022-12-18 00:00:00,0.0
2022-12-18 01:00:00,0.0
2022-12-18 02:00:00,0.0
2022-12-18 03:00:00,0.0
2022-12-18 04:00:00,0.0
2022-12-18 05:00:00,0.0
2022-12-18 06:00:00,0.11658
2022-12-18 07:00:00,0.33799
2022-12-18 08:00:00,0.5351
2022-12-18 09:00:00,0.658
2022-12-18 10:00:00,0.6195
2022-12-18 11:00:00,0.60581
2022-12-18 12:00:00,0.59375
2022-12-18 13:00:00,0.5689
2022-12-18 14:00:00,0.34632999999999997
2022-12-18 15:00:00,0.36733
2022-12-18 16:00:00,0.19493000000000002
2022-12-18 17:00:00,0.09043000000000001
2022-12-18 18:00:00,0.02709
2022-12-18 19:00:00,0.0
2022-12-18 20:00:00,0.0
2022-12-18 21:00:00,0.0
2022-12-18 22:00:00,0.0
2022-12-18 23:00:00,0.0
2022-12-19 00:00:00,0.0
2022-12-19 01:00:00,0.0
2022-12-19 02:00:00,0.0
2022-12-19 03:00:00,0.0
2022-12-19 04:00:00,0.0
2022-12-19 05:00:00,0.0
2022-12-19 06:00:00,0.0523
2022-12-19 07:00:00,0.05557
2022-12-19 08:00:00,0.14719
2022-12-19 09:00:00,0.26326
2022-12-19 10:00:00,0.30668
2022-12-19 11:00:00,0.23422
2022-12-19 12:00:00,0.21373
2022-12-19 13:00:00,0.17416
2022-12-19 14:00:00,0.13484000000000002
2022-12-19 15:00:00,0.09498000000000001
2022-12-19 16:00:00,0.027
2022-12-19 17:00:00,0.011869999999999999
2022-12-19 18:00:00,0.00063
2022-12-19 19:00:00,0.0
2022-12-19 20:00:00,0.0
2022-12-19 21:00:00,0.0
2022-12-19 22:00:00,0.0
2022-12-19 23:00:00,0.0
2022-12-20 00:00:00,0.0
2022-12-20 01:00:00,0.0
2022-12-20 02:00:00,0.0
2022-12-20 03:00:00,0.0
2022-12-20 04:00:00,0.0
2022-12-20 05:00:00,0.0
2022-12-20 06:00:00,0.046509999999999996
2022-12-20 07:00:00,0.11481
2022-12-20 08:00:00,0.10254
2022-12-20 09:00:00,0.18296
2022-12-20 10:00:00,0.18485
2022-12-20 11:00:00,0.20534
2022-12-20 12:00:00,0.33917
2022-12-20 13:00:00,0.37603
2022-12-20 14:00:00,0.07931999999999999
2022-12-20 15:00:00,0.07381
2022-12-20 16:00:00,0.03736
2022-12-20 17:00:00,0.01253
2022-12-20 18:00:00,0.00063
2022-12-20 19:00:00,0.0
2022-12-20 20:00:00,0.0
2022-12-20 21:00:00,0.0
2022-12-20 22:00:00,0.0
2022-12-20 23:00:00,0.0
2022-12-21 00:00:00,0.0
2022-12-21 01:00:00,0.0
2022-12-21 02:00:00,0.0
2022-12-21 03:00:00,0.0
2022-12-21 04:00:00,0.0
2022-12-21 05:00:00,0.0
2022-12-21 06:00:00,0.10284
2022-12-21 07:00:00,0.31671
2022-12-21 08:00:00,0.51648
2022-12-21 09:00:00,0.61534
2022-12-21 10:00:00,0.64726
2022-12-21 11:00:00,0.7120700000000001
2022-12-21 12:00:00,0.7406200000000001
2022-12-21 13:00:00,0.6271100000000001
2022-12-21 14:00:00,0.5384500000000001
2022-12-21 15:00:00,0.39391000000000004
2022-12-21 16:00:00,0.21949000000000002
2022-12-21 17:00:00,0.024239999999999998
2022-12-21 18:00:00,0.00103
2022-12-21 19:00:00,0.0
2022-12-21 20:00:00,0.0
2022-12-21 21:00:00,0.0
2022-12-21 22:00:00,0.0
2022-12-21 23:00:00,0.0
2022-12-22 00:00:00,0.0
2022-12-22 01:00:00,0.0
2022-12-22 02:00:00,0.0
2022-12-22 03:00:00,0.0
2022-12-22 04:00:00,0.0
2022-12-22 05:00:00,0.0
2022-12-22 06:00:00,0.09731999999999999
2022-12-22 07:00:00,0.26756
2022-12-22 08:00:00,0.32511
2022-12-22 09:00:00,0.47394
2022-12-22 10:00:00,0.63309
2022-12-22 11:00:00,0.72761
2022-12-22 12:00:00,0.74229
2022-12-22 13:00:00,0.22703
2022-12-22 14:00:00,0.10008
2022-12-22 15:00:00,0.046340000000000006
2022-12-22 16:00:00,0.07536
2022-12-22 17:00:00,0.03382
2022-12-22 18:00:00,0.00103
2022-12-22 19:00:00,0.0
2022-12-22 20:00:00,0.0
2022-12-22 21:00:00,0.0
2022-12-22 22:00:00,0.0
2022-12-22 23:00:00,0.0
2022-12-23 00:00:00,0.0
2022-12-23 01:00:00,0.0
2022-12-23 02:00:00,0.0
2022-12-23 03:00:00,0.0
2022-12-23 04:00:00,0.0
2022-12-23 05:00:00,0.0
2022-12-23 06:00:00,0.10798
2022-12-23 07:00:00,0.33544999999999997
2022-12-23 08:00:00,0.5336799999999999
2022-12-23 09:00:00,0.53062
2022-12-23 10:00:00,0.70121
2022-12-23 11:00:00,0.7440599999999999
2022-12-23 12:00:00,0.71949
2022-12-23 13:00:00,0.60238
2022-12-23 14:00:00,0.50903
2022-12-23 15:00:00,0.36727
2022-12-23 16:00:00,0.031219999999999998
2022-12-23 17:00:00,0.05025
2022-12-23 18:00:00,0.00102
2022-12-23 19:00:00,0.0
2022-12-23 20:00:00,0.0
2022-12-23 21:00:00,0.0
2022-12-23 22:00:00,0.0
2022-12-23 23:00:00,0.0
2022-12-24 00:00:00,0.0
2022-12-24 01:00:00,0.0
2022-12-24 02:00:00,0.0
2022-12-24 03:00:00,0.0
2022-12-24 04:00:00,0.0
2022-12-24 05:00:00,0.0
2022-12-24 06:00:00,0.10254
2022-12-24 07:00:00,0.33264
2022-12-24 08:00:00,0.5280499999999999
2022-12-24 09:00:00,0.65903
2022-12-24 10:00:00,0.62587
2022-12-24 11:00:00,0.54702
2022-12-24 12:00:00,0.6714600000000001
2022-12-24 13:00:00,0.60282
2022-12-24 14:00:00,0.50232
2022-12-24 15:00:00,0.3604
2022-12-24 16:00:00,0.20765
2022-12-24 17:00:00,0.04072
2022-12-24 18:00:00,0.0229
2022-12-24 19:00:00,0.0
2022-12-24 20:00:00,0.0
2022-12-24 21:00:00,0.0
2022-12-24 22:00:00,0.0
2022-12-24 23:00:00,0.0
2022-12-25 00:00:00,0.0
2022-12-25 01:00:00,0.0
2022-12-25 02:00:00,0.0
2022-12-25 03:00:00,0.0
2022-12-25 04:00:00,0.0
2022-12-25 05:00:00,0.0
2022-12-25 06:00:00,0.10072
2022-12-25 07:00:00,0.32397000000000004
2022-12-25 08:00:00,0.51709
2022-12-25 09:00:00,0.65227
2022-12-25 10:00:00,0.56076
2022-12-25 11:00:00,0.5638500000000001
2022-12-25 12:00:00,0.5901799999999999
2022-12-25 13:00:00,0.595
2022-12-25 14:00:00,0.49352999999999997
2022-12-25 15:00:00,0.37257
2022-12-25 16:00:00,0.20058
2022-12-25 17:00:00,0.047810000000000005
2022-12-25 18:00:00,0.00099
2022-12-25 19:00:00,0.0
2022-12-25 20:00:00,0.0
2022-12-25 21:00:00,0.0
2022-12-25 22:00:00,0.0
2022-12-25 23:00:00,0.0
2022-12-26 00:00:00,0.0
2022-12-26 01:00:00,0.0
2022-12-26 02:00:00,0.0
2022-12-26 03:00:00,0.0
2022-12-26 04:00:00,0.0
2022-12-26 05:00:00,0.0
2022-12-26 06:00:00,0.00636
2022-12-26 07:00:00,0.038299999999999994
2022-12-26 08:00:00,0.05584
2022-12-26 09:00:00,0.13807
2022-12-26 10:00:00,0.13879
2022-12-26 11:00:00,0.19481
2022-12-26 12:00:00,0.13416
2022-12-26 13:00:00,0.14209
2022-12-26 14:00:00,0.2954
2022-12-26 15:00:00,0.24509999999999998
2022-12-26 16:00:00,0.08765
2022-12-26 17:00:00,0.01311
2022-12-26 18:00:00,0.00101
2022-12-26 19:00:00,0.0
2022-12-26 20:00:00,0.0
2022-12-26 21:00:00,0.0
2022-12-26 22:00:00,0.0
2022-12-26 23:00:00,0.0
2022-12-27 00:00:00,0.0
2022-12-27 01:00:00,0.0
2022-12-27 02:00:00,0.0
2022-12-27 03:00:00,0.0
2022-12-27 04:00:00,0.0
2022-12-27 05:00:00,0.0
2022-12-27 06:00:00,0.00357
2022-12-27 07:00:00,0.06548999999999999
2022-12-27 08:00:00,0.07251
2022-12-27 09:00:00,0.08738
2022-12-27 10:00:00,0.12003
2022-12-27 11:00:00,0.37654000000000004
2022-12-27 12:00:00,0.23483
2022-12-27 13:00:00,0.33804
2022-12-27 14:00:00,0.36952999999999997
2022-12-27 15:00:00,0.27068000000000003
2022-12-27 16:00:00,0.16986
2022-12-27 17:00:00,0.10962000000000001
2022-12-27 18:00:00,0.001
2022-12-27 19:00:00,0.0
2022-12-27 20:00:00,0.0
2022-12-27 21:00:00,0.0
2022-12-27 22:00:00,0.0
2022-12-27 23:00:00,0.0
2022-12-28 00:00:00,0.0
2022-12-28 01:00:00,0.0
2022-12-28 02:00:00,0.0
2022-12-28 03:00:00,0.0
2022-12-28 04:00:00,0.0
2022-12-28 05:00:00,0.0
2022-12-28 06:00:00,0.02536
2022-12-28 07:00:00,0.03314
2022-12-28 08:00:00,0.06933
2022-12-28 09:00:00,0.10635
2022-12-28 10:00:00,0.11259000000000001
2022-12-28 11:00:00,0.12941
2022-12-28 12:00:00,0.1449
2022-12-28 13:00:00,0.15197
2022-12-28 14:00:00,0.25803
2022-12-28 15:00:00,0.11986
2022-12-28 16:00:00,0.039310000000000005
2022-12-28 17:00:00,0.01304
2022-12-28 18:00:00,0.025
2022-12-28 19:00:00,0.0
2022-12-28 20:00:00,0.0
2022-12-28 21:00:00,0.0
2022-12-28 22:00:00,0.0
2022-12-28 23:00:00,0.0
2022-12-29 00:00:00,0.0
2022-12-29 01:00:00,0.0
2022-12-29 02:00:00,0.0
2022-12-29 03:00:00,0.0
2022-12-29 04:00:00,0.0
2022-12-29 05:00:00,0.0
2022-12-29 06:00:00,0.00411
2022-12-29 07:00:00,0.045759999999999995
2022-12-29 08:00:00,0.06572
2022-12-29 09:00:00,0.09318000000000001
2022-12-29 10:00:00,0.11598
2022-12-29 11:00:00,0.23395
2022-12-29 12:00:00,0.1869
2022-12-29 13:00:00,0.17898
2022-12-29 14:00:00,0.28805000000000003
2022-12-29 15:00:00,0.21203999999999998
2022-12-29 16:00:00,0.0694
2022-12-29 17:00:00,0.02914
2022-12-29 18:00:00,0.0014299999999999998
2022-12-29 19:00:00,0.0
2022-12-29 20:00:00,0.0
2022-12-29 21:00:00,0.0
2022-12-29 22:00:00,0.0
2022-12-29 23:00:00,0.0
2022-12-30 00:00:00,0.0
2022-12-30 01:00:00,0.0
2022-12-30 02:00:00,0.0
2022-12-30 03:00:00,0.0
2022-12-30 04:00:00,0.0
2022-12-30 05:00:00,0.0
2022-12-30 06:00:00,0.02243
2022-12-30 07:00:00,0.11341
2022-12-30 08:00:00,0.34526999999999997
2022-12-30 09:00:00,0.47458
2022-12-30 10:00:00,0.5790599999999999
2022-12-30 11:00:00,0.3822
2022-12-30 12:00:00,0.74011
2022-12-30 13:00:00,0.38668
2022-12-30 14:00:00,0.1859
2022-12-30 15:00:00,0.06881
2022-12-30 16:00:00,0.02811
2022-12-30 17:00:00,0.013640000000000001
2022-12-30 18:00:00,0.00141
2022-12-30 19:00:00,0.0
2022-12-30 20:00:00,0.0
2022-12-30 21:00:00,0.0
2022-12-30 22:00:00,0.0
2022-12-30 23:00:00,0.0
2022-12-31 00:00:00,0.0
2022-12-31 01:00:00,0.0
2022-12-31 02:00:00,0.0
2022-12-31 03:00:00,0.0
2022-12-31 04:00:00,0.0
2022-12-31 05:00:00,0.0
2022-12-31 06:00:00,0.06166
2022-12-31 07:00:00,0.24781
2022-12-31 08:00:00,0.45646
2022-12-31 09:00:00,0.28073000000000004
2022-12-31 10:00:00,0.3827
2022-12-31 11:00:00,0.52864
2022-12-31 12:00:00,0.60734
2022-12-31 13:00:00,0.6426799999999999
2022-12-31 14:00:00,0.14637
2022-12-31 15:00:00,0.21209
2022-12-31 16:00:00,0.18808000000000002
2022-12-31 17:00:00,0.09097
2022-12-31 18:00:00,0.00481
2022-12-31 19:00:00,0.0
2022-12-31 20:00:00,0.0
2022-12-31 21:00:00,0.0
2022-12-31 22:00:00,0.0
2022-12-31 23:00:00,0.0
