timestamp,fator_capacidade
2025-01-01 00:00:00,0.0
2025-01-01 01:00:00,0.0
2025-01-01 02:00:00,0.0
2025-01-01 03:00:00,0.0
2025-01-01 04:00:00,0.0
2025-01-01 05:00:00,0.0
2025-01-01 06:00:00,0.0694
2025-01-01 07:00:00,0.30239
2025-01-01 08:00:00,0.48001
2025-01-01 09:00:00,0.60734
2025-01-01 10:00:00,0.60053
2025-01-01 11:00:00,0.70428
2025-01-01 12:00:00,0.71668
2025-01-01 13:00:00,0.64597
2025-01-01 14:00:00,0.08426
2025-01-01 15:00:00,0.33150999999999997
2025-01-01 16:00:00,0.05726
2025-01-01 17:00:00,0.02619
2025-01-01 18:00:00,0.00141
2025-01-01 19:00:00,0.0
2025-01-01 20:00:00,0.0
2025-01-01 21:00:00,0.0
2025-01-01 22:00:00,0.0
2025-01-01 23:00:00,0.0
2025-01-02 00:00:00,0.0
2025-01-02 01:00:00,0.0
2025-01-02 02:00:00,0.0
2025-01-02 03:00:00,0.0
2025-01-02 04:00:00,0.0
2025-01-02 05:00:00,0.0
2025-01-02 06:00:00,0.09024
2025-01-02 07:00:00,0.1226
2025-01-02 08:00:00,0.45211
2025-01-02 09:00:00,0.24384
2025-01-02 10:00:00,0.33102
2025-01-02 11:00:00,0.50533
2025-01-02 12:00:00,0.5179
2025-01-02 13:00:00,0.64186
2025-01-02 14:00:00,0.5586
2025-01-02 15:00:00,0.38867
2025-01-02 16:00:00,0.22904
2025-01-02 17:00:00,0.013460000000000001
2025-01-02 18:00:00,0.01808
2025-01-02 19:00:00,0.0
2025-01-02 20:00:00,0.0
2025-01-02 21:00:00,0.0
2025-01-02 22:00:00,0.0
2025-01-02 23:00:00,0.0
2025-01-03 00:00:00,0.0
2025-01-03 01:00:00,0.0
2025-01-03 02:00:00,0.0
2025-01-03 03:00:00,0.0
2025-01-03 04:00:00,0.0
2025-01-03 05:00:00,0.0
2025-01-03 06:00:00,0.02185
2025-01-03 07:00:00,0.05923
2025-01-03 08:00:00,0.09065000000000001
2025-01-03 09:00:00,0.07123
2025-01-03 10:00:00,0.18144
2025-01-03 11:00:00,0.11617
2025-01-03 12:00:00,0.23743
2025-01-03 13:00:00,0.20122
2025-01-03 14:00:00,0.10687999999999999
2025-01-03 15:00:00,0.12893000000000002
2025-01-03 16:00:00,0.06777
2025-01-03 17:00:00,0.09869
2025-01-03 18:00:00,0.01231
2025-01-03 19:00:00,0.0
2025-01-03 20:00:00,0.0
2025-01-03 21:00:00,0.0
2025-01-03 22:00:00,0.0
2025-01-03 23:00:00,0.0
2025-01-04 00:00:00,0.0
2025-01-04 01:00:00,0.0
2025-01-04 02:00:00,0.0
2025-01-04 03:00:00,0.0
2025-01-04 04:00:00,0.0
2025-01-04 05:00:00,0.0
2025-01-04 06:00:00,0.01129
2025-01-04 07:00:00,0.04043
2025-01-04 08:00:00,0.1105
2025-01-04 09:00:00,0.17432
2025-01-04 10:00:00,0.24666
2025-01-04 11:00:00,0.3985
2025-01-04 12:00:00,0.25859
2025-01-04 13:00:00,0.24837
2025-01-04 14:00:00,0.50114
2025-01-04 15:00:00,0.41518
2025-01-04 16:00:00,0.040600000000000004
2025-01-04 17:00:00,0.013699999999999999
2025-01-04 18:00:00,0.0014199999999999998
2025-01-04 19:00:00,0.0
2025-01-04 20:00:00,0.0
2025-01-04 21:00:00,0.0
2025-01-04 22:00:00,0.0
2025-01-04 23:00:00,0.0
2025-01-05 00:00:00,0.0
2025-01-05 01:00:00,0.0
2025-01-05 02:00:00,0.0
2025-01-05 03:00:00,0.0
2025-01-05 04:00:00,0.0
2025-01-05 05:00:00,0.0
2025-01-05 06:00:00,0.00074
2025-01-05 07:00:00,0.06281
2025-01-05 08:00:00,0.11477
2025-01-05 09:00:00,0.18072
2025-01-05 10:00:00,0.1263
2025-01-05 11:00:00,0.50941
2025-01-05 12:00:00,0.19499
2025-01-05 13:00:00,0.5894400000000001
2025-01-05 14:00:00,0.20333
2025-01-05 15:00:00,0.08089
2025-01-05 16:00:00,0.0285
2025-01-05 17:00:00,0.013869999999999999
2025-01-05 18:00:00,0.0014399999999999999
2025-01-05 19:00:00,0.0
2025-01-05 20:00:00,0.0
2025-01-05 21:00:00,0.0
2025-01-05 22:00:00,0.0
2025-01-05 23:00:00,0.0
2025-01-06 00:00:00,0.0
2025-01-06 01:00:00,0.0
2025-01-06 02:00:00,0.0
2025-01-06 03:00:00,0.0
2025-01-06 04:00:00,0.0
2025-01-06 05:00:00,0.0
2025-01-06 06:00:00,0.014070000000000001
2025-01-06 07:00:00,0.07513
2025-01-06 08:00:00,0.26431
2025-01-06 09:00:00,0.32665
2025-01-06 10:00:00,0.29842
2025-01-06 11:00:00,0.41352
2025-01-06 12:00:00,0.38802
2025-01-06 13:00:00,0.42507
2025-01-06 14:00:00,0.25623
2025-01-06 15:00:00,0.16175
2025-01-06 16:00:00,0.05316
2025-01-06 17:00:00,0.013980000000000001
2025-01-06 18:00:00,0.00146
2025-01-06 19:00:00,0.0
2025-01-06 20:00:00,0.0
2025-01-06 21:00:00,0.0
2025-01-06 22:00:00,0.0
2025-01-06 23:00:00,0.0
2025-01-07 00:00:00,0.0
2025-01-07 01:00:00,0.0
2025-01-07 02:00:00,0.0
2025-01-07 03:00:00,0.0
2025-01-07 04:00:00,0.0
2025-01-07 05:00:00,0.0
2025-01-07 06:00:00,0.02334
2025-01-07 07:00:00,0.07831999999999999
2025-01-07 08:00:00,0.08586
2025-01-07 09:00:00,0.12117
2025-01-07 10:00:00,0.41873
2025-01-07 11:00:00,0.45521
2025-01-07 12:00:00,0.42048
2025-01-07 13:00:00,0.34799
2025-01-07 14:00:00,0.43429
2025-01-07 15:00:00,0.16482
2025-01-07 16:00:00,0.08965000000000001
2025-01-07 17:00:00,0.01739
2025-01-07 18:00:00,0.00146
2025-01-07 19:00:00,0.0
2025-01-07 20:00:00,0.0
2025-01-07 21:00:00,0.0
2025-01-07 22:00:00,0.0
2025-01-07 23:00:00,0.0
2025-01-08 00:00:00,0.0
2025-01-08 01:00:00,0.0
2025-01-08 02:00:00,0.0
2025-01-08 03:00:00,0.0
2025-01-08 04:00:00,0.0
2025-01-08 05:00:00,0.0
2025-01-08 06:00:00,0.020730000000000002
2025-01-08 07:00:00,0.05914
2025-01-08 08:00:00,0.09627
2025-01-08 09:00:00,0.23863
2025-01-08 10:00:00,0.22196000000000002
2025-01-08 11:00:00,0.22497999999999999
2025-01-08 12:00:00,0.21014
2025-01-08 13:00:00,0.34616
2025-01-08 14:00:00,0.29752
2025-01-08 15:00:00,0.10942
2025-01-08 16:00:00,0.09190000000000001
2025-01-08 17:00:00,0.02931
2025-01-08 18:00:00,0.00188
2025-01-08 19:00:00,0.0
2025-01-08 20:00:00,0.0
2025-01-08 21:00:00,0.0
2025-01-08 22:00:00,0.0
2025-01-08 23:00:00,0.0
2025-01-09 00:00:00,0.0
2025-01-09 01:00:00,0.0
2025-01-09 02:00:00,0.0
2025-01-09 03:00:00,0.0
2025-01-09 04:00:00,0.0
2025-01-09 05:00:00,0.0
2025-01-09 06:00:00,0.03158
2025-01-09 07:00:00,0.19544
2025-01-09 08:00:00,0.14345
2025-01-09 09:00:00,0.16824
2025-01-09 10:00:00,0.25658
2025-01-09 11:00:00,0.3527
2025-01-09 12:00:00,0.42225
2025-01-09 13:00:00,0.23601
2025-01-09 14:00:00,0.11597
2025-01-09 15:00:00,0.07619
2025-01-09 16:00:00,0.09112
2025-01-09 17:00:00,0.01445
2025-01-09 18:00:00,0.02445
2025-01-09 19:00:00,0.0
2025-01-09 20:00:00,0.0
2025-01-09 21:00:00,0.0
2025-01-09 22:00:00,0.0
2025-01-09 23:00:00,0.0
2025-01-10 00:00:00,0.0
2025-01-10 01:00:00,0.0
2025-01-10 02:00:00,0.0
2025-01-10 03:00:00,0.0
2025-01-10 04:00:00,0.0
2025-01-10 05:00:00,0.0
2025-01-10 06:00:00,0.01199
2025-01-10 07:00:00,0.02011
2025-01-10 08:00:00,0.09391
2025-01-10 09:00:00,0.30533
2025-01-10 10:00:00,0.16271000000000002
2025-01-10 11:00:00,0.29047
2025-01-10 12:00:00,0.37395999999999996
2025-01-10 13:00:00,0.33661
2025-01-10 14:00:00,0.34041000000000005
2025-01-10 15:00:00,0.29725
2025-01-10 16:00:00,0.23946
2025-01-10 17:00:00,0.11353
2025-01-10 18:00:00,0.00184
2025-01-10 19:00:00,0.0
2025-01-10 20:00:00,0.0
2025-01-10 21:00:00,0.0
2025-01-10 22:00:00,0.0
2025-01-10 23:00:00,0.0
2025-01-11 00:00:00,0.0
2025-01-11 01:00:00,0.0
2025-01-11 02:00:00,0.0
2025-01-11 03:00:00,0.0
2025-01-11 04:00:00,0.0
2025-01-11 05:00:00,0.0
2025-01-11 06:00:00,0.01071
2025-01-11 07:00:00,0.030019999999999998
2025-01-11 08:00:00,0.19627
2025-01-11 09:00:00,0.16127
2025-01-11 10:00:00,0.17196
2025-01-11 11:00:00,0.33958999999999995
2025-01-11 12:00:00,0.24506999999999998
2025-01-11 13:00:00,0.15319
2025-01-11 14:00:00,0.07916
2025-01-11 15:00:00,0.04245
2025-01-11 16:00:00,0.03247
2025-01-11 17:00:00,0.08342000000000001
2025-01-11 18:00:00,0.00698
2025-01-11 19:00:00,0.0
2025-01-11 20:00:00,0.0
2025-01-11 21:00:00,0.0
2025-01-11 22:00:00,0.0
2025-01-11 23:00:00,0.0
2025-01-12 00:00:00,0.0
2025-01-12 01:00:00,0.0
2025-01-12 02:00:00,0.0
2025-01-12 03:00:00,0.0
2025-01-12 04:00:00,0.0
2025-01-12 05:00:00,0.0
2025-01-12 06:00:00,0.02529
2025-01-12 07:00:00,0.04449
2025-01-12 08:00:00,0.22262
2025-01-12 09:00:00,0.23644
2025-01-12 10:00:00,0.43483
2025-01-12 11:00:00,0.45896
2025-01-12 12:00:00,0.50541
2025-01-12 13:00:00,0.58347
2025-01-12 14:00:00,0.49165
2025-01-12 15:00:00,0.26780000000000004
2025-01-12 16:00:00,0.21883000000000002
2025-01-12 17:00:00,0.025079999999999998
2025-01-12 18:00:00,0.00183
2025-01-12 19:00:00,0.0
2025-01-12 20:00:00,0.0
2025-01-12 21:00:00,0.0
2025-01-12 22:00:00,0.0
2025-01-12 23:00:00,0.0
2025-01-13 00:00:00,0.0
2025-01-13 01:00:00,0.0
2025-01-13 02:00:00,0.0
2025-01-13 03:00:00,0.0
2025-01-13 04:00:00,0.0
2025-01-13 05:00:00,0.0
2025-01-13 06:00:00,0.01494
2025-01-13 07:00:00,0.1031
2025-01-13 08:00:00,0.29536
2025-01-13 09:00:00,0.30569999999999997
2025-01-13 10:00:00,0.41079000000000004
2025-01-13 11:00:00,0.66846
2025-01-13 12:00:00,0.61391
2025-01-13 13:00:00,0.45991000000000004
2025-01-13 14:00:00,0.45085000000000003
2025-01-13 15:00:00,0.04974
2025-01-13 16:00:00,0.0322
2025-01-13 17:00:00,0.01425
2025-01-13 18:00:00,0.00185
2025-01-13 19:00:00,0.0
2025-01-13 20:00:00,0.0
2025-01-13 21:00:00,0.0
2025-01-13 22:00:00,0.0
2025-01-13 23:00:00,0.0
2025-01-14 00:00:00,0.0
2025-01-14 01:00:00,0.0
2025-01-14 02:00:00,0.0
2025-01-14 03:00:00,0.0
2025-01-14 04:00:00,0.0
2025-01-14 05:00:00,0.0
2025-01-14 06:00:00,0.026969999999999997
2025-01-14 07:00:00,0.13975
2025-01-14 08:00:00,0.27044
2025-01-14 09:00:00,0.39532
2025-01-14 10:00:00,0.49688
2025-01-14 11:00:00,0.7514700000000001
2025-01-14 12:00:00,0.72705
2025-01-14 13:00:00,0.65853
2025-01-14 14:00:00,0.58188
2025-01-14 15:00:00,0.41877
2025-01-14 16:00:00,0.22881
2025-01-14 17:00:00,0.03917
2025-01-14 18:00:00,0.028489999999999998
2025-01-14 19:00:00,0.0
2025-01-14 20:00:00,0.0
2025-01-14 21:00:00,0.0
2025-01-14 22:00:00,0.0
2025-01-14 23:00:00,0.0
2025-01-15 00:00:00,0.0
2025-01-15 01:00:00,0.0
2025-01-15 02:00:00,0.0
2025-01-15 03:00:00,0.0
2025-01-15 04:00:00,0.0
2025-01-15 05:00:00,0.0
2025-01-15 06:00:00,0.04592
2025-01-15 07:00:00,0.27467
2025-01-15 08:00:00,0.4798
2025-01-15 09:00:00,0.6194700000000001
2025-01-15 10:00:00,0.72254
2025-01-15 11:00:00,0.78036
2025-01-15 12:00:00,0.68812
2025-01-15 13:00:00,0.5815499999999999
2025-01-15 14:00:00,0.44273
2025-01-15 15:00:00,0.41824
2025-01-15 16:00:00,0.02861
2025-01-15 17:00:00,0.02763
2025-01-15 18:00:00,0.00181
2025-01-15 19:00:00,0.0
2025-01-15 20:00:00,0.0
2025-01-15 21:00:00,0.0
2025-01-15 22:00:00,0.0
2025-01-15 23:00:00,0.0
2025-01-16 00:00:00,0.0
2025-01-16 01:00:00,0.0
2025-01-16 02:00:00,0.0
2025-01-16 03:00:00,0.0
2025-01-16 04:00:00,0.0
2025-01-16 05:00:00,0.0
2025-01-16 06:00:00,0.05026
2025-01-16 07:00:00,0.28675
2025-01-16 08:00:00,0.48913999999999996
2025-01-16 09:00:00,0.63199
2025-01-16 10:00:00,0.72992
2025-01-16 11:00:00,0.74442
2025-01-16 12:00:00,0.62087
2025-01-16 13:00:00,0.61713
2025-01-16 14:00:00,0.43318
2025-01-16 15:00:00,0.24443
2025-01-16 16:00:00,0.17329
2025-01-16 17:00:00,0.04879
2025-01-16 18:00:00,0.02709
2025-01-16 19:00:00,0.0
2025-01-16 20:00:00,0.0
2025-01-16 21:00:00,0.0
2025-01-16 22:00:00,0.0
2025-01-16 23:00:00,0.0
2025-01-17 00:00:00,0.0
2025-01-17 01:00:00,0.0
2025-01-17 02:00:00,0.0
2025-01-17 03:00:00,0.0
2025-01-17 04:00:00,0.0
2025-01-17 05:00:00,0.0
2025-01-17 06:00:00,0.048600000000000004
2025-01-17 07:00:00,0.1896
2025-01-17 08:00:00,0.33787
2025-01-17 09:00:00,0.55622
2025-01-17 10:00:00,0.67326
2025-01-17 11:00:00,0.68575
2025-01-17 12:00:00,0.69192
2025-01-17 13:00:00,0.61515
2025-01-17 14:00:00,0.46038
2025-01-17 15:00:00,0.38715
2025-01-17 16:00:00,0.21953999999999999
2025-01-17 17:00:00,0.03493
2025-01-17 18:00:00,0.01533
2025-01-17 19:00:00,0.0
2025-01-17 20:00:00,0.0
2025-01-17 21:00:00,0.0
2025-01-17 22:00:00,0.0
2025-01-17 23:00:00,0.0
2025-01-18 00:00:00,0.0
2025-01-18 01:00:00,0.0
2025-01-18 02:00:00,0.0
2025-01-18 03:00:00,0.0
2025-01-18 04:00:00,0.0
2025-01-18 05:00:00,0.0
2025-01-18 06:00:00,0.01783
2025-01-18 07:00:00,0.28485000000000005
2025-01-18 08:00:00,0.48397
2025-01-18 09:00:00,0.6192799999999999
2025-01-18 10:00:00,0.63925
2025-01-18 11:00:00,0.62683
2025-01-18 12:00:00,0.50699
2025-01-18 13:00:00,0.21287
2025-01-18 14:00:00,0.32579
2025-01-18 15:00:00,0.23709
2025-01-18 16:00:00,0.05034
2025-01-18 17:00:00,0.01421
2025-01-18 18:00:00,0.027
2025-01-18 19:00:00,0.0
2025-01-18 20:00:00,0.0
2025-01-18 21:00:00,0.0
2025-01-18 22:00:00,0.0
2025-01-18 23:00:00,0.0
2025-01-19 00:00:00,0.0
2025-01-19 01:00:00,0.0
2025-01-19 02:00:00,0.0
2025-01-19 03:00:00,0.0
2025-01-19 04:00:00,0.0
2025-01-19 05:00:00,0.0
2025-01-19 06:00:00,0.01589
2025-01-19 07:00:00,0.28288
2025-01-19 08:00:00,0.48811
2025-01-19 09:00:00,0.52573
2025-01-19 10:00:00,0.48685
2025-01-19 11:00:00,0.63997
2025-01-19 12:00:00,0.63589
2025-01-19 13:00:00,0.59136
2025-01-19 14:00:00,0.14748
2025-01-19 15:00:00,0.04261
2025-01-19 16:00:00,0.02922
2025-01-19 17:00:00,0.01762
2025-01-19 18:00:00,0.00185
2025-01-19 19:00:00,0.0
2025-01-19 20:00:00,0.0
2025-01-19 21:00:00,0.0
2025-01-19 22:00:00,0.0
2025-01-19 23:00:00,0.0
2025-01-20 00:00:00,0.0
2025-01-20 01:00:00,0.0
2025-01-20 02:00:00,0.0
2025-01-20 03:00:00,0.0
2025-01-20 04:00:00,0.0
2025-01-20 05:00:00,0.0
2025-01-20 06:00:00,0.00437
2025-01-20 07:00:00,0.05141
2025-01-20 08:00:00,0.05278
2025-01-20 09:00:00,0.12791
2025-01-20 10:00:00,0.12011
2025-01-20 11:00:00,0.13413999999999998
2025-01-20 12:00:00,0.16391
2025-01-20 13:00:00,0.16365000000000002
2025-01-20 14:00:00,0.14796
2025-01-20 15:00:00,0.14057
2025-01-20 16:00:00,0.02989
2025-01-20 17:00:00,0.01446
2025-01-20 18:00:00,0.0018700000000000001
2025-01-20 19:00:00,0.0
2025-01-20 20:00:00,0.0
2025-01-20 21:00:00,0.0
2025-01-20 22:00:00,0.0
2025-01-20 23:00:00,0.0
2025-01-21 00:00:00,0.0
2025-01-21 01:00:00,0.0
2025-01-21 02:00:00,0.0
2025-01-21 03:00:00,0.0
2025-01-21 04:00:00,0.0
2025-01-21 05:00:00,0.0
2025-01-21 06:00:00,0.00146
2025-01-21 07:00:00,0.16172
2025-01-21 08:00:00,0.12893000000000002
2025-01-21 09:00:00,0.33032
2025-01-21 10:00:00,0.374
2025-01-21 11:00:00,0.6762400000000001
2025-01-21 12:00:00,0.5296900000000001
2025-01-21 13:00:00,0.52215
2025-01-21 14:00:00,0.61129
2025-01-21 15:00:00,0.41128
2025-01-21 16:00:00,0.23275
2025-01-21 17:00:00,0.10845
2025-01-21 18:00:00,0.01419
2025-01-21 19:00:00,0.0
2025-01-21 20:00:00,0.0
2025-01-21 21:00:00,0.0
2025-01-21 22:00:00,0.0
2025-01-21 23:00:00,0.0
2025-01-22 00:00:00,0.0
2025-01-22 01:00:00,0.0
2025-01-22 02:00:00,0.0
2025-01-22 03:00:00,0.0
2025-01-22 04:00:00,0.0
2025-01-22 05:00:00,0.0
2025-01-22 06:00:00,0.01078
2025-01-22 07:00:00,0.05588
2025-01-22 08:00:00,0.27982
2025-01-22 09:00:00,0.45925
2025-01-22 10:00:00,0.5639299999999999
2025-01-22 11:00:00,0.74179
2025-01-22 12:00:00,0.60758
2025-01-22 13:00:00,0.69667
2025-01-22 14:00:00,0.5848099999999999
2025-01-22 15:00:00,0.43881
2025-01-22 16:00:00,0.24828999999999998
2025-01-22 17:00:00,0.07511
2025-01-22 18:00:00,0.0017800000000000001
2025-01-22 19:00:00,0.0
2025-01-22 20:00:00,0.0
2025-01-22 21:00:00,0.0
2025-01-22 22:00:00,0.0
2025-01-22 23:00:00,0.0
2025-01-23 00:00:00,0.0
2025-01-23 01:00:00,0.0
2025-01-23 02:00:00,0.0
2025-01-23 03:00:00,0.0
2025-01-23 04:00:00,0.0
2025-01-23 05:00:00,0.0
2025-01-23 06:00:00,0.01388
2025-01-23 07:00:00,0.11334999999999999
2025-01-23 08:00:00,0.25853
2025-01-23 09:00:00,0.40463
2025-01-23 10:00:00,0.40913
2025-01-23 11:00:00,0.39106
2025-01-23 12:00:00,0.49871
2025-01-23 13:00:00,0.60251
2025-01-23 14:00:00,0.5969800000000001
2025-01-23 15:00:00,0.4398
2025-01-23 16:00:00,0.12073
2025-01-23 17:00:00,0.04437
2025-01-23 18:00:00,0.0042699999999999995
2025-01-23 19:00:00,0.0
2025-01-23 20:00:00,0.0
2025-01-23 21:00:00,0.0
2025-01-23 22:00:00,0.0
2025-01-23 23:00:00,0.0
2025-01-24 00:00:00,0.0
2025-01-24 01:00:00,0.0
2025-01-24 02:00:00,0.0
2025-01-24 03:00:00,0.0
2025-01-24 04:00:00,0.0
2025-01-24 05:00:00,0.0
2025-01-24 06:00:00,0.00542
2025-01-24 07:00:00,0.02141
2025-01-24 08:00:00,0.049479999999999996
2025-01-24 09:00:00,0.20542
2025-01-24 10:00:00,0.20846
2025-01-24 11:00:00,0.36594
2025-01-24 12:00:00,0.37527999999999995
2025-01-24 13:00:00,0.38172
2025-01-24 14:00:00,0.24566
2025-01-24 15:00:00,0.39516
2025-01-24 16:00:00,0.24092
2025-01-24 17:00:00,0.06665
2025-01-24 18:00:00,0.012369999999999999
2025-01-24 19:00:00,0.0
2025-01-24 20:00:00,0.0
2025-01-24 21:00:00,0.0
2025-01-24 22:00:00,0.0
2025-01-24 23:00:00,0.0
2025-01-25 00:00:00,0.0
2025-01-25 01:00:00,0.0
2025-01-25 02:00:00,0.0
2025-01-25 03:00:00,0.0
2025-01-25 04:00:00,0.0
2025-01-25 05:00:00,0.0
2025-01-25 06:00:00,0.01391
2025-01-25 07:00:00,0.14978999999999998
2025-01-25 08:00:00,0.30093000000000003
2025-01-25 09:00:00,0.57843
2025-01-25 10:00:00,0.71678
2025-01-25 11:00:00,0.7712100000000001
2025-01-25 12:00:00,0.6916
2025-01-25 13:00:00,0.73638
2025-01-25 14:00:00,0.61311
2025-01-25 15:00:00,0.4595
2025-01-25 16:00:00,0.24037
2025-01-25 17:00:00,0.05077
2025-01-25 18:00:00,0.03503
2025-01-25 19:00:00,0.0
2025-01-25 20:00:00,0.0
2025-01-25 21:00:00,0.0
2025-01-25 22:00:00,0.0
2025-01-25 23:00:00,0.0
2025-01-26 00:00:00,0.0
2025-01-26 01:00:00,0.0
2025-01-26 02:00:00,0.0
2025-01-26 03:00:00,0.0
2025-01-26 04:00:00,0.0
2025-01-26 05:00:00,0.0
2025-01-26 06:00:00,0.0127
2025-01-26 07:00:00,0.28299
2025-01-26 08:00:00,0.48406
2025-01-26 09:00:00,0.6420800000000001
2025-01-26 10:00:00,0.7349199999999999
2025-01-26 11:00:00,0.7744099999999999
2025-01-26 12:00:00,0.75481
2025-01-26 13:00:00,0.71138
2025-01-26 14:00:00,0.59446
2025-01-26 15:00:00,0.39022
2025-01-26 16:00:00,0.2512
2025-01-26 17:00:00,0.08020000000000001
2025-01-26 18:00:00,0.00688
2025-01-26 19:00:00,0.0
2025-01-26 20:00:00,0.0
2025-01-26 21:00:00,0.0
2025-01-26 22:00:00,0.0
2025-01-26 23:00:00,0.0
2025-01-27 00:00:00,0.0
2025-01-27 01:00:00,0.0
2025-01-27 02:00:00,0.0
2025-01-27 03:00:00,0.0
2025-01-27 04:00:00,0.0
2025-01-27 05:00:00,0.0
2025-01-27 06:00:00,0.012060000000000001
2025-01-27 07:00:00,0.27934
2025-01-27 08:00:00,0.48662
2025-01-27 09:00:00,0.63897
2025-01-27 10:00:00,0.61442
2025-01-27 11:00:00,0.7173999999999999
2025-01-27 12:00:00,0.74503
2025-01-27 13:00:00,0.63217
2025-01-27 14:00:00,0.5507000000000001
2025-01-27 15:00:00,0.33963
2025-01-27 16:00:00,0.24984
2025-01-27 17:00:00,0.07945999999999999
2025-01-27 18:00:00,0.03792
2025-01-27 19:00:00,0.0
2025-01-27 20:00:00,0.0
2025-01-27 21:00:00,0.0
2025-01-27 22:00:00,0.0
2025-01-27 23:00:00,0.0
2025-01-28 00:00:00,0.0
2025-01-28 01:00:00,0.0
2025-01-28 02:00:00,0.0
2025-01-28 03:00:00,0.0
2025-01-28 04:00:00,0.0
2025-01-28 05:00:00,0.0
2025-01-28 06:00:00,0.01068
2025-01-28 07:00:00,0.10043
2025-01-28 08:00:00,0.12420999999999999
2025-01-28 09:00:00,0.26216
2025-01-28 10:00:00,0.16088
2025-01-28 11:00:00,0.34770999999999996
2025-01-28 12:00:00,0.51528
2025-01-28 13:00:00,0.33146
2025-01-28 14:00:00,0.32477
2025-01-28 15:00:00,0.13485
2025-01-28 16:00:00,0.20203
2025-01-28 17:00:00,0.01422
2025-01-28 18:00:00,0.00184
2025-01-28 19:00:00,0.0
2025-01-28 20:00:00,0.0
2025-01-28 21:00:00,0.0
2025-01-28 22:00:00,0.0
2025-01-28 23:00:00,0.0
2025-01-29 00:00:00,0.0
2025-01-29 01:00:00,0.0
2025-01-29 02:00:00,0.0
2025-01-29 03:00:00,0.0
2025-01-29 04:00:00,0.0
2025-01-29 05:00:00,0.0
2025-01-29 06:00:00,0.0038399999999999997
2025-01-29 07:00:00,0.13287000000000002
2025-01-29 08:00:00,0.41487
2025-01-29 09:00:00,0.61015
2025-01-29 10:00:00,0.28458999999999995
2025-01-29 11:00:00,0.59411
2025-01-29 12:00:00,0.58813
2025-01-29 13:00:00,0.42707999999999996
2025-01-29 14:00:00,0.51481
2025-01-29 15:00:00,0.055450000000000006
2025-01-29 16:00:00,0.25388
2025-01-29 17:00:00,0.10568000000000001
2025-01-29 18:00:00,0.00185
2025-01-29 19:00:00,0.0
2025-01-29 20:00:00,0.0
2025-01-29 21:00:00,0.0
2025-01-29 22:00:00,0.0
2025-01-29 23:00:00,0.0
2025-01-30 00:00:00,0.0
2025-01-30 01:00:00,0.0
2025-01-30 02:00:00,0.0
2025-01-30 03:00:00,0.0
2025-01-30 04:00:00,0.0
2025-01-30 05:00:00,0.0
2025-01-30 06:00:00,0.00546
2025-01-30 07:00:00,0.12236
2025-01-30 08:00:00,0.40420999999999996
2025-01-30 09:00:00,0.5539700000000001
2025-01-30 10:00:00,0.42616000000000004
2025-01-30 11:00:00,0.39668000000000003
2025-01-30 12:00:00,0.5717000000000001
2025-01-30 13:00:00,0.655
2025-01-30 14:00:00,0.44548000000000004
2025-01-30 15:00:00,0.40055
2025-01-30 16:00:00,0.07417
2025-01-30 17:00:00,0.11206
2025-01-30 18:00:00,0.0014
2025-01-30 19:00:00,0.0
2025-01-30 20:00:00,0.0
2025-01-30 21:00:00,0.0
2025-01-30 22:00:00,0.0
2025-01-30 23:00:00,0.0
2025-01-31 00:00:00,0.0
2025-01-31 01:00:00,0.0
2025-01-31 02:00:00,0.0
2025-01-31 03:00:00,0.0
2025-01-31 04:00:00,0.0
2025-01-31 05:00:00,0.0
2025-01-31 06:00:00,0.00189
2025-01-31 07:00:00,0.20703
2025-01-31 08:00:00,0.22488
2025-01-31 09:00:00,0.47927
2025-01-31 10:00:00,0.46805
2025-01-31 11:00:00,0.5520700000000001
2025-01-31 12:00:00,0.49158999999999997
2025-01-31 13:00:00,0.5351699999999999
2025-01-31 14:00:00,0.56812
2025-01-31 15:00:00,0.43155
2025-01-31 16:00:00,0.17625
2025-01-31 17:00:00,0.061439999999999995
2025-01-31 18:00:00,0.00138
2025-01-31 19:00:00,0.0
2025-01-31 20:00:00,0.0
2025-01-31 21:00:00,0.0
2025-01-31 22:00:00,0.0
2025-01-31 23:00:00,0.0
2025-02-01 00:00:00,0.0
2025-02-01 01:00:00,0.0
2025-02-01 02:00:00,0.0
2025-02-01 03:00:00,0.0
2025-02-01 04:00:00,0.0
2025-02-01 05:00:00,0.0
2025-02-01 06:00:00,0.007690000000000001
2025-02-01 07:00:00,0.02063
2025-02-01 08:00:00,0.023280000000000002
2025-02-01 09:00:00,0.10338
2025-02-01 10:00:00,0.47691
2025-02-01 11:00:00,0.5671799999999999
2025-02-01 12:00:00,0.6944199999999999
2025-02-01 13:00:00,0.60788
2025-02-01 14:00:00,0.15227000000000002
2025-02-01 15:00:00,0.0565
2025-02-01 16:00:00,0.02852
2025-02-01 17:00:00,0.014199999999999999
2025-02-01 18:00:00,0.0014
2025-02-01 19:00:00,0.0
2025-02-01 20:00:00,0.0
2025-02-01 21:00:00,0.0
2025-02-01 22:00:00,0.0
2025-02-01 23:00:00,0.0
2025-02-02 00:00:00,0.0
2025-02-02 01:00:00,0.0
2025-02-02 02:00:00,0.0
2025-02-02 03:00:00,0.0
2025-02-02 04:00:00,0.0
2025-02-02 05:00:00,0.0
2025-02-02 06:00:00,0.00027
2025-02-02 07:00:00,0.11304
2025-02-02 08:00:00,0.29768
2025-02-02 09:00:00,0.39025
2025-02-02 10:00:00,0.57917
2025-02-02 11:00:00,0.48671
2025-02-02 12:00:00,0.5840599999999999
2025-02-02 13:00:00,0.58763
2025-02-02 14:00:00,0.5729500000000001
2025-02-02 15:00:00,0.3949
2025-02-02 16:00:00,0.22436
2025-02-02 17:00:00,0.11112000000000001
2025-02-02 18:00:00,0.00139
2025-02-02 19:00:00,0.0
2025-02-02 20:00:00,0.0
2025-02-02 21:00:00,0.0
2025-02-02 22:00:00,0.0
2025-02-02 23:00:00,0.0
2025-02-03 00:00:00,0.0
2025-02-03 01:00:00,0.0
2025-02-03 02:00:00,0.0
2025-02-03 03:00:00,0.0
2025-02-03 04:00:00,0.0
2025-02-03 05:00:00,0.0
2025-02-03 06:00:00,0.0
2025-02-03 07:00:00,0.21699000000000002
2025-02-03 08:00:00,0.16683
2025-02-03 09:00:00,0.03786
2025-02-03 10:00:00,0.05063
2025-02-03 11:00:00,0.09655
2025-02-03 12:00:00,0.20807
2025-02-03 13:00:00,0.35508999999999996
2025-02-03 14:00:00,0.43843
2025-02-03 15:00:00,0.44855
2025-02-03 16:00:00,0.24343
2025-02-03 17:00:00,0.054759999999999996
2025-02-03 18:00:00,0.03143
2025-02-03 19:00:00,0.0
2025-02-03 20:00:00,0.0
2025-02-03 21:00:00,0.0
2025-02-03 22:00:00,0.0
2025-02-03 23:00:00,0.0
2025-02-04 00:00:00,0.0
2025-02-04 01:00:00,0.0
2025-02-04 02:00:00,0.0
2025-02-04 03:00:00,0.0
2025-02-04 04:00:00,0.0
2025-02-04 05:00:00,0.0
2025-02-04 06:00:00,0.00146
2025-02-04 07:00:00,0.05113
2025-02-04 08:00:00,0.061380000000000004
2025-02-04 09:00:00,0.17671
2025-02-04 10:00:00,0.32345999999999997
2025-02-04 11:00:00,0.60915
2025-02-04 12:00:00,0.7544
2025-02-04 13:00:00,0.71785
2025-02-04 14:00:00,0.48322000000000004
2025-02-04 15:00:00,0.17496
2025-02-04 16:00:00,0.25362
2025-02-04 17:00:00,0.04373
2025-02-04 18:00:00,0.0013700000000000001
2025-02-04 19:00:00,0.0
2025-02-04 20:00:00,0.0
2025-02-04 21:00:00,0.0
2025-02-04 22:00:00,0.0
2025-02-04 23:00:00,0.0
2025-02-05 00:00:00,0.0
2025-02-05 01:00:00,0.0
2025-02-05 02:00:00,0.0
2025-02-05 03:00:00,0.0
2025-02-05 04:00:00,0.0
2025-02-05 05:00:00,0.0
2025-02-05 06:00:00,0.00598
2025-02-05 07:00:00,0.08983
2025-02-05 08:00:00,0.24368
2025-02-05 09:00:00,0.40970999999999996
2025-02-05 10:00:00,0.52371
2025-02-05 11:00:00,0.39725
2025-02-05 12:00:00,0.6431
2025-02-05 13:00:00,0.51544
2025-02-05 14:00:00,0.53595
2025-02-05 15:00:00,0.42368
2025-02-05 16:00:00,0.24249
2025-02-05 17:00:00,0.033460000000000004
2025-02-05 18:00:00,0.00138
2025-02-05 19:00:00,0.0
2025-02-05 20:00:00,0.0
2025-02-05 21:00:00,0.0
2025-02-05 22:00:00,0.0
2025-02-05 23:00:00,0.0
2025-02-06 00:00:00,0.0
2025-02-06 01:00:00,0.0
2025-02-06 02:00:00,0.0
2025-02-06 03:00:00,0.0
2025-02-06 04:00:00,0.0
2025-02-06 05:00:00,0.0
2025-02-06 06:00:00,0.00544
2025-02-06 07:00:00,0.18008000000000002
2025-02-06 08:00:00,0.42874
2025-02-06 09:00:00,0.5791799999999999
2025-02-06 10:00:00,0.70545
2025-02-06 11:00:00,0.76119
2025-02-06 12:00:00,0.7884500000000001
2025-02-06 13:00:00,0.46563
2025-02-06 14:00:00,0.26408
2025-02-06 15:00:00,0.25485
2025-02-06 16:00:00,0.1038
2025-02-06 17:00:00,0.05226
2025-02-06 18:00:00,0.00139
2025-02-06 19:00:00,0.0
2025-02-06 20:00:00,0.0
2025-02-06 21:00:00,0.0
2025-02-06 22:00:00,0.0
2025-02-06 23:00:00,0.0
2025-02-07 00:00:00,0.0
2025-02-07 01:00:00,0.0
2025-02-07 02:00:00,0.0
2025-02-07 03:00:00,0.0
2025-02-07 04:00:00,0.0
2025-02-07 05:00:00,0.0
2025-02-07 06:00:00,0.00383
2025-02-07 07:00:00,0.24987
2025-02-07 08:00:00,0.32054000000000005
2025-02-07 09:00:00,0.6063999999999999
2025-02-07 10:00:00,0.69537
2025-02-07 11:00:00,0.76501
2025-02-07 12:00:00,0.16016999999999998
2025-02-07 13:00:00,0.5424800000000001
2025-02-07 14:00:00,0.19259
2025-02-07 15:00:00,0.04267
2025-02-07 16:00:00,0.02879
2025-02-07 17:00:00,0.03043
2025-02-07 18:00:00,0.03129
2025-02-07 19:00:00,0.0
2025-02-07 20:00:00,0.0
2025-02-07 21:00:00,0.0
2025-02-07 22:00:00,0.0
2025-02-07 23:00:00,0.0
2025-02-08 00:00:00,0.0
2025-02-08 01:00:00,0.0
2025-02-08 02:00:00,0.0
2025-02-08 03:00:00,0.0
2025-02-08 04:00:00,0.0
2025-02-08 05:00:00,0.0
2025-02-08 06:00:00,0.0038399999999999997
2025-02-08 07:00:00,0.16963
2025-02-08 08:00:00,0.36510000000000004
2025-02-08 09:00:00,0.44118
2025-02-08 10:00:00,0.48239
2025-02-08 11:00:00,0.6129
2025-02-08 12:00:00,0.753
2025-02-08 13:00:00,0.56908
2025-02-08 14:00:00,0.49426
2025-02-08 15:00:00,0.04274
2025-02-08 16:00:00,0.054240000000000003
2025-02-08 17:00:00,0.10069
2025-02-08 18:00:00,0.011179999999999999
2025-02-08 19:00:00,0.0
2025-02-08 20:00:00,0.0
2025-02-08 21:00:00,0.0
2025-02-08 22:00:00,0.0
2025-02-08 23:00:00,0.0
2025-02-09 00:00:00,0.0
2025-02-09 01:00:00,0.0
2025-02-09 02:00:00,0.0
2025-02-09 03:00:00,0.0
2025-02-09 04:00:00,0.0
2025-02-09 05:00:00,0.0
2025-02-09 06:00:00,0.0038599999999999997
2025-02-09 07:00:00,0.26557
2025-02-09 08:00:00,0.46857
2025-02-09 09:00:00,0.6382000000000001
2025-02-09 10:00:00,0.73141
2025-02-09 11:00:00,0.70387
2025-02-09 12:00:00,0.64086
2025-02-09 13:00:00,0.6636299999999999
2025-02-09 14:00:00,0.54284
2025-02-09 15:00:00,0.43326
2025-02-09 16:00:00,0.23429
2025-02-09 17:00:00,0.10486
2025-02-09 18:00:00,0.0014
2025-02-09 19:00:00,0.0
2025-02-09 20:00:00,0.0
2025-02-09 21:00:00,0.0
2025-02-09 22:00:00,0.0
2025-02-09 23:00:00,0.0
2025-02-10 00:00:00,0.0
2025-02-10 01:00:00,0.0
2025-02-10 02:00:00,0.0
2025-02-10 03:00:00,0.0
2025-02-10 04:00:00,0.0
2025-02-10 05:00:00,0.0
2025-02-10 06:00:00,0.0
2025-02-10 07:00:00,0.15513
2025-02-10 08:00:00,0.43595
2025-02-10 09:00:00,0.5925900000000001
2025-02-10 10:00:00,0.48308999999999996
2025-02-10 11:00:00,0.20076
2025-02-10 12:00:00,0.40436
2025-02-10 13:00:00,0.576
2025-02-10 14:00:00,0.46038
2025-02-10 15:00:00,0.26335000000000003
2025-02-10 16:00:00,0.12445999999999999
2025-02-10 17:00:00,0.01365
2025-02-10 18:00:00,0.001
2025-02-10 19:00:00,0.0
2025-02-10 20:00:00,0.0
2025-02-10 21:00:00,0.0
2025-02-10 22:00:00,0.0
2025-02-10 23:00:00,0.0
2025-02-11 00:00:00,0.0
2025-02-11 01:00:00,0.0
2025-02-11 02:00:00,0.0
2025-02-11 03:00:00,0.0
2025-02-11 04:00:00,0.0
2025-02-11 05:00:00,0.0
2025-02-11 06:00:00,0.0
2025-02-11 07:00:00,0.07868
2025-02-11 08:00:00,0.18759
2025-02-11 09:00:00,0.27083999999999997
2025-02-11 10:00:00,0.35043
2025-02-11 11:00:00,0.42802999999999997
2025-02-11 12:00:00,0.43836
2025-02-11 13:00:00,0.19519999999999998
2025-02-11 14:00:00,0.57757
2025-02-11 15:00:00,0.09009
2025-02-11 16:00:00,0.02825
2025-02-11 17:00:00,0.013689999999999999
2025-02-11 18:00:00,0.001
2025-02-11 19:00:00,0.0
2025-02-11 20:00:00,0.0
2025-02-11 21:00:00,0.0
2025-02-11 22:00:00,0.0
2025-02-11 23:00:00,0.0
2025-02-12 00:00:00,0.0
2025-02-12 01:00:00,0.0
2025-02-12 02:00:00,0.0
2025-02-12 03:00:00,0.0
2025-02-12 04:00:00,0.0
2025-02-12 05:00:00,0.0
2025-02-12 06:00:00,0.00145
2025-02-12 07:00:00,0.11319
2025-02-12 08:00:00,0.23732
2025-02-12 09:00:00,0.1931
2025-02-12 10:00:00,0.35294
2025-02-12 11:00:00,0.39286
2025-02-12 12:00:00,0.41299
2025-02-12 13:00:00,0.09298000000000001
2025-02-12 14:00:00,0.05372
2025-02-12 15:00:00,0.04743
2025-02-12 16:00:00,0.08925
2025-02-12 17:00:00,0.0952
2025-02-12 18:00:00,0.001
2025-02-12 19:00:00,0.0
2025-02-12 20:00:00,0.0
2025-02-12 21:00:00,0.0
2025-02-12 22:00:00,0.0
2025-02-12 23:00:00,0.0
2025-02-13 00:00:00,0.0
2025-02-13 01:00:00,0.0
2025-02-13 02:00:00,0.0
2025-02-13 03:00:00,0.0
2025-02-13 04:00:00,0.0
2025-02-13 05:00:00,0.0
2025-02-13 06:00:00,0.0019
2025-02-13 07:00:00,0.22644
2025-02-13 08:00:00,0.31909
2025-02-13 09:00:00,0.59414
2025-02-13 10:00:00,0.73939
2025-02-13 11:00:00,0.7572300000000001
2025-02-13 12:00:00,0.76048
2025-02-13 13:00:00,0.57286
2025-02-13 14:00:00,0.40684
2025-02-13 15:00:00,0.09816
2025-02-13 16:00:00,0.02794
2025-02-13 17:00:00,0.01293
2025-02-13 18:00:00,0.00098
2025-02-13 19:00:00,0.0
2025-02-13 20:00:00,0.0
2025-02-13 21:00:00,0.0
2025-02-13 22:00:00,0.0
2025-02-13 23:00:00,0.0
2025-02-14 00:00:00,0.0
2025-02-14 01:00:00,0.0
2025-02-14 02:00:00,0.0
2025-02-14 03:00:00,0.0
2025-02-14 04:00:00,0.0
2025-02-14 05:00:00,0.0
2025-02-14 06:00:00,0.0
2025-02-14 07:00:00,0.24115
2025-02-14 08:00:00,0.46519
2025-02-14 09:00:00,0.32172
2025-02-14 10:00:00,0.59108
2025-02-14 11:00:00,0.76725
2025-02-14 12:00:00,0.72263
2025-02-14 13:00:00,0.663
2025-02-14 14:00:00,0.21634
2025-02-14 15:00:00,0.048850000000000005
2025-02-14 16:00:00,0.23538
2025-02-14 17:00:00,0.04934
2025-02-14 18:00:00,0.01543
2025-02-14 19:00:00,0.0
2025-02-14 20:00:00,0.0
2025-02-14 21:00:00,0.0
2025-02-14 22:00:00,0.0
2025-02-14 23:00:00,0.0
2025-02-15 00:00:00,0.0
2025-02-15 01:00:00,0.0
2025-02-15 02:00:00,0.0
2025-02-15 03:00:00,0.0
2025-02-15 04:00:00,0.0
2025-02-15 05:00:00,0.0
2025-02-15 06:00:00,0.00064
2025-02-15 07:00:00,0.24655000000000002
2025-02-15 08:00:00,0.3852
2025-02-15 09:00:00,0.64125
2025-02-15 10:00:00,0.7334400000000001
2025-02-15 11:00:00,0.66467
2025-02-15 12:00:00,0.77892
2025-02-15 13:00:00,0.71385
2025-02-15 14:00:00,0.51136
2025-02-15 15:00:00,0.31255
2025-02-15 16:00:00,0.05894
2025-02-15 17:00:00,0.01272
2025-02-15 18:00:00,0.0005899999999999999
2025-02-15 19:00:00,0.0
2025-02-15 20:00:00,0.0
2025-02-15 21:00:00,0.0
2025-02-15 22:00:00,0.0
2025-02-15 23:00:00,0.0
2025-02-16 00:00:00,0.0
2025-02-16 01:00:00,0.0
2025-02-16 02:00:00,0.0
2025-02-16 03:00:00,0.0
2025-02-16 04:00:00,0.0
2025-02-16 05:00:00,0.0
2025-02-16 06:00:00,0.0
2025-02-16 07:00:00,0.14934
2025-02-16 08:00:00,0.30705
2025-02-16 09:00:00,0.24563
2025-02-16 10:00:00,0.5893400000000001
2025-02-16 11:00:00,0.34604
2025-02-16 12:00:00,0.39444
2025-02-16 13:00:00,0.42151
2025-02-16 14:00:00,0.23992
2025-02-16 15:00:00,0.31427
2025-02-16 16:00:00,0.23104
2025-02-16 17:00:00,0.10862999999999999
2025-02-16 18:00:00,0.0006
2025-02-16 19:00:00,0.0
2025-02-16 20:00:00,0.0
2025-02-16 21:00:00,0.0
2025-02-16 22:00:00,0.0
2025-02-16 23:00:00,0.0
2025-02-17 00:00:00,0.0
2025-02-17 01:00:00,0.0
2025-02-17 02:00:00,0.0
2025-02-17 03:00:00,0.0
2025-02-17 04:00:00,0.0
2025-02-17 05:00:00,0.0
2025-02-17 06:00:00,0.0
2025-02-17 07:00:00,0.07161
2025-02-17 08:00:00,0.15774000000000002
2025-02-17 09:00:00,0.27133999999999997
2025-02-17 10:00:00,0.45913
2025-02-17 11:00:00,0.43074
2025-02-17 12:00:00,0.22835
2025-02-17 13:00:00,0.6077400000000001
2025-02-17 14:00:00,0.56821
2025-02-17 15:00:00,0.44651
2025-02-17 16:00:00,0.2379
2025-02-17 17:00:00,0.059539999999999996
2025-02-17 18:00:00,0.00058
2025-02-17 19:00:00,0.0
2025-02-17 20:00:00,0.0
2025-02-17 21:00:00,0.0
2025-02-17 22:00:00,0.0
2025-02-17 23:00:00,0.0
2025-02-18 00:00:00,0.0
2025-02-18 01:00:00,0.0
2025-02-18 02:00:00,0.0
2025-02-18 03:00:00,0.0
2025-02-18 04:00:00,0.0
2025-02-18 05:00:00,0.0
2025-02-18 06:00:00,0.0
2025-02-18 07:00:00,0.14346
2025-02-18 08:00:00,0.19531
2025-02-18 09:00:00,0.41977
2025-02-18 10:00:00,0.59413
2025-02-18 11:00:00,0.39381
2025-02-18 12:00:00,0.55389
2025-02-18 13:00:00,0.15986
2025-02-18 14:00:00,0.17113
2025-02-18 15:00:00,0.0587
2025-02-18 16:00:00,0.02727
2025-02-18 17:00:00,0.01234
2025-02-18 18:00:00,0.00061
2025-02-18 19:00:00,0.0
2025-02-18 20:00:00,0.0
2025-02-18 21:00:00,0.0
2025-02-18 22:00:00,0.0
2025-02-18 23:00:00,0.0
2025-02-19 00:00:00,0.0
2025-02-19 01:00:00,0.0
2025-02-19 02:00:00,0.0
2025-02-19 03:00:00,0.0
2025-02-19 04:00:00,0.0
2025-02-19 05:00:00,0.0
2025-02-19 06:00:00,0.0
2025-02-19 07:00:00,0.04679
2025-02-19 08:00:00,0.11286
2025-02-19 09:00:00,0.32033
2025-02-19 10:00:00,0.34566
2025-02-19 11:00:00,0.44451999999999997
2025-02-19 12:00:00,0.5585399999999999
2025-02-19 13:00:00,0.6562
2025-02-19 14:00:00,0.5825199999999999
2025-02-19 15:00:00,0.43956
2025-02-19 16:00:00,0.20367
2025-02-19 17:00:00,0.10289
2025-02-19 18:00:00,0.02225
2025-02-19 19:00:00,0.0
2025-02-19 20:00:00,0.0
2025-02-19 21:00:00,0.0
2025-02-19 22:00:00,0.0
2025-02-19 23:00:00,0.0
2025-02-20 00:00:00,0.0
2025-02-20 01:00:00,0.0
2025-02-20 02:00:00,0.0
2025-02-20 03:00:00,0.0
2025-02-20 04:00:00,0.0
2025-02-20 05:00:00,0.0
2025-02-20 06:00:00,0.0
2025-02-20 07:00:00,0.1741
2025-02-20 08:00:00,0.46359
2025-02-20 09:00:00,0.42456
2025-02-20 10:00:00,0.69843
2025-02-20 11:00:00,0.6234299999999999
2025-02-20 12:00:00,0.80983
2025-02-20 13:00:00,0.69301
2025-02-20 14:00:00,0.56199
2025-02-20 15:00:00,0.31237
2025-02-20 16:00:00,0.18099
2025-02-20 17:00:00,0.05418
2025-02-20 18:00:00,0.02332
2025-02-20 19:00:00,0.0
2025-02-20 20:00:00,0.0
2025-02-20 21:00:00,0.0
2025-02-20 22:00:00,0.0
2025-02-20 23:00:00,0.0
2025-02-21 00:00:00,0.0
2025-02-21 01:00:00,0.0
2025-02-21 02:00:00,0.0
2025-02-21 03:00:00,0.0
2025-02-21 04:00:00,0.0
2025-02-21 05:00:00,0.0
2025-02-21 06:00:00,0.0
2025-02-21 07:00:00,0.24015
2025-02-21 08:00:00,0.21131
2025-02-21 09:00:00,0.28066
2025-02-21 10:00:00,0.67255
2025-02-21 11:00:00,0.55143
2025-02-21 12:00:00,0.63901
2025-02-21 13:00:00,0.37732
2025-02-21 14:00:00,0.43285
2025-02-21 15:00:00,0.1676
2025-02-21 16:00:00,0.02686
2025-02-21 17:00:00,0.01611
2025-02-21 18:00:00,0.0014
2025-02-21 19:00:00,0.0
2025-02-21 20:00:00,0.0
2025-02-21 21:00:00,0.0
2025-02-21 22:00:00,0.0
2025-02-21 23:00:00,0.0
2025-02-22 00:00:00,0.0
2025-02-22 01:00:00,0.0
2025-02-22 02:00:00,0.0
2025-02-22 03:00:00,0.0
2025-02-22 04:00:00,0.0
2025-02-22 05:00:00,0.0
2025-02-22 06:00:00,0.0
2025-02-22 07:00:00,0.22304
2025-02-22 08:00:00,0.45261
2025-02-22 09:00:00,0.62688
2025-02-22 10:00:00,0.7268
2025-02-22 11:00:00,0.64504
2025-02-22 12:00:00,0.74346
2025-02-22 13:00:00,0.5709299999999999
2025-02-22 14:00:00,0.07368000000000001
2025-02-22 15:00:00,0.08127
2025-02-22 16:00:00,0.027170000000000003
2025-02-22 17:00:00,0.0123
2025-02-22 18:00:00,0.00025
2025-02-22 19:00:00,0.0
2025-02-22 20:00:00,0.0
2025-02-22 21:00:00,0.0
2025-02-22 22:00:00,0.0
2025-02-22 23:00:00,0.0
2025-02-23 00:00:00,0.0
2025-02-23 01:00:00,0.0
2025-02-23 02:00:00,0.0
2025-02-23 03:00:00,0.0
2025-02-23 04:00:00,0.0
2025-02-23 05:00:00,0.0
2025-02-23 06:00:00,0.0
2025-02-23 07:00:00,0.13964
2025-02-23 08:00:00,0.40552999999999995
2025-02-23 09:00:00,0.61856
2025-02-23 10:00:00,0.6368400000000001
2025-02-23 11:00:00,0.62537
2025-02-23 12:00:00,0.55296
2025-02-23 13:00:00,0.20527
2025-02-23 14:00:00,0.17824
2025-02-23 15:00:00,0.07515999999999999
2025-02-23 16:00:00,0.07188
2025-02-23 17:00:00,0.021670000000000002
2025-02-23 18:00:00,0.00025
2025-02-23 19:00:00,0.0
2025-02-23 20:00:00,0.0
2025-02-23 21:00:00,0.0
2025-02-23 22:00:00,0.0
2025-02-23 23:00:00,0.0
2025-02-24 00:00:00,0.0
2025-02-24 01:00:00,0.0
2025-02-24 02:00:00,0.0
2025-02-24 03:00:00,0.0
2025-02-24 04:00:00,0.0
2025-02-24 05:00:00,0.0
2025-02-24 06:00:00,0.0
2025-02-24 07:00:00,0.08668000000000001
2025-02-24 08:00:00,0.36986
2025-02-24 09:00:00,0.61958
2025-02-24 10:00:00,0.55914
2025-02-24 11:00:00,0.65811
2025-02-24 12:00:00,0.60961
2025-02-24 13:00:00,0.55944
2025-02-24 14:00:00,0.22662000000000002
2025-02-24 15:00:00,0.46458
2025-02-24 16:00:00,0.09361
2025-02-24 17:00:00,0.01154
2025-02-24 18:00:00,0.00023999999999999998
2025-02-24 19:00:00,0.0
2025-02-24 20:00:00,0.0
2025-02-24 21:00:00,0.0
2025-02-24 22:00:00,0.0
2025-02-24 23:00:00,0.0
2025-02-25 00:00:00,0.0
2025-02-25 01:00:00,0.0
2025-02-25 02:00:00,0.0
2025-02-25 03:00:00,0.0
2025-02-25 04:00:00,0.0
2025-02-25 05:00:00,0.0
2025-02-25 06:00:00,0.0
2025-02-25 07:00:00,0.23511
2025-02-25 08:00:00,0.45173
2025-02-25 09:00:00,0.37505
2025-02-25 10:00:00,0.46532999999999997
2025-02-25 11:00:00,0.65036
2025-02-25 12:00:00,0.6222799999999999
2025-02-25 13:00:00,0.6678200000000001
2025-02-25 14:00:00,0.63697
2025-02-25 15:00:00,0.44258
2025-02-25 16:00:00,0.24259999999999998
2025-02-25 17:00:00,0.040049999999999995
2025-02-25 18:00:00,0.00273
2025-02-25 19:00:00,0.0
2025-02-25 20:00:00,0.0
2025-02-25 21:00:00,0.0
2025-02-25 22:00:00,0.0
2025-02-25 23:00:00,0.0
2025-02-26 00:00:00,0.0
2025-02-26 01:00:00,0.0
2025-02-26 02:00:00,0.0
2025-02-26 03:00:00,0.0
2025-02-26 04:00:00,0.0
2025-02-26 05:00:00,0.0
2025-02-26 06:00:00,0.0
2025-02-26 07:00:00,0.20523
2025-02-26 08:00:00,0.39315
2025-02-26 09:00:00,0.57392
2025-02-26 10:00:00,0.75713
2025-02-26 11:00:00,0.72763
2025-02-26 12:00:00,0.68143
2025-02-26 13:00:00,0.64924
2025-02-26 14:00:00,0.59184
2025-02-26 15:00:00,0.37322000000000005
2025-02-26 16:00:00,0.24494
2025-02-26 17:00:00,0.06634000000000001
2025-02-26 18:00:00,0.0
2025-02-26 19:00:00,0.0
2025-02-26 20:00:00,0.0
2025-02-26 21:00:00,0.0
2025-02-26 22:00:00,0.0
2025-02-26 23:00:00,0.0
2025-02-27 00:00:00,0.0
2025-02-27 01:00:00,0.0
2025-02-27 02:00:00,0.0
2025-02-27 03:00:00,0.0
2025-02-27 04:00:00,0.0
2025-02-27 05:00:00,0.0
2025-02-27 06:00:00,0.0
2025-02-27 07:00:00,0.15599000000000002
2025-02-27 08:00:00,0.4721
2025-02-27 09:00:00,0.61205
2025-02-27 10:00:00,0.71757
2025-02-27 11:00:00,0.78444
2025-02-27 12:00:00,0.75812
2025-02-27 13:00:00,0.71934
2025-02-27 14:00:00,0.61579
2025-02-27 15:00:00,0.10041
2025-02-27 16:00:00,0.0258
2025-02-27 17:00:00,0.01102
2025-02-27 18:00:00,0.0
2025-02-27 19:00:00,0.0
2025-02-27 20:00:00,0.0
2025-02-27 21:00:00,0.0
2025-02-27 22:00:00,0.0
2025-02-27 23:00:00,0.0
2025-02-28 00:00:00,0.0
2025-02-28 01:00:00,0.0
2025-02-28 02:00:00,0.0
2025-02-28 03:00:00,0.0
2025-02-28 04:00:00,0.0
2025-02-28 05:00:00,0.0
2025-02-28 06:00:00,0.0
2025-02-28 07:00:00,0.25544
2025-02-28 08:00:00,0.35775999999999997
2025-02-28 09:00:00,0.63417
2025-02-28 10:00:00,0.71604
2025-02-28 11:00:00,0.76601
2025-02-28 12:00:00,0.74486
2025-02-28 13:00:00,0.71416
2025-02-28 14:00:00,0.61298
2025-02-28 15:00:00,0.44238
2025-02-28 16:00:00,0.19823
2025-02-28 17:00:00,0.02154
2025-02-28 18:00:00,0.0
2025-02-28 19:00:00,0.0
2025-02-28 20:00:00,0.0
2025-02-28 21:00:00,0.0
2025-02-28 22:00:00,0.0
2025-02-28 23:00:00,0.0
2025-03-01 00:00:00,0.0
2025-03-01 01:00:00,0.0
2025-03-01 02:00:00,0.0
2025-03-01 03:00:00,0.0
2025-03-01 04:00:00,0.0
2025-03-01 05:00:00,0.0
2025-03-01 06:00:00,0.0
2025-03-01 07:00:00,0.26494
2025-03-01 08:00:00,0.49412
2025-03-01 09:00:00,0.65131
2025-03-01 10:00:00,0.76391
2025-03-01 11:00:00,0.8233400000000001
2025-03-01 12:00:00,0.8040700000000001
2025-03-01 13:00:00,0.65952
2025-03-01 14:00:00,0.59445
2025-03-01 15:00:00,0.44137
2025-03-01 16:00:00,0.24226
2025-03-01 17:00:00,0.07887999999999999
2025-03-01 18:00:00,0.01469
2025-03-01 19:00:00,0.0
2025-03-01 20:00:00,0.0
2025-03-01 21:00:00,0.0
2025-03-01 22:00:00,0.0
2025-03-01 23:00:00,0.0
2025-03-02 00:00:00,0.0
2025-03-02 01:00:00,0.0
2025-03-02 02:00:00,0.0
2025-03-02 03:00:00,0.0
2025-03-02 04:00:00,0.0
2025-03-02 05:00:00,0.0
2025-03-02 06:00:00,0.0
2025-03-02 07:00:00,0.22755
2025-03-02 08:00:00,0.47579000000000005
2025-03-02 09:00:00,0.6238400000000001
2025-03-02 10:00:00,0.6534099999999999
2025-03-02 11:00:00,0.72819
2025-03-02 12:00:00,0.7314400000000001
2025-03-02 13:00:00,0.64639
2025-03-02 14:00:00,0.48525
2025-03-02 15:00:00,0.04757
2025-03-02 16:00:00,0.02477
2025-03-02 17:00:00,0.01028
2025-03-02 18:00:00,0.0
2025-03-02 19:00:00,0.0
2025-03-02 20:00:00,0.0
2025-03-02 21:00:00,0.0
2025-03-02 22:00:00,0.0
2025-03-02 23:00:00,0.0
2025-03-03 00:00:00,0.0
2025-03-03 01:00:00,0.0
2025-03-03 02:00:00,0.0
2025-03-03 03:00:00,0.0
2025-03-03 04:00:00,0.0
2025-03-03 05:00:00,0.0
2025-03-03 06:00:00,0.0
2025-03-03 07:00:00,0.25242
2025-03-03 08:00:00,0.48561
2025-03-03 09:00:00,0.64271
2025-03-03 10:00:00,0.7449600000000001
2025-03-03 11:00:00,0.7952899999999999
2025-03-03 12:00:00,0.72299
2025-03-03 13:00:00,0.62815
2025-03-03 14:00:00,0.48607999999999996
2025-03-03 15:00:00,0.42034
2025-03-03 16:00:00,0.23356
2025-03-03 17:00:00,0.06475
2025-03-03 18:00:00,0.0
2025-03-03 19:00:00,0.0
2025-03-03 20:00:00,0.0
2025-03-03 21:00:00,0.0
2025-03-03 22:00:00,0.0
2025-03-03 23:00:00,0.0
2025-03-04 00:00:00,0.0
2025-03-04 01:00:00,0.0
2025-03-04 02:00:00,0.0
2025-03-04 03:00:00,0.0
2025-03-04 04:00:00,0.0
2025-03-04 05:00:00,0.0
2025-03-04 06:00:00,0.0
2025-03-04 07:00:00,0.07489
2025-03-04 08:00:00,0.25959
2025-03-04 09:00:00,0.5044
2025-03-04 10:00:00,0.69274
2025-03-04 11:00:00,0.78615
2025-03-04 12:00:00,0.77367
2025-03-04 13:00:00,0.6344299999999999
2025-03-04 14:00:00,0.30674
2025-03-04 15:00:00,0.22019999999999998
2025-03-04 16:00:00,0.21696000000000001
2025-03-04 17:00:00,0.01218
2025-03-04 18:00:00,0.0
2025-03-04 19:00:00,0.0
2025-03-04 20:00:00,0.0
2025-03-04 21:00:00,0.0
2025-03-04 22:00:00,0.0
2025-03-04 23:00:00,0.0
2025-03-05 00:00:00,0.0
2025-03-05 01:00:00,0.0
2025-03-05 02:00:00,0.0
2025-03-05 03:00:00,0.0
2025-03-05 04:00:00,0.0
2025-03-05 05:00:00,0.0
2025-03-05 06:00:00,0.0
2025-03-05 07:00:00,0.0959
2025-03-05 08:00:00,0.07375
2025-03-05 09:00:00,0.51881
2025-03-05 10:00:00,0.38006
2025-03-05 11:00:00,0.36555
2025-03-05 12:00:00,0.28282999999999997
2025-03-05 13:00:00,0.6095
2025-03-05 14:00:00,0.44705
2025-03-05 15:00:00,0.36114999999999997
2025-03-05 16:00:00,0.10681
2025-03-05 17:00:00,0.05946
2025-03-05 18:00:00,0.00025
2025-03-05 19:00:00,0.0
2025-03-05 20:00:00,0.0
2025-03-05 21:00:00,0.0
2025-03-05 22:00:00,0.0
2025-03-05 23:00:00,0.0
2025-03-06 00:00:00,0.0
2025-03-06 01:00:00,0.0
2025-03-06 02:00:00,0.0
2025-03-06 03:00:00,0.0
2025-03-06 04:00:00,0.0
2025-03-06 05:00:00,0.0
2025-03-06 06:00:00,0.0
2025-03-06 07:00:00,0.08348
2025-03-06 08:00:00,0.05103
2025-03-06 09:00:00,0.25812
2025-03-06 10:00:00,0.48931
2025-03-06 11:00:00,0.7724
2025-03-06 12:00:00,0.7734099999999999
2025-03-06 13:00:00,0.5851000000000001
2025-03-06 14:00:00,0.6017
2025-03-06 15:00:00,0.45136000000000004
2025-03-06 16:00:00,0.23788
2025-03-06 17:00:00,0.07343000000000001
2025-03-06 18:00:00,0.0
2025-03-06 19:00:00,0.0
2025-03-06 20:00:00,0.0
2025-03-06 21:00:00,0.0
2025-03-06 22:00:00,0.0
2025-03-06 23:00:00,0.0
2025-03-07 00:00:00,0.0
2025-03-07 01:00:00,0.0
2025-03-07 02:00:00,0.0
2025-03-07 03:00:00,0.0
2025-03-07 04:00:00,0.0
2025-03-07 05:00:00,0.0
2025-03-07 06:00:00,0.0
2025-03-07 07:00:00,0.02359
2025-03-07 08:00:00,0.31618999999999997
2025-03-07 09:00:00,0.0511
2025-03-07 10:00:00,0.27144
2025-03-07 11:00:00,0.80424
2025-03-07 12:00:00,0.7895399999999999
2025-03-07 13:00:00,0.72733
2025-03-07 14:00:00,0.55374
2025-03-07 15:00:00,0.31351
2025-03-07 16:00:00,0.024399999999999998
2025-03-07 17:00:00,0.07784999999999999
2025-03-07 18:00:00,0.0
2025-03-07 19:00:00,0.0
2025-03-07 20:00:00,0.0
2025-03-07 21:00:00,0.0
2025-03-07 22:00:00,0.0
2025-03-07 23:00:00,0.0
2025-03-08 00:00:00,0.0
2025-03-08 01:00:00,0.0
2025-03-08 02:00:00,0.0
2025-03-08 03:00:00,0.0
2025-03-08 04:00:00,0.0
2025-03-08 05:00:00,0.0
2025-03-08 06:00:00,0.0
2025-03-08 07:00:00,0.21218
2025-03-08 08:00:00,0.24524
2025-03-08 09:00:00,0.54623
2025-03-08 10:00:00,0.48529
2025-03-08 11:00:00,0.17851
2025-03-08 12:00:00,0.26049
2025-03-08 13:00:00,0.25232
2025-03-08 14:00:00,0.51507
2025-03-08 15:00:00,0.39297000000000004
2025-03-08 16:00:00,0.23514
2025-03-08 17:00:00,0.01887
2025-03-08 18:00:00,0.0006
2025-03-08 19:00:00,0.0
2025-03-08 20:00:00,0.0
2025-03-08 21:00:00,0.0
2025-03-08 22:00:00,0.0
2025-03-08 23:00:00,0.0
2025-03-09 00:00:00,0.0
2025-03-09 01:00:00,0.0
2025-03-09 02:00:00,0.0
2025-03-09 03:00:00,0.0
2025-03-09 04:00:00,0.0
2025-03-09 05:00:00,0.0
2025-03-09 06:00:00,0.0
2025-03-09 07:00:00,0.24122
2025-03-09 08:00:00,0.45753
2025-03-09 09:00:00,0.62737
2025-03-09 10:00:00,0.47285000000000005
2025-03-09 11:00:00,0.62206
2025-03-09 12:00:00,0.39194
2025-03-09 13:00:00,0.54167
2025-03-09 14:00:00,0.48205000000000003
2025-03-09 15:00:00,0.14047
2025-03-09 16:00:00,0.12508
2025-03-09 17:00:00,0.00919
2025-03-09 18:00:00,0.0
2025-03-09 19:00:00,0.0
2025-03-09 20:00:00,0.0
2025-03-09 21:00:00,0.0
2025-03-09 22:00:00,0.0
2025-03-09 23:00:00,0.0
2025-03-10 00:00:00,0.0
2025-03-10 01:00:00,0.0
2025-03-10 02:00:00,0.0
2025-03-10 03:00:00,0.0
2025-03-10 04:00:00,0.0
2025-03-10 05:00:00,0.0
2025-03-10 06:00:00,0.0
2025-03-10 07:00:00,0.23463
2025-03-10 08:00:00,0.46259
2025-03-10 09:00:00,0.6339
2025-03-10 10:00:00,0.7486900000000001
2025-03-10 11:00:00,0.68651
2025-03-10 12:00:00,0.7144400000000001
2025-03-10 13:00:00,0.69784
2025-03-10 14:00:00,0.5666
2025-03-10 15:00:00,0.37707999999999997
2025-03-10 16:00:00,0.09545999999999999
2025-03-10 17:00:00,0.06074
2025-03-10 18:00:00,0.0
2025-03-10 19:00:00,0.0
2025-03-10 20:00:00,0.0
2025-03-10 21:00:00,0.0
2025-03-10 22:00:00,0.0
2025-03-10 23:00:00,0.0
2025-03-11 00:00:00,0.0
2025-03-11 01:00:00,0.0
2025-03-11 02:00:00,0.0
2025-03-11 03:00:00,0.0
2025-03-11 04:00:00,0.0
2025-03-11 05:00:00,0.0
2025-03-11 06:00:00,0.0
2025-03-11 07:00:00,0.06111
2025-03-11 08:00:00,0.21772
2025-03-11 09:00:00,0.3307
2025-03-11 10:00:00,0.38
2025-03-11 11:00:00,0.36863
2025-03-11 12:00:00,0.37013999999999997
2025-03-11 13:00:00,0.23329
2025-03-11 14:00:00,0.06698
2025-03-11 15:00:00,0.09914
2025-03-11 16:00:00,0.02332
2025-03-11 17:00:00,0.00864
2025-03-11 18:00:00,0.0
2025-03-11 19:00:00,0.0
2025-03-11 20:00:00,0.0
2025-03-11 21:00:00,0.0
2025-03-11 22:00:00,0.0
2025-03-11 23:00:00,0.0
2025-03-12 00:00:00,0.0
2025-03-12 01:00:00,0.0
2025-03-12 02:00:00,0.0
2025-03-12 03:00:00,0.0
2025-03-12 04:00:00,0.0
2025-03-12 05:00:00,0.0
2025-03-12 06:00:00,0.0
2025-03-12 07:00:00,0.06734
2025-03-12 08:00:00,0.30979
2025-03-12 09:00:00,0.51413
2025-03-12 10:00:00,0.59787
2025-03-12 11:00:00,0.4801
2025-03-12 12:00:00,0.60104
2025-03-12 13:00:00,0.45603
2025-03-12 14:00:00,0.50548
2025-03-12 15:00:00,0.29564
2025-03-12 16:00:00,0.12831
2025-03-12 17:00:00,0.00866
2025-03-12 18:00:00,0.0
2025-03-12 19:00:00,0.0
2025-03-12 20:00:00,0.0
2025-03-12 21:00:00,0.0
2025-03-12 22:00:00,0.0
2025-03-12 23:00:00,0.0
2025-03-13 00:00:00,0.0
2025-03-13 01:00:00,0.0
2025-03-13 02:00:00,0.0
2025-03-13 03:00:00,0.0
2025-03-13 04:00:00,0.0
2025-03-13 05:00:00,0.0
2025-03-13 06:00:00,0.0
2025-03-13 07:00:00,0.17481
2025-03-13 08:00:00,0.22033000000000003
2025-03-13 09:00:00,0.37887
2025-03-13 10:00:00,0.54179
2025-03-13 11:00:00,0.48334
2025-03-13 12:00:00,0.44980000000000003
2025-03-13 13:00:00,0.37282
2025-03-13 14:00:00,0.36698000000000003
2025-03-13 15:00:00,0.2166
2025-03-13 16:00:00,0.11996
2025-03-13 17:00:00,0.008039999999999999
2025-03-13 18:00:00,0.0
2025-03-13 19:00:00,0.0
2025-03-13 20:00:00,0.0
2025-03-13 21:00:00,0.0
2025-03-13 22:00:00,0.0
2025-03-13 23:00:00,0.0
2025-03-14 00:00:00,0.0
2025-03-14 01:00:00,0.0
2025-03-14 02:00:00,0.0
2025-03-14 03:00:00,0.0
2025-03-14 04:00:00,0.0
2025-03-14 05:00:00,0.0
2025-03-14 06:00:00,0.0
2025-03-14 07:00:00,0.039229999999999994
2025-03-14 08:00:00,0.12853
2025-03-14 09:00:00,0.19596
2025-03-14 10:00:00,0.1891
2025-03-14 11:00:00,0.33832
2025-03-14 12:00:00,0.47529000000000005
2025-03-14 13:00:00,0.4021
2025-03-14 14:00:00,0.33996
2025-03-14 15:00:00,0.17113
2025-03-14 16:00:00,0.08423
2025-03-14 17:00:00,0.07083
2025-03-14 18:00:00,0.0
2025-03-14 19:00:00,0.0
2025-03-14 20:00:00,0.0
2025-03-14 21:00:00,0.0
2025-03-14 22:00:00,0.0
2025-03-14 23:00:00,0.0
2025-03-15 00:00:00,0.0
2025-03-15 01:00:00,0.0
2025-03-15 02:00:00,0.0
2025-03-15 03:00:00,0.0
2025-03-15 04:00:00,0.0
2025-03-15 05:00:00,0.0
2025-03-15 06:00:00,0.0
2025-03-15 07:00:00,0.25253
2025-03-15 08:00:00,0.47943
2025-03-15 09:00:00,0.6322000000000001
2025-03-15 10:00:00,0.7281299999999999
2025-03-15 11:00:00,0.65174
2025-03-15 12:00:00,0.6728
2025-03-15 13:00:00,0.4698
2025-03-15 14:00:00,0.44389999999999996
2025-03-15 15:00:00,0.34092
2025-03-15 16:00:00,0.09831999999999999
2025-03-15 17:00:00,0.06921
2025-03-15 18:00:00,0.0
2025-03-15 19:00:00,0.0
2025-03-15 20:00:00,0.0
2025-03-15 21:00:00,0.0
2025-03-15 22:00:00,0.0
2025-03-15 23:00:00,0.0
2025-03-16 00:00:00,0.0
2025-03-16 01:00:00,0.0
2025-03-16 02:00:00,0.0
2025-03-16 03:00:00,0.0
2025-03-16 04:00:00,0.0
2025-03-16 05:00:00,0.0
2025-03-16 06:00:00,0.0
2025-03-16 07:00:00,0.25803
2025-03-16 08:00:00,0.48637
2025-03-16 09:00:00,0.6416499999999999
2025-03-16 10:00:00,0.73573
2025-03-16 11:00:00,0.8054
2025-03-16 12:00:00,0.79652
2025-03-16 13:00:00,0.6880299999999999
2025-03-16 14:00:00,0.62571
2025-03-16 15:00:00,0.4604
2025-03-16 16:00:00,0.23288
2025-03-16 17:00:00,0.03561
2025-03-16 18:00:00,0.00138
2025-03-16 19:00:00,0.0
2025-03-16 20:00:00,0.0
2025-03-16 21:00:00,0.0
2025-03-16 22:00:00,0.0
2025-03-16 23:00:00,0.0
2025-03-17 00:00:00,0.0
2025-03-17 01:00:00,0.0
2025-03-17 02:00:00,0.0
2025-03-17 03:00:00,0.0
2025-03-17 04:00:00,0.0
2025-03-17 05:00:00,0.0
2025-03-17 06:00:00,0.0
2025-03-17 07:00:00,0.2689
2025-03-17 08:00:00,0.49010000000000004
2025-03-17 09:00:00,0.63846
2025-03-17 10:00:00,0.75137
2025-03-17 11:00:00,0.80302
2025-03-17 12:00:00,0.7796799999999999
2025-03-17 13:00:00,0.6662
2025-03-17 14:00:00,0.5413300000000001
2025-03-17 15:00:00,0.36463
2025-03-17 16:00:00,0.21265
2025-03-17 17:00:00,0.013460000000000001
2025-03-17 18:00:00,0.00139
2025-03-17 19:00:00,0.0
2025-03-17 20:00:00,0.0
2025-03-17 21:00:00,0.0
2025-03-17 22:00:00,0.0
2025-03-17 23:00:00,0.0
2025-03-18 00:00:00,0.0
2025-03-18 01:00:00,0.0
2025-03-18 02:00:00,0.0
2025-03-18 03:00:00,0.0
2025-03-18 04:00:00,0.0
2025-03-18 05:00:00,0.0
2025-03-18 06:00:00,0.0
2025-03-18 07:00:00,0.26782
2025-03-18 08:00:00,0.48157
2025-03-18 09:00:00,0.63403
2025-03-18 10:00:00,0.73552
2025-03-18 11:00:00,0.78399
2025-03-18 12:00:00,0.77816
2025-03-18 13:00:00,0.69926
2025-03-18 14:00:00,0.6011599999999999
2025-03-18 15:00:00,0.44873
2025-03-18 16:00:00,0.22576
2025-03-18 17:00:00,0.03558
2025-03-18 18:00:00,0.0
2025-03-18 19:00:00,0.0
2025-03-18 20:00:00,0.0
2025-03-18 21:00:00,0.0
2025-03-18 22:00:00,0.0
2025-03-18 23:00:00,0.0
2025-03-19 00:00:00,0.0
2025-03-19 01:00:00,0.0
2025-03-19 02:00:00,0.0
2025-03-19 03:00:00,0.0
2025-03-19 04:00:00,0.0
2025-03-19 05:00:00,0.0
2025-03-19 06:00:00,0.0
2025-03-19 07:00:00,0.2152
2025-03-19 08:00:00,0.46206
2025-03-19 09:00:00,0.62599
2025-03-19 10:00:00,0.71665
2025-03-19 11:00:00,0.71082
2025-03-19 12:00:00,0.5998600000000001
2025-03-19 13:00:00,0.61256
2025-03-19 14:00:00,0.49788
2025-03-19 15:00:00,0.37535
2025-03-19 16:00:00,0.11015000000000001
2025-03-19 17:00:00,0.00729
2025-03-19 18:00:00,0.0
2025-03-19 19:00:00,0.0
2025-03-19 20:00:00,0.0
2025-03-19 21:00:00,0.0
2025-03-19 22:00:00,0.0
2025-03-19 23:00:00,0.0
2025-03-20 00:00:00,0.0
2025-03-20 01:00:00,0.0
2025-03-20 02:00:00,0.0
2025-03-20 03:00:00,0.0
2025-03-20 04:00:00,0.0
2025-03-20 05:00:00,0.0
2025-03-20 06:00:00,0.0
2025-03-20 07:00:00,0.20409
2025-03-20 08:00:00,0.38911
2025-03-20 09:00:00,0.61948
2025-03-20 10:00:00,0.693
2025-03-20 11:00:00,0.67877
2025-03-20 12:00:00,0.70502
2025-03-20 13:00:00,0.61795
2025-03-20 14:00:00,0.48325
2025-03-20 15:00:00,0.06845
2025-03-20 16:00:00,0.13728
2025-03-20 17:00:00,0.00675
2025-03-20 18:00:00,0.0
2025-03-20 19:00:00,0.0
2025-03-20 20:00:00,0.0
2025-03-20 21:00:00,0.0
2025-03-20 22:00:00,0.0
2025-03-20 23:00:00,0.0
2025-03-21 00:00:00,0.0
2025-03-21 01:00:00,0.0
2025-03-21 02:00:00,0.0
2025-03-21 03:00:00,0.0
2025-03-21 04:00:00,0.0
2025-03-21 05:00:00,0.0
2025-03-21 06:00:00,0.0
2025-03-21 07:00:00,0.24562
2025-03-21 08:00:00,0.45286000000000004
2025-03-21 09:00:00,0.60762
2025-03-21 10:00:00,0.7175499999999999
2025-03-21 11:00:00,0.7642100000000001
2025-03-21 12:00:00,0.77938
2025-03-21 13:00:00,0.7084199999999999
2025-03-21 14:00:00,0.59753
2025-03-21 15:00:00,0.37236
2025-03-21 16:00:00,0.09751
2025-03-21 17:00:00,0.006690000000000001
2025-03-21 18:00:00,0.0
2025-03-21 19:00:00,0.0
2025-03-21 20:00:00,0.0
2025-03-21 21:00:00,0.0
2025-03-21 22:00:00,0.0
2025-03-21 23:00:00,0.0
2025-03-22 00:00:00,0.0
2025-03-22 01:00:00,0.0
2025-03-22 02:00:00,0.0
2025-03-22 03:00:00,0.0
2025-03-22 04:00:00,0.0
2025-03-22 05:00:00,0.0
2025-03-22 06:00:00,0.0
2025-03-22 07:00:00,0.26017
2025-03-22 08:00:00,0.48035
2025-03-22 09:00:00,0.62074
2025-03-22 10:00:00,0.72427
2025-03-22 11:00:00,0.74056
2025-03-22 12:00:00,0.6836599999999999
2025-03-22 13:00:00,0.53403
2025-03-22 14:00:00,0.27525
2025-03-22 15:00:00,0.06570000000000001
2025-03-22 16:00:00,0.03327
2025-03-22 17:00:00,0.0066500000000000005
2025-03-22 18:00:00,0.0
2025-03-22 19:00:00,0.0
2025-03-22 20:00:00,0.0
2025-03-22 21:00:00,0.0
2025-03-22 22:00:00,0.0
2025-03-22 23:00:00,0.0
2025-03-23 00:00:00,0.0
2025-03-23 01:00:00,0.0
2025-03-23 02:00:00,0.0
2025-03-23 03:00:00,0.0
2025-03-23 04:00:00,0.0
2025-03-23 05:00:00,0.0
2025-03-23 06:00:00,0.0
2025-03-23 07:00:00,0.26953
2025-03-23 08:00:00,0.45871
2025-03-23 09:00:00,0.6193099999999999
2025-03-23 10:00:00,0.73762
2025-03-23 11:00:00,0.78226
2025-03-23 12:00:00,0.77218
2025-03-23 13:00:00,0.67701
2025-03-23 14:00:00,0.56696
2025-03-23 15:00:00,0.42944
2025-03-23 16:00:00,0.21506
2025-03-23 17:00:00,0.05835
2025-03-23 18:00:00,0.0
2025-03-23 19:00:00,0.0
2025-03-23 20:00:00,0.0
2025-03-23 21:00:00,0.0
2025-03-23 22:00:00,0.0
2025-03-23 23:00:00,0.0
2025-03-24 00:00:00,0.0
2025-03-24 01:00:00,0.0
2025-03-24 02:00:00,0.0
2025-03-24 03:00:00,0.0
2025-03-24 04:00:00,0.0
2025-03-24 05:00:00,0.0
2025-03-24 06:00:00,0.0
2025-03-24 07:00:00,0.25126
2025-03-24 08:00:00,0.48683
2025-03-24 09:00:00,0.63283
2025-03-24 10:00:00,0.7415
2025-03-24 11:00:00,0.78451
2025-03-24 12:00:00,0.76732
2025-03-24 13:00:00,0.65436
2025-03-24 14:00:00,0.59504
2025-03-24 15:00:00,0.42055000000000003
2025-03-24 16:00:00,0.17627
2025-03-24 17:00:00,0.02892
2025-03-24 18:00:00,0.0
2025-03-24 19:00:00,0.0
2025-03-24 20:00:00,0.0
2025-03-24 21:00:00,0.0
2025-03-24 22:00:00,0.0
2025-03-24 23:00:00,0.0
2025-03-25 00:00:00,0.0
2025-03-25 01:00:00,0.0
2025-03-25 02:00:00,0.0
2025-03-25 03:00:00,0.0
2025-03-25 04:00:00,0.0
2025-03-25 05:00:00,0.0
2025-03-25 06:00:00,0.0
2025-03-25 07:00:00,0.24908000000000002
2025-03-25 08:00:00,0.48241
2025-03-25 09:00:00,0.63075
2025-03-25 10:00:00,0.73054
2025-03-25 11:00:00,0.7713
2025-03-25 12:00:00,0.7457
2025-03-25 13:00:00,0.67931
2025-03-25 14:00:00,0.5838300000000001
2025-03-25 15:00:00,0.41896
2025-03-25 16:00:00,0.2086
2025-03-25 17:00:00,0.00841
2025-03-25 18:00:00,0.0
2025-03-25 19:00:00,0.0
2025-03-25 20:00:00,0.0
2025-03-25 21:00:00,0.0
2025-03-25 22:00:00,0.0
2025-03-25 23:00:00,0.0
2025-03-26 00:00:00,0.0
2025-03-26 01:00:00,0.0
2025-03-26 02:00:00,0.0
2025-03-26 03:00:00,0.0
2025-03-26 04:00:00,0.0
2025-03-26 05:00:00,0.0
2025-03-26 06:00:00,0.0
2025-03-26 07:00:00,0.22043000000000001
2025-03-26 08:00:00,0.46525
2025-03-26 09:00:00,0.63389
2025-03-26 10:00:00,0.7469
2025-03-26 11:00:00,0.7944199999999999
2025-03-26 12:00:00,0.7694
2025-03-26 13:00:00,0.68265
2025-03-26 14:00:00,0.5718099999999999
2025-03-26 15:00:00,0.41875999999999997
2025-03-26 16:00:00,0.20659
2025-03-26 17:00:00,0.02597
2025-03-26 18:00:00,0.0
2025-03-26 19:00:00,0.0
2025-03-26 20:00:00,0.0
2025-03-26 21:00:00,0.0
2025-03-26 22:00:00,0.0
2025-03-26 23:00:00,0.0
2025-03-27 00:00:00,0.0
2025-03-27 01:00:00,0.0
2025-03-27 02:00:00,0.0
2025-03-27 03:00:00,0.0
2025-03-27 04:00:00,0.0
2025-03-27 05:00:00,0.0
2025-03-27 06:00:00,0.0
2025-03-27 07:00:00,0.05257
2025-03-27 08:00:00,0.46523000000000003
2025-03-27 09:00:00,0.60914
2025-03-27 10:00:00,0.72536
2025-03-27 11:00:00,0.7779299999999999
2025-03-27 12:00:00,0.7685599999999999
2025-03-27 13:00:00,0.69941
2025-03-27 14:00:00,0.40964999999999996
2025-03-27 15:00:00,0.34026
2025-03-27 16:00:00,0.19356
2025-03-27 17:00:00,0.00509
2025-03-27 18:00:00,0.0
2025-03-27 19:00:00,0.0
2025-03-27 20:00:00,0.0
2025-03-27 21:00:00,0.0
2025-03-27 22:00:00,0.0
2025-03-27 23:00:00,0.0
2025-03-28 00:00:00,0.0
2025-03-28 01:00:00,0.0
2025-03-28 02:00:00,0.0
2025-03-28 03:00:00,0.0
2025-03-28 04:00:00,0.0
2025-03-28 05:00:00,0.0
2025-03-28 06:00:00,0.0
2025-03-28 07:00:00,0.23743999999999998
2025-03-28 08:00:00,0.43311
2025-03-28 09:00:00,0.62875
2025-03-28 10:00:00,0.71629
2025-03-28 11:00:00,0.73423
2025-03-28 12:00:00,0.54467
2025-03-28 13:00:00,0.55923
2025-03-28 14:00:00,0.54892
2025-03-28 15:00:00,0.36511
2025-03-28 16:00:00,0.16423
2025-03-28 17:00:00,0.00797
2025-03-28 18:00:00,0.0
2025-03-28 19:00:00,0.0
2025-03-28 20:00:00,0.0
2025-03-28 21:00:00,0.0
2025-03-28 22:00:00,0.0
2025-03-28 23:00:00,0.0
2025-03-29 00:00:00,0.0
2025-03-29 01:00:00,0.0
2025-03-29 02:00:00,0.0
2025-03-29 03:00:00,0.0
2025-03-29 04:00:00,0.0
2025-03-29 05:00:00,0.0
2025-03-29 06:00:00,0.0
2025-03-29 07:00:00,0.00577
2025-03-29 08:00:00,0.15581
2025-03-29 09:00:00,0.29543
2025-03-29 10:00:00,0.14024
2025-03-29 11:00:00,0.22768
2025-03-29 12:00:00,0.50189
2025-03-29 13:00:00,0.42362
2025-03-29 14:00:00,0.39
2025-03-29 15:00:00,0.35811000000000004
2025-03-29 16:00:00,0.04542
2025-03-29 17:00:00,0.00507
2025-03-29 18:00:00,0.0
2025-03-29 19:00:00,0.0
2025-03-29 20:00:00,0.0
2025-03-29 21:00:00,0.0
2025-03-29 22:00:00,0.0
2025-03-29 23:00:00,0.0
2025-03-30 00:00:00,0.0
2025-03-30 01:00:00,0.0
2025-03-30 02:00:00,0.0
2025-03-30 03:00:00,0.0
2025-03-30 04:00:00,0.0
2025-03-30 05:00:00,0.0
2025-03-30 06:00:00,0.0
2025-03-30 07:00:00,0.08206999999999999
2025-03-30 08:00:00,0.34513
2025-03-30 09:00:00,0.16591
2025-03-30 10:00:00,0.47264999999999996
2025-03-30 11:00:00,0.58746
2025-03-30 12:00:00,0.67301
2025-03-30 13:00:00,0.6233200000000001
2025-03-30 14:00:00,0.49674
2025-03-30 15:00:00,0.27115
2025-03-30 16:00:00,0.14584
2025-03-30 17:00:00,0.00454
2025-03-30 18:00:00,0.0
2025-03-30 19:00:00,0.0
2025-03-30 20:00:00,0.0
2025-03-30 21:00:00,0.0
2025-03-30 22:00:00,0.0
2025-03-30 23:00:00,0.0
2025-03-31 00:00:00,0.0
2025-03-31 01:00:00,0.0
2025-03-31 02:00:00,0.0
2025-03-31 03:00:00,0.0
2025-03-31 04:00:00,0.0
2025-03-31 05:00:00,0.0
2025-03-31 06:00:00,0.0
2025-03-31 07:00:00,0.17402
2025-03-31 08:00:00,0.45483999999999997
2025-03-31 09:00:00,0.6192000000000001
2025-03-31 10:00:00,0.72537
2025-03-31 11:00:00,0.7569
2025-03-31 12:00:00,0.67712
2025-03-31 13:00:00,0.67343
2025-03-31 14:00:00,0.49125
2025-03-31 15:00:00,0.28468
2025-03-31 16:00:00,0.0174
2025-03-31 17:00:00,0.00451
2025-03-31 18:00:00,0.0
2025-03-31 19:00:00,0.0
2025-03-31 20:00:00,0.0
2025-03-31 21:00:00,0.0
2025-03-31 22:00:00,0.0
2025-03-31 23:00:00,0.0
2025-04-01 00:00:00,0.0
2025-04-01 01:00:00,0.0
2025-04-01 02:00:00,0.0
2025-04-01 03:00:00,0.0
2025-04-01 04:00:00,0.0
2025-04-01 05:00:00,0.0
2025-04-01 06:00:00,0.0
2025-04-01 07:00:00,0.1987
2025-04-01 08:00:00,0.33242
2025-04-01 09:00:00,0.55264
2025-04-01 10:00:00,0.72905
2025-04-01 11:00:00,0.78653
2025-04-01 12:00:00,0.79213
2025-04-01 13:00:00,0.7370800000000001
2025-04-01 14:00:00,0.5977899999999999
2025-04-01 15:00:00,0.42366000000000004
2025-04-01 16:00:00,0.19597
2025-04-01 17:00:00,0.04044
2025-04-01 18:00:00,0.0
2025-04-01 19:00:00,0.0
2025-04-01 20:00:00,0.0
2025-04-01 21:00:00,0.0
2025-04-01 22:00:00,0.0
2025-04-01 23:00:00,0.0
2025-04-02 00:00:00,0.0
2025-04-02 01:00:00,0.0
2025-04-02 02:00:00,0.0
2025-04-02 03:00:00,0.0
2025-04-02 04:00:00,0.0
2025-04-02 05:00:00,0.0
2025-04-02 06:00:00,0.0
2025-04-02 07:00:00,0.2567
2025-04-02 08:00:00,0.4987
2025-04-02 09:00:00,0.6558999999999999
2025-04-02 10:00:00,0.7472799999999999
2025-04-02 11:00:00,0.7870900000000001
2025-04-02 12:00:00,0.78565
2025-04-02 13:00:00,0.7296
2025-04-02 14:00:00,0.5754199999999999
2025-04-02 15:00:00,0.36064999999999997
2025-04-02 16:00:00,0.19516999999999998
2025-04-02 17:00:00,0.053840000000000006
2025-04-02 18:00:00,0.0
2025-04-02 19:00:00,0.0
2025-04-02 20:00:00,0.0
2025-04-02 21:00:00,0.0
2025-04-02 22:00:00,0.0
2025-04-02 23:00:00,0.0
2025-04-03 00:00:00,0.0
2025-04-03 01:00:00,0.0
2025-04-03 02:00:00,0.0
2025-04-03 03:00:00,0.0
2025-04-03 04:00:00,0.0
2025-04-03 05:00:00,0.0
2025-04-03 06:00:00,0.0
2025-04-03 07:00:00,0.20925
2025-04-03 08:00:00,0.4918
2025-04-03 09:00:00,0.64698
2025-04-03 10:00:00,0.74613
2025-04-03 11:00:00,0.78708
2025-04-03 12:00:00,0.6977000000000001
2025-04-03 13:00:00,0.58989
2025-04-03 14:00:00,0.52564
2025-04-03 15:00:00,0.40204
2025-04-03 16:00:00,0.19902
2025-04-03 17:00:00,0.027219999999999998
2025-04-03 18:00:00,0.0
2025-04-03 19:00:00,0.0
2025-04-03 20:00:00,0.0
2025-04-03 21:00:00,0.0
2025-04-03 22:00:00,0.0
2025-04-03 23:00:00,0.0
2025-04-04 00:00:00,0.0
2025-04-04 01:00:00,0.0
2025-04-04 02:00:00,0.0
2025-04-04 03:00:00,0.0
2025-04-04 04:00:00,0.0
2025-04-04 05:00:00,0.0
2025-04-04 06:00:00,0.0
2025-04-04 07:00:00,0.02531
2025-04-04 08:00:00,0.32892
2025-04-04 09:00:00,0.64332
2025-04-04 10:00:00,0.68792
2025-04-04 11:00:00,0.59477
2025-04-04 12:00:00,0.71427
2025-04-04 13:00:00,0.6717799999999999
2025-04-04 14:00:00,0.5712
2025-04-04 15:00:00,0.40698
2025-04-04 16:00:00,0.19724
2025-04-04 17:00:00,0.02112
2025-04-04 18:00:00,0.0
2025-04-04 19:00:00,0.0
2025-04-04 20:00:00,0.0
2025-04-04 21:00:00,0.0
2025-04-04 22:00:00,0.0
2025-04-04 23:00:00,0.0
2025-04-05 00:00:00,0.0
2025-04-05 01:00:00,0.0
2025-04-05 02:00:00,0.0
2025-04-05 03:00:00,0.0
2025-04-05 04:00:00,0.0
2025-04-05 05:00:00,0.0
2025-04-05 06:00:00,0.0
2025-04-05 07:00:00,0.2393
2025-04-05 08:00:00,0.45088
2025-04-05 09:00:00,0.62736
2025-04-05 10:00:00,0.6894
2025-04-05 11:00:00,0.7325499999999999
2025-04-05 12:00:00,0.695
2025-04-05 13:00:00,0.6902699999999999
2025-04-05 14:00:00,0.57105
2025-04-05 15:00:00,0.40516
2025-04-05 16:00:00,0.19375
2025-04-05 17:00:00,0.046060000000000004
2025-04-05 18:00:00,0.0
2025-04-05 19:00:00,0.0
2025-04-05 20:00:00,0.0
2025-04-05 21:00:00,0.0
2025-04-05 22:00:00,0.0
2025-04-05 23:00:00,0.0
2025-04-06 00:00:00,0.0
2025-04-06 01:00:00,0.0
2025-04-06 02:00:00,0.0
2025-04-06 03:00:00,0.0
2025-04-06 04:00:00,0.0
2025-04-06 05:00:00,0.0
2025-04-06 06:00:00,0.0
2025-04-06 07:00:00,0.10596
2025-04-06 08:00:00,0.478
2025-04-06 09:00:00,0.6422
2025-04-06 10:00:00,0.73012
2025-04-06 11:00:00,0.73293
2025-04-06 12:00:00,0.59975
2025-04-06 13:00:00,0.40526999999999996
2025-04-06 14:00:00,0.47956
2025-04-06 15:00:00,0.31211
2025-04-06 16:00:00,0.18719999999999998
2025-04-06 17:00:00,0.046759999999999996
2025-04-06 18:00:00,0.0
2025-04-06 19:00:00,0.0
2025-04-06 20:00:00,0.0
2025-04-06 21:00:00,0.0
2025-04-06 22:00:00,0.0
2025-04-06 23:00:00,0.0
2025-04-07 00:00:00,0.0
2025-04-07 01:00:00,0.0
2025-04-07 02:00:00,0.0
2025-04-07 03:00:00,0.0
2025-04-07 04:00:00,0.0
2025-04-07 05:00:00,0.0
2025-04-07 06:00:00,0.0
2025-04-07 07:00:00,0.00941
2025-04-07 08:00:00,0.05356
2025-04-07 09:00:00,0.14355
2025-04-07 10:00:00,0.07665999999999999
2025-04-07 11:00:00,0.09290999999999999
2025-04-07 12:00:00,0.10768000000000001
2025-04-07 13:00:00,0.09888
2025-04-07 14:00:00,0.12273999999999999
2025-04-07 15:00:00,0.12478
2025-04-07 16:00:00,0.18605000000000002
2025-04-07 17:00:00,0.0030099999999999997
2025-04-07 18:00:00,0.0
2025-04-07 19:00:00,0.0
2025-04-07 20:00:00,0.0
2025-04-07 21:00:00,0.0
2025-04-07 22:00:00,0.0
2025-04-07 23:00:00,0.0
2025-04-08 00:00:00,0.0
2025-04-08 01:00:00,0.0
2025-04-08 02:00:00,0.0
2025-04-08 03:00:00,0.0
2025-04-08 04:00:00,0.0
2025-04-08 05:00:00,0.0
2025-04-08 06:00:00,0.0
2025-04-08 07:00:00,0.016
2025-04-08 08:00:00,0.35525
2025-04-08 09:00:00,0.44174
2025-04-08 10:00:00,0.5972799999999999
2025-04-08 11:00:00,0.42434
2025-04-08 12:00:00,0.69311
2025-04-08 13:00:00,0.56747
2025-04-08 14:00:00,0.20962
2025-04-08 15:00:00,0.04765
2025-04-08 16:00:00,0.01573
2025-04-08 17:00:00,0.013130000000000001
2025-04-08 18:00:00,0.0
2025-04-08 19:00:00,0.0
2025-04-08 20:00:00,0.0
2025-04-08 21:00:00,0.0
2025-04-08 22:00:00,0.0
2025-04-08 23:00:00,0.0
2025-04-09 00:00:00,0.0
2025-04-09 01:00:00,0.0
2025-04-09 02:00:00,0.0
2025-04-09 03:00:00,0.0
2025-04-09 04:00:00,0.0
2025-04-09 05:00:00,0.0
2025-04-09 06:00:00,0.0
2025-04-09 07:00:00,0.026670000000000003
2025-04-09 08:00:00,0.06569
2025-04-09 09:00:00,0.13808
2025-04-09 10:00:00,0.26650999999999997
2025-04-09 11:00:00,0.16741999999999999
2025-04-09 12:00:00,0.24534999999999998
2025-04-09 13:00:00,0.13855
2025-04-09 14:00:00,0.12551
2025-04-09 15:00:00,0.10418000000000001
2025-04-09 16:00:00,0.019440000000000002
2025-04-09 17:00:00,0.00523
2025-04-09 18:00:00,0.0
2025-04-09 19:00:00,0.0
2025-04-09 20:00:00,0.0
2025-04-09 21:00:00,0.0
2025-04-09 22:00:00,0.0
2025-04-09 23:00:00,0.0
2025-04-10 00:00:00,0.0
2025-04-10 01:00:00,0.0
2025-04-10 02:00:00,0.0
2025-04-10 03:00:00,0.0
2025-04-10 04:00:00,0.0
2025-04-10 05:00:00,0.0
2025-04-10 06:00:00,0.0
2025-04-10 07:00:00,0.24078
2025-04-10 08:00:00,0.48852999999999996
2025-04-10 09:00:00,0.6546900000000001
2025-04-10 10:00:00,0.7460399999999999
2025-04-10 11:00:00,0.78488
2025-04-10 12:00:00,0.7646799999999999
2025-04-10 13:00:00,0.67159
2025-04-10 14:00:00,0.51212
2025-04-10 15:00:00,0.32506
2025-04-10 16:00:00,0.14025
2025-04-10 17:00:00,0.02115
2025-04-10 18:00:00,0.0
2025-04-10 19:00:00,0.0
2025-04-10 20:00:00,0.0
2025-04-10 21:00:00,0.0
2025-04-10 22:00:00,0.0
2025-04-10 23:00:00,0.0
2025-04-11 00:00:00,0.0
2025-04-11 01:00:00,0.0
2025-04-11 02:00:00,0.0
2025-04-11 03:00:00,0.0
2025-04-11 04:00:00,0.0
2025-04-11 05:00:00,0.0
2025-04-11 06:00:00,0.0
2025-04-11 07:00:00,0.22426
2025-04-11 08:00:00,0.48168
2025-04-11 09:00:00,0.64225
2025-04-11 10:00:00,0.71372
2025-04-11 11:00:00,0.7335
2025-04-11 12:00:00,0.68116
2025-04-11 13:00:00,0.62211
2025-04-11 14:00:00,0.52363
2025-04-11 15:00:00,0.34705
2025-04-11 16:00:00,0.18277000000000002
2025-04-11 17:00:00,0.03968
2025-04-11 18:00:00,0.0
2025-04-11 19:00:00,0.0
2025-04-11 20:00:00,0.0
2025-04-11 21:00:00,0.0
2025-04-11 22:00:00,0.0
2025-04-11 23:00:00,0.0
2025-04-12 00:00:00,0.0
2025-04-12 01:00:00,0.0
2025-04-12 02:00:00,0.0
2025-04-12 03:00:00,0.0
2025-04-12 04:00:00,0.0
2025-04-12 05:00:00,0.0
2025-04-12 06:00:00,0.0
2025-04-12 07:00:00,0.09879
2025-04-12 08:00:00,0.08109000000000001
2025-04-12 09:00:00,0.31736000000000003
2025-04-12 10:00:00,0.42128
2025-04-12 11:00:00,0.45483999999999997
2025-04-12 12:00:00,0.40285000000000004
2025-04-12 13:00:00,0.35725999999999997
2025-04-12 14:00:00,0.19203
2025-04-12 15:00:00,0.18147
2025-04-12 16:00:00,0.17162
2025-04-12 17:00:00,0.03459
2025-04-12 18:00:00,0.0
2025-04-12 19:00:00,0.0
2025-04-12 20:00:00,0.0
2025-04-12 21:00:00,0.0
2025-04-12 22:00:00,0.0
2025-04-12 23:00:00,0.0
2025-04-13 00:00:00,0.0
2025-04-13 01:00:00,0.0
2025-04-13 02:00:00,0.0
2025-04-13 03:00:00,0.0
2025-04-13 04:00:00,0.0
2025-04-13 05:00:00,0.0
2025-04-13 06:00:00,0.0
2025-04-13 07:00:00,0.22472
2025-04-13 08:00:00,0.46213
2025-04-13 09:00:00,0.6286799999999999
2025-04-13 10:00:00,0.6206699999999999
2025-04-13 11:00:00,0.59854
2025-04-13 12:00:00,0.56656
2025-04-13 13:00:00,0.60612
2025-04-13 14:00:00,0.51643
2025-04-13 15:00:00,0.30132
2025-04-13 16:00:00,0.16422
2025-04-13 17:00:00,0.006730000000000001
2025-04-13 18:00:00,0.0
2025-04-13 19:00:00,0.0
2025-04-13 20:00:00,0.0
2025-04-13 21:00:00,0.0
2025-04-13 22:00:00,0.0
2025-04-13 23:00:00,0.0
2025-04-14 00:00:00,0.0
2025-04-14 01:00:00,0.0
2025-04-14 02:00:00,0.0
2025-04-14 03:00:00,0.0
2025-04-14 04:00:00,0.0
2025-04-14 05:00:00,0.0
2025-04-14 06:00:00,0.0
2025-04-14 07:00:00,0.19998
2025-04-14 08:00:00,0.14880000000000002
2025-04-14 09:00:00,0.41429000000000005
2025-04-14 10:00:00,0.3935
2025-04-14 11:00:00,0.18481999999999998
2025-04-14 12:00:00,0.0818
2025-04-14 13:00:00,0.06881
2025-04-14 14:00:00,0.056119999999999996
2025-04-14 15:00:00,0.19803
2025-04-14 16:00:00,0.14455
2025-04-14 17:00:00,0.00204
2025-04-14 18:00:00,0.0
2025-04-14 19:00:00,0.0
2025-04-14 20:00:00,0.0
2025-04-14 21:00:00,0.0
2025-04-14 22:00:00,0.0
2025-04-14 23:00:00,0.0
2025-04-15 00:00:00,0.0
2025-04-15 01:00:00,0.0
2025-04-15 02:00:00,0.0
2025-04-15 03:00:00,0.0
2025-04-15 04:00:00,0.0
2025-04-15 05:00:00,0.0
2025-04-15 06:00:00,0.0
2025-04-15 07:00:00,0.031920000000000004
2025-04-15 08:00:00,0.20129
2025-04-15 09:00:00,0.29845
2025-04-15 10:00:00,0.11473
2025-04-15 11:00:00,0.6054400000000001
2025-04-15 12:00:00,0.67474
2025-04-15 13:00:00,0.494
2025-04-15 14:00:00,0.33053
2025-04-15 15:00:00,0.18543
2025-04-15 16:00:00,0.1455
2025-04-15 17:00:00,0.03077
2025-04-15 18:00:00,0.0
2025-04-15 19:00:00,0.0
2025-04-15 20:00:00,0.0
2025-04-15 21:00:00,0.0
2025-04-15 22:00:00,0.0
2025-04-15 23:00:00,0.0
2025-04-16 00:00:00,0.0
2025-04-16 01:00:00,0.0
2025-04-16 02:00:00,0.0
2025-04-16 03:00:00,0.0
2025-04-16 04:00:00,0.0
2025-04-16 05:00:00,0.0
2025-04-16 06:00:00,0.0
2025-04-16 07:00:00,0.23384
2025-04-16 08:00:00,0.48293
2025-04-16 09:00:00,0.64287
2025-04-16 10:00:00,0.7302799999999999
2025-04-16 11:00:00,0.77389
2025-04-16 12:00:00,0.74021
2025-04-16 13:00:00,0.68043
2025-04-16 14:00:00,0.53301
2025-04-16 15:00:00,0.37908
2025-04-16 16:00:00,0.17214
2025-04-16 17:00:00,0.019219999999999998
2025-04-16 18:00:00,0.0
2025-04-16 19:00:00,0.0
2025-04-16 20:00:00,0.0
2025-04-16 21:00:00,0.0
2025-04-16 22:00:00,0.0
2025-04-16 23:00:00,0.0
2025-04-17 00:00:00,0.0
2025-04-17 01:00:00,0.0
2025-04-17 02:00:00,0.0
2025-04-17 03:00:00,0.0
2025-04-17 04:00:00,0.0
2025-04-17 05:00:00,0.0
2025-04-17 06:00:00,0.0
2025-04-17 07:00:00,0.23768999999999998
2025-04-17 08:00:00,0.45685000000000003
2025-04-17 09:00:00,0.64203
2025-04-17 10:00:00,0.67145
2025-04-17 11:00:00,0.68759
2025-04-17 12:00:00,0.65349
2025-04-17 13:00:00,0.5122899999999999
2025-04-17 14:00:00,0.50102
2025-04-17 15:00:00,0.36214999999999997
2025-04-17 16:00:00,0.04834
2025-04-17 17:00:00,0.0135
2025-04-17 18:00:00,0.0
2025-04-17 19:00:00,0.0
2025-04-17 20:00:00,0.0
2025-04-17 21:00:00,0.0
2025-04-17 22:00:00,0.0
2025-04-17 23:00:00,0.0
2025-04-18 00:00:00,0.0
2025-04-18 01:00:00,0.0
2025-04-18 02:00:00,0.0
2025-04-18 03:00:00,0.0
2025-04-18 04:00:00,0.0
2025-04-18 05:00:00,0.0
2025-04-18 06:00:00,0.0
2025-04-18 07:00:00,0.02978
2025-04-18 08:00:00,0.17418
2025-04-18 09:00:00,0.19688
2025-04-18 10:00:00,0.05734
2025-04-18 11:00:00,0.10109
2025-04-18 12:00:00,0.30143000000000003
2025-04-18 13:00:00,0.17646
2025-04-18 14:00:00,0.18519999999999998
2025-04-18 15:00:00,0.17356
2025-04-18 16:00:00,0.12691
2025-04-18 17:00:00,0.00299
2025-04-18 18:00:00,0.0
2025-04-18 19:00:00,0.0
2025-04-18 20:00:00,0.0
2025-04-18 21:00:00,0.0
2025-04-18 22:00:00,0.0
2025-04-18 23:00:00,0.0
2025-04-19 00:00:00,0.0
2025-04-19 01:00:00,0.0
2025-04-19 02:00:00,0.0
2025-04-19 03:00:00,0.0
2025-04-19 04:00:00,0.0
2025-04-19 05:00:00,0.0
2025-04-19 06:00:00,0.0
2025-04-19 07:00:00,0.02427
2025-04-19 08:00:00,0.06043
2025-04-19 09:00:00,0.20617
2025-04-19 10:00:00,0.35347
2025-04-19 11:00:00,0.64567
2025-04-19 12:00:00,0.6711699999999999
2025-04-19 13:00:00,0.49184
2025-04-19 14:00:00,0.53064
2025-04-19 15:00:00,0.34623000000000004
2025-04-19 16:00:00,0.16686
2025-04-19 17:00:00,0.02137
2025-04-19 18:00:00,0.0
2025-04-19 19:00:00,0.0
2025-04-19 20:00:00,0.0
2025-04-19 21:00:00,0.0
2025-04-19 22:00:00,0.0
2025-04-19 23:00:00,0.0
2025-04-20 00:00:00,0.0
2025-04-20 01:00:00,0.0
2025-04-20 02:00:00,0.0
2025-04-20 03:00:00,0.0
2025-04-20 04:00:00,0.0
2025-04-20 05:00:00,0.0
2025-04-20 06:00:00,0.0
2025-04-20 07:00:00,0.2395
2025-04-20 08:00:00,0.50148
2025-04-20 09:00:00,0.66311
2025-04-20 10:00:00,0.75412
2025-04-20 11:00:00,0.80965
2025-04-20 12:00:00,0.77598
2025-04-20 13:00:00,0.72822
2025-04-20 14:00:00,0.58514
2025-04-20 15:00:00,0.37204000000000004
2025-04-20 16:00:00,0.17635
2025-04-20 17:00:00,0.01685
2025-04-20 18:00:00,0.0
2025-04-20 19:00:00,0.0
2025-04-20 20:00:00,0.0
2025-04-20 21:00:00,0.0
2025-04-20 22:00:00,0.0
2025-04-20 23:00:00,0.0
2025-04-21 00:00:00,0.0
2025-04-21 01:00:00,0.0
2025-04-21 02:00:00,0.0
2025-04-21 03:00:00,0.0
2025-04-21 04:00:00,0.0
2025-04-21 05:00:00,0.0
2025-04-21 06:00:00,0.0
2025-04-21 07:00:00,0.25011
2025-04-21 08:00:00,0.51033
2025-04-21 09:00:00,0.67699
2025-04-21 10:00:00,0.7746900000000001
2025-04-21 11:00:00,0.80851
2025-04-21 12:00:00,0.79316
2025-04-21 13:00:00,0.72968
2025-04-21 14:00:00,0.5922200000000001
2025-04-21 15:00:00,0.40219
2025-04-21 16:00:00,0.17589
2025-04-21 17:00:00,0.01955
2025-04-21 18:00:00,0.0
2025-04-21 19:00:00,0.0
2025-04-21 20:00:00,0.0
2025-04-21 21:00:00,0.0
2025-04-21 22:00:00,0.0
2025-04-21 23:00:00,0.0
2025-04-22 00:00:00,0.0
2025-04-22 01:00:00,0.0
2025-04-22 02:00:00,0.0
2025-04-22 03:00:00,0.0
2025-04-22 04:00:00,0.0
2025-04-22 05:00:00,0.0
2025-04-22 06:00:00,0.0
2025-04-22 07:00:00,0.21591
2025-04-22 08:00:00,0.5005299999999999
2025-04-22 09:00:00,0.64849
2025-04-22 10:00:00,0.73033
2025-04-22 11:00:00,0.756
2025-04-22 12:00:00,0.7224700000000001
2025-04-22 13:00:00,0.66972
2025-04-22 14:00:00,0.56196
2025-04-22 15:00:00,0.39542
2025-04-22 16:00:00,0.17378
2025-04-22 17:00:00,0.01889
2025-04-22 18:00:00,0.0
2025-04-22 19:00:00,0.0
2025-04-22 20:00:00,0.0
2025-04-22 21:00:00,0.0
2025-04-22 22:00:00,0.0
2025-04-22 23:00:00,0.0
2025-04-23 00:00:00,0.0
2025-04-23 01:00:00,0.0
2025-04-23 02:00:00,0.0
2025-04-23 03:00:00,0.0
2025-04-23 04:00:00,0.0
2025-04-23 05:00:00,0.0
2025-04-23 06:00:00,0.0
2025-04-23 07:00:00,0.0533
2025-04-23 08:00:00,0.48088
2025-04-23 09:00:00,0.5688500000000001
2025-04-23 10:00:00,0.54527
2025-04-23 11:00:00,0.65939
2025-04-23 12:00:00,0.4985
2025-04-23 13:00:00,0.47755000000000003
2025-04-23 14:00:00,0.35484
2025-04-23 15:00:00,0.13765
2025-04-23 16:00:00,0.0906
2025-04-23 17:00:00,0.00514
2025-04-23 18:00:00,0.0
2025-04-23 19:00:00,0.0
2025-04-23 20:00:00,0.0
2025-04-23 21:00:00,0.0
2025-04-23 22:00:00,0.0
2025-04-23 23:00:00,0.0
2025-04-24 00:00:00,0.0
2025-04-24 01:00:00,0.0
2025-04-24 02:00:00,0.0
2025-04-24 03:00:00,0.0
2025-04-24 04:00:00,0.0
2025-04-24 05:00:00,0.0
2025-04-24 06:00:00,0.0
2025-04-24 07:00:00,0.23956
2025-04-24 08:00:00,0.48951
2025-04-24 09:00:00,0.64173
2025-04-24 10:00:00,0.7353099999999999
2025-04-24 11:00:00,0.77212
2025-04-24 12:00:00,0.7533
2025-04-24 13:00:00,0.68274
2025-04-24 14:00:00,0.5706
2025-04-24 15:00:00,0.38650999999999996
2025-04-24 16:00:00,0.16544999999999999
2025-04-24 17:00:00,0.02539
2025-04-24 18:00:00,0.0
2025-04-24 19:00:00,0.0
2025-04-24 20:00:00,0.0
2025-04-24 21:00:00,0.0
2025-04-24 22:00:00,0.0
2025-04-24 23:00:00,0.0
2025-04-25 00:00:00,0.0
2025-04-25 01:00:00,0.0
2025-04-25 02:00:00,0.0
2025-04-25 03:00:00,0.0
2025-04-25 04:00:00,0.0
2025-04-25 05:00:00,0.0
2025-04-25 06:00:00,0.0
2025-04-25 07:00:00,0.23671
2025-04-25 08:00:00,0.48657999999999996
2025-04-25 09:00:00,0.63644
2025-04-25 10:00:00,0.73403
2025-04-25 11:00:00,0.76632
2025-04-25 12:00:00,0.74386
2025-04-25 13:00:00,0.67104
2025-04-25 14:00:00,0.55429
2025-04-25 15:00:00,0.38092000000000004
2025-04-25 16:00:00,0.1665
2025-04-25 17:00:00,0.01632
2025-04-25 18:00:00,0.0
2025-04-25 19:00:00,0.0
2025-04-25 20:00:00,0.0
2025-04-25 21:00:00,0.0
2025-04-25 22:00:00,0.0
2025-04-25 23:00:00,0.0
2025-04-26 00:00:00,0.0
2025-04-26 01:00:00,0.0
2025-04-26 02:00:00,0.0
2025-04-26 03:00:00,0.0
2025-04-26 04:00:00,0.0
2025-04-26 05:00:00,0.0
2025-04-26 06:00:00,0.0
2025-04-26 07:00:00,0.18986
2025-04-26 08:00:00,0.13473
2025-04-26 09:00:00,0.32255
2025-04-26 10:00:00,0.42261000000000004
2025-04-26 11:00:00,0.33522
2025-04-26 12:00:00,0.53111
2025-04-26 13:00:00,0.44312
2025-04-26 14:00:00,0.23065
2025-04-26 15:00:00,0.24827000000000002
2025-04-26 16:00:00,0.02545
2025-04-26 17:00:00,0.023420000000000003
2025-04-26 18:00:00,0.0
2025-04-26 19:00:00,0.0
2025-04-26 20:00:00,0.0
2025-04-26 21:00:00,0.0
2025-04-26 22:00:00,0.0
2025-04-26 23:00:00,0.0
2025-04-27 00:00:00,0.0
2025-04-27 01:00:00,0.0
2025-04-27 02:00:00,0.0
2025-04-27 03:00:00,0.0
2025-04-27 04:00:00,0.0
2025-04-27 05:00:00,0.0
2025-04-27 06:00:00,0.0
2025-04-27 07:00:00,0.05057
2025-04-27 08:00:00,0.15393
2025-04-27 09:00:00,0.19612000000000002
2025-04-27 10:00:00,0.34639
2025-04-27 11:00:00,0.6772999999999999
2025-04-27 12:00:00,0.69562
2025-04-27 13:00:00,0.6215900000000001
2025-04-27 14:00:00,0.52501
2025-04-27 15:00:00,0.22458
2025-04-27 16:00:00,0.07452
2025-04-27 17:00:00,0.006809999999999999
2025-04-27 18:00:00,0.0
2025-04-27 19:00:00,0.0
2025-04-27 20:00:00,0.0
2025-04-27 21:00:00,0.0
2025-04-27 22:00:00,0.0
2025-04-27 23:00:00,0.0
2025-04-28 00:00:00,0.0
2025-04-28 01:00:00,0.0
2025-04-28 02:00:00,0.0
2025-04-28 03:00:00,0.0
2025-04-28 04:00:00,0.0
2025-04-28 05:00:00,0.0
2025-04-28 06:00:00,0.0
2025-04-28 07:00:00,0.06795999999999999
2025-04-28 08:00:00,0.11726
2025-04-28 09:00:00,0.29049
2025-04-28 10:00:00,0.23183
2025-04-28 11:00:00,0.53118
2025-04-28 12:00:00,0.5799500000000001
2025-04-28 13:00:00,0.5186799999999999
2025-04-28 14:00:00,0.48119999999999996
2025-04-28 15:00:00,0.32738
2025-04-28 16:00:00,0.14177
2025-04-28 17:00:00,0.00463
2025-04-28 18:00:00,0.0
2025-04-28 19:00:00,0.0
2025-04-28 20:00:00,0.0
2025-04-28 21:00:00,0.0
2025-04-28 22:00:00,0.0
2025-04-28 23:00:00,0.0
2025-04-29 00:00:00,0.0
2025-04-29 01:00:00,0.0
2025-04-29 02:00:00,0.0
2025-04-29 03:00:00,0.0
2025-04-29 04:00:00,0.0
2025-04-29 05:00:00,0.0
2025-04-29 06:00:00,0.0
2025-04-29 07:00:00,0.25579
2025-04-29 08:00:00,0.44595
2025-04-29 09:00:00,0.61319
2025-04-29 10:00:00,0.59363
2025-04-29 11:00:00,0.66346
2025-04-29 12:00:00,0.45233
2025-04-29 13:00:00,0.45081
2025-04-29 14:00:00,0.46758999999999995
2025-04-29 15:00:00,0.32488
2025-04-29 16:00:00,0.15139
2025-04-29 17:00:00,0.0213
2025-04-29 18:00:00,0.0
2025-04-29 19:00:00,0.0
2025-04-29 20:00:00,0.0
2025-04-29 21:00:00,0.0
2025-04-29 22:00:00,0.0
2025-04-29 23:00:00,0.0
2025-04-30 00:00:00,0.0
2025-04-30 01:00:00,0.0
2025-04-30 02:00:00,0.0
2025-04-30 03:00:00,0.0
2025-04-30 04:00:00,0.0
2025-04-30 05:00:00,0.0
2025-04-30 06:00:00,0.0
2025-04-30 07:00:00,0.2457
2025-04-30 08:00:00,0.28558999999999996
2025-04-30 09:00:00,0.61236
2025-04-30 10:00:00,0.68203
2025-04-30 11:00:00,0.64574
2025-04-30 12:00:00,0.61238
2025-04-30 13:00:00,0.5409700000000001
2025-04-30 14:00:00,0.46669
2025-04-30 15:00:00,0.29851
2025-04-30 16:00:00,0.11318
2025-04-30 17:00:00,0.00141
2025-04-30 18:00:00,0.0
2025-04-30 19:00:00,0.0
2025-04-30 20:00:00,0.0
2025-04-30 21:00:00,0.0
2025-04-30 22:00:00,0.0
2025-04-30 23:00:00,0.0
2025-05-01 00:00:00,0.0
2025-05-01 01:00:00,0.0
2025-05-01 02:00:00,0.0
2025-05-01 03:00:00,0.0
2025-05-01 04:00:00,0.0
2025-05-01 05:00:00,0.0
2025-05-01 06:00:00,0.0
2025-05-01 07:00:00,0.21962
2025-05-01 08:00:00,0.47792
2025-05-01 09:00:00,0.63001
2025-05-01 10:00:00,0.7171000000000001
2025-05-01 11:00:00,0.74418
2025-05-01 12:00:00,0.62634
2025-05-01 13:00:00,0.5529700000000001
2025-05-01 14:00:00,0.44589999999999996
2025-05-01 15:00:00,0.21209999999999998
2025-05-01 16:00:00,0.15097
2025-05-01 17:00:00,0.0189
2025-05-01 18:00:00,0.0
2025-05-01 19:00:00,0.0
2025-05-01 20:00:00,0.0
2025-05-01 21:00:00,0.0
2025-05-01 22:00:00,0.0
2025-05-01 23:00:00,0.0
2025-05-02 00:00:00,0.0
2025-05-02 01:00:00,0.0
2025-05-02 02:00:00,0.0
2025-05-02 03:00:00,0.0
2025-05-02 04:00:00,0.0
2025-05-02 05:00:00,0.0
2025-05-02 06:00:00,0.0
2025-05-02 07:00:00,0.22326
2025-05-02 08:00:00,0.47329000000000004
2025-05-02 09:00:00,0.62364
2025-05-02 10:00:00,0.7132200000000001
2025-05-02 11:00:00,0.7422000000000001
2025-05-02 12:00:00,0.70224
2025-05-02 13:00:00,0.61415
2025-05-02 14:00:00,0.48081999999999997
2025-05-02 15:00:00,0.31981
2025-05-02 16:00:00,0.06456999999999999
2025-05-02 17:00:00,0.00025
2025-05-02 18:00:00,0.0
2025-05-02 19:00:00,0.0
2025-05-02 20:00:00,0.0
2025-05-02 21:00:00,0.0
2025-05-02 22:00:00,0.0
2025-05-02 23:00:00,0.0
2025-05-03 00:00:00,0.0
2025-05-03 01:00:00,0.0
2025-05-03 02:00:00,0.0
2025-05-03 03:00:00,0.0
2025-05-03 04:00:00,0.0
2025-05-03 05:00:00,0.0
2025-05-03 06:00:00,0.0
2025-05-03 07:00:00,0.20685
2025-05-03 08:00:00,0.47502999999999995
2025-05-03 09:00:00,0.59617
2025-05-03 10:00:00,0.69985
2025-05-03 11:00:00,0.72001
2025-05-03 12:00:00,0.66287
2025-05-03 13:00:00,0.58397
2025-05-03 14:00:00,0.48564999999999997
2025-05-03 15:00:00,0.33099
2025-05-03 16:00:00,0.14633000000000002
2025-05-03 17:00:00,0.01803
2025-05-03 18:00:00,0.0
2025-05-03 19:00:00,0.0
2025-05-03 20:00:00,0.0
2025-05-03 21:00:00,0.0
2025-05-03 22:00:00,0.0
2025-05-03 23:00:00,0.0
2025-05-04 00:00:00,0.0
2025-05-04 01:00:00,0.0
2025-05-04 02:00:00,0.0
2025-05-04 03:00:00,0.0
2025-05-04 04:00:00,0.0
2025-05-04 05:00:00,0.0
2025-05-04 06:00:00,0.0
2025-05-04 07:00:00,0.22469999999999998
2025-05-04 08:00:00,0.47428
2025-05-04 09:00:00,0.62593
2025-05-04 10:00:00,0.70935
2025-05-04 11:00:00,0.74305
2025-05-04 12:00:00,0.72174
2025-05-04 13:00:00,0.6517200000000001
2025-05-04 14:00:00,0.53338
2025-05-04 15:00:00,0.36082
2025-05-04 16:00:00,0.15073
2025-05-04 17:00:00,0.01598
2025-05-04 18:00:00,0.0
2025-05-04 19:00:00,0.0
2025-05-04 20:00:00,0.0
2025-05-04 21:00:00,0.0
2025-05-04 22:00:00,0.0
2025-05-04 23:00:00,0.0
2025-05-05 00:00:00,0.0
2025-05-05 01:00:00,0.0
2025-05-05 02:00:00,0.0
2025-05-05 03:00:00,0.0
2025-05-05 04:00:00,0.0
2025-05-05 05:00:00,0.0
2025-05-05 06:00:00,0.0
2025-05-05 07:00:00,0.24223
2025-05-05 08:00:00,0.37599
2025-05-05 09:00:00,0.62888
2025-05-05 10:00:00,0.68772
2025-05-05 11:00:00,0.7090700000000001
2025-05-05 12:00:00,0.68951
2025-05-05 13:00:00,0.58605
2025-05-05 14:00:00,0.51244
2025-05-05 15:00:00,0.33712000000000003
2025-05-05 16:00:00,0.13502
2025-05-05 17:00:00,0.0
2025-05-05 18:00:00,0.0
2025-05-05 19:00:00,0.0
2025-05-05 20:00:00,0.0
2025-05-05 21:00:00,0.0
2025-05-05 22:00:00,0.0
2025-05-05 23:00:00,0.0
2025-05-06 00:00:00,0.0
2025-05-06 01:00:00,0.0
2025-05-06 02:00:00,0.0
2025-05-06 03:00:00,0.0
2025-05-06 04:00:00,0.0
2025-05-06 05:00:00,0.0
2025-05-06 06:00:00,0.0
2025-05-06 07:00:00,0.20095
2025-05-06 08:00:00,0.45432
2025-05-06 09:00:00,0.60194
2025-05-06 10:00:00,0.6711699999999999
2025-05-06 11:00:00,0.7151799999999999
2025-05-06 12:00:00,0.7026
2025-05-06 13:00:00,0.62561
2025-05-06 14:00:00,0.51237
2025-05-06 15:00:00,0.32111
2025-05-06 16:00:00,0.14163
2025-05-06 17:00:00,0.015359999999999999
2025-05-06 18:00:00,0.0
2025-05-06 19:00:00,0.0
2025-05-06 20:00:00,0.0
2025-05-06 21:00:00,0.0
2025-05-06 22:00:00,0.0
2025-05-06 23:00:00,0.0
2025-05-07 00:00:00,0.0
2025-05-07 01:00:00,0.0
2025-05-07 02:00:00,0.0
2025-05-07 03:00:00,0.0
2025-05-07 04:00:00,0.0
2025-05-07 05:00:00,0.0
2025-05-07 06:00:00,0.0
2025-05-07 07:00:00,0.15313
2025-05-07 08:00:00,0.42765
2025-05-07 09:00:00,0.6195
2025-05-07 10:00:00,0.6994400000000001
2025-05-07 11:00:00,0.7047599999999999
2025-05-07 12:00:00,0.64671
2025-05-07 13:00:00,0.59497
2025-05-07 14:00:00,0.53839
2025-05-07 15:00:00,0.33094
2025-05-07 16:00:00,0.1382
2025-05-07 17:00:00,0.00098
2025-05-07 18:00:00,0.0
2025-05-07 19:00:00,0.0
2025-05-07 20:00:00,0.0
2025-05-07 21:00:00,0.0
2025-05-07 22:00:00,0.0
2025-05-07 23:00:00,0.0
2025-05-08 00:00:00,0.0
2025-05-08 01:00:00,0.0
2025-05-08 02:00:00,0.0
2025-05-08 03:00:00,0.0
2025-05-08 04:00:00,0.0
2025-05-08 05:00:00,0.0
2025-05-08 06:00:00,0.0
2025-05-08 07:00:00,0.20025
2025-05-08 08:00:00,0.43528
2025-05-08 09:00:00,0.59276
2025-05-08 10:00:00,0.69575
2025-05-08 11:00:00,0.6905399999999999
2025-05-08 12:00:00,0.62882
2025-05-08 13:00:00,0.6054299999999999
2025-05-08 14:00:00,0.44927
2025-05-08 15:00:00,0.28401
2025-05-08 16:00:00,0.14365
2025-05-08 17:00:00,0.01099
2025-05-08 18:00:00,0.0
2025-05-08 19:00:00,0.0
2025-05-08 20:00:00,0.0
2025-05-08 21:00:00,0.0
2025-05-08 22:00:00,0.0
2025-05-08 23:00:00,0.0
2025-05-09 00:00:00,0.0
2025-05-09 01:00:00,0.0
2025-05-09 02:00:00,0.0
2025-05-09 03:00:00,0.0
2025-05-09 04:00:00,0.0
2025-05-09 05:00:00,0.0
2025-05-09 06:00:00,0.0
2025-05-09 07:00:00,0.03861
2025-05-09 08:00:00,0.43860000000000005
2025-05-09 09:00:00,0.56901
2025-05-09 10:00:00,0.62146
2025-05-09 11:00:00,0.63964
2025-05-09 12:00:00,0.53275
2025-05-09 13:00:00,0.56099
2025-05-09 14:00:00,0.45827999999999997
2025-05-09 15:00:00,0.23109
2025-05-09 16:00:00,0.05296
2025-05-09 17:00:00,0.00865
2025-05-09 18:00:00,0.0
2025-05-09 19:00:00,0.0
2025-05-09 20:00:00,0.0
2025-05-09 21:00:00,0.0
2025-05-09 22:00:00,0.0
2025-05-09 23:00:00,0.0
2025-05-10 00:00:00,0.0
2025-05-10 01:00:00,0.0
2025-05-10 02:00:00,0.0
2025-05-10 03:00:00,0.0
2025-05-10 04:00:00,0.0
2025-05-10 05:00:00,0.0
2025-05-10 06:00:00,0.0
2025-05-10 07:00:00,0.20263
2025-05-10 08:00:00,0.06874
2025-05-10 09:00:00,0.11606
2025-05-10 10:00:00,0.15014
2025-05-10 11:00:00,0.31544
2025-05-10 12:00:00,0.38314
2025-05-10 13:00:00,0.36918
2025-05-10 14:00:00,0.31818
2025-05-10 15:00:00,0.23066
2025-05-10 16:00:00,0.026879999999999998
2025-05-10 17:00:00,0.00646
2025-05-10 18:00:00,0.0
2025-05-10 19:00:00,0.0
2025-05-10 20:00:00,0.0
2025-05-10 21:00:00,0.0
2025-05-10 22:00:00,0.0
2025-05-10 23:00:00,0.0
2025-05-11 00:00:00,0.0
2025-05-11 01:00:00,0.0
2025-05-11 02:00:00,0.0
2025-05-11 03:00:00,0.0
2025-05-11 04:00:00,0.0
2025-05-11 05:00:00,0.0
2025-05-11 06:00:00,0.0
2025-05-11 07:00:00,0.06631999999999999
2025-05-11 08:00:00,0.26412
2025-05-11 09:00:00,0.24039
2025-05-11 10:00:00,0.23163
2025-05-11 11:00:00,0.58872
2025-05-11 12:00:00,0.68241
2025-05-11 13:00:00,0.62118
2025-05-11 14:00:00,0.4616
2025-05-11 15:00:00,0.15888999999999998
2025-05-11 16:00:00,0.10357
2025-05-11 17:00:00,0.01302
2025-05-11 18:00:00,0.0
2025-05-11 19:00:00,0.0
2025-05-11 20:00:00,0.0
2025-05-11 21:00:00,0.0
2025-05-11 22:00:00,0.0
2025-05-11 23:00:00,0.0
2025-05-12 00:00:00,0.0
2025-05-12 01:00:00,0.0
2025-05-12 02:00:00,0.0
2025-05-12 03:00:00,0.0
2025-05-12 04:00:00,0.0
2025-05-12 05:00:00,0.0
2025-05-12 06:00:00,0.0
2025-05-12 07:00:00,0.20858000000000002
2025-05-12 08:00:00,0.5086700000000001
2025-05-12 09:00:00,0.63328
2025-05-12 10:00:00,0.70761
2025-05-12 11:00:00,0.74199
2025-05-12 12:00:00,0.72997
2025-05-12 13:00:00,0.67023
2025-05-12 14:00:00,0.5485800000000001
2025-05-12 15:00:00,0.36413
2025-05-12 16:00:00,0.14598
2025-05-12 17:00:00,0.01388
2025-05-12 18:00:00,0.0
2025-05-12 19:00:00,0.0
2025-05-12 20:00:00,0.0
2025-05-12 21:00:00,0.0
2025-05-12 22:00:00,0.0
2025-05-12 23:00:00,0.0
2025-05-13 00:00:00,0.0
2025-05-13 01:00:00,0.0
2025-05-13 02:00:00,0.0
2025-05-13 03:00:00,0.0
2025-05-13 04:00:00,0.0
2025-05-13 05:00:00,0.0
2025-05-13 06:00:00,0.0
2025-05-13 07:00:00,0.19422999999999999
2025-05-13 08:00:00,0.44725
2025-05-13 09:00:00,0.62978
2025-05-13 10:00:00,0.67564
2025-05-13 11:00:00,0.7006699999999999
2025-05-13 12:00:00,0.68609
2025-05-13 13:00:00,0.63251
2025-05-13 14:00:00,0.53484
2025-05-13 15:00:00,0.36351
2025-05-13 16:00:00,0.14726
2025-05-13 17:00:00,0.01259
2025-05-13 18:00:00,0.0
2025-05-13 19:00:00,0.0
2025-05-13 20:00:00,0.0
2025-05-13 21:00:00,0.0
2025-05-13 22:00:00,0.0
2025-05-13 23:00:00,0.0
2025-05-14 00:00:00,0.0
2025-05-14 01:00:00,0.0
2025-05-14 02:00:00,0.0
2025-05-14 03:00:00,0.0
2025-05-14 04:00:00,0.0
2025-05-14 05:00:00,0.0
2025-05-14 06:00:00,0.0
2025-05-14 07:00:00,0.16725
2025-05-14 08:00:00,0.36801999999999996
2025-05-14 09:00:00,0.6322300000000001
2025-05-14 10:00:00,0.7161799999999999
2025-05-14 11:00:00,0.7452000000000001
2025-05-14 12:00:00,0.73776
2025-05-14 13:00:00,0.661
2025-05-14 14:00:00,0.54315
2025-05-14 15:00:00,0.36207999999999996
2025-05-14 16:00:00,0.14739
2025-05-14 17:00:00,0.01185
2025-05-14 18:00:00,0.0
2025-05-14 19:00:00,0.0
2025-05-14 20:00:00,0.0
2025-05-14 21:00:00,0.0
2025-05-14 22:00:00,0.0
2025-05-14 23:00:00,0.0
2025-05-15 00:00:00,0.0
2025-05-15 01:00:00,0.0
2025-05-15 02:00:00,0.0
2025-05-15 03:00:00,0.0
2025-05-15 04:00:00,0.0
2025-05-15 05:00:00,0.0
2025-05-15 06:00:00,0.0
2025-05-15 07:00:00,0.2009
2025-05-15 08:00:00,0.48045
2025-05-15 09:00:00,0.62294
2025-05-15 10:00:00,0.721
2025-05-15 11:00:00,0.75359
2025-05-15 12:00:00,0.7379199999999999
2025-05-15 13:00:00,0.67744
2025-05-15 14:00:00,0.5457799999999999
2025-05-15 15:00:00,0.35698
2025-05-15 16:00:00,0.13734
2025-05-15 17:00:00,0.01129
2025-05-15 18:00:00,0.0
2025-05-15 19:00:00,0.0
2025-05-15 20:00:00,0.0
2025-05-15 21:00:00,0.0
2025-05-15 22:00:00,0.0
2025-05-15 23:00:00,0.0
2025-05-16 00:00:00,0.0
2025-05-16 01:00:00,0.0
2025-05-16 02:00:00,0.0
2025-05-16 03:00:00,0.0
2025-05-16 04:00:00,0.0
2025-05-16 05:00:00,0.0
2025-05-16 06:00:00,0.0
2025-05-16 07:00:00,0.19843
2025-05-16 08:00:00,0.48386
2025-05-16 09:00:00,0.6255599999999999
2025-05-16 10:00:00,0.72265
2025-05-16 11:00:00,0.7665700000000001
2025-05-16 12:00:00,0.7462300000000001
2025-05-16 13:00:00,0.67968
2025-05-16 14:00:00,0.55108
2025-05-16 15:00:00,0.36943
2025-05-16 16:00:00,0.14789
2025-05-16 17:00:00,0.01194
2025-05-16 18:00:00,0.0
2025-05-16 19:00:00,0.0
2025-05-16 20:00:00,0.0
2025-05-16 21:00:00,0.0
2025-05-16 22:00:00,0.0
2025-05-16 23:00:00,0.0
2025-05-17 00:00:00,0.0
2025-05-17 01:00:00,0.0
2025-05-17 02:00:00,0.0
2025-05-17 03:00:00,0.0
2025-05-17 04:00:00,0.0
2025-05-17 05:00:00,0.0
2025-05-17 06:00:00,0.0
2025-05-17 07:00:00,0.19498
2025-05-17 08:00:00,0.47793
2025-05-17 09:00:00,0.64032
2025-05-17 10:00:00,0.73015
2025-05-17 11:00:00,0.7734500000000001
2025-05-17 12:00:00,0.7560800000000001
2025-05-17 13:00:00,0.68255
2025-05-17 14:00:00,0.55486
2025-05-17 15:00:00,0.37228
2025-05-17 16:00:00,0.15144
2025-05-17 17:00:00,0.01079
2025-05-17 18:00:00,0.0
2025-05-17 19:00:00,0.0
2025-05-17 20:00:00,0.0
2025-05-17 21:00:00,0.0
2025-05-17 22:00:00,0.0
2025-05-17 23:00:00,0.0
2025-05-18 00:00:00,0.0
2025-05-18 01:00:00,0.0
2025-05-18 02:00:00,0.0
2025-05-18 03:00:00,0.0
2025-05-18 04:00:00,0.0
2025-05-18 05:00:00,0.0
2025-05-18 06:00:00,0.0
2025-05-18 07:00:00,0.18441
2025-05-18 08:00:00,0.46441000000000004
2025-05-18 09:00:00,0.62828
2025-05-18 10:00:00,0.72603
2025-05-18 11:00:00,0.7595299999999999
2025-05-18 12:00:00,0.73698
2025-05-18 13:00:00,0.66528
2025-05-18 14:00:00,0.54208
2025-05-18 15:00:00,0.36679
2025-05-18 16:00:00,0.14834999999999998
2025-05-18 17:00:00,0.01076
2025-05-18 18:00:00,0.0
2025-05-18 19:00:00,0.0
2025-05-18 20:00:00,0.0
2025-05-18 21:00:00,0.0
2025-05-18 22:00:00,0.0
2025-05-18 23:00:00,0.0
2025-05-19 00:00:00,0.0
2025-05-19 01:00:00,0.0
2025-05-19 02:00:00,0.0
2025-05-19 03:00:00,0.0
2025-05-19 04:00:00,0.0
2025-05-19 05:00:00,0.0
2025-05-19 06:00:00,0.0
2025-05-19 07:00:00,0.18847999999999998
2025-05-19 08:00:00,0.46382999999999996
2025-05-19 09:00:00,0.6151599999999999
2025-05-19 10:00:00,0.7026399999999999
2025-05-19 11:00:00,0.7375900000000001
2025-05-19 12:00:00,0.71963
2025-05-19 13:00:00,0.65304
2025-05-19 14:00:00,0.5367999999999999
2025-05-19 15:00:00,0.3605
2025-05-19 16:00:00,0.147
2025-05-19 17:00:00,0.009439999999999999
2025-05-19 18:00:00,0.0
2025-05-19 19:00:00,0.0
2025-05-19 20:00:00,0.0
2025-05-19 21:00:00,0.0
2025-05-19 22:00:00,0.0
2025-05-19 23:00:00,0.0
2025-05-20 00:00:00,0.0
2025-05-20 01:00:00,0.0
2025-05-20 02:00:00,0.0
2025-05-20 03:00:00,0.0
2025-05-20 04:00:00,0.0
2025-05-20 05:00:00,0.0
2025-05-20 06:00:00,0.0
2025-05-20 07:00:00,0.19240000000000002
2025-05-20 08:00:00,0.47001
2025-05-20 09:00:00,0.62926
2025-05-20 10:00:00,0.72457
2025-05-20 11:00:00,0.7543200000000001
2025-05-20 12:00:00,0.73621
2025-05-20 13:00:00,0.66085
2025-05-20 14:00:00,0.53735
2025-05-20 15:00:00,0.36137
2025-05-20 16:00:00,0.14606
2025-05-20 17:00:00,0.00942
2025-05-20 18:00:00,0.0
2025-05-20 19:00:00,0.0
2025-05-20 20:00:00,0.0
2025-05-20 21:00:00,0.0
2025-05-20 22:00:00,0.0
2025-05-20 23:00:00,0.0
2025-05-21 00:00:00,0.0
2025-05-21 01:00:00,0.0
2025-05-21 02:00:00,0.0
2025-05-21 03:00:00,0.0
2025-05-21 04:00:00,0.0
2025-05-21 05:00:00,0.0
2025-05-21 06:00:00,0.0
2025-05-21 07:00:00,0.18058000000000002
2025-05-21 08:00:00,0.46142
2025-05-21 09:00:00,0.6167
2025-05-21 10:00:00,0.7123400000000001
2025-05-21 11:00:00,0.73664
2025-05-21 12:00:00,0.73434
2025-05-21 13:00:00,0.6725800000000001
2025-05-21 14:00:00,0.53653
2025-05-21 15:00:00,0.35214999999999996
2025-05-21 16:00:00,0.14286000000000001
2025-05-21 17:00:00,0.0059299999999999995
2025-05-21 18:00:00,0.0
2025-05-21 19:00:00,0.0
2025-05-21 20:00:00,0.0
2025-05-21 21:00:00,0.0
2025-05-21 22:00:00,0.0
2025-05-21 23:00:00,0.0
2025-05-22 00:00:00,0.0
2025-05-22 01:00:00,0.0
2025-05-22 02:00:00,0.0
2025-05-22 03:00:00,0.0
2025-05-22 04:00:00,0.0
2025-05-22 05:00:00,0.0
2025-05-22 06:00:00,0.0
2025-05-22 07:00:00,0.01175
2025-05-22 08:00:00,0.11204
2025-05-22 09:00:00,0.40008
2025-05-22 10:00:00,0.53669
2025-05-22 11:00:00,0.5393600000000001
2025-05-22 12:00:00,0.53425
2025-05-22 13:00:00,0.44976
2025-05-22 14:00:00,0.30565
2025-05-22 15:00:00,0.27647000000000005
2025-05-22 16:00:00,0.12645
2025-05-22 17:00:00,0.0
2025-05-22 18:00:00,0.0
2025-05-22 19:00:00,0.0
2025-05-22 20:00:00,0.0
2025-05-22 21:00:00,0.0
2025-05-22 22:00:00,0.0
2025-05-22 23:00:00,0.0
2025-05-23 00:00:00,0.0
2025-05-23 01:00:00,0.0
2025-05-23 02:00:00,0.0
2025-05-23 03:00:00,0.0
2025-05-23 04:00:00,0.0
2025-05-23 05:00:00,0.0
2025-05-23 06:00:00,0.0
2025-05-23 07:00:00,0.16112
2025-05-23 08:00:00,0.45487
2025-05-23 09:00:00,0.59977
2025-05-23 10:00:00,0.6296799999999999
2025-05-23 11:00:00,0.44742000000000004
2025-05-23 12:00:00,0.47429000000000004
2025-05-23 13:00:00,0.37099
2025-05-23 14:00:00,0.47435000000000005
2025-05-23 15:00:00,0.22063
2025-05-23 16:00:00,0.11569
2025-05-23 17:00:00,0.0
2025-05-23 18:00:00,0.0
2025-05-23 19:00:00,0.0
2025-05-23 20:00:00,0.0
2025-05-23 21:00:00,0.0
2025-05-23 22:00:00,0.0
2025-05-23 23:00:00,0.0
2025-05-24 00:00:00,0.0
2025-05-24 01:00:00,0.0
2025-05-24 02:00:00,0.0
2025-05-24 03:00:00,0.0
2025-05-24 04:00:00,0.0
2025-05-24 05:00:00,0.0
2025-05-24 06:00:00,0.0
2025-05-24 07:00:00,0.04889
2025-05-24 08:00:00,0.43710000000000004
2025-05-24 09:00:00,0.35377
2025-05-24 10:00:00,0.49827
2025-05-24 11:00:00,0.4537
2025-05-24 12:00:00,0.5785
2025-05-24 13:00:00,0.42029
2025-05-24 14:00:00,0.25133
2025-05-24 15:00:00,0.16863
2025-05-24 16:00:00,0.07743000000000001
2025-05-24 17:00:00,0.0
2025-05-24 18:00:00,0.0
2025-05-24 19:00:00,0.0
2025-05-24 20:00:00,0.0
2025-05-24 21:00:00,0.0
2025-05-24 22:00:00,0.0
2025-05-24 23:00:00,0.0
2025-05-25 00:00:00,0.0
2025-05-25 01:00:00,0.0
2025-05-25 02:00:00,0.0
2025-05-25 03:00:00,0.0
2025-05-25 04:00:00,0.0
2025-05-25 05:00:00,0.0
2025-05-25 06:00:00,0.0
2025-05-25 07:00:00,0.17772
2025-05-25 08:00:00,0.4495
2025-05-25 09:00:00,0.59884
2025-05-25 10:00:00,0.6866
2025-05-25 11:00:00,0.7179500000000001
2025-05-25 12:00:00,0.6155700000000001
2025-05-25 13:00:00,0.52875
2025-05-25 14:00:00,0.40192
2025-05-25 15:00:00,0.30061
2025-05-25 16:00:00,0.12493000000000001
2025-05-25 17:00:00,0.007549999999999999
2025-05-25 18:00:00,0.0
2025-05-25 19:00:00,0.0
2025-05-25 20:00:00,0.0
2025-05-25 21:00:00,0.0
2025-05-25 22:00:00,0.0
2025-05-25 23:00:00,0.0
2025-05-26 00:00:00,0.0
2025-05-26 01:00:00,0.0
2025-05-26 02:00:00,0.0
2025-05-26 03:00:00,0.0
2025-05-26 04:00:00,0.0
2025-05-26 05:00:00,0.0
2025-05-26 06:00:00,0.0
2025-05-26 07:00:00,0.15818000000000002
2025-05-26 08:00:00,0.45235000000000003
2025-05-26 09:00:00,0.6029
2025-05-26 10:00:00,0.69998
2025-05-26 11:00:00,0.74421
2025-05-26 12:00:00,0.7120299999999999
2025-05-26 13:00:00,0.6489400000000001
2025-05-26 14:00:00,0.518
2025-05-26 15:00:00,0.31782
2025-05-26 16:00:00,0.1186
2025-05-26 17:00:00,0.005889999999999999
2025-05-26 18:00:00,0.0
2025-05-26 19:00:00,0.0
2025-05-26 20:00:00,0.0
2025-05-26 21:00:00,0.0
2025-05-26 22:00:00,0.0
2025-05-26 23:00:00,0.0
2025-05-27 00:00:00,0.0
2025-05-27 01:00:00,0.0
2025-05-27 02:00:00,0.0
2025-05-27 03:00:00,0.0
2025-05-27 04:00:00,0.0
2025-05-27 05:00:00,0.0
2025-05-27 06:00:00,0.0
2025-05-27 07:00:00,0.1188
2025-05-27 08:00:00,0.38533
2025-05-27 09:00:00,0.5884199999999999
2025-05-27 10:00:00,0.68789
2025-05-27 11:00:00,0.70897
2025-05-27 12:00:00,0.59381
2025-05-27 13:00:00,0.52162
2025-05-27 14:00:00,0.43049
2025-05-27 15:00:00,0.29910000000000003
2025-05-27 16:00:00,0.13512000000000002
2025-05-27 17:00:00,0.00756
2025-05-27 18:00:00,0.0
2025-05-27 19:00:00,0.0
2025-05-27 20:00:00,0.0
2025-05-27 21:00:00,0.0
2025-05-27 22:00:00,0.0
2025-05-27 23:00:00,0.0
2025-05-28 00:00:00,0.0
2025-05-28 01:00:00,0.0
2025-05-28 02:00:00,0.0
2025-05-28 03:00:00,0.0
2025-05-28 04:00:00,0.0
2025-05-28 05:00:00,0.0
2025-05-28 06:00:00,0.0
2025-05-28 07:00:00,0.10568000000000001
2025-05-28 08:00:00,0.43444
2025-05-28 09:00:00,0.57365
2025-05-28 10:00:00,0.6600199999999999
2025-05-28 11:00:00,0.70385
2025-05-28 12:00:00,0.67322
2025-05-28 13:00:00,0.5129400000000001
2025-05-28 14:00:00,0.45053
2025-05-28 15:00:00,0.30599
2025-05-28 16:00:00,0.12222
2025-05-28 17:00:00,0.0
2025-05-28 18:00:00,0.0
2025-05-28 19:00:00,0.0
2025-05-28 20:00:00,0.0
2025-05-28 21:00:00,0.0
2025-05-28 22:00:00,0.0
2025-05-28 23:00:00,0.0
2025-05-29 00:00:00,0.0
2025-05-29 01:00:00,0.0
2025-05-29 02:00:00,0.0
2025-05-29 03:00:00,0.0
2025-05-29 04:00:00,0.0
2025-05-29 05:00:00,0.0
2025-05-29 06:00:00,0.0
2025-05-29 07:00:00,0.03743
2025-05-29 08:00:00,0.45092000000000004
2025-05-29 09:00:00,0.52524
2025-05-29 10:00:00,0.62959
2025-05-29 11:00:00,0.62746
2025-05-29 12:00:00,0.55257
2025-05-29 13:00:00,0.49185
2025-05-29 14:00:00,0.34052
2025-05-29 15:00:00,0.32423
2025-05-29 16:00:00,0.09104000000000001
2025-05-29 17:00:00,0.0
2025-05-29 18:00:00,0.0
2025-05-29 19:00:00,0.0
2025-05-29 20:00:00,0.0
2025-05-29 21:00:00,0.0
2025-05-29 22:00:00,0.0
2025-05-29 23:00:00,0.0
2025-05-30 00:00:00,0.0
2025-05-30 01:00:00,0.0
2025-05-30 02:00:00,0.0
2025-05-30 03:00:00,0.0
2025-05-30 04:00:00,0.0
2025-05-30 05:00:00,0.0
2025-05-30 06:00:00,0.0
2025-05-30 07:00:00,0.11548
2025-05-30 08:00:00,0.15808000000000003
2025-05-30 09:00:00,0.57886
2025-05-30 10:00:00,0.44569
2025-05-30 11:00:00,0.53016
2025-05-30 12:00:00,0.37128
2025-05-30 13:00:00,0.24872999999999998
2025-05-30 14:00:00,0.15961
2025-05-30 15:00:00,0.10861
2025-05-30 16:00:00,0.01669
2025-05-30 17:00:00,0.0
2025-05-30 18:00:00,0.0
2025-05-30 19:00:00,0.0
2025-05-30 20:00:00,0.0
2025-05-30 21:00:00,0.0
2025-05-30 22:00:00,0.0
2025-05-30 23:00:00,0.0
2025-05-31 00:00:00,0.0
2025-05-31 01:00:00,0.0
2025-05-31 02:00:00,0.0
2025-05-31 03:00:00,0.0
2025-05-31 04:00:00,0.0
2025-05-31 05:00:00,0.0
2025-05-31 06:00:00,0.0
2025-05-31 07:00:00,0.00591
2025-05-31 08:00:00,0.010230000000000001
2025-05-31 09:00:00,0.02477
2025-05-31 10:00:00,0.07847
2025-05-31 11:00:00,0.05143
2025-05-31 12:00:00,0.0737
2025-05-31 13:00:00,0.09137999999999999
2025-05-31 14:00:00,0.1403
2025-05-31 15:00:00,0.07438
2025-05-31 16:00:00,0.01616
2025-05-31 17:00:00,0.0
2025-05-31 18:00:00,0.0
2025-05-31 19:00:00,0.0
2025-05-31 20:00:00,0.0
2025-05-31 21:00:00,0.0
2025-05-31 22:00:00,0.0
2025-05-31 23:00:00,0.0
2025-06-01 00:00:00,0.0
2025-06-01 01:00:00,0.0
2025-06-01 02:00:00,0.0
2025-06-01 03:00:00,0.0
2025-06-01 04:00:00,0.0
2025-06-01 05:00:00,0.0
2025-06-01 06:00:00,0.0
2025-06-01 07:00:00,0.01286
2025-06-01 08:00:00,0.29484
2025-06-01 09:00:00,0.43131
2025-06-01 10:00:00,0.5526
2025-06-01 11:00:00,0.60961
2025-06-01 12:00:00,0.54227
2025-06-01 13:00:00,0.40397000000000005
2025-06-01 14:00:00,0.47001
2025-06-01 15:00:00,0.31645999999999996
2025-06-01 16:00:00,0.13771
2025-06-01 17:00:00,0.00327
2025-06-01 18:00:00,0.0
2025-06-01 19:00:00,0.0
2025-06-01 20:00:00,0.0
2025-06-01 21:00:00,0.0
2025-06-01 22:00:00,0.0
2025-06-01 23:00:00,0.0
2025-06-02 00:00:00,0.0
2025-06-02 01:00:00,0.0
2025-06-02 02:00:00,0.0
2025-06-02 03:00:00,0.0
2025-06-02 04:00:00,0.0
2025-06-02 05:00:00,0.0
2025-06-02 06:00:00,0.0
2025-06-02 07:00:00,0.01109
2025-06-02 08:00:00,0.44883
2025-06-02 09:00:00,0.60982
2025-06-02 10:00:00,0.70151
2025-06-02 11:00:00,0.73037
2025-06-02 12:00:00,0.69152
2025-06-02 13:00:00,0.6157999999999999
2025-06-02 14:00:00,0.50064
2025-06-02 15:00:00,0.34067000000000003
2025-06-02 16:00:00,0.14278
2025-06-02 17:00:00,0.00206
2025-06-02 18:00:00,0.0
2025-06-02 19:00:00,0.0
2025-06-02 20:00:00,0.0
2025-06-02 21:00:00,0.0
2025-06-02 22:00:00,0.0
2025-06-02 23:00:00,0.0
2025-06-03 00:00:00,0.0
2025-06-03 01:00:00,0.0
2025-06-03 02:00:00,0.0
2025-06-03 03:00:00,0.0
2025-06-03 04:00:00,0.0
2025-06-03 05:00:00,0.0
2025-06-03 06:00:00,0.0
2025-06-03 07:00:00,0.0106
2025-06-03 08:00:00,0.45775
2025-06-03 09:00:00,0.61113
2025-06-03 10:00:00,0.69992
2025-06-03 11:00:00,0.73723
2025-06-03 12:00:00,0.7135199999999999
2025-06-03 13:00:00,0.64477
2025-06-03 14:00:00,0.52678
2025-06-03 15:00:00,0.35663
2025-06-03 16:00:00,0.14365
2025-06-03 17:00:00,0.004940000000000001
2025-06-03 18:00:00,0.0
2025-06-03 19:00:00,0.0
2025-06-03 20:00:00,0.0
2025-06-03 21:00:00,0.0
2025-06-03 22:00:00,0.0
2025-06-03 23:00:00,0.0
2025-06-04 00:00:00,0.0
2025-06-04 01:00:00,0.0
2025-06-04 02:00:00,0.0
2025-06-04 03:00:00,0.0
2025-06-04 04:00:00,0.0
2025-06-04 05:00:00,0.0
2025-06-04 06:00:00,0.0
2025-06-04 07:00:00,0.01057
2025-06-04 08:00:00,0.46224
2025-06-04 09:00:00,0.60905
2025-06-04 10:00:00,0.69311
2025-06-04 11:00:00,0.73275
2025-06-04 12:00:00,0.71025
2025-06-04 13:00:00,0.63967
2025-06-04 14:00:00,0.5192100000000001
2025-06-04 15:00:00,0.35152999999999995
2025-06-04 16:00:00,0.14281
2025-06-04 17:00:00,0.0055
2025-06-04 18:00:00,0.0
2025-06-04 19:00:00,0.0
2025-06-04 20:00:00,0.0
2025-06-04 21:00:00,0.0
2025-06-04 22:00:00,0.0
2025-06-04 23:00:00,0.0
2025-06-05 00:00:00,0.0
2025-06-05 01:00:00,0.0
2025-06-05 02:00:00,0.0
2025-06-05 03:00:00,0.0
2025-06-05 04:00:00,0.0
2025-06-05 05:00:00,0.0
2025-06-05 06:00:00,0.0
2025-06-05 07:00:00,0.01051
2025-06-05 08:00:00,0.45571
2025-06-05 09:00:00,0.60497
2025-06-05 10:00:00,0.69297
2025-06-05 11:00:00,0.7283200000000001
2025-06-05 12:00:00,0.7026
2025-06-05 13:00:00,0.636
2025-06-05 14:00:00,0.5195599999999999
2025-06-05 15:00:00,0.35817
2025-06-05 16:00:00,0.14506
2025-06-05 17:00:00,0.0038
2025-06-05 18:00:00,0.0
2025-06-05 19:00:00,0.0
2025-06-05 20:00:00,0.0
2025-06-05 21:00:00,0.0
2025-06-05 22:00:00,0.0
2025-06-05 23:00:00,0.0
2025-06-06 00:00:00,0.0
2025-06-06 01:00:00,0.0
2025-06-06 02:00:00,0.0
2025-06-06 03:00:00,0.0
2025-06-06 04:00:00,0.0
2025-06-06 05:00:00,0.0
2025-06-06 06:00:00,0.0
2025-06-06 07:00:00,0.01041
2025-06-06 08:00:00,0.43975
2025-06-06 09:00:00,0.60585
2025-06-06 10:00:00,0.6964400000000001
2025-06-06 11:00:00,0.72888
2025-06-06 12:00:00,0.70182
2025-06-06 13:00:00,0.63015
2025-06-06 14:00:00,0.5071100000000001
2025-06-06 15:00:00,0.34202
2025-06-06 16:00:00,0.11069
2025-06-06 17:00:00,0.0
2025-06-06 18:00:00,0.0
2025-06-06 19:00:00,0.0
2025-06-06 20:00:00,0.0
2025-06-06 21:00:00,0.0
2025-06-06 22:00:00,0.0
2025-06-06 23:00:00,0.0
2025-06-07 00:00:00,0.0
2025-06-07 01:00:00,0.0
2025-06-07 02:00:00,0.0
2025-06-07 03:00:00,0.0
2025-06-07 04:00:00,0.0
2025-06-07 05:00:00,0.0
2025-06-07 06:00:00,0.0
2025-06-07 07:00:00,0.010539999999999999
2025-06-07 08:00:00,0.45015
2025-06-07 09:00:00,0.6058300000000001
2025-06-07 10:00:00,0.69475
2025-06-07 11:00:00,0.71936
2025-06-07 12:00:00,0.71366
2025-06-07 13:00:00,0.64019
2025-06-07 14:00:00,0.52373
2025-06-07 15:00:00,0.3529
2025-06-07 16:00:00,0.14287
2025-06-07 17:00:00,0.00377
2025-06-07 18:00:00,0.0
2025-06-07 19:00:00,0.0
2025-06-07 20:00:00,0.0
2025-06-07 21:00:00,0.0
2025-06-07 22:00:00,0.0
2025-06-07 23:00:00,0.0
2025-06-08 00:00:00,0.0
2025-06-08 01:00:00,0.0
2025-06-08 02:00:00,0.0
2025-06-08 03:00:00,0.0
2025-06-08 04:00:00,0.0
2025-06-08 05:00:00,0.0
2025-06-08 06:00:00,0.0
2025-06-08 07:00:00,0.00928
2025-06-08 08:00:00,0.44658
2025-06-08 09:00:00,0.60025
2025-06-08 10:00:00,0.68524
2025-06-08 11:00:00,0.72578
2025-06-08 12:00:00,0.7024400000000001
2025-06-08 13:00:00,0.63789
2025-06-08 14:00:00,0.51961
2025-06-08 15:00:00,0.35383
2025-06-08 16:00:00,0.14488
2025-06-08 17:00:00,0.00518
2025-06-08 18:00:00,0.0
2025-06-08 19:00:00,0.0
2025-06-08 20:00:00,0.0
2025-06-08 21:00:00,0.0
2025-06-08 22:00:00,0.0
2025-06-08 23:00:00,0.0
2025-06-09 00:00:00,0.0
2025-06-09 01:00:00,0.0
2025-06-09 02:00:00,0.0
2025-06-09 03:00:00,0.0
2025-06-09 04:00:00,0.0
2025-06-09 05:00:00,0.0
2025-06-09 06:00:00,0.0
2025-06-09 07:00:00,0.0087
2025-06-09 08:00:00,0.44648000000000004
2025-06-09 09:00:00,0.60074
2025-06-09 10:00:00,0.69168
2025-06-09 11:00:00,0.7347899999999999
2025-06-09 12:00:00,0.7135900000000001
2025-06-09 13:00:00,0.6390399999999999
2025-06-09 14:00:00,0.52125
2025-06-09 15:00:00,0.35399
2025-06-09 16:00:00,0.14393
2025-06-09 17:00:00,0.004719999999999999
2025-06-09 18:00:00,0.0
2025-06-09 19:00:00,0.0
2025-06-09 20:00:00,0.0
2025-06-09 21:00:00,0.0
2025-06-09 22:00:00,0.0
2025-06-09 23:00:00,0.0
2025-06-10 00:00:00,0.0
2025-06-10 01:00:00,0.0
2025-06-10 02:00:00,0.0
2025-06-10 03:00:00,0.0
2025-06-10 04:00:00,0.0
2025-06-10 05:00:00,0.0
2025-06-10 06:00:00,0.0
2025-06-10 07:00:00,0.00929
2025-06-10 08:00:00,0.44061
2025-06-10 09:00:00,0.59629
2025-06-10 10:00:00,0.6858099999999999
2025-06-10 11:00:00,0.72463
2025-06-10 12:00:00,0.7046399999999999
2025-06-10 13:00:00,0.63673
2025-06-10 14:00:00,0.5170800000000001
2025-06-10 15:00:00,0.34939
2025-06-10 16:00:00,0.14119
2025-06-10 17:00:00,0.00536
2025-06-10 18:00:00,0.0
2025-06-10 19:00:00,0.0
2025-06-10 20:00:00,0.0
2025-06-10 21:00:00,0.0
2025-06-10 22:00:00,0.0
2025-06-10 23:00:00,0.0
2025-06-11 00:00:00,0.0
2025-06-11 01:00:00,0.0
2025-06-11 02:00:00,0.0
2025-06-11 03:00:00,0.0
2025-06-11 04:00:00,0.0
2025-06-11 05:00:00,0.0
2025-06-11 06:00:00,0.0
2025-06-11 07:00:00,0.00863
2025-06-11 08:00:00,0.43474
2025-06-11 09:00:00,0.5872200000000001
2025-06-11 10:00:00,0.6817300000000001
2025-06-11 11:00:00,0.72604
2025-06-11 12:00:00,0.71039
2025-06-11 13:00:00,0.6349199999999999
2025-06-11 14:00:00,0.47042
2025-06-11 15:00:00,0.28784
2025-06-11 16:00:00,0.13688
2025-06-11 17:00:00,0.0
2025-06-11 18:00:00,0.0
2025-06-11 19:00:00,0.0
2025-06-11 20:00:00,0.0
2025-06-11 21:00:00,0.0
2025-06-11 22:00:00,0.0
2025-06-11 23:00:00,0.0
2025-06-12 00:00:00,0.0
2025-06-12 01:00:00,0.0
2025-06-12 02:00:00,0.0
2025-06-12 03:00:00,0.0
2025-06-12 04:00:00,0.0
2025-06-12 05:00:00,0.0
2025-06-12 06:00:00,0.0
2025-06-12 07:00:00,0.00858
2025-06-12 08:00:00,0.41857
2025-06-12 09:00:00,0.5733400000000001
2025-06-12 10:00:00,0.66677
2025-06-12 11:00:00,0.7120599999999999
2025-06-12 12:00:00,0.57825
2025-06-12 13:00:00,0.58726
2025-06-12 14:00:00,0.50928
2025-06-12 15:00:00,0.31394
2025-06-12 16:00:00,0.10468000000000001
2025-06-12 17:00:00,0.005719999999999999
2025-06-12 18:00:00,0.0
2025-06-12 19:00:00,0.0
2025-06-12 20:00:00,0.0
2025-06-12 21:00:00,0.0
2025-06-12 22:00:00,0.0
2025-06-12 23:00:00,0.0
2025-06-13 00:00:00,0.0
2025-06-13 01:00:00,0.0
2025-06-13 02:00:00,0.0
2025-06-13 03:00:00,0.0
2025-06-13 04:00:00,0.0
2025-06-13 05:00:00,0.0
2025-06-13 06:00:00,0.0
2025-06-13 07:00:00,0.0015
2025-06-13 08:00:00,0.09799
2025-06-13 09:00:00,0.39532
2025-06-13 10:00:00,0.52844
2025-06-13 11:00:00,0.48025
2025-06-13 12:00:00,0.47018
2025-06-13 13:00:00,0.44283999999999996
2025-06-13 14:00:00,0.20175
2025-06-13 15:00:00,0.12355
2025-06-13 16:00:00,0.01265
2025-06-13 17:00:00,0.0
2025-06-13 18:00:00,0.0
2025-06-13 19:00:00,0.0
2025-06-13 20:00:00,0.0
2025-06-13 21:00:00,0.0
2025-06-13 22:00:00,0.0
2025-06-13 23:00:00,0.0
2025-06-14 00:00:00,0.0
2025-06-14 01:00:00,0.0
2025-06-14 02:00:00,0.0
2025-06-14 03:00:00,0.0
2025-06-14 04:00:00,0.0
2025-06-14 05:00:00,0.0
2025-06-14 06:00:00,0.0
2025-06-14 07:00:00,0.00242
2025-06-14 08:00:00,0.04906
2025-06-14 09:00:00,0.09384999999999999
2025-06-14 10:00:00,0.10693000000000001
2025-06-14 11:00:00,0.09058
2025-06-14 12:00:00,0.14762
2025-06-14 13:00:00,0.6325
2025-06-14 14:00:00,0.48797
2025-06-14 15:00:00,0.039560000000000005
2025-06-14 16:00:00,0.0069900000000000006
2025-06-14 17:00:00,0.0
2025-06-14 18:00:00,0.0
2025-06-14 19:00:00,0.0
2025-06-14 20:00:00,0.0
2025-06-14 21:00:00,0.0
2025-06-14 22:00:00,0.0
2025-06-14 23:00:00,0.0
2025-06-15 00:00:00,0.0
2025-06-15 01:00:00,0.0
2025-06-15 02:00:00,0.0
2025-06-15 03:00:00,0.0
2025-06-15 04:00:00,0.0
2025-06-15 05:00:00,0.0
2025-06-15 06:00:00,0.0
2025-06-15 07:00:00,0.00553
2025-06-15 08:00:00,0.022510000000000002
2025-06-15 09:00:00,0.06986
2025-06-15 10:00:00,0.05943
2025-06-15 11:00:00,0.09908
2025-06-15 12:00:00,0.09829
2025-06-15 13:00:00,0.12609
2025-06-15 14:00:00,0.09434000000000001
2025-06-15 15:00:00,0.02062
2025-06-15 16:00:00,0.00941
2025-06-15 17:00:00,0.005719999999999999
2025-06-15 18:00:00,0.0
2025-06-15 19:00:00,0.0
2025-06-15 20:00:00,0.0
2025-06-15 21:00:00,0.0
2025-06-15 22:00:00,0.0
2025-06-15 23:00:00,0.0
2025-06-16 00:00:00,0.0
2025-06-16 01:00:00,0.0
2025-06-16 02:00:00,0.0
2025-06-16 03:00:00,0.0
2025-06-16 04:00:00,0.0
2025-06-16 05:00:00,0.0
2025-06-16 06:00:00,0.0
2025-06-16 07:00:00,0.0085
2025-06-16 08:00:00,0.07734999999999999
2025-06-16 09:00:00,0.39717
2025-06-16 10:00:00,0.08782
2025-06-16 11:00:00,0.09068000000000001
2025-06-16 12:00:00,0.21365
2025-06-16 13:00:00,0.36611
2025-06-16 14:00:00,0.11993000000000001
2025-06-16 15:00:00,0.19254
2025-06-16 16:00:00,0.10734
2025-06-16 17:00:00,0.0
2025-06-16 18:00:00,0.0
2025-06-16 19:00:00,0.0
2025-06-16 20:00:00,0.0
2025-06-16 21:00:00,0.0
2025-06-16 22:00:00,0.0
2025-06-16 23:00:00,0.0
2025-06-17 00:00:00,0.0
2025-06-17 01:00:00,0.0
2025-06-17 02:00:00,0.0
2025-06-17 03:00:00,0.0
2025-06-17 04:00:00,0.0
2025-06-17 05:00:00,0.0
2025-06-17 06:00:00,0.0
2025-06-17 07:00:00,0.00513
2025-06-17 08:00:00,0.10868000000000001
2025-06-17 09:00:00,0.11389
2025-06-17 10:00:00,0.65265
2025-06-17 11:00:00,0.55999
2025-06-17 12:00:00,0.69737
2025-06-17 13:00:00,0.6324500000000001
2025-06-17 14:00:00,0.30682
2025-06-17 15:00:00,0.17013
2025-06-17 16:00:00,0.01531
2025-06-17 17:00:00,0.0
2025-06-17 18:00:00,0.0
2025-06-17 19:00:00,0.0
2025-06-17 20:00:00,0.0
2025-06-17 21:00:00,0.0
2025-06-17 22:00:00,0.0
2025-06-17 23:00:00,0.0
2025-06-18 00:00:00,0.0
2025-06-18 01:00:00,0.0
2025-06-18 02:00:00,0.0
2025-06-18 03:00:00,0.0
2025-06-18 04:00:00,0.0
2025-06-18 05:00:00,0.0
2025-06-18 06:00:00,0.0
2025-06-18 07:00:00,0.0069299999999999995
2025-06-18 08:00:00,0.43623
2025-06-18 09:00:00,0.60556
2025-06-18 10:00:00,0.70135
2025-06-18 11:00:00,0.72848
2025-06-18 12:00:00,0.70389
2025-06-18 13:00:00,0.6411100000000001
2025-06-18 14:00:00,0.53044
2025-06-18 15:00:00,0.36469999999999997
2025-06-18 16:00:00,0.15538
2025-06-18 17:00:00,0.00408
2025-06-18 18:00:00,0.0
2025-06-18 19:00:00,0.0
2025-06-18 20:00:00,0.0
2025-06-18 21:00:00,0.0
2025-06-18 22:00:00,0.0
2025-06-18 23:00:00,0.0
2025-06-19 00:00:00,0.0
2025-06-19 01:00:00,0.0
2025-06-19 02:00:00,0.0
2025-06-19 03:00:00,0.0
2025-06-19 04:00:00,0.0
2025-06-19 05:00:00,0.0
2025-06-19 06:00:00,0.0
2025-06-19 07:00:00,0.00753
2025-06-19 08:00:00,0.44106
2025-06-19 09:00:00,0.61068
2025-06-19 10:00:00,0.69969
2025-06-19 11:00:00,0.74234
2025-06-19 12:00:00,0.7268
2025-06-19 13:00:00,0.65303
2025-06-19 14:00:00,0.53665
2025-06-19 15:00:00,0.36593000000000003
2025-06-19 16:00:00,0.1555
2025-06-19 17:00:00,0.00566
2025-06-19 18:00:00,0.0
2025-06-19 19:00:00,0.0
2025-06-19 20:00:00,0.0
2025-06-19 21:00:00,0.0
2025-06-19 22:00:00,0.0
2025-06-19 23:00:00,0.0
2025-06-20 00:00:00,0.0
2025-06-20 01:00:00,0.0
2025-06-20 02:00:00,0.0
2025-06-20 03:00:00,0.0
2025-06-20 04:00:00,0.0
2025-06-20 05:00:00,0.0
2025-06-20 06:00:00,0.0
2025-06-20 07:00:00,0.00631
2025-06-20 08:00:00,0.43698000000000004
2025-06-20 09:00:00,0.59562
2025-06-20 10:00:00,0.69384
2025-06-20 11:00:00,0.73073
2025-06-20 12:00:00,0.7177100000000001
2025-06-20 13:00:00,0.64727
2025-06-20 14:00:00,0.53203
2025-06-20 15:00:00,0.3623
2025-06-20 16:00:00,0.15158000000000002
2025-06-20 17:00:00,0.004889999999999999
2025-06-20 18:00:00,0.0
2025-06-20 19:00:00,0.0
2025-06-20 20:00:00,0.0
2025-06-20 21:00:00,0.0
2025-06-20 22:00:00,0.0
2025-06-20 23:00:00,0.0
2025-06-21 00:00:00,0.0
2025-06-21 01:00:00,0.0
2025-06-21 02:00:00,0.0
2025-06-21 03:00:00,0.0
2025-06-21 04:00:00,0.0
2025-06-21 05:00:00,0.0
2025-06-21 06:00:00,0.0
2025-06-21 07:00:00,0.00691
2025-06-21 08:00:00,0.4405
2025-06-21 09:00:00,0.5994400000000001
2025-06-21 10:00:00,0.69349
2025-06-21 11:00:00,0.7327899999999999
2025-06-21 12:00:00,0.71972
2025-06-21 13:00:00,0.6424500000000001
2025-06-21 14:00:00,0.52676
2025-06-21 15:00:00,0.35692
2025-06-21 16:00:00,0.15052000000000001
2025-06-21 17:00:00,0.00478
2025-06-21 18:00:00,0.0
2025-06-21 19:00:00,0.0
2025-06-21 20:00:00,0.0
2025-06-21 21:00:00,0.0
2025-06-21 22:00:00,0.0
2025-06-21 23:00:00,0.0
2025-06-22 00:00:00,0.0
2025-06-22 01:00:00,0.0
2025-06-22 02:00:00,0.0
2025-06-22 03:00:00,0.0
2025-06-22 04:00:00,0.0
2025-06-22 05:00:00,0.0
2025-06-22 06:00:00,0.0
2025-06-22 07:00:00,0.007549999999999999
2025-06-22 08:00:00,0.45023
2025-06-22 09:00:00,0.59176
2025-06-22 10:00:00,0.67175
2025-06-22 11:00:00,0.70989
2025-06-22 12:00:00,0.7036
2025-06-22 13:00:00,0.62728
2025-06-22 14:00:00,0.51662
2025-06-22 15:00:00,0.34902999999999995
2025-06-22 16:00:00,0.14726
2025-06-22 17:00:00,0.00495
2025-06-22 18:00:00,0.0
2025-06-22 19:00:00,0.0
2025-06-22 20:00:00,0.0
2025-06-22 21:00:00,0.0
2025-06-22 22:00:00,0.0
2025-06-22 23:00:00,0.0
2025-06-23 00:00:00,0.0
2025-06-23 01:00:00,0.0
2025-06-23 02:00:00,0.0
2025-06-23 03:00:00,0.0
2025-06-23 04:00:00,0.0
2025-06-23 05:00:00,0.0
2025-06-23 06:00:00,0.0
2025-06-23 07:00:00,0.00249
2025-06-23 08:00:00,0.35187
2025-06-23 09:00:00,0.32861
2025-06-23 10:00:00,0.6518200000000001
2025-06-23 11:00:00,0.69872
2025-06-23 12:00:00,0.61025
2025-06-23 13:00:00,0.30875
2025-06-23 14:00:00,0.5145
2025-06-23 15:00:00,0.32469
2025-06-23 16:00:00,0.05005
2025-06-23 17:00:00,0.0
2025-06-23 18:00:00,0.0
2025-06-23 19:00:00,0.0
2025-06-23 20:00:00,0.0
2025-06-23 21:00:00,0.0
2025-06-23 22:00:00,0.0
2025-06-23 23:00:00,0.0
2025-06-24 00:00:00,0.0
2025-06-24 01:00:00,0.0
2025-06-24 02:00:00,0.0
2025-06-24 03:00:00,0.0
2025-06-24 04:00:00,0.0
2025-06-24 05:00:00,0.0
2025-06-24 06:00:00,0.0
2025-06-24 07:00:00,0.00567
2025-06-24 08:00:00,0.16976
2025-06-24 09:00:00,0.55374
2025-06-24 10:00:00,0.6391100000000001
2025-06-24 11:00:00,0.65534
2025-06-24 12:00:00,0.6875399999999999
2025-06-24 13:00:00,0.62901
2025-06-24 14:00:00,0.47504
2025-06-24 15:00:00,0.31461
2025-06-24 16:00:00,0.11761
2025-06-24 17:00:00,0.0064
2025-06-24 18:00:00,0.0
2025-06-24 19:00:00,0.0
2025-06-24 20:00:00,0.0
2025-06-24 21:00:00,0.0
2025-06-24 22:00:00,0.0
2025-06-24 23:00:00,0.0
2025-06-25 00:00:00,0.0
2025-06-25 01:00:00,0.0
2025-06-25 02:00:00,0.0
2025-06-25 03:00:00,0.0
2025-06-25 04:00:00,0.0
2025-06-25 05:00:00,0.0
2025-06-25 06:00:00,0.0
2025-06-25 07:00:00,0.0068
2025-06-25 08:00:00,0.44045
2025-06-25 09:00:00,0.49495
2025-06-25 10:00:00,0.57855
2025-06-25 11:00:00,0.6586799999999999
2025-06-25 12:00:00,0.58741
2025-06-25 13:00:00,0.54847
2025-06-25 14:00:00,0.38982
2025-06-25 15:00:00,0.25561
2025-06-25 16:00:00,0.08186
2025-06-25 17:00:00,0.00608
2025-06-25 18:00:00,0.0
2025-06-25 19:00:00,0.0
2025-06-25 20:00:00,0.0
2025-06-25 21:00:00,0.0
2025-06-25 22:00:00,0.0
2025-06-25 23:00:00,0.0
2025-06-26 00:00:00,0.0
2025-06-26 01:00:00,0.0
2025-06-26 02:00:00,0.0
2025-06-26 03:00:00,0.0
2025-06-26 04:00:00,0.0
2025-06-26 05:00:00,0.0
2025-06-26 06:00:00,0.0
2025-06-26 07:00:00,0.0062
2025-06-26 08:00:00,0.39341000000000004
2025-06-26 09:00:00,0.56657
2025-06-26 10:00:00,0.65576
2025-06-26 11:00:00,0.69197
2025-06-26 12:00:00,0.68124
2025-06-26 13:00:00,0.62206
2025-06-26 14:00:00,0.51403
2025-06-26 15:00:00,0.34951
2025-06-26 16:00:00,0.14945
2025-06-26 17:00:00,0.0030800000000000003
2025-06-26 18:00:00,0.0
2025-06-26 19:00:00,0.0
2025-06-26 20:00:00,0.0
2025-06-26 21:00:00,0.0
2025-06-26 22:00:00,0.0
2025-06-26 23:00:00,0.0
2025-06-27 00:00:00,0.0
2025-06-27 01:00:00,0.0
2025-06-27 02:00:00,0.0
2025-06-27 03:00:00,0.0
2025-06-27 04:00:00,0.0
2025-06-27 05:00:00,0.0
2025-06-27 06:00:00,0.0
2025-06-27 07:00:00,0.00623
2025-06-27 08:00:00,0.41258999999999996
2025-06-27 09:00:00,0.57882
2025-06-27 10:00:00,0.68225
2025-06-27 11:00:00,0.72288
2025-06-27 12:00:00,0.709
2025-06-27 13:00:00,0.64239
2025-06-27 14:00:00,0.5292100000000001
2025-06-27 15:00:00,0.36178
2025-06-27 16:00:00,0.15506999999999999
2025-06-27 17:00:00,0.00285
2025-06-27 18:00:00,0.0
2025-06-27 19:00:00,0.0
2025-06-27 20:00:00,0.0
2025-06-27 21:00:00,0.0
2025-06-27 22:00:00,0.0
2025-06-27 23:00:00,0.0
2025-06-28 00:00:00,0.0
2025-06-28 01:00:00,0.0
2025-06-28 02:00:00,0.0
2025-06-28 03:00:00,0.0
2025-06-28 04:00:00,0.0
2025-06-28 05:00:00,0.0
2025-06-28 06:00:00,0.0
2025-06-28 07:00:00,0.00624
2025-06-28 08:00:00,0.41551
2025-06-28 09:00:00,0.5762999999999999
2025-06-28 10:00:00,0.67929
2025-06-28 11:00:00,0.7193099999999999
2025-06-28 12:00:00,0.70136
2025-06-28 13:00:00,0.63928
2025-06-28 14:00:00,0.52588
2025-06-28 15:00:00,0.35752999999999996
2025-06-28 16:00:00,0.15280000000000002
2025-06-28 17:00:00,0.00281
2025-06-28 18:00:00,0.0
2025-06-28 19:00:00,0.0
2025-06-28 20:00:00,0.0
2025-06-28 21:00:00,0.0
2025-06-28 22:00:00,0.0
2025-06-28 23:00:00,0.0
2025-06-29 00:00:00,0.0
2025-06-29 01:00:00,0.0
2025-06-29 02:00:00,0.0
2025-06-29 03:00:00,0.0
2025-06-29 04:00:00,0.0
2025-06-29 05:00:00,0.0
2025-06-29 06:00:00,0.0
2025-06-29 07:00:00,0.00615
2025-06-29 08:00:00,0.40804
2025-06-29 09:00:00,0.57468
2025-06-29 10:00:00,0.66946
2025-06-29 11:00:00,0.66423
2025-06-29 12:00:00,0.67713
2025-06-29 13:00:00,0.58163
2025-06-29 14:00:00,0.36299000000000003
2025-06-29 15:00:00,0.25573
2025-06-29 16:00:00,0.07406
2025-06-29 17:00:00,0.0
2025-06-29 18:00:00,0.0
2025-06-29 19:00:00,0.0
2025-06-29 20:00:00,0.0
2025-06-29 21:00:00,0.0
2025-06-29 22:00:00,0.0
2025-06-29 23:00:00,0.0
2025-06-30 00:00:00,0.0
2025-06-30 01:00:00,0.0
2025-06-30 02:00:00,0.0
2025-06-30 03:00:00,0.0
2025-06-30 04:00:00,0.0
2025-06-30 05:00:00,0.0
2025-06-30 06:00:00,0.0
2025-06-30 07:00:00,0.00619
2025-06-30 08:00:00,0.0
2025-06-30 09:00:00,0.56344
2025-06-30 10:00:00,0.66262
2025-06-30 11:00:00,0.69941
2025-06-30 12:00:00,0.6821699999999999
2025-06-30 13:00:00,0.55452
2025-06-30 14:00:00,0.44411
2025-06-30 15:00:00,0.30038
2025-06-30 16:00:00,0.15105000000000002
2025-06-30 17:00:00,0.00735
2025-06-30 18:00:00,0.0
2025-06-30 19:00:00,0.0
2025-06-30 20:00:00,0.0
2025-06-30 21:00:00,0.0
2025-06-30 22:00:00,0.0
2025-06-30 23:00:00,0.0
2025-07-01 00:00:00,0.0
2025-07-01 01:00:00,0.0
2025-07-01 02:00:00,0.0
2025-07-01 03:00:00,0.0
2025-07-01 04:00:00,0.0
2025-07-01 05:00:00,0.0
2025-07-01 06:00:00,0.0
2025-07-01 07:00:00,0.0068
2025-07-01 08:00:00,0.38949
2025-07-01 09:00:00,0.55577
2025-07-01 10:00:00,0.65954
2025-07-01 11:00:00,0.69336
2025-07-01 12:00:00,0.68423
2025-07-01 13:00:00,0.5989800000000001
2025-07-01 14:00:00,0.50157
2025-07-01 15:00:00,0.34822000000000003
2025-07-01 16:00:00,0.11999
2025-07-01 17:00:00,0.008919999999999999
2025-07-01 18:00:00,0.0
2025-07-01 19:00:00,0.0
2025-07-01 20:00:00,0.0
2025-07-01 21:00:00,0.0
2025-07-01 22:00:00,0.0
2025-07-01 23:00:00,0.0
2025-07-02 00:00:00,0.0
2025-07-02 01:00:00,0.0
2025-07-02 02:00:00,0.0
2025-07-02 03:00:00,0.0
2025-07-02 04:00:00,0.0
2025-07-02 05:00:00,0.0
2025-07-02 06:00:00,0.0
2025-07-02 07:00:00,0.00624
2025-07-02 08:00:00,0.39755
2025-07-02 09:00:00,0.56149
2025-07-02 10:00:00,0.66488
2025-07-02 11:00:00,0.70896
2025-07-02 12:00:00,0.70443
2025-07-02 13:00:00,0.6370800000000001
2025-07-02 14:00:00,0.52866
2025-07-02 15:00:00,0.36346
2025-07-02 16:00:00,0.15888999999999998
2025-07-02 17:00:00,0.00445
2025-07-02 18:00:00,0.0
2025-07-02 19:00:00,0.0
2025-07-02 20:00:00,0.0
2025-07-02 21:00:00,0.0
2025-07-02 22:00:00,0.0
2025-07-02 23:00:00,0.0
2025-07-03 00:00:00,0.0
2025-07-03 01:00:00,0.0
2025-07-03 02:00:00,0.0
2025-07-03 03:00:00,0.0
2025-07-03 04:00:00,0.0
2025-07-03 05:00:00,0.0
2025-07-03 06:00:00,0.0
2025-07-03 07:00:00,0.0062900000000000005
2025-07-03 08:00:00,0.40491000000000005
2025-07-03 09:00:00,0.5758099999999999
2025-07-03 10:00:00,0.688
2025-07-03 11:00:00,0.73199
2025-07-03 12:00:00,0.72253
2025-07-03 13:00:00,0.65267
2025-07-03 14:00:00,0.54084
2025-07-03 15:00:00,0.37439999999999996
2025-07-03 16:00:00,0.16421
2025-07-03 17:00:00,0.00357
2025-07-03 18:00:00,0.0
2025-07-03 19:00:00,0.0
2025-07-03 20:00:00,0.0
2025-07-03 21:00:00,0.0
2025-07-03 22:00:00,0.0
2025-07-03 23:00:00,0.0
2025-07-04 00:00:00,0.0
2025-07-04 01:00:00,0.0
2025-07-04 02:00:00,0.0
2025-07-04 03:00:00,0.0
2025-07-04 04:00:00,0.0
2025-07-04 05:00:00,0.0
2025-07-04 06:00:00,0.0
2025-07-04 07:00:00,0.00635
2025-07-04 08:00:00,0.40425
2025-07-04 09:00:00,0.58068
2025-07-04 10:00:00,0.6815
2025-07-04 11:00:00,0.71858
2025-07-04 12:00:00,0.70688
2025-07-04 13:00:00,0.63919
2025-07-04 14:00:00,0.5267000000000001
2025-07-04 15:00:00,0.36551999999999996
2025-07-04 16:00:00,0.16172999999999998
2025-07-04 17:00:00,0.0045
2025-07-04 18:00:00,0.0
2025-07-04 19:00:00,0.0
2025-07-04 20:00:00,0.0
2025-07-04 21:00:00,0.0
2025-07-04 22:00:00,0.0
2025-07-04 23:00:00,0.0
2025-07-05 00:00:00,0.0
2025-07-05 01:00:00,0.0
2025-07-05 02:00:00,0.0
2025-07-05 03:00:00,0.0
2025-07-05 04:00:00,0.0
2025-07-05 05:00:00,0.0
2025-07-05 06:00:00,0.0
2025-07-05 07:00:00,0.0064
2025-07-05 08:00:00,0.41385
2025-07-05 09:00:00,0.58947
2025-07-05 10:00:00,0.69287
2025-07-05 11:00:00,0.7400399999999999
2025-07-05 12:00:00,0.7288600000000001
2025-07-05 13:00:00,0.65754
2025-07-05 14:00:00,0.5426599999999999
2025-07-05 15:00:00,0.3742
2025-07-05 16:00:00,0.16486
2025-07-05 17:00:00,0.00393
2025-07-05 18:00:00,0.0
2025-07-05 19:00:00,0.0
2025-07-05 20:00:00,0.0
2025-07-05 21:00:00,0.0
2025-07-05 22:00:00,0.0
2025-07-05 23:00:00,0.0
2025-07-06 00:00:00,0.0
2025-07-06 01:00:00,0.0
2025-07-06 02:00:00,0.0
2025-07-06 03:00:00,0.0
2025-07-06 04:00:00,0.0
2025-07-06 05:00:00,0.0
2025-07-06 06:00:00,0.0
2025-07-06 07:00:00,0.0058
2025-07-06 08:00:00,0.41679
2025-07-06 09:00:00,0.58138
2025-07-06 10:00:00,0.6940299999999999
2025-07-06 11:00:00,0.7322799999999999
2025-07-06 12:00:00,0.66576
2025-07-06 13:00:00,0.60954
2025-07-06 14:00:00,0.5199900000000001
2025-07-06 15:00:00,0.3679
2025-07-06 16:00:00,0.16397
2025-07-06 17:00:00,0.00517
2025-07-06 18:00:00,0.0
2025-07-06 19:00:00,0.0
2025-07-06 20:00:00,0.0
2025-07-06 21:00:00,0.0
2025-07-06 22:00:00,0.0
2025-07-06 23:00:00,0.0
2025-07-07 00:00:00,0.0
2025-07-07 01:00:00,0.0
2025-07-07 02:00:00,0.0
2025-07-07 03:00:00,0.0
2025-07-07 04:00:00,0.0
2025-07-07 05:00:00,0.0
2025-07-07 06:00:00,0.0
2025-07-07 07:00:00,0.00519
2025-07-07 08:00:00,0.40931
2025-07-07 09:00:00,0.57888
2025-07-07 10:00:00,0.6839700000000001
2025-07-07 11:00:00,0.72573
2025-07-07 12:00:00,0.7144199999999999
2025-07-07 13:00:00,0.63689
2025-07-07 14:00:00,0.5317999999999999
2025-07-07 15:00:00,0.35467000000000004
2025-07-07 16:00:00,0.16343000000000002
2025-07-07 17:00:00,0.00376
2025-07-07 18:00:00,0.0
2025-07-07 19:00:00,0.0
2025-07-07 20:00:00,0.0
2025-07-07 21:00:00,0.0
2025-07-07 22:00:00,0.0
2025-07-07 23:00:00,0.0
2025-07-08 00:00:00,0.0
2025-07-08 01:00:00,0.0
2025-07-08 02:00:00,0.0
2025-07-08 03:00:00,0.0
2025-07-08 04:00:00,0.0
2025-07-08 05:00:00,0.0
2025-07-08 06:00:00,0.0
2025-07-08 07:00:00,0.0051600000000000005
2025-07-08 08:00:00,0.37459
2025-07-08 09:00:00,0.5648099999999999
2025-07-08 10:00:00,0.67963
2025-07-08 11:00:00,0.66007
2025-07-08 12:00:00,0.70459
2025-07-08 13:00:00,0.64347
2025-07-08 14:00:00,0.50719
2025-07-08 15:00:00,0.34485000000000005
2025-07-08 16:00:00,0.15469
2025-07-08 17:00:00,0.01008
2025-07-08 18:00:00,0.0
2025-07-08 19:00:00,0.0
2025-07-08 20:00:00,0.0
2025-07-08 21:00:00,0.0
2025-07-08 22:00:00,0.0
2025-07-08 23:00:00,0.0
2025-07-09 00:00:00,0.0
2025-07-09 01:00:00,0.0
2025-07-09 02:00:00,0.0
2025-07-09 03:00:00,0.0
2025-07-09 04:00:00,0.0
2025-07-09 05:00:00,0.0
2025-07-09 06:00:00,0.0
2025-07-09 07:00:00,0.00557
2025-07-09 08:00:00,0.024030000000000003
2025-07-09 09:00:00,0.02981
2025-07-09 10:00:00,0.18886
2025-07-09 11:00:00,0.0508
2025-07-09 12:00:00,0.18947
2025-07-09 13:00:00,0.07931
2025-07-09 14:00:00,0.10192
2025-07-09 15:00:00,0.14277
2025-07-09 16:00:00,0.03304
2025-07-09 17:00:00,0.0
2025-07-09 18:00:00,0.0
2025-07-09 19:00:00,0.0
2025-07-09 20:00:00,0.0
2025-07-09 21:00:00,0.0
2025-07-09 22:00:00,0.0
2025-07-09 23:00:00,0.0
2025-07-10 00:00:00,0.0
2025-07-10 01:00:00,0.0
2025-07-10 02:00:00,0.0
2025-07-10 03:00:00,0.0
2025-07-10 04:00:00,0.0
2025-07-10 05:00:00,0.0
2025-07-10 06:00:00,0.0
2025-07-10 07:00:00,0.0
2025-07-10 08:00:00,0.1407
2025-07-10 09:00:00,0.05271
2025-07-10 10:00:00,0.27407
2025-07-10 11:00:00,0.35908999999999996
2025-07-10 12:00:00,0.60054
2025-07-10 13:00:00,0.41675999999999996
2025-07-10 14:00:00,0.17944
2025-07-10 15:00:00,0.20614
2025-07-10 16:00:00,0.1439
2025-07-10 17:00:00,0.0104
2025-07-10 18:00:00,0.0
2025-07-10 19:00:00,0.0
2025-07-10 20:00:00,0.0
2025-07-10 21:00:00,0.0
2025-07-10 22:00:00,0.0
2025-07-10 23:00:00,0.0
2025-07-11 00:00:00,0.0
2025-07-11 01:00:00,0.0
2025-07-11 02:00:00,0.0
2025-07-11 03:00:00,0.0
2025-07-11 04:00:00,0.0
2025-07-11 05:00:00,0.0
2025-07-11 06:00:00,0.0
2025-07-11 07:00:00,0.006719999999999999
2025-07-11 08:00:00,0.40970999999999996
2025-07-11 09:00:00,0.54634
2025-07-11 10:00:00,0.51576
2025-07-11 11:00:00,0.68739
2025-07-11 12:00:00,0.67748
2025-07-11 13:00:00,0.60698
2025-07-11 14:00:00,0.50605
2025-07-11 15:00:00,0.34338
2025-07-11 16:00:00,0.15078
2025-07-11 17:00:00,0.0076
2025-07-11 18:00:00,0.0
2025-07-11 19:00:00,0.0
2025-07-11 20:00:00,0.0
2025-07-11 21:00:00,0.0
2025-07-11 22:00:00,0.0
2025-07-11 23:00:00,0.0
2025-07-12 00:00:00,0.0
2025-07-12 01:00:00,0.0
2025-07-12 02:00:00,0.0
2025-07-12 03:00:00,0.0
2025-07-12 04:00:00,0.0
2025-07-12 05:00:00,0.0
2025-07-12 06:00:00,0.0
2025-07-12 07:00:00,0.00551
2025-07-12 08:00:00,0.37344
2025-07-12 09:00:00,0.5507799999999999
2025-07-12 10:00:00,0.6519199999999999
2025-07-12 11:00:00,0.69014
2025-07-12 12:00:00,0.69269
2025-07-12 13:00:00,0.5922200000000001
2025-07-12 14:00:00,0.47731999999999997
2025-07-12 15:00:00,0.32732
2025-07-12 16:00:00,0.0536
2025-07-12 17:00:00,0.00733
2025-07-12 18:00:00,0.0
2025-07-12 19:00:00,0.0
2025-07-12 20:00:00,0.0
2025-07-12 21:00:00,0.0
2025-07-12 22:00:00,0.0
2025-07-12 23:00:00,0.0
2025-07-13 00:00:00,0.0
2025-07-13 01:00:00,0.0
2025-07-13 02:00:00,0.0
2025-07-13 03:00:00,0.0
2025-07-13 04:00:00,0.0
2025-07-13 05:00:00,0.0
2025-07-13 06:00:00,0.0
2025-07-13 07:00:00,0.00289
2025-07-13 08:00:00,0.08143
2025-07-13 09:00:00,0.2022
2025-07-13 10:00:00,0.67629
2025-07-13 11:00:00,0.71782
2025-07-13 12:00:00,0.5344500000000001
2025-07-13 13:00:00,0.39914
2025-07-13 14:00:00,0.449
2025-07-13 15:00:00,0.33457
2025-07-13 16:00:00,0.14543
2025-07-13 17:00:00,0.01183
2025-07-13 18:00:00,0.0
2025-07-13 19:00:00,0.0
2025-07-13 20:00:00,0.0
2025-07-13 21:00:00,0.0
2025-07-13 22:00:00,0.0
2025-07-13 23:00:00,0.0
2025-07-14 00:00:00,0.0
2025-07-14 01:00:00,0.0
2025-07-14 02:00:00,0.0
2025-07-14 03:00:00,0.0
2025-07-14 04:00:00,0.0
2025-07-14 05:00:00,0.0
2025-07-14 06:00:00,0.0
2025-07-14 07:00:00,0.005690000000000001
2025-07-14 08:00:00,0.28618
2025-07-14 09:00:00,0.5638200000000001
2025-07-14 10:00:00,0.55516
2025-07-14 11:00:00,0.72794
2025-07-14 12:00:00,0.72856
2025-07-14 13:00:00,0.66446
2025-07-14 14:00:00,0.54713
2025-07-14 15:00:00,0.38155
2025-07-14 16:00:00,0.13691
2025-07-14 17:00:00,0.00552
2025-07-14 18:00:00,0.0
2025-07-14 19:00:00,0.0
2025-07-14 20:00:00,0.0
2025-07-14 21:00:00,0.0
2025-07-14 22:00:00,0.0
2025-07-14 23:00:00,0.0
2025-07-15 00:00:00,0.0
2025-07-15 01:00:00,0.0
2025-07-15 02:00:00,0.0
2025-07-15 03:00:00,0.0
2025-07-15 04:00:00,0.0
2025-07-15 05:00:00,0.0
2025-07-15 06:00:00,0.0
2025-07-15 07:00:00,0.00466
2025-07-15 08:00:00,0.41019
2025-07-15 09:00:00,0.59838
2025-07-15 10:00:00,0.6989299999999999
2025-07-15 11:00:00,0.7461599999999999
2025-07-15 12:00:00,0.73976
2025-07-15 13:00:00,0.67634
2025-07-15 14:00:00,0.56124
2025-07-15 15:00:00,0.39082
2025-07-15 16:00:00,0.17611000000000002
2025-07-15 17:00:00,0.00394
2025-07-15 18:00:00,0.0
2025-07-15 19:00:00,0.0
2025-07-15 20:00:00,0.0
2025-07-15 21:00:00,0.0
2025-07-15 22:00:00,0.0
2025-07-15 23:00:00,0.0
2025-07-16 00:00:00,0.0
2025-07-16 01:00:00,0.0
2025-07-16 02:00:00,0.0
2025-07-16 03:00:00,0.0
2025-07-16 04:00:00,0.0
2025-07-16 05:00:00,0.0
2025-07-16 06:00:00,0.0
2025-07-16 07:00:00,0.00111
2025-07-16 08:00:00,0.20634
2025-07-16 09:00:00,0.26147000000000004
2025-07-16 10:00:00,0.23893999999999999
2025-07-16 11:00:00,0.39976999999999996
2025-07-16 12:00:00,0.62619
2025-07-16 13:00:00,0.57948
2025-07-16 14:00:00,0.42452999999999996
2025-07-16 15:00:00,0.35061000000000003
2025-07-16 16:00:00,0.16219999999999998
2025-07-16 17:00:00,0.01261
2025-07-16 18:00:00,0.0
2025-07-16 19:00:00,0.0
2025-07-16 20:00:00,0.0
2025-07-16 21:00:00,0.0
2025-07-16 22:00:00,0.0
2025-07-16 23:00:00,0.0
2025-07-17 00:00:00,0.0
2025-07-17 01:00:00,0.0
2025-07-17 02:00:00,0.0
2025-07-17 03:00:00,0.0
2025-07-17 04:00:00,0.0
2025-07-17 05:00:00,0.0
2025-07-17 06:00:00,0.0
2025-07-17 07:00:00,0.0061600000000000005
2025-07-17 08:00:00,0.37779
2025-07-17 09:00:00,0.5448500000000001
2025-07-17 10:00:00,0.6573
2025-07-17 11:00:00,0.7027599999999999
2025-07-17 12:00:00,0.40917000000000003
2025-07-17 13:00:00,0.5558099999999999
2025-07-17 14:00:00,0.34024
2025-07-17 15:00:00,0.13322
2025-07-17 16:00:00,0.05196
2025-07-17 17:00:00,0.0
2025-07-17 18:00:00,0.0
2025-07-17 19:00:00,0.0
2025-07-17 20:00:00,0.0
2025-07-17 21:00:00,0.0
2025-07-17 22:00:00,0.0
2025-07-17 23:00:00,0.0
2025-07-18 00:00:00,0.0
2025-07-18 01:00:00,0.0
2025-07-18 02:00:00,0.0
2025-07-18 03:00:00,0.0
2025-07-18 04:00:00,0.0
2025-07-18 05:00:00,0.0
2025-07-18 06:00:00,0.0
2025-07-18 07:00:00,0.00784
2025-07-18 08:00:00,0.38233
2025-07-18 09:00:00,0.5465
2025-07-18 10:00:00,0.6408200000000001
2025-07-18 11:00:00,0.57873
2025-07-18 12:00:00,0.64612
2025-07-18 13:00:00,0.5846699999999999
2025-07-18 14:00:00,0.40042
2025-07-18 15:00:00,0.045759999999999995
2025-07-18 16:00:00,0.03494
2025-07-18 17:00:00,0.01376
2025-07-18 18:00:00,0.0
2025-07-18 19:00:00,0.0
2025-07-18 20:00:00,0.0
2025-07-18 21:00:00,0.0
2025-07-18 22:00:00,0.0
2025-07-18 23:00:00,0.0
2025-07-19 00:00:00,0.0
2025-07-19 01:00:00,0.0
2025-07-19 02:00:00,0.0
2025-07-19 03:00:00,0.0
2025-07-19 04:00:00,0.0
2025-07-19 05:00:00,0.0
2025-07-19 06:00:00,0.0
2025-07-19 07:00:00,0.00787
2025-07-19 08:00:00,0.20829
2025-07-19 09:00:00,0.52725
2025-07-19 10:00:00,0.63113
2025-07-19 11:00:00,0.69217
2025-07-19 12:00:00,0.66265
2025-07-19 13:00:00,0.48663
2025-07-19 14:00:00,0.2526
2025-07-19 15:00:00,0.17744
2025-07-19 16:00:00,0.13288999999999998
2025-07-19 17:00:00,1e-05
2025-07-19 18:00:00,0.0
2025-07-19 19:00:00,0.0
2025-07-19 20:00:00,0.0
2025-07-19 21:00:00,0.0
2025-07-19 22:00:00,0.0
2025-07-19 23:00:00,0.0
2025-07-20 00:00:00,0.0
2025-07-20 01:00:00,0.0
2025-07-20 02:00:00,0.0
2025-07-20 03:00:00,0.0
2025-07-20 04:00:00,0.0
2025-07-20 05:00:00,0.0
2025-07-20 06:00:00,0.0
2025-07-20 07:00:00,0.00677
2025-07-20 08:00:00,0.39027
2025-07-20 09:00:00,0.5783200000000001
2025-07-20 10:00:00,0.68663
2025-07-20 11:00:00,0.73297
2025-07-20 12:00:00,0.71523
2025-07-20 13:00:00,0.6503300000000001
2025-07-20 14:00:00,0.5180800000000001
2025-07-20 15:00:00,0.35649000000000003
2025-07-20 16:00:00,0.15769
2025-07-20 17:00:00,0.011269999999999999
2025-07-20 18:00:00,0.0
2025-07-20 19:00:00,0.0
2025-07-20 20:00:00,0.0
2025-07-20 21:00:00,0.0
2025-07-20 22:00:00,0.0
2025-07-20 23:00:00,0.0
2025-07-21 00:00:00,0.0
2025-07-21 01:00:00,0.0
2025-07-21 02:00:00,0.0
2025-07-21 03:00:00,0.0
2025-07-21 04:00:00,0.0
2025-07-21 05:00:00,0.0
2025-07-21 06:00:00,0.0
2025-07-21 07:00:00,0.0068
2025-07-21 08:00:00,0.39047000000000004
2025-07-21 09:00:00,0.56701
2025-07-21 10:00:00,0.67963
2025-07-21 11:00:00,0.7217899999999999
2025-07-21 12:00:00,0.70173
2025-07-21 13:00:00,0.6346799999999999
2025-07-21 14:00:00,0.51344
2025-07-21 15:00:00,0.35552999999999996
2025-07-21 16:00:00,0.12727
2025-07-21 17:00:00,0.01703
2025-07-21 18:00:00,0.0
2025-07-21 19:00:00,0.0
2025-07-21 20:00:00,0.0
2025-07-21 21:00:00,0.0
2025-07-21 22:00:00,0.0
2025-07-21 23:00:00,0.0
2025-07-22 00:00:00,0.0
2025-07-22 01:00:00,0.0
2025-07-22 02:00:00,0.0
2025-07-22 03:00:00,0.0
2025-07-22 04:00:00,0.0
2025-07-22 05:00:00,0.0
2025-07-22 06:00:00,0.0
2025-07-22 07:00:00,0.00684
2025-07-22 08:00:00,0.25595
2025-07-22 09:00:00,0.1504
2025-07-22 10:00:00,0.14584
2025-07-22 11:00:00,0.09904
2025-07-22 12:00:00,0.20258
2025-07-22 13:00:00,0.22578
2025-07-22 14:00:00,0.49444
2025-07-22 15:00:00,0.38315
2025-07-22 16:00:00,0.1762
2025-07-22 17:00:00,0.01173
2025-07-22 18:00:00,0.0
2025-07-22 19:00:00,0.0
2025-07-22 20:00:00,0.0
2025-07-22 21:00:00,0.0
2025-07-22 22:00:00,0.0
2025-07-22 23:00:00,0.0
2025-07-23 00:00:00,0.0
2025-07-23 01:00:00,0.0
2025-07-23 02:00:00,0.0
2025-07-23 03:00:00,0.0
2025-07-23 04:00:00,0.0
2025-07-23 05:00:00,0.0
2025-07-23 06:00:00,0.0
2025-07-23 07:00:00,0.006860000000000001
2025-07-23 08:00:00,0.41670999999999997
2025-07-23 09:00:00,0.58421
2025-07-23 10:00:00,0.6924
2025-07-23 11:00:00,0.7354700000000001
2025-07-23 12:00:00,0.68989
2025-07-23 13:00:00,0.61522
2025-07-23 14:00:00,0.46653
2025-07-23 15:00:00,0.34799
2025-07-23 16:00:00,0.16543
2025-07-23 17:00:00,0.005679999999999999
2025-07-23 18:00:00,0.0
2025-07-23 19:00:00,0.0
2025-07-23 20:00:00,0.0
2025-07-23 21:00:00,0.0
2025-07-23 22:00:00,0.0
2025-07-23 23:00:00,0.0
2025-07-24 00:00:00,0.0
2025-07-24 01:00:00,0.0
2025-07-24 02:00:00,0.0
2025-07-24 03:00:00,0.0
2025-07-24 04:00:00,0.0
2025-07-24 05:00:00,0.0
2025-07-24 06:00:00,0.0
2025-07-24 07:00:00,0.006719999999999999
2025-07-24 08:00:00,0.3984
2025-07-24 09:00:00,0.56171
2025-07-24 10:00:00,0.65895
2025-07-24 11:00:00,0.69637
2025-07-24 12:00:00,0.6748200000000001
2025-07-24 13:00:00,0.58163
2025-07-24 14:00:00,0.5086
2025-07-24 15:00:00,0.34288
2025-07-24 16:00:00,0.15962
2025-07-24 17:00:00,0.012119999999999999
2025-07-24 18:00:00,0.0
2025-07-24 19:00:00,0.0
2025-07-24 20:00:00,0.0
2025-07-24 21:00:00,0.0
2025-07-24 22:00:00,0.0
2025-07-24 23:00:00,0.0
2025-07-25 00:00:00,0.0
2025-07-25 01:00:00,0.0
2025-07-25 02:00:00,0.0
2025-07-25 03:00:00,0.0
2025-07-25 04:00:00,0.0
2025-07-25 05:00:00,0.0
2025-07-25 06:00:00,0.0
2025-07-25 07:00:00,0.00731
2025-07-25 08:00:00,0.17051
2025-07-25 09:00:00,0.46696
2025-07-25 10:00:00,0.55968
2025-07-25 11:00:00,0.5274800000000001
2025-07-25 12:00:00,0.64775
2025-07-25 13:00:00,0.56776
2025-07-25 14:00:00,0.48669999999999997
2025-07-25 15:00:00,0.30006
2025-07-25 16:00:00,0.15425
2025-07-25 17:00:00,0.01941
2025-07-25 18:00:00,0.0
2025-07-25 19:00:00,0.0
2025-07-25 20:00:00,0.0
2025-07-25 21:00:00,0.0
2025-07-25 22:00:00,0.0
2025-07-25 23:00:00,0.0
2025-07-26 00:00:00,0.0
2025-07-26 01:00:00,0.0
2025-07-26 02:00:00,0.0
2025-07-26 03:00:00,0.0
2025-07-26 04:00:00,0.0
2025-07-26 05:00:00,0.0
2025-07-26 06:00:00,0.0
2025-07-26 07:00:00,0.00736
2025-07-26 08:00:00,0.39899
2025-07-26 09:00:00,0.5741
2025-07-26 10:00:00,0.68015
2025-07-26 11:00:00,0.69016
2025-07-26 12:00:00,0.65147
2025-07-26 13:00:00,0.6210800000000001
2025-07-26 14:00:00,0.52919
2025-07-26 15:00:00,0.36206
2025-07-26 16:00:00,0.17499
2025-07-26 17:00:00,0.013179999999999999
2025-07-26 18:00:00,0.0
2025-07-26 19:00:00,0.0
2025-07-26 20:00:00,0.0
2025-07-26 21:00:00,0.0
2025-07-26 22:00:00,0.0
2025-07-26 23:00:00,0.0
2025-07-27 00:00:00,0.0
2025-07-27 01:00:00,0.0
2025-07-27 02:00:00,0.0
2025-07-27 03:00:00,0.0
2025-07-27 04:00:00,0.0
2025-07-27 05:00:00,0.0
2025-07-27 06:00:00,0.0
2025-07-27 07:00:00,0.00848
2025-07-27 08:00:00,0.39548
2025-07-27 09:00:00,0.55863
2025-07-27 10:00:00,0.66208
2025-07-27 11:00:00,0.6849
2025-07-27 12:00:00,0.6451
2025-07-27 13:00:00,0.53124
2025-07-27 14:00:00,0.42587
2025-07-27 15:00:00,0.35408999999999996
2025-07-27 16:00:00,0.12254000000000001
2025-07-27 17:00:00,0.00033
2025-07-27 18:00:00,0.0
2025-07-27 19:00:00,0.0
2025-07-27 20:00:00,0.0
2025-07-27 21:00:00,0.0
2025-07-27 22:00:00,0.0
2025-07-27 23:00:00,0.0
2025-07-28 00:00:00,0.0
2025-07-28 01:00:00,0.0
2025-07-28 02:00:00,0.0
2025-07-28 03:00:00,0.0
2025-07-28 04:00:00,0.0
2025-07-28 05:00:00,0.0
2025-07-28 06:00:00,0.0
2025-07-28 07:00:00,0.00851
2025-07-28 08:00:00,0.40805
2025-07-28 09:00:00,0.56169
2025-07-28 10:00:00,0.67144
2025-07-28 11:00:00,0.7247899999999999
2025-07-28 12:00:00,0.7221900000000001
2025-07-28 13:00:00,0.6346900000000001
2025-07-28 14:00:00,0.50632
2025-07-28 15:00:00,0.35563
2025-07-28 16:00:00,0.1616
2025-07-28 17:00:00,0.01249
2025-07-28 18:00:00,0.0
2025-07-28 19:00:00,0.0
2025-07-28 20:00:00,0.0
2025-07-28 21:00:00,0.0
2025-07-28 22:00:00,0.0
2025-07-28 23:00:00,0.0
2025-07-29 00:00:00,0.0
2025-07-29 01:00:00,0.0
2025-07-29 02:00:00,0.0
2025-07-29 03:00:00,0.0
2025-07-29 04:00:00,0.0
2025-07-29 05:00:00,0.0
2025-07-29 06:00:00,0.0
2025-07-29 07:00:00,0.00851
2025-07-29 08:00:00,0.39779000000000003
2025-07-29 09:00:00,0.57452
2025-07-29 10:00:00,0.6845800000000001
2025-07-29 11:00:00,0.7012
2025-07-29 12:00:00,0.6824199999999999
2025-07-29 13:00:00,0.4456
2025-07-29 14:00:00,0.46988
2025-07-29 15:00:00,0.37318
2025-07-29 16:00:00,0.16745
2025-07-29 17:00:00,0.019489999999999997
2025-07-29 18:00:00,0.0
2025-07-29 19:00:00,0.0
2025-07-29 20:00:00,0.0
2025-07-29 21:00:00,0.0
2025-07-29 22:00:00,0.0
2025-07-29 23:00:00,0.0
2025-07-30 00:00:00,0.0
2025-07-30 01:00:00,0.0
2025-07-30 02:00:00,0.0
2025-07-30 03:00:00,0.0
2025-07-30 04:00:00,0.0
2025-07-30 05:00:00,0.0
2025-07-30 06:00:00,0.0
2025-07-30 07:00:00,0.01236
2025-07-30 08:00:00,0.27605
2025-07-30 09:00:00,0.49298000000000003
2025-07-30 10:00:00,0.47487999999999997
2025-07-30 11:00:00,0.53452
2025-07-30 12:00:00,0.53514
2025-07-30 13:00:00,0.54631
2025-07-30 14:00:00,0.43456
2025-07-30 15:00:00,0.34870999999999996
2025-07-30 16:00:00,0.16802
2025-07-30 17:00:00,0.01916
2025-07-30 18:00:00,0.0
2025-07-30 19:00:00,0.0
2025-07-30 20:00:00,0.0
2025-07-30 21:00:00,0.0
2025-07-30 22:00:00,0.0
2025-07-30 23:00:00,0.0
2025-07-31 00:00:00,0.0
2025-07-31 01:00:00,0.0
2025-07-31 02:00:00,0.0
2025-07-31 03:00:00,0.0
2025-07-31 04:00:00,0.0
2025-07-31 05:00:00,0.0
2025-07-31 06:00:00,0.0
2025-07-31 07:00:00,0.013130000000000001
2025-07-31 08:00:00,0.31303
2025-07-31 09:00:00,0.42264999999999997
2025-07-31 10:00:00,0.55063
2025-07-31 11:00:00,0.7025
2025-07-31 12:00:00,0.69179
2025-07-31 13:00:00,0.61964
2025-07-31 14:00:00,0.52396
2025-07-31 15:00:00,0.38673
2025-07-31 16:00:00,0.18066
2025-07-31 17:00:00,0.015359999999999999
2025-07-31 18:00:00,0.0
2025-07-31 19:00:00,0.0
2025-07-31 20:00:00,0.0
2025-07-31 21:00:00,0.0
2025-07-31 22:00:00,0.0
2025-07-31 23:00:00,0.0
2025-08-01 00:00:00,0.0
2025-08-01 01:00:00,0.0
2025-08-01 02:00:00,0.0
2025-08-01 03:00:00,0.0
2025-08-01 04:00:00,0.0
2025-08-01 05:00:00,0.0
2025-08-01 06:00:00,0.0
2025-08-01 07:00:00,0.011720000000000001
2025-08-01 08:00:00,0.43710000000000004
2025-08-01 09:00:00,0.5644
2025-08-01 10:00:00,0.6642100000000001
2025-08-01 11:00:00,0.70573
2025-08-01 12:00:00,0.7031000000000001
2025-08-01 13:00:00,0.63487
2025-08-01 14:00:00,0.5121
2025-08-01 15:00:00,0.38141
2025-08-01 16:00:00,0.17759
2025-08-01 17:00:00,0.02057
2025-08-01 18:00:00,0.0
2025-08-01 19:00:00,0.0
2025-08-01 20:00:00,0.0
2025-08-01 21:00:00,0.0
2025-08-01 22:00:00,0.0
2025-08-01 23:00:00,0.0
2025-08-02 00:00:00,0.0
2025-08-02 01:00:00,0.0
2025-08-02 02:00:00,0.0
2025-08-02 03:00:00,0.0
2025-08-02 04:00:00,0.0
2025-08-02 05:00:00,0.0
2025-08-02 06:00:00,0.0
2025-08-02 07:00:00,0.15075999999999998
2025-08-02 08:00:00,0.39753
2025-08-02 09:00:00,0.56668
2025-08-02 10:00:00,0.67543
2025-08-02 11:00:00,0.72263
2025-08-02 12:00:00,0.69926
2025-08-02 13:00:00,0.64063
2025-08-02 14:00:00,0.53861
2025-08-02 15:00:00,0.38523
2025-08-02 16:00:00,0.17817
2025-08-02 17:00:00,0.01668
2025-08-02 18:00:00,0.0
2025-08-02 19:00:00,0.0
2025-08-02 20:00:00,0.0
2025-08-02 21:00:00,0.0
2025-08-02 22:00:00,0.0
2025-08-02 23:00:00,0.0
2025-08-03 00:00:00,0.0
2025-08-03 01:00:00,0.0
2025-08-03 02:00:00,0.0
2025-08-03 03:00:00,0.0
2025-08-03 04:00:00,0.0
2025-08-03 05:00:00,0.0
2025-08-03 06:00:00,0.0
2025-08-03 07:00:00,0.16322
2025-08-03 08:00:00,0.40551
2025-08-03 09:00:00,0.5698200000000001
2025-08-03 10:00:00,0.6792100000000001
2025-08-03 11:00:00,0.72594
2025-08-03 12:00:00,0.71324
2025-08-03 13:00:00,0.65392
2025-08-03 14:00:00,0.54963
2025-08-03 15:00:00,0.3891
2025-08-03 16:00:00,0.18027
2025-08-03 17:00:00,0.01714
2025-08-03 18:00:00,0.0
2025-08-03 19:00:00,0.0
2025-08-03 20:00:00,0.0
2025-08-03 21:00:00,0.0
2025-08-03 22:00:00,0.0
2025-08-03 23:00:00,0.0
2025-08-04 00:00:00,0.0
2025-08-04 01:00:00,0.0
2025-08-04 02:00:00,0.0
2025-08-04 03:00:00,0.0
2025-08-04 04:00:00,0.0
2025-08-04 05:00:00,0.0
2025-08-04 06:00:00,0.0
2025-08-04 07:00:00,0.15806
2025-08-04 08:00:00,0.40032999999999996
2025-08-04 09:00:00,0.57414
2025-08-04 10:00:00,0.67608
2025-08-04 11:00:00,0.7216699999999999
2025-08-04 12:00:00,0.71312
2025-08-04 13:00:00,0.6476799999999999
2025-08-04 14:00:00,0.54446
2025-08-04 15:00:00,0.38524
2025-08-04 16:00:00,0.17843
2025-08-04 17:00:00,0.01709
2025-08-04 18:00:00,0.0
2025-08-04 19:00:00,0.0
2025-08-04 20:00:00,0.0
2025-08-04 21:00:00,0.0
2025-08-04 22:00:00,0.0
2025-08-04 23:00:00,0.0
2025-08-05 00:00:00,0.0
2025-08-05 01:00:00,0.0
2025-08-05 02:00:00,0.0
2025-08-05 03:00:00,0.0
2025-08-05 04:00:00,0.0
2025-08-05 05:00:00,0.0
2025-08-05 06:00:00,0.0
2025-08-05 07:00:00,0.16722
2025-08-05 08:00:00,0.4014
2025-08-05 09:00:00,0.5653400000000001
2025-08-05 10:00:00,0.66535
2025-08-05 11:00:00,0.71565
2025-08-05 12:00:00,0.70402
2025-08-05 13:00:00,0.64486
2025-08-05 14:00:00,0.54492
2025-08-05 15:00:00,0.38394
2025-08-05 16:00:00,0.1766
2025-08-05 17:00:00,0.018850000000000002
2025-08-05 18:00:00,0.0
2025-08-05 19:00:00,0.0
2025-08-05 20:00:00,0.0
2025-08-05 21:00:00,0.0
2025-08-05 22:00:00,0.0
2025-08-05 23:00:00,0.0
2025-08-06 00:00:00,0.0
2025-08-06 01:00:00,0.0
2025-08-06 02:00:00,0.0
2025-08-06 03:00:00,0.0
2025-08-06 04:00:00,0.0
2025-08-06 05:00:00,0.0
2025-08-06 06:00:00,0.0
2025-08-06 07:00:00,0.16348
2025-08-06 08:00:00,0.40241000000000005
2025-08-06 09:00:00,0.57962
2025-08-06 10:00:00,0.68575
2025-08-06 11:00:00,0.737
2025-08-06 12:00:00,0.7239500000000001
2025-08-06 13:00:00,0.6596599999999999
2025-08-06 14:00:00,0.5517799999999999
2025-08-06 15:00:00,0.38433999999999996
2025-08-06 16:00:00,0.17762999999999998
2025-08-06 17:00:00,0.01874
2025-08-06 18:00:00,0.0
2025-08-06 19:00:00,0.0
2025-08-06 20:00:00,0.0
2025-08-06 21:00:00,0.0
2025-08-06 22:00:00,0.0
2025-08-06 23:00:00,0.0
2025-08-07 00:00:00,0.0
2025-08-07 01:00:00,0.0
2025-08-07 02:00:00,0.0
2025-08-07 03:00:00,0.0
2025-08-07 04:00:00,0.0
2025-08-07 05:00:00,0.0
2025-08-07 06:00:00,0.0
2025-08-07 07:00:00,0.17363
2025-08-07 08:00:00,0.41387999999999997
2025-08-07 09:00:00,0.58472
2025-08-07 10:00:00,0.69525
2025-08-07 11:00:00,0.75105
2025-08-07 12:00:00,0.73762
2025-08-07 13:00:00,0.66791
2025-08-07 14:00:00,0.55479
2025-08-07 15:00:00,0.38671
2025-08-07 16:00:00,0.17806
2025-08-07 17:00:00,0.01924
2025-08-07 18:00:00,0.0
2025-08-07 19:00:00,0.0
2025-08-07 20:00:00,0.0
2025-08-07 21:00:00,0.0
2025-08-07 22:00:00,0.0
2025-08-07 23:00:00,0.0
2025-08-08 00:00:00,0.0
2025-08-08 01:00:00,0.0
2025-08-08 02:00:00,0.0
2025-08-08 03:00:00,0.0
2025-08-08 04:00:00,0.0
2025-08-08 05:00:00,0.0
2025-08-08 06:00:00,0.0
2025-08-08 07:00:00,0.15663999999999997
2025-08-08 08:00:00,0.40754
2025-08-08 09:00:00,0.5900599999999999
2025-08-08 10:00:00,0.6928799999999999
2025-08-08 11:00:00,0.74499
2025-08-08 12:00:00,0.7051499999999999
2025-08-08 13:00:00,0.6596900000000001
2025-08-08 14:00:00,0.54195
2025-08-08 15:00:00,0.37472000000000005
2025-08-08 16:00:00,0.17181
2025-08-08 17:00:00,0.02683
2025-08-08 18:00:00,0.0
2025-08-08 19:00:00,0.0
2025-08-08 20:00:00,0.0
2025-08-08 21:00:00,0.0
2025-08-08 22:00:00,0.0
2025-08-08 23:00:00,0.0
2025-08-09 00:00:00,0.0
2025-08-09 01:00:00,0.0
2025-08-09 02:00:00,0.0
2025-08-09 03:00:00,0.0
2025-08-09 04:00:00,0.0
2025-08-09 05:00:00,0.0
2025-08-09 06:00:00,0.0
2025-08-09 07:00:00,0.15342
2025-08-09 08:00:00,0.39563
2025-08-09 09:00:00,0.54349
2025-08-09 10:00:00,0.50703
2025-08-09 11:00:00,0.7030299999999999
2025-08-09 12:00:00,0.59565
2025-08-09 13:00:00,0.64586
2025-08-09 14:00:00,0.36035
2025-08-09 15:00:00,0.29994
2025-08-09 16:00:00,0.17131
2025-08-09 17:00:00,0.023399999999999997
2025-08-09 18:00:00,0.0
2025-08-09 19:00:00,0.0
2025-08-09 20:00:00,0.0
2025-08-09 21:00:00,0.0
2025-08-09 22:00:00,0.0
2025-08-09 23:00:00,0.0
2025-08-10 00:00:00,0.0
2025-08-10 01:00:00,0.0
2025-08-10 02:00:00,0.0
2025-08-10 03:00:00,0.0
2025-08-10 04:00:00,0.0
2025-08-10 05:00:00,0.0
2025-08-10 06:00:00,0.0
2025-08-10 07:00:00,0.16278
2025-08-10 08:00:00,0.41417000000000004
2025-08-10 09:00:00,0.59499
2025-08-10 10:00:00,0.6811499999999999
2025-08-10 11:00:00,0.7040299999999999
2025-08-10 12:00:00,0.72645
2025-08-10 13:00:00,0.65474
2025-08-10 14:00:00,0.54363
2025-08-10 15:00:00,0.37195999999999996
2025-08-10 16:00:00,0.16988
2025-08-10 17:00:00,0.0263
2025-08-10 18:00:00,0.0
2025-08-10 19:00:00,0.0
2025-08-10 20:00:00,0.0
2025-08-10 21:00:00,0.0
2025-08-10 22:00:00,0.0
2025-08-10 23:00:00,0.0
2025-08-11 00:00:00,0.0
2025-08-11 01:00:00,0.0
2025-08-11 02:00:00,0.0
2025-08-11 03:00:00,0.0
2025-08-11 04:00:00,0.0
2025-08-11 05:00:00,0.0
2025-08-11 06:00:00,0.0
2025-08-11 07:00:00,0.16868
2025-08-11 08:00:00,0.41264999999999996
2025-08-11 09:00:00,0.58547
2025-08-11 10:00:00,0.69628
2025-08-11 11:00:00,0.74581
2025-08-11 12:00:00,0.73176
2025-08-11 13:00:00,0.66137
2025-08-11 14:00:00,0.54769
2025-08-11 15:00:00,0.37968
2025-08-11 16:00:00,0.1743
2025-08-11 17:00:00,0.02059
2025-08-11 18:00:00,0.0
2025-08-11 19:00:00,0.0
2025-08-11 20:00:00,0.0
2025-08-11 21:00:00,0.0
2025-08-11 22:00:00,0.0
2025-08-11 23:00:00,0.0
2025-08-12 00:00:00,0.0
2025-08-12 01:00:00,0.0
2025-08-12 02:00:00,0.0
2025-08-12 03:00:00,0.0
2025-08-12 04:00:00,0.0
2025-08-12 05:00:00,0.0
2025-08-12 06:00:00,0.0
2025-08-12 07:00:00,0.13626
2025-08-12 08:00:00,0.37419
2025-08-12 09:00:00,0.5600700000000001
2025-08-12 10:00:00,0.6393
2025-08-12 11:00:00,0.64222
2025-08-12 12:00:00,0.6093500000000001
2025-08-12 13:00:00,0.5568
2025-08-12 14:00:00,0.5248400000000001
2025-08-12 15:00:00,0.33344999999999997
2025-08-12 16:00:00,0.16437000000000002
2025-08-12 17:00:00,0.002
2025-08-12 18:00:00,0.0
2025-08-12 19:00:00,0.0
2025-08-12 20:00:00,0.0
2025-08-12 21:00:00,0.0
2025-08-12 22:00:00,0.0
2025-08-12 23:00:00,0.0
2025-08-13 00:00:00,0.0
2025-08-13 01:00:00,0.0
2025-08-13 02:00:00,0.0
2025-08-13 03:00:00,0.0
2025-08-13 04:00:00,0.0
2025-08-13 05:00:00,0.0
2025-08-13 06:00:00,0.0
2025-08-13 07:00:00,0.018
2025-08-13 08:00:00,0.28535000000000005
2025-08-13 09:00:00,0.5503899999999999
2025-08-13 10:00:00,0.54071
2025-08-13 11:00:00,0.3897
2025-08-13 12:00:00,0.38643
2025-08-13 13:00:00,0.35583
2025-08-13 14:00:00,0.31021
2025-08-13 15:00:00,0.09617
2025-08-13 16:00:00,0.08575
2025-08-13 17:00:00,0.025920000000000002
2025-08-13 18:00:00,0.0
2025-08-13 19:00:00,0.0
2025-08-13 20:00:00,0.0
2025-08-13 21:00:00,0.0
2025-08-13 22:00:00,0.0
2025-08-13 23:00:00,0.0
2025-08-14 00:00:00,0.0
2025-08-14 01:00:00,0.0
2025-08-14 02:00:00,0.0
2025-08-14 03:00:00,0.0
2025-08-14 04:00:00,0.0
2025-08-14 05:00:00,0.0
2025-08-14 06:00:00,0.0
2025-08-14 07:00:00,0.03354
2025-08-14 08:00:00,0.30559
2025-08-14 09:00:00,0.25947000000000003
2025-08-14 10:00:00,0.53106
2025-08-14 11:00:00,0.54002
2025-08-14 12:00:00,0.50716
2025-08-14 13:00:00,0.45717
2025-08-14 14:00:00,0.16182
2025-08-14 15:00:00,0.11309000000000001
2025-08-14 16:00:00,0.12203
2025-08-14 17:00:00,0.02813
2025-08-14 18:00:00,0.0
2025-08-14 19:00:00,0.0
2025-08-14 20:00:00,0.0
2025-08-14 21:00:00,0.0
2025-08-14 22:00:00,0.0
2025-08-14 23:00:00,0.0
2025-08-15 00:00:00,0.0
2025-08-15 01:00:00,0.0
2025-08-15 02:00:00,0.0
2025-08-15 03:00:00,0.0
2025-08-15 04:00:00,0.0
2025-08-15 05:00:00,0.0
2025-08-15 06:00:00,0.0
2025-08-15 07:00:00,0.01281
2025-08-15 08:00:00,0.13607
2025-08-15 09:00:00,0.16222
2025-08-15 10:00:00,0.2052
2025-08-15 11:00:00,0.08148000000000001
2025-08-15 12:00:00,0.36748000000000003
2025-08-15 13:00:00,0.47725
2025-08-15 14:00:00,0.42824
2025-08-15 15:00:00,0.3295
2025-08-15 16:00:00,0.16054
2025-08-15 17:00:00,0.02489
2025-08-15 18:00:00,0.0
2025-08-15 19:00:00,0.0
2025-08-15 20:00:00,0.0
2025-08-15 21:00:00,0.0
2025-08-15 22:00:00,0.0
2025-08-15 23:00:00,0.0
2025-08-16 00:00:00,0.0
2025-08-16 01:00:00,0.0
2025-08-16 02:00:00,0.0
2025-08-16 03:00:00,0.0
2025-08-16 04:00:00,0.0
2025-08-16 05:00:00,0.0
2025-08-16 06:00:00,0.0
2025-08-16 07:00:00,0.11112999999999999
2025-08-16 08:00:00,0.27866
2025-08-16 09:00:00,0.46119
2025-08-16 10:00:00,0.3025
2025-08-16 11:00:00,0.44175
2025-08-16 12:00:00,0.44435
2025-08-16 13:00:00,0.40688
2025-08-16 14:00:00,0.36924
2025-08-16 15:00:00,0.24322
2025-08-16 16:00:00,0.14686000000000002
2025-08-16 17:00:00,0.01625
2025-08-16 18:00:00,0.0
2025-08-16 19:00:00,0.0
2025-08-16 20:00:00,0.0
2025-08-16 21:00:00,0.0
2025-08-16 22:00:00,0.0
2025-08-16 23:00:00,0.0
2025-08-17 00:00:00,0.0
2025-08-17 01:00:00,0.0
2025-08-17 02:00:00,0.0
2025-08-17 03:00:00,0.0
2025-08-17 04:00:00,0.0
2025-08-17 05:00:00,0.0
2025-08-17 06:00:00,0.0
2025-08-17 07:00:00,0.05168
2025-08-17 08:00:00,0.28124
2025-08-17 09:00:00,0.57217
2025-08-17 10:00:00,0.6426000000000001
2025-08-17 11:00:00,0.34067000000000003
2025-08-17 12:00:00,0.43917
2025-08-17 13:00:00,0.55226
2025-08-17 14:00:00,0.44812
2025-08-17 15:00:00,0.30093000000000003
2025-08-17 16:00:00,0.04269
2025-08-17 17:00:00,0.020980000000000002
2025-08-17 18:00:00,0.0
2025-08-17 19:00:00,0.0
2025-08-17 20:00:00,0.0
2025-08-17 21:00:00,0.0
2025-08-17 22:00:00,0.0
2025-08-17 23:00:00,0.0
2025-08-18 00:00:00,0.0
2025-08-18 01:00:00,0.0
2025-08-18 02:00:00,0.0
2025-08-18 03:00:00,0.0
2025-08-18 04:00:00,0.0
2025-08-18 05:00:00,0.0
2025-08-18 06:00:00,0.0
2025-08-18 07:00:00,0.19548
2025-08-18 08:00:00,0.42825
2025-08-18 09:00:00,0.60362
2025-08-18 10:00:00,0.68008
2025-08-18 11:00:00,0.63039
2025-08-18 12:00:00,0.51069
2025-08-18 13:00:00,0.5729299999999999
2025-08-18 14:00:00,0.49295999999999995
2025-08-18 15:00:00,0.35469
2025-08-18 16:00:00,0.17387
2025-08-18 17:00:00,0.02198
2025-08-18 18:00:00,0.0
2025-08-18 19:00:00,0.0
2025-08-18 20:00:00,0.0
2025-08-18 21:00:00,0.0
2025-08-18 22:00:00,0.0
2025-08-18 23:00:00,0.0
2025-08-19 00:00:00,0.0
2025-08-19 01:00:00,0.0
2025-08-19 02:00:00,0.0
2025-08-19 03:00:00,0.0
2025-08-19 04:00:00,0.0
2025-08-19 05:00:00,0.0
2025-08-19 06:00:00,0.0
2025-08-19 07:00:00,0.07404000000000001
2025-08-19 08:00:00,0.34011
2025-08-19 09:00:00,0.26944999999999997
2025-08-19 10:00:00,0.56516
2025-08-19 11:00:00,0.16041999999999998
2025-08-19 12:00:00,0.71753
2025-08-19 13:00:00,0.63449
2025-08-19 14:00:00,0.25756999999999997
2025-08-19 15:00:00,0.17658000000000001
2025-08-19 16:00:00,0.15393
2025-08-19 17:00:00,0.01727
2025-08-19 18:00:00,0.0
2025-08-19 19:00:00,0.0
2025-08-19 20:00:00,0.0
2025-08-19 21:00:00,0.0
2025-08-19 22:00:00,0.0
2025-08-19 23:00:00,0.0
2025-08-20 00:00:00,0.0
2025-08-20 01:00:00,0.0
2025-08-20 02:00:00,0.0
2025-08-20 03:00:00,0.0
2025-08-20 04:00:00,0.0
2025-08-20 05:00:00,0.0
2025-08-20 06:00:00,0.0
2025-08-20 07:00:00,0.01149
2025-08-20 08:00:00,0.01743
2025-08-20 09:00:00,0.025
2025-08-20 10:00:00,0.1301
2025-08-20 11:00:00,0.04258
2025-08-20 12:00:00,0.09026999999999999
2025-08-20 13:00:00,0.10654000000000001
2025-08-20 14:00:00,0.11807
2025-08-20 15:00:00,0.08489000000000001
2025-08-20 16:00:00,0.0263
2025-08-20 17:00:00,0.00809
2025-08-20 18:00:00,0.0
2025-08-20 19:00:00,0.0
2025-08-20 20:00:00,0.0
2025-08-20 21:00:00,0.0
2025-08-20 22:00:00,0.0
2025-08-20 23:00:00,0.0
2025-08-21 00:00:00,0.0
2025-08-21 01:00:00,0.0
2025-08-21 02:00:00,0.0
2025-08-21 03:00:00,0.0
2025-08-21 04:00:00,0.0
2025-08-21 05:00:00,0.0
2025-08-21 06:00:00,0.0
2025-08-21 07:00:00,0.06098
2025-08-21 08:00:00,0.26121
2025-08-21 09:00:00,0.60077
2025-08-21 10:00:00,0.69299
2025-08-21 11:00:00,0.75466
2025-08-21 12:00:00,0.53701
2025-08-21 13:00:00,0.41869999999999996
2025-08-21 14:00:00,0.54935
2025-08-21 15:00:00,0.36981
2025-08-21 16:00:00,0.17349
2025-08-21 17:00:00,0.02366
2025-08-21 18:00:00,0.0
2025-08-21 19:00:00,0.0
2025-08-21 20:00:00,0.0
2025-08-21 21:00:00,0.0
2025-08-21 22:00:00,0.0
2025-08-21 23:00:00,0.0
2025-08-22 00:00:00,0.0
2025-08-22 01:00:00,0.0
2025-08-22 02:00:00,0.0
2025-08-22 03:00:00,0.0
2025-08-22 04:00:00,0.0
2025-08-22 05:00:00,0.0
2025-08-22 06:00:00,0.0
2025-08-22 07:00:00,0.22794999999999999
2025-08-22 08:00:00,0.46268
2025-08-22 09:00:00,0.63149
2025-08-22 10:00:00,0.7413500000000001
2025-08-22 11:00:00,0.7850499999999999
2025-08-22 12:00:00,0.76351
2025-08-22 13:00:00,0.6903400000000001
2025-08-22 14:00:00,0.56632
2025-08-22 15:00:00,0.39537
2025-08-22 16:00:00,0.18152000000000001
2025-08-22 17:00:00,0.01766
2025-08-22 18:00:00,0.0
2025-08-22 19:00:00,0.0
2025-08-22 20:00:00,0.0
2025-08-22 21:00:00,0.0
2025-08-22 22:00:00,0.0
2025-08-22 23:00:00,0.0
2025-08-23 00:00:00,0.0
2025-08-23 01:00:00,0.0
2025-08-23 02:00:00,0.0
2025-08-23 03:00:00,0.0
2025-08-23 04:00:00,0.0
2025-08-23 05:00:00,0.0
2025-08-23 06:00:00,0.0
2025-08-23 07:00:00,0.22948
2025-08-23 08:00:00,0.4561
2025-08-23 09:00:00,0.62206
2025-08-23 10:00:00,0.72845
2025-08-23 11:00:00,0.77434
2025-08-23 12:00:00,0.75214
2025-08-23 13:00:00,0.66043
2025-08-23 14:00:00,0.53662
2025-08-23 15:00:00,0.37806
2025-08-23 16:00:00,0.17431
2025-08-23 17:00:00,0.03286
2025-08-23 18:00:00,0.0
2025-08-23 19:00:00,0.0
2025-08-23 20:00:00,0.0
2025-08-23 21:00:00,0.0
2025-08-23 22:00:00,0.0
2025-08-23 23:00:00,0.0
2025-08-24 00:00:00,0.0
2025-08-24 01:00:00,0.0
2025-08-24 02:00:00,0.0
2025-08-24 03:00:00,0.0
2025-08-24 04:00:00,0.0
2025-08-24 05:00:00,0.0
2025-08-24 06:00:00,0.0
2025-08-24 07:00:00,0.20812
2025-08-24 08:00:00,0.38980000000000004
2025-08-24 09:00:00,0.35368
2025-08-24 10:00:00,0.37281
2025-08-24 11:00:00,0.54085
2025-08-24 12:00:00,0.26508
2025-08-24 13:00:00,0.67322
2025-08-24 14:00:00,0.5186900000000001
2025-08-24 15:00:00,0.32463
2025-08-24 16:00:00,0.06415000000000001
2025-08-24 17:00:00,0.00383
2025-08-24 18:00:00,0.0
2025-08-24 19:00:00,0.0
2025-08-24 20:00:00,0.0
2025-08-24 21:00:00,0.0
2025-08-24 22:00:00,0.0
2025-08-24 23:00:00,0.0
2025-08-25 00:00:00,0.0
2025-08-25 01:00:00,0.0
2025-08-25 02:00:00,0.0
2025-08-25 03:00:00,0.0
2025-08-25 04:00:00,0.0
2025-08-25 05:00:00,0.0
2025-08-25 06:00:00,0.0
2025-08-25 07:00:00,0.21183000000000002
2025-08-25 08:00:00,0.44512999999999997
2025-08-25 09:00:00,0.60578
2025-08-25 10:00:00,0.67676
2025-08-25 11:00:00,0.73265
2025-08-25 12:00:00,0.7169800000000001
2025-08-25 13:00:00,0.64136
2025-08-25 14:00:00,0.43794
2025-08-25 15:00:00,0.35472000000000004
2025-08-25 16:00:00,0.1374
2025-08-25 17:00:00,0.00242
2025-08-25 18:00:00,0.0
2025-08-25 19:00:00,0.0
2025-08-25 20:00:00,0.0
2025-08-25 21:00:00,0.0
2025-08-25 22:00:00,0.0
2025-08-25 23:00:00,0.0
2025-08-26 00:00:00,0.0
2025-08-26 01:00:00,0.0
2025-08-26 02:00:00,0.0
2025-08-26 03:00:00,0.0
2025-08-26 04:00:00,0.0
2025-08-26 05:00:00,0.0
2025-08-26 06:00:00,0.0
2025-08-26 07:00:00,0.00164
2025-08-26 08:00:00,0.01899
2025-08-26 09:00:00,0.6409
2025-08-26 10:00:00,0.09425
2025-08-26 11:00:00,0.27247000000000005
2025-08-26 12:00:00,0.11851
2025-08-26 13:00:00,0.09037
2025-08-26 14:00:00,0.10304
2025-08-26 15:00:00,0.19534
2025-08-26 16:00:00,0.02861
2025-08-26 17:00:00,0.00166
2025-08-26 18:00:00,0.0
2025-08-26 19:00:00,0.0
2025-08-26 20:00:00,0.0
2025-08-26 21:00:00,0.0
2025-08-26 22:00:00,0.0
2025-08-26 23:00:00,0.0
2025-08-27 00:00:00,0.0
2025-08-27 01:00:00,0.0
2025-08-27 02:00:00,0.0
2025-08-27 03:00:00,0.0
2025-08-27 04:00:00,0.0
2025-08-27 05:00:00,0.0
2025-08-27 06:00:00,0.0
2025-08-27 07:00:00,0.0037400000000000003
2025-08-27 08:00:00,0.022260000000000002
2025-08-27 09:00:00,0.06661
2025-08-27 10:00:00,0.04491
2025-08-27 11:00:00,0.07926000000000001
2025-08-27 12:00:00,0.24750999999999998
2025-08-27 13:00:00,0.08817
2025-08-27 14:00:00,0.07608
2025-08-27 15:00:00,0.033299999999999996
2025-08-27 16:00:00,0.14942
2025-08-27 17:00:00,0.00217
2025-08-27 18:00:00,0.0
2025-08-27 19:00:00,0.0
2025-08-27 20:00:00,0.0
2025-08-27 21:00:00,0.0
2025-08-27 22:00:00,0.0
2025-08-27 23:00:00,0.0
2025-08-28 00:00:00,0.0
2025-08-28 01:00:00,0.0
2025-08-28 02:00:00,0.0
2025-08-28 03:00:00,0.0
2025-08-28 04:00:00,0.0
2025-08-28 05:00:00,0.0
2025-08-28 06:00:00,0.0
2025-08-28 07:00:00,0.00218
2025-08-28 08:00:00,0.01447
2025-08-28 09:00:00,0.028210000000000002
2025-08-28 10:00:00,0.083
2025-08-28 11:00:00,0.16925
2025-08-28 12:00:00,0.21534
2025-08-28 13:00:00,0.26882999999999996
2025-08-28 14:00:00,0.15738999999999997
2025-08-28 15:00:00,0.06603
2025-08-28 16:00:00,0.03607
2025-08-28 17:00:00,0.00534
2025-08-28 18:00:00,0.0
2025-08-28 19:00:00,0.0
2025-08-28 20:00:00,0.0
2025-08-28 21:00:00,0.0
2025-08-28 22:00:00,0.0
2025-08-28 23:00:00,0.0
2025-08-29 00:00:00,0.0
2025-08-29 01:00:00,0.0
2025-08-29 02:00:00,0.0
2025-08-29 03:00:00,0.0
2025-08-29 04:00:00,0.0
2025-08-29 05:00:00,0.0
2025-08-29 06:00:00,0.0
2025-08-29 07:00:00,0.01034
2025-08-29 08:00:00,0.0143
2025-08-29 09:00:00,0.038450000000000005
2025-08-29 10:00:00,0.11596
2025-08-29 11:00:00,0.26967
2025-08-29 12:00:00,0.16678
2025-08-29 13:00:00,0.10296
2025-08-29 14:00:00,0.07568000000000001
2025-08-29 15:00:00,0.12997999999999998
2025-08-29 16:00:00,0.0174
2025-08-29 17:00:00,0.00209
2025-08-29 18:00:00,0.0
2025-08-29 19:00:00,0.0
2025-08-29 20:00:00,0.0
2025-08-29 21:00:00,0.0
2025-08-29 22:00:00,0.0
2025-08-29 23:00:00,0.0
2025-08-30 00:00:00,0.0
2025-08-30 01:00:00,0.0
2025-08-30 02:00:00,0.0
2025-08-30 03:00:00,0.0
2025-08-30 04:00:00,0.0
2025-08-30 05:00:00,0.0
2025-08-30 06:00:00,0.0
2025-08-30 07:00:00,0.045689999999999995
2025-08-30 08:00:00,0.46232999999999996
2025-08-30 09:00:00,0.6592899999999999
2025-08-30 10:00:00,0.50413
2025-08-30 11:00:00,0.55521
2025-08-30 12:00:00,0.64904
2025-08-30 13:00:00,0.60453
2025-08-30 14:00:00,0.50331
2025-08-30 15:00:00,0.37992000000000004
2025-08-30 16:00:00,0.16511
2025-08-30 17:00:00,0.033100000000000004
2025-08-30 18:00:00,0.0
2025-08-30 19:00:00,0.0
2025-08-30 20:00:00,0.0
2025-08-30 21:00:00,0.0
2025-08-30 22:00:00,0.0
2025-08-30 23:00:00,0.0
2025-08-31 00:00:00,0.0
2025-08-31 01:00:00,0.0
2025-08-31 02:00:00,0.0
2025-08-31 03:00:00,0.0
2025-08-31 04:00:00,0.0
2025-08-31 05:00:00,0.0
2025-08-31 06:00:00,0.0
2025-08-31 07:00:00,0.19135
2025-08-31 08:00:00,0.17819
2025-08-31 09:00:00,0.34094
2025-08-31 10:00:00,0.60795
2025-08-31 11:00:00,0.73246
2025-08-31 12:00:00,0.60768
2025-08-31 13:00:00,0.55935
2025-08-31 14:00:00,0.36411
2025-08-31 15:00:00,0.20792
2025-08-31 16:00:00,0.135
2025-08-31 17:00:00,0.012960000000000001
2025-08-31 18:00:00,0.0
2025-08-31 19:00:00,0.0
2025-08-31 20:00:00,0.0
2025-08-31 21:00:00,0.0
2025-08-31 22:00:00,0.0
2025-08-31 23:00:00,0.0
2025-09-01 00:00:00,0.0
2025-09-01 01:00:00,0.0
2025-09-01 02:00:00,0.0
2025-09-01 03:00:00,0.0
2025-09-01 04:00:00,0.0
2025-09-01 05:00:00,0.0
2025-09-01 06:00:00,0.0
2025-09-01 07:00:00,0.23071
2025-09-01 08:00:00,0.3765
2025-09-01 09:00:00,0.64006
2025-09-01 10:00:00,0.7454700000000001
2025-09-01 11:00:00,0.767
2025-09-01 12:00:00,0.67763
2025-09-01 13:00:00,0.5824
2025-09-01 14:00:00,0.48260000000000003
2025-09-01 15:00:00,0.37016000000000004
2025-09-01 16:00:00,0.17744
2025-09-01 17:00:00,0.03767
2025-09-01 18:00:00,0.0
2025-09-01 19:00:00,0.0
2025-09-01 20:00:00,0.0
2025-09-01 21:00:00,0.0
2025-09-01 22:00:00,0.0
2025-09-01 23:00:00,0.0
2025-09-02 00:00:00,0.0
2025-09-02 01:00:00,0.0
2025-09-02 02:00:00,0.0
2025-09-02 03:00:00,0.0
2025-09-02 04:00:00,0.0
2025-09-02 05:00:00,0.0
2025-09-02 06:00:00,0.0
2025-09-02 07:00:00,0.19988999999999998
2025-09-02 08:00:00,0.36748000000000003
2025-09-02 09:00:00,0.38695
2025-09-02 10:00:00,0.55835
2025-09-02 11:00:00,0.5970700000000001
2025-09-02 12:00:00,0.56577
2025-09-02 13:00:00,0.32475
2025-09-02 14:00:00,0.3215
2025-09-02 15:00:00,0.19802
2025-09-02 16:00:00,0.15047
2025-09-02 17:00:00,0.00342
2025-09-02 18:00:00,0.0
2025-09-02 19:00:00,0.0
2025-09-02 20:00:00,0.0
2025-09-02 21:00:00,0.0
2025-09-02 22:00:00,0.0
2025-09-02 23:00:00,0.0
2025-09-03 00:00:00,0.0
2025-09-03 01:00:00,0.0
2025-09-03 02:00:00,0.0
2025-09-03 03:00:00,0.0
2025-09-03 04:00:00,0.0
2025-09-03 05:00:00,0.0
2025-09-03 06:00:00,0.0
2025-09-03 07:00:00,0.14893
2025-09-03 08:00:00,0.40713
2025-09-03 09:00:00,0.62313
2025-09-03 10:00:00,0.72458
2025-09-03 11:00:00,0.74917
2025-09-03 12:00:00,0.71451
2025-09-03 13:00:00,0.65303
2025-09-03 14:00:00,0.50255
2025-09-03 15:00:00,0.36198
2025-09-03 16:00:00,0.16726
2025-09-03 17:00:00,0.02997
2025-09-03 18:00:00,0.0
2025-09-03 19:00:00,0.0
2025-09-03 20:00:00,0.0
2025-09-03 21:00:00,0.0
2025-09-03 22:00:00,0.0
2025-09-03 23:00:00,0.0
2025-09-04 00:00:00,0.0
2025-09-04 01:00:00,0.0
2025-09-04 02:00:00,0.0
2025-09-04 03:00:00,0.0
2025-09-04 04:00:00,0.0
2025-09-04 05:00:00,0.0
2025-09-04 06:00:00,0.0
2025-09-04 07:00:00,0.20899
2025-09-04 08:00:00,0.44406
2025-09-04 09:00:00,0.60238
2025-09-04 10:00:00,0.68692
2025-09-04 11:00:00,0.69369
2025-09-04 12:00:00,0.69002
2025-09-04 13:00:00,0.5707000000000001
2025-09-04 14:00:00,0.50008
2025-09-04 15:00:00,0.35867
2025-09-04 16:00:00,0.13588
2025-09-04 17:00:00,0.007730000000000001
2025-09-04 18:00:00,0.0
2025-09-04 19:00:00,0.0
2025-09-04 20:00:00,0.0
2025-09-04 21:00:00,0.0
2025-09-04 22:00:00,0.0
2025-09-04 23:00:00,0.0
2025-09-05 00:00:00,0.0
2025-09-05 01:00:00,0.0
2025-09-05 02:00:00,0.0
2025-09-05 03:00:00,0.0
2025-09-05 04:00:00,0.0
2025-09-05 05:00:00,0.0
2025-09-05 06:00:00,0.0
2025-09-05 07:00:00,0.011859999999999999
2025-09-05 08:00:00,0.14158
2025-09-05 09:00:00,0.27082
2025-09-05 10:00:00,0.47284
2025-09-05 11:00:00,0.26680000000000004
2025-09-05 12:00:00,0.08458
2025-09-05 13:00:00,0.5698099999999999
2025-09-05 14:00:00,0.15711000000000003
2025-09-05 15:00:00,0.039659999999999994
2025-09-05 16:00:00,0.02377
2025-09-05 17:00:00,0.002
2025-09-05 18:00:00,0.0
2025-09-05 19:00:00,0.0
2025-09-05 20:00:00,0.0
2025-09-05 21:00:00,0.0
2025-09-05 22:00:00,0.0
2025-09-05 23:00:00,0.0
2025-09-06 00:00:00,0.0
2025-09-06 01:00:00,0.0
2025-09-06 02:00:00,0.0
2025-09-06 03:00:00,0.0
2025-09-06 04:00:00,0.0
2025-09-06 05:00:00,0.0
2025-09-06 06:00:00,0.0
2025-09-06 07:00:00,0.20805
2025-09-06 08:00:00,0.47548
2025-09-06 09:00:00,0.65243
2025-09-06 10:00:00,0.7525
2025-09-06 11:00:00,0.77198
2025-09-06 12:00:00,0.7698200000000001
2025-09-06 13:00:00,0.67137
2025-09-06 14:00:00,0.56143
2025-09-06 15:00:00,0.38502
2025-09-06 16:00:00,0.17615
2025-09-06 17:00:00,0.03735
2025-09-06 18:00:00,0.0
2025-09-06 19:00:00,0.0
2025-09-06 20:00:00,0.0
2025-09-06 21:00:00,0.0
2025-09-06 22:00:00,0.0
2025-09-06 23:00:00,0.0
2025-09-07 00:00:00,0.0
2025-09-07 01:00:00,0.0
2025-09-07 02:00:00,0.0
2025-09-07 03:00:00,0.0
2025-09-07 04:00:00,0.0
2025-09-07 05:00:00,0.0
2025-09-07 06:00:00,0.0
2025-09-07 07:00:00,0.24459
2025-09-07 08:00:00,0.47824
2025-09-07 09:00:00,0.63885
2025-09-07 10:00:00,0.6892699999999999
2025-09-07 11:00:00,0.5512400000000001
2025-09-07 12:00:00,0.52752
2025-09-07 13:00:00,0.30994
2025-09-07 14:00:00,0.26452
2025-09-07 15:00:00,0.29172000000000003
2025-09-07 16:00:00,0.17459
2025-09-07 17:00:00,0.02984
2025-09-07 18:00:00,0.0
2025-09-07 19:00:00,0.0
2025-09-07 20:00:00,0.0
2025-09-07 21:00:00,0.0
2025-09-07 22:00:00,0.0
2025-09-07 23:00:00,0.0
2025-09-08 00:00:00,0.0
2025-09-08 01:00:00,0.0
2025-09-08 02:00:00,0.0
2025-09-08 03:00:00,0.0
2025-09-08 04:00:00,0.0
2025-09-08 05:00:00,0.0
2025-09-08 06:00:00,0.0
2025-09-08 07:00:00,0.24742
2025-09-08 08:00:00,0.4853
2025-09-08 09:00:00,0.65558
2025-09-08 10:00:00,0.77636
2025-09-08 11:00:00,0.79495
2025-09-08 12:00:00,0.7674099999999999
2025-09-08 13:00:00,0.67915
2025-09-08 14:00:00,0.56252
2025-09-08 15:00:00,0.36511
2025-09-08 16:00:00,0.17172
2025-09-08 17:00:00,0.02253
2025-09-08 18:00:00,0.0
2025-09-08 19:00:00,0.0
2025-09-08 20:00:00,0.0
2025-09-08 21:00:00,0.0
2025-09-08 22:00:00,0.0
2025-09-08 23:00:00,0.0
2025-09-09 00:00:00,0.0
2025-09-09 01:00:00,0.0
2025-09-09 02:00:00,0.0
2025-09-09 03:00:00,0.0
2025-09-09 04:00:00,0.0
2025-09-09 05:00:00,0.0
2025-09-09 06:00:00,0.0
2025-09-09 07:00:00,0.24949000000000002
2025-09-09 08:00:00,0.47895
2025-09-09 09:00:00,0.6425700000000001
2025-09-09 10:00:00,0.74776
2025-09-09 11:00:00,0.7772100000000001
2025-09-09 12:00:00,0.75114
2025-09-09 13:00:00,0.68292
2025-09-09 14:00:00,0.50101
2025-09-09 15:00:00,0.34856
2025-09-09 16:00:00,0.16427
2025-09-09 17:00:00,0.00519
2025-09-09 18:00:00,0.0
2025-09-09 19:00:00,0.0
2025-09-09 20:00:00,0.0
2025-09-09 21:00:00,0.0
2025-09-09 22:00:00,0.0
2025-09-09 23:00:00,0.0
2025-09-10 00:00:00,0.0
2025-09-10 01:00:00,0.0
2025-09-10 02:00:00,0.0
2025-09-10 03:00:00,0.0
2025-09-10 04:00:00,0.0
2025-09-10 05:00:00,0.0
2025-09-10 06:00:00,0.0
2025-09-10 07:00:00,0.12455
2025-09-10 08:00:00,0.3788
2025-09-10 09:00:00,0.27424
2025-09-10 10:00:00,0.427
2025-09-10 11:00:00,0.671
2025-09-10 12:00:00,0.61002
2025-09-10 13:00:00,0.34437
2025-09-10 14:00:00,0.27676
2025-09-10 15:00:00,0.32431
2025-09-10 16:00:00,0.05144
2025-09-10 17:00:00,0.00181
2025-09-10 18:00:00,0.0
2025-09-10 19:00:00,0.0
2025-09-10 20:00:00,0.0
2025-09-10 21:00:00,0.0
2025-09-10 22:00:00,0.0
2025-09-10 23:00:00,0.0
2025-09-11 00:00:00,0.0
2025-09-11 01:00:00,0.0
2025-09-11 02:00:00,0.0
2025-09-11 03:00:00,0.0
2025-09-11 04:00:00,0.0
2025-09-11 05:00:00,0.0
2025-09-11 06:00:00,0.0
2025-09-11 07:00:00,0.23429
2025-09-11 08:00:00,0.48169
2025-09-11 09:00:00,0.63928
2025-09-11 10:00:00,0.74263
2025-09-11 11:00:00,0.7834500000000001
2025-09-11 12:00:00,0.75649
2025-09-11 13:00:00,0.69231
2025-09-11 14:00:00,0.56332
2025-09-11 15:00:00,0.39317
2025-09-11 16:00:00,0.17456
2025-09-11 17:00:00,0.037509999999999995
2025-09-11 18:00:00,0.0
2025-09-11 19:00:00,0.0
2025-09-11 20:00:00,0.0
2025-09-11 21:00:00,0.0
2025-09-11 22:00:00,0.0
2025-09-11 23:00:00,0.0
2025-09-12 00:00:00,0.0
2025-09-12 01:00:00,0.0
2025-09-12 02:00:00,0.0
2025-09-12 03:00:00,0.0
2025-09-12 04:00:00,0.0
2025-09-12 05:00:00,0.0
2025-09-12 06:00:00,0.0
2025-09-12 07:00:00,0.25124
2025-09-12 08:00:00,0.49636
2025-09-12 09:00:00,0.6585
2025-09-12 10:00:00,0.75925
2025-09-12 11:00:00,0.7946799999999999
2025-09-12 12:00:00,0.76834
2025-09-12 13:00:00,0.70399
2025-09-12 14:00:00,0.57094
2025-09-12 15:00:00,0.39709
2025-09-12 16:00:00,0.17503
2025-09-12 17:00:00,0.04034
2025-09-12 18:00:00,0.0
2025-09-12 19:00:00,0.0
2025-09-12 20:00:00,0.0
2025-09-12 21:00:00,0.0
2025-09-12 22:00:00,0.0
2025-09-12 23:00:00,0.0
2025-09-13 00:00:00,0.0
2025-09-13 01:00:00,0.0
2025-09-13 02:00:00,0.0
2025-09-13 03:00:00,0.0
2025-09-13 04:00:00,0.0
2025-09-13 05:00:00,0.0
2025-09-13 06:00:00,0.0
2025-09-13 07:00:00,0.25221
2025-09-13 08:00:00,0.48564999999999997
2025-09-13 09:00:00,0.6542899999999999
2025-09-13 10:00:00,0.75295
2025-09-13 11:00:00,0.7946
2025-09-13 12:00:00,0.76876
2025-09-13 13:00:00,0.6969
2025-09-13 14:00:00,0.5589
2025-09-13 15:00:00,0.38379
2025-09-13 16:00:00,0.17011
2025-09-13 17:00:00,0.04271
2025-09-13 18:00:00,0.0
2025-09-13 19:00:00,0.0
2025-09-13 20:00:00,0.0
2025-09-13 21:00:00,0.0
2025-09-13 22:00:00,0.0
2025-09-13 23:00:00,0.0
2025-09-14 00:00:00,0.0
2025-09-14 01:00:00,0.0
2025-09-14 02:00:00,0.0
2025-09-14 03:00:00,0.0
2025-09-14 04:00:00,0.0
2025-09-14 05:00:00,0.0
2025-09-14 06:00:00,0.0
2025-09-14 07:00:00,0.21741999999999997
2025-09-14 08:00:00,0.43315
2025-09-14 09:00:00,0.32941000000000004
2025-09-14 10:00:00,0.60061
2025-09-14 11:00:00,0.73768
2025-09-14 12:00:00,0.56229
2025-09-14 13:00:00,0.32169
2025-09-14 14:00:00,0.11542
2025-09-14 15:00:00,0.08592
2025-09-14 16:00:00,0.01968
2025-09-14 17:00:00,0.0023
2025-09-14 18:00:00,0.0
2025-09-14 19:00:00,0.0
2025-09-14 20:00:00,0.0
2025-09-14 21:00:00,0.0
2025-09-14 22:00:00,0.0
2025-09-14 23:00:00,0.0
2025-09-15 00:00:00,0.0
2025-09-15 01:00:00,0.0
2025-09-15 02:00:00,0.0
2025-09-15 03:00:00,0.0
2025-09-15 04:00:00,0.0
2025-09-15 05:00:00,0.0
2025-09-15 06:00:00,0.0
2025-09-15 07:00:00,0.03074
2025-09-15 08:00:00,0.5026700000000001
2025-09-15 09:00:00,0.5499400000000001
2025-09-15 10:00:00,0.30985
2025-09-15 11:00:00,0.68832
2025-09-15 12:00:00,0.72317
2025-09-15 13:00:00,0.68308
2025-09-15 14:00:00,0.56132
2025-09-15 15:00:00,0.38618
2025-09-15 16:00:00,0.17064
2025-09-15 17:00:00,0.04213
2025-09-15 18:00:00,0.0
2025-09-15 19:00:00,0.0
2025-09-15 20:00:00,0.0
2025-09-15 21:00:00,0.0
2025-09-15 22:00:00,0.0
2025-09-15 23:00:00,0.0
2025-09-16 00:00:00,0.0
2025-09-16 01:00:00,0.0
2025-09-16 02:00:00,0.0
2025-09-16 03:00:00,0.0
2025-09-16 04:00:00,0.0
2025-09-16 05:00:00,0.0
2025-09-16 06:00:00,0.0
2025-09-16 07:00:00,0.051609999999999996
2025-09-16 08:00:00,0.15882
2025-09-16 09:00:00,0.65349
2025-09-16 10:00:00,0.68563
2025-09-16 11:00:00,0.41029000000000004
2025-09-16 12:00:00,0.29170999999999997
2025-09-16 13:00:00,0.38188
2025-09-16 14:00:00,0.52085
2025-09-16 15:00:00,0.38275
2025-09-16 16:00:00,0.17115
2025-09-16 17:00:00,0.045
2025-09-16 18:00:00,0.0
2025-09-16 19:00:00,0.0
2025-09-16 20:00:00,0.0
2025-09-16 21:00:00,0.0
2025-09-16 22:00:00,0.0
2025-09-16 23:00:00,0.0
2025-09-17 00:00:00,0.0
2025-09-17 01:00:00,0.0
2025-09-17 02:00:00,0.0
2025-09-17 03:00:00,0.0
2025-09-17 04:00:00,0.0
2025-09-17 05:00:00,0.0
2025-09-17 06:00:00,0.0
2025-09-17 07:00:00,0.26785000000000003
2025-09-17 08:00:00,0.50329
2025-09-17 09:00:00,0.6547000000000001
2025-09-17 10:00:00,0.73817
2025-09-17 11:00:00,0.76962
2025-09-17 12:00:00,0.71877
2025-09-17 13:00:00,0.6305700000000001
2025-09-17 14:00:00,0.50173
2025-09-17 15:00:00,0.35956
2025-09-17 16:00:00,0.16509000000000001
2025-09-17 17:00:00,0.03911
2025-09-17 18:00:00,0.0
2025-09-17 19:00:00,0.0
2025-09-17 20:00:00,0.0
2025-09-17 21:00:00,0.0
2025-09-17 22:00:00,0.0
2025-09-17 23:00:00,0.0
2025-09-18 00:00:00,0.0
2025-09-18 01:00:00,0.0
2025-09-18 02:00:00,0.0
2025-09-18 03:00:00,0.0
2025-09-18 04:00:00,0.0
2025-09-18 05:00:00,0.0
2025-09-18 06:00:00,0.0
2025-09-18 07:00:00,0.26087
2025-09-18 08:00:00,0.48867
2025-09-18 09:00:00,0.64298
2025-09-18 10:00:00,0.7247
2025-09-18 11:00:00,0.7679900000000001
2025-09-18 12:00:00,0.74773
2025-09-18 13:00:00,0.6693
2025-09-18 14:00:00,0.53453
2025-09-18 15:00:00,0.36652999999999997
2025-09-18 16:00:00,0.16302
2025-09-18 17:00:00,0.03546
2025-09-18 18:00:00,0.0
2025-09-18 19:00:00,0.0
2025-09-18 20:00:00,0.0
2025-09-18 21:00:00,0.0
2025-09-18 22:00:00,0.0
2025-09-18 23:00:00,0.0
2025-09-19 00:00:00,0.0
2025-09-19 01:00:00,0.0
2025-09-19 02:00:00,0.0
2025-09-19 03:00:00,0.0
2025-09-19 04:00:00,0.0
2025-09-19 05:00:00,0.0
2025-09-19 06:00:00,0.0
2025-09-19 07:00:00,0.27344
2025-09-19 08:00:00,0.48804000000000003
2025-09-19 09:00:00,0.63325
2025-09-19 10:00:00,0.70674
2025-09-19 11:00:00,0.71287
2025-09-19 12:00:00,0.71451
2025-09-19 13:00:00,0.66022
2025-09-19 14:00:00,0.53547
2025-09-19 15:00:00,0.36961
2025-09-19 16:00:00,0.1633
2025-09-19 17:00:00,0.04181
2025-09-19 18:00:00,0.0
2025-09-19 19:00:00,0.0
2025-09-19 20:00:00,0.0
2025-09-19 21:00:00,0.0
2025-09-19 22:00:00,0.0
2025-09-19 23:00:00,0.0
2025-09-20 00:00:00,0.0
2025-09-20 01:00:00,0.0
2025-09-20 02:00:00,0.0
2025-09-20 03:00:00,0.0
2025-09-20 04:00:00,0.0
2025-09-20 05:00:00,0.0
2025-09-20 06:00:00,0.0
2025-09-20 07:00:00,0.28495
2025-09-20 08:00:00,0.5065
2025-09-20 09:00:00,0.65027
2025-09-20 10:00:00,0.72436
2025-09-20 11:00:00,0.74733
2025-09-20 12:00:00,0.71548
2025-09-20 13:00:00,0.6499400000000001
2025-09-20 14:00:00,0.53104
2025-09-20 15:00:00,0.35943
2025-09-20 16:00:00,0.16423
2025-09-20 17:00:00,0.044109999999999996
2025-09-20 18:00:00,0.0
2025-09-20 19:00:00,0.0
2025-09-20 20:00:00,0.0
2025-09-20 21:00:00,0.0
2025-09-20 22:00:00,0.0
2025-09-20 23:00:00,0.0
2025-09-21 00:00:00,0.0
2025-09-21 01:00:00,0.0
2025-09-21 02:00:00,0.0
2025-09-21 03:00:00,0.0
2025-09-21 04:00:00,0.0
2025-09-21 05:00:00,0.0
2025-09-21 06:00:00,0.0
2025-09-21 07:00:00,0.26972
2025-09-21 08:00:00,0.5075299999999999
2025-09-21 09:00:00,0.65334
2025-09-21 10:00:00,0.73454
2025-09-21 11:00:00,0.76786
2025-09-21 12:00:00,0.73575
2025-09-21 13:00:00,0.6592100000000001
2025-09-21 14:00:00,0.52398
2025-09-21 15:00:00,0.35797
2025-09-21 16:00:00,0.16187
2025-09-21 17:00:00,0.04536
2025-09-21 18:00:00,0.0
2025-09-21 19:00:00,0.0
2025-09-21 20:00:00,0.0
2025-09-21 21:00:00,0.0
2025-09-21 22:00:00,0.0
2025-09-21 23:00:00,0.0
2025-09-22 00:00:00,0.0
2025-09-22 01:00:00,0.0
2025-09-22 02:00:00,0.0
2025-09-22 03:00:00,0.0
2025-09-22 04:00:00,0.0
2025-09-22 05:00:00,0.0
2025-09-22 06:00:00,0.0
2025-09-22 07:00:00,0.27691000000000004
2025-09-22 08:00:00,0.5141
2025-09-22 09:00:00,0.6646299999999999
2025-09-22 10:00:00,0.73742
2025-09-22 11:00:00,0.76908
2025-09-22 12:00:00,0.7404
2025-09-22 13:00:00,0.6514099999999999
2025-09-22 14:00:00,0.52181
2025-09-22 15:00:00,0.3521
2025-09-22 16:00:00,0.16184
2025-09-22 17:00:00,0.00889
2025-09-22 18:00:00,0.0
2025-09-22 19:00:00,0.0
2025-09-22 20:00:00,0.0
2025-09-22 21:00:00,0.0
2025-09-22 22:00:00,0.0
2025-09-22 23:00:00,0.0
2025-09-23 00:00:00,0.0
2025-09-23 01:00:00,0.0
2025-09-23 02:00:00,0.0
2025-09-23 03:00:00,0.0
2025-09-23 04:00:00,0.0
2025-09-23 05:00:00,0.0
2025-09-23 06:00:00,0.0
2025-09-23 07:00:00,0.27392
2025-09-23 08:00:00,0.48807999999999996
2025-09-23 09:00:00,0.63185
2025-09-23 10:00:00,0.69328
2025-09-23 11:00:00,0.72116
2025-09-23 12:00:00,0.70777
2025-09-23 13:00:00,0.6010700000000001
2025-09-23 14:00:00,0.41761000000000004
2025-09-23 15:00:00,0.20878
2025-09-23 16:00:00,0.12472
2025-09-23 17:00:00,0.046630000000000005
2025-09-23 18:00:00,0.0
2025-09-23 19:00:00,0.0
2025-09-23 20:00:00,0.0
2025-09-23 21:00:00,0.0
2025-09-23 22:00:00,0.0
2025-09-23 23:00:00,0.0
2025-09-24 00:00:00,0.0
2025-09-24 01:00:00,0.0
2025-09-24 02:00:00,0.0
2025-09-24 03:00:00,0.0
2025-09-24 04:00:00,0.0
2025-09-24 05:00:00,0.0
2025-09-24 06:00:00,0.0
2025-09-24 07:00:00,0.27974
2025-09-24 08:00:00,0.49731000000000003
2025-09-24 09:00:00,0.6433300000000001
2025-09-24 10:00:00,0.7173200000000001
2025-09-24 11:00:00,0.74795
2025-09-24 12:00:00,0.72133
2025-09-24 13:00:00,0.6476000000000001
2025-09-24 14:00:00,0.5225
2025-09-24 15:00:00,0.35701
2025-09-24 16:00:00,0.15766999999999998
2025-09-24 17:00:00,0.00257
2025-09-24 18:00:00,0.0
2025-09-24 19:00:00,0.0
2025-09-24 20:00:00,0.0
2025-09-24 21:00:00,0.0
2025-09-24 22:00:00,0.0
2025-09-24 23:00:00,0.0
2025-09-25 00:00:00,0.0
2025-09-25 01:00:00,0.0
2025-09-25 02:00:00,0.0
2025-09-25 03:00:00,0.0
2025-09-25 04:00:00,0.0
2025-09-25 05:00:00,0.0
2025-09-25 06:00:00,0.0006
2025-09-25 07:00:00,0.28198
2025-09-25 08:00:00,0.49824
2025-09-25 09:00:00,0.63448
2025-09-25 10:00:00,0.70813
2025-09-25 11:00:00,0.72741
2025-09-25 12:00:00,0.70382
2025-09-25 13:00:00,0.5678099999999999
2025-09-25 14:00:00,0.43006
2025-09-25 15:00:00,0.34734
2025-09-25 16:00:00,0.11657
2025-09-25 17:00:00,0.0039900000000000005
2025-09-25 18:00:00,0.0
2025-09-25 19:00:00,0.0
2025-09-25 20:00:00,0.0
2025-09-25 21:00:00,0.0
2025-09-25 22:00:00,0.0
2025-09-25 23:00:00,0.0
2025-09-26 00:00:00,0.0
2025-09-26 01:00:00,0.0
2025-09-26 02:00:00,0.0
2025-09-26 03:00:00,0.0
2025-09-26 04:00:00,0.0
2025-09-26 05:00:00,0.0
2025-09-26 06:00:00,0.0
2025-09-26 07:00:00,0.07869
2025-09-26 08:00:00,0.49017
2025-09-26 09:00:00,0.6545
2025-09-26 10:00:00,0.72087
2025-09-26 11:00:00,0.74627
2025-09-26 12:00:00,0.7114299999999999
2025-09-26 13:00:00,0.63189
2025-09-26 14:00:00,0.5149199999999999
2025-09-26 15:00:00,0.26763
2025-09-26 16:00:00,0.15761
2025-09-26 17:00:00,0.00257
2025-09-26 18:00:00,0.0
2025-09-26 19:00:00,0.0
2025-09-26 20:00:00,0.0
2025-09-26 21:00:00,0.0
2025-09-26 22:00:00,0.0
2025-09-26 23:00:00,0.0
2025-09-27 00:00:00,0.0
2025-09-27 01:00:00,0.0
2025-09-27 02:00:00,0.0
2025-09-27 03:00:00,0.0
2025-09-27 04:00:00,0.0
2025-09-27 05:00:00,0.0
2025-09-27 06:00:00,0.0006
2025-09-27 07:00:00,0.23696
2025-09-27 08:00:00,0.01988
2025-09-27 09:00:00,0.28119
2025-09-27 10:00:00,0.35257
2025-09-27 11:00:00,0.35155000000000003
2025-09-27 12:00:00,0.19968
2025-09-27 13:00:00,0.08155
2025-09-27 14:00:00,0.13334000000000001
2025-09-27 15:00:00,0.02846
2025-09-27 16:00:00,0.01507
2025-09-27 17:00:00,0.00263
2025-09-27 18:00:00,0.0
2025-09-27 19:00:00,0.0
2025-09-27 20:00:00,0.0
2025-09-27 21:00:00,0.0
2025-09-27 22:00:00,0.0
2025-09-27 23:00:00,0.0
2025-09-28 00:00:00,0.0
2025-09-28 01:00:00,0.0
2025-09-28 02:00:00,0.0
2025-09-28 03:00:00,0.0
2025-09-28 04:00:00,0.0
2025-09-28 05:00:00,0.0
2025-09-28 06:00:00,0.0
2025-09-28 07:00:00,0.08031
2025-09-28 08:00:00,0.055130000000000005
2025-09-28 09:00:00,0.21284
2025-09-28 10:00:00,0.31975
2025-09-28 11:00:00,0.32564
2025-09-28 12:00:00,0.36451
2025-09-28 13:00:00,0.42695
2025-09-28 14:00:00,0.40317000000000003
2025-09-28 15:00:00,0.35531999999999997
2025-09-28 16:00:00,0.17007
2025-09-28 17:00:00,0.03714
2025-09-28 18:00:00,0.0
2025-09-28 19:00:00,0.0
2025-09-28 20:00:00,0.0
2025-09-28 21:00:00,0.0
2025-09-28 22:00:00,0.0
2025-09-28 23:00:00,0.0
2025-09-29 00:00:00,0.0
2025-09-29 01:00:00,0.0
2025-09-29 02:00:00,0.0
2025-09-29 03:00:00,0.0
2025-09-29 04:00:00,0.0
2025-09-29 05:00:00,0.0
2025-09-29 06:00:00,0.0
2025-09-29 07:00:00,0.07744
2025-09-29 08:00:00,0.10206
2025-09-29 09:00:00,0.10592
2025-09-29 10:00:00,0.21721000000000001
2025-09-29 11:00:00,0.09512999999999999
2025-09-29 12:00:00,0.48901
2025-09-29 13:00:00,0.61425
2025-09-29 14:00:00,0.46218
2025-09-29 15:00:00,0.34501
2025-09-29 16:00:00,0.16469
2025-09-29 17:00:00,0.03386
2025-09-29 18:00:00,0.0
2025-09-29 19:00:00,0.0
2025-09-29 20:00:00,0.0
2025-09-29 21:00:00,0.0
2025-09-29 22:00:00,0.0
2025-09-29 23:00:00,0.0
2025-09-30 00:00:00,0.0
2025-09-30 01:00:00,0.0
2025-09-30 02:00:00,0.0
2025-09-30 03:00:00,0.0
2025-09-30 04:00:00,0.0
2025-09-30 05:00:00,0.0
2025-09-30 06:00:00,0.00029
2025-09-30 07:00:00,0.1162
2025-09-30 08:00:00,0.40829000000000004
2025-09-30 09:00:00,0.31218
2025-09-30 10:00:00,0.31781
2025-09-30 11:00:00,0.35124
2025-09-30 12:00:00,0.64658
2025-09-30 13:00:00,0.63339
2025-09-30 14:00:00,0.5135700000000001
2025-09-30 15:00:00,0.33676999999999996
2025-09-30 16:00:00,0.16205
2025-09-30 17:00:00,0.02788
2025-09-30 18:00:00,0.0
2025-09-30 19:00:00,0.0
2025-09-30 20:00:00,0.0
2025-09-30 21:00:00,0.0
2025-09-30 22:00:00,0.0
2025-09-30 23:00:00,0.0
2025-10-01 00:00:00,0.0
2025-10-01 01:00:00,0.0
2025-10-01 02:00:00,0.0
2025-10-01 03:00:00,0.0
2025-10-01 04:00:00,0.0
2025-10-01 05:00:00,0.0
2025-10-01 06:00:00,0.0
2025-10-01 07:00:00,0.00817
2025-10-01 08:00:00,0.05595
2025-10-01 09:00:00,0.06185
2025-10-01 10:00:00,0.28474
2025-10-01 11:00:00,0.38192000000000004
2025-10-01 12:00:00,0.19704
2025-10-01 13:00:00,0.15621000000000002
2025-10-01 14:00:00,0.10851000000000001
2025-10-01 15:00:00,0.05137
2025-10-01 16:00:00,0.0842
2025-10-01 17:00:00,0.01307
2025-10-01 18:00:00,0.0
2025-10-01 19:00:00,0.0
2025-10-01 20:00:00,0.0
2025-10-01 21:00:00,0.0
2025-10-01 22:00:00,0.0
2025-10-01 23:00:00,0.0
2025-10-02 00:00:00,0.0
2025-10-02 01:00:00,0.0
2025-10-02 02:00:00,0.0
2025-10-02 03:00:00,0.0
2025-10-02 04:00:00,0.0
2025-10-02 05:00:00,0.0
2025-10-02 06:00:00,0.00102
2025-10-02 07:00:00,0.04955
2025-10-02 08:00:00,0.09165999999999999
2025-10-02 09:00:00,0.35394
2025-10-02 10:00:00,0.20869
2025-10-02 11:00:00,0.37587
2025-10-02 12:00:00,0.39150999999999997
2025-10-02 13:00:00,0.6169199999999999
2025-10-02 14:00:00,0.40938
2025-10-02 15:00:00,0.03585
2025-10-02 16:00:00,0.16166999999999998
2025-10-02 17:00:00,0.0032400000000000003
2025-10-02 18:00:00,0.0
2025-10-02 19:00:00,0.0
2025-10-02 20:00:00,0.0
2025-10-02 21:00:00,0.0
2025-10-02 22:00:00,0.0
2025-10-02 23:00:00,0.0
2025-10-03 00:00:00,0.0
2025-10-03 01:00:00,0.0
2025-10-03 02:00:00,0.0
2025-10-03 03:00:00,0.0
2025-10-03 04:00:00,0.0
2025-10-03 05:00:00,0.0
2025-10-03 06:00:00,0.00488
2025-10-03 07:00:00,0.19301
2025-10-03 08:00:00,0.4337
2025-10-03 09:00:00,0.6098899999999999
2025-10-03 10:00:00,0.56151
2025-10-03 11:00:00,0.6007100000000001
2025-10-03 12:00:00,0.67563
2025-10-03 13:00:00,0.5495099999999999
2025-10-03 14:00:00,0.51815
2025-10-03 15:00:00,0.33962
2025-10-03 16:00:00,0.16233
2025-10-03 17:00:00,0.00795
2025-10-03 18:00:00,0.0
2025-10-03 19:00:00,0.0
2025-10-03 20:00:00,0.0
2025-10-03 21:00:00,0.0
2025-10-03 22:00:00,0.0
2025-10-03 23:00:00,0.0
2025-10-04 00:00:00,0.0
2025-10-04 01:00:00,0.0
2025-10-04 02:00:00,0.0
2025-10-04 03:00:00,0.0
2025-10-04 04:00:00,0.0
2025-10-04 05:00:00,0.0
2025-10-04 06:00:00,0.007730000000000001
2025-10-04 07:00:00,0.2871
2025-10-04 08:00:00,0.5227999999999999
2025-10-04 09:00:00,0.63147
2025-10-04 10:00:00,0.5613400000000001
2025-10-04 11:00:00,0.41069
2025-10-04 12:00:00,0.50745
2025-10-04 13:00:00,0.55551
2025-10-04 14:00:00,0.25895
2025-10-04 15:00:00,0.20955000000000001
2025-10-04 16:00:00,0.04028
2025-10-04 17:00:00,0.00313
2025-10-04 18:00:00,0.0
2025-10-04 19:00:00,0.0
2025-10-04 20:00:00,0.0
2025-10-04 21:00:00,0.0
2025-10-04 22:00:00,0.0
2025-10-04 23:00:00,0.0
2025-10-05 00:00:00,0.0
2025-10-05 01:00:00,0.0
2025-10-05 02:00:00,0.0
2025-10-05 03:00:00,0.0
2025-10-05 04:00:00,0.0
2025-10-05 05:00:00,0.0
2025-10-05 06:00:00,0.005900000000000001
2025-10-05 07:00:00,0.02754
2025-10-05 08:00:00,0.30219999999999997
2025-10-05 09:00:00,0.64115
2025-10-05 10:00:00,0.6880599999999999
2025-10-05 11:00:00,0.75901
2025-10-05 12:00:00,0.5938300000000001
2025-10-05 13:00:00,0.51828
2025-10-05 14:00:00,0.12951
2025-10-05 15:00:00,0.27602
2025-10-05 16:00:00,0.02595
2025-10-05 17:00:00,0.00313
2025-10-05 18:00:00,0.0
2025-10-05 19:00:00,0.0
2025-10-05 20:00:00,0.0
2025-10-05 21:00:00,0.0
2025-10-05 22:00:00,0.0
2025-10-05 23:00:00,0.0
2025-10-06 00:00:00,0.0
2025-10-06 01:00:00,0.0
2025-10-06 02:00:00,0.0
2025-10-06 03:00:00,0.0
2025-10-06 04:00:00,0.0
2025-10-06 05:00:00,0.0
2025-10-06 06:00:00,0.00026000000000000003
2025-10-06 07:00:00,0.16813
2025-10-06 08:00:00,0.35037999999999997
2025-10-06 09:00:00,0.11711
2025-10-06 10:00:00,0.34446
2025-10-06 11:00:00,0.71775
2025-10-06 12:00:00,0.63202
2025-10-06 13:00:00,0.6005900000000001
2025-10-06 14:00:00,0.46553
2025-10-06 15:00:00,0.33867
2025-10-06 16:00:00,0.15715
2025-10-06 17:00:00,0.04942
2025-10-06 18:00:00,0.0
2025-10-06 19:00:00,0.0
2025-10-06 20:00:00,0.0
2025-10-06 21:00:00,0.0
2025-10-06 22:00:00,0.0
2025-10-06 23:00:00,0.0
2025-10-07 00:00:00,0.0
2025-10-07 01:00:00,0.0
2025-10-07 02:00:00,0.0
2025-10-07 03:00:00,0.0
2025-10-07 04:00:00,0.0
2025-10-07 05:00:00,0.0
2025-10-07 06:00:00,0.02445
2025-10-07 07:00:00,0.20206
2025-10-07 08:00:00,0.46947000000000005
2025-10-07 09:00:00,0.6146900000000001
2025-10-07 10:00:00,0.55749
2025-10-07 11:00:00,0.62314
2025-10-07 12:00:00,0.63482
2025-10-07 13:00:00,0.34895
2025-10-07 14:00:00,0.04213
2025-10-07 15:00:00,0.16126
2025-10-07 16:00:00,0.01661
2025-10-07 17:00:00,0.00319
2025-10-07 18:00:00,0.0
2025-10-07 19:00:00,0.0
2025-10-07 20:00:00,0.0
2025-10-07 21:00:00,0.0
2025-10-07 22:00:00,0.0
2025-10-07 23:00:00,0.0
2025-10-08 00:00:00,0.0
2025-10-08 01:00:00,0.0
2025-10-08 02:00:00,0.0
2025-10-08 03:00:00,0.0
2025-10-08 04:00:00,0.0
2025-10-08 05:00:00,0.0
2025-10-08 06:00:00,0.00252
2025-10-08 07:00:00,0.011779999999999999
2025-10-08 08:00:00,0.07962999999999999
2025-10-08 09:00:00,0.18874000000000002
2025-10-08 10:00:00,0.42483
2025-10-08 11:00:00,0.5964700000000001
2025-10-08 12:00:00,0.25298
2025-10-08 13:00:00,0.41349
2025-10-08 14:00:00,0.32568
2025-10-08 15:00:00,0.10905
2025-10-08 16:00:00,0.11486
2025-10-08 17:00:00,0.038079999999999996
2025-10-08 18:00:00,0.0
2025-10-08 19:00:00,0.0
2025-10-08 20:00:00,0.0
2025-10-08 21:00:00,0.0
2025-10-08 22:00:00,0.0
2025-10-08 23:00:00,0.0
2025-10-09 00:00:00,0.0
2025-10-09 01:00:00,0.0
2025-10-09 02:00:00,0.0
2025-10-09 03:00:00,0.0
2025-10-09 04:00:00,0.0
2025-10-09 05:00:00,0.0
2025-10-09 06:00:00,0.00515
2025-10-09 07:00:00,0.02983
2025-10-09 08:00:00,0.1163
2025-10-09 09:00:00,0.50241
2025-10-09 10:00:00,0.6884199999999999
2025-10-09 11:00:00,0.67592
2025-10-09 12:00:00,0.34224
2025-10-09 13:00:00,0.16659000000000002
2025-10-09 14:00:00,0.34819
2025-10-09 15:00:00,0.30923
2025-10-09 16:00:00,0.11261
2025-10-09 17:00:00,0.00323
2025-10-09 18:00:00,0.0
2025-10-09 19:00:00,0.0
2025-10-09 20:00:00,0.0
2025-10-09 21:00:00,0.0
2025-10-09 22:00:00,0.0
2025-10-09 23:00:00,0.0
2025-10-10 00:00:00,0.0
2025-10-10 01:00:00,0.0
2025-10-10 02:00:00,0.0
2025-10-10 03:00:00,0.0
2025-10-10 04:00:00,0.0
2025-10-10 05:00:00,0.0
2025-10-10 06:00:00,0.08836
2025-10-10 07:00:00,0.36802999999999997
2025-10-10 08:00:00,0.5812200000000001
2025-10-10 09:00:00,0.72112
2025-10-10 10:00:00,0.7797000000000001
2025-10-10 11:00:00,0.75821
2025-10-10 12:00:00,0.74818
2025-10-10 13:00:00,0.64295
2025-10-10 14:00:00,0.50228
2025-10-10 15:00:00,0.34357
2025-10-10 16:00:00,0.16316
2025-10-10 17:00:00,0.0493
2025-10-10 18:00:00,0.0
2025-10-10 19:00:00,0.0
2025-10-10 20:00:00,0.0
2025-10-10 21:00:00,0.0
2025-10-10 22:00:00,0.0
2025-10-10 23:00:00,0.0
2025-10-11 00:00:00,0.0
2025-10-11 01:00:00,0.0
2025-10-11 02:00:00,0.0
2025-10-11 03:00:00,0.0
2025-10-11 04:00:00,0.0
2025-10-11 05:00:00,0.0
2025-10-11 06:00:00,0.09476000000000001
2025-10-11 07:00:00,0.36852999999999997
2025-10-11 08:00:00,0.58202
2025-10-11 09:00:00,0.72334
2025-10-11 10:00:00,0.79113
2025-10-11 11:00:00,0.80464
2025-10-11 12:00:00,0.7757999999999999
2025-10-11 13:00:00,0.69065
2025-10-11 14:00:00,0.54818
2025-10-11 15:00:00,0.3634
2025-10-11 16:00:00,0.15931
2025-10-11 17:00:00,0.04485
2025-10-11 18:00:00,0.0
2025-10-11 19:00:00,0.0
2025-10-11 20:00:00,0.0
2025-10-11 21:00:00,0.0
2025-10-11 22:00:00,0.0
2025-10-11 23:00:00,0.0
2025-10-12 00:00:00,0.0
2025-10-12 01:00:00,0.0
2025-10-12 02:00:00,0.0
2025-10-12 03:00:00,0.0
2025-10-12 04:00:00,0.0
2025-10-12 05:00:00,0.0
2025-10-12 06:00:00,0.015130000000000001
2025-10-12 07:00:00,0.2016
2025-10-12 08:00:00,0.46029000000000003
2025-10-12 09:00:00,0.37813
2025-10-12 10:00:00,0.47981999999999997
2025-10-12 11:00:00,0.63159
2025-10-12 12:00:00,0.42673
2025-10-12 13:00:00,0.32206999999999997
2025-10-12 14:00:00,0.34485000000000005
2025-10-12 15:00:00,0.04557
2025-10-12 16:00:00,0.01736
2025-10-12 17:00:00,0.004690000000000001
2025-10-12 18:00:00,0.0
2025-10-12 19:00:00,0.0
2025-10-12 20:00:00,0.0
2025-10-12 21:00:00,0.0
2025-10-12 22:00:00,0.0
2025-10-12 23:00:00,0.0
2025-10-13 00:00:00,0.0
2025-10-13 01:00:00,0.0
2025-10-13 02:00:00,0.0
2025-10-13 03:00:00,0.0
2025-10-13 04:00:00,0.0
2025-10-13 05:00:00,0.0
2025-10-13 06:00:00,0.02818
2025-10-13 07:00:00,0.14784
2025-10-13 08:00:00,0.22506
2025-10-13 09:00:00,0.6135700000000001
2025-10-13 10:00:00,0.50125
2025-10-13 11:00:00,0.64449
2025-10-13 12:00:00,0.50506
2025-10-13 13:00:00,0.44549
2025-10-13 14:00:00,0.34883
2025-10-13 15:00:00,0.20187
2025-10-13 16:00:00,0.16709000000000002
2025-10-13 17:00:00,0.00431
2025-10-13 18:00:00,0.0
2025-10-13 19:00:00,0.0
2025-10-13 20:00:00,0.0
2025-10-13 21:00:00,0.0
2025-10-13 22:00:00,0.0
2025-10-13 23:00:00,0.0
2025-10-14 00:00:00,0.0
2025-10-14 01:00:00,0.0
2025-10-14 02:00:00,0.0
2025-10-14 03:00:00,0.0
2025-10-14 04:00:00,0.0
2025-10-14 05:00:00,0.0
2025-10-14 06:00:00,0.039009999999999996
2025-10-14 07:00:00,0.0247
2025-10-14 08:00:00,0.18459
2025-10-14 09:00:00,0.20229
2025-10-14 10:00:00,0.30327
2025-10-14 11:00:00,0.34116
2025-10-14 12:00:00,0.56037
2025-10-14 13:00:00,0.40135000000000004
2025-10-14 14:00:00,0.28913
2025-10-14 15:00:00,0.168
2025-10-14 16:00:00,0.10206
2025-10-14 17:00:00,0.01581
2025-10-14 18:00:00,0.0
2025-10-14 19:00:00,0.0
2025-10-14 20:00:00,0.0
2025-10-14 21:00:00,0.0
2025-10-14 22:00:00,0.0
2025-10-14 23:00:00,0.0
2025-10-15 00:00:00,0.0
2025-10-15 01:00:00,0.0
2025-10-15 02:00:00,0.0
2025-10-15 03:00:00,0.0
2025-10-15 04:00:00,0.0
2025-10-15 05:00:00,0.0
2025-10-15 06:00:00,0.019899999999999998
2025-10-15 07:00:00,0.13882
2025-10-15 08:00:00,0.52399
2025-10-15 09:00:00,0.5797
2025-10-15 10:00:00,0.66979
2025-10-15 11:00:00,0.55937
2025-10-15 12:00:00,0.50996
2025-10-15 13:00:00,0.58547
2025-10-15 14:00:00,0.4532
2025-10-15 15:00:00,0.32543
2025-10-15 16:00:00,0.16224
2025-10-15 17:00:00,0.04722
2025-10-15 18:00:00,0.0
2025-10-15 19:00:00,0.0
2025-10-15 20:00:00,0.0
2025-10-15 21:00:00,0.0
2025-10-15 22:00:00,0.0
2025-10-15 23:00:00,0.0
2025-10-16 00:00:00,0.0
2025-10-16 01:00:00,0.0
2025-10-16 02:00:00,0.0
2025-10-16 03:00:00,0.0
2025-10-16 04:00:00,0.0
2025-10-16 05:00:00,0.0
2025-10-16 06:00:00,0.04929
2025-10-16 07:00:00,0.28126
2025-10-16 08:00:00,0.56698
2025-10-16 09:00:00,0.7057899999999999
2025-10-16 10:00:00,0.76854
2025-10-16 11:00:00,0.77675
2025-10-16 12:00:00,0.71546
2025-10-16 13:00:00,0.6355700000000001
2025-10-16 14:00:00,0.46768
2025-10-16 15:00:00,0.08949
2025-10-16 16:00:00,0.019780000000000002
2025-10-16 17:00:00,0.00415
2025-10-16 18:00:00,0.0
2025-10-16 19:00:00,0.0
2025-10-16 20:00:00,0.0
2025-10-16 21:00:00,0.0
2025-10-16 22:00:00,0.0
2025-10-16 23:00:00,0.0
2025-10-17 00:00:00,0.0
2025-10-17 01:00:00,0.0
2025-10-17 02:00:00,0.0
2025-10-17 03:00:00,0.0
2025-10-17 04:00:00,0.0
2025-10-17 05:00:00,0.0
2025-10-17 06:00:00,0.00574
2025-10-17 07:00:00,0.07402
2025-10-17 08:00:00,0.11721
2025-10-17 09:00:00,0.6047100000000001
2025-10-17 10:00:00,0.47416
2025-10-17 11:00:00,0.50229
2025-10-17 12:00:00,0.66225
2025-10-17 13:00:00,0.55835
2025-10-17 14:00:00,0.49369
2025-10-17 15:00:00,0.1628
2025-10-17 16:00:00,0.028489999999999998
2025-10-17 17:00:00,0.05864
2025-10-17 18:00:00,0.0
2025-10-17 19:00:00,0.0
2025-10-17 20:00:00,0.0
2025-10-17 21:00:00,0.0
2025-10-17 22:00:00,0.0
2025-10-17 23:00:00,0.0
2025-10-18 00:00:00,0.0
2025-10-18 01:00:00,0.0
2025-10-18 02:00:00,0.0
2025-10-18 03:00:00,0.0
2025-10-18 04:00:00,0.0
2025-10-18 05:00:00,0.0
2025-10-18 06:00:00,0.026269999999999998
2025-10-18 07:00:00,0.35431
2025-10-18 08:00:00,0.55422
2025-10-18 09:00:00,0.67941
2025-10-18 10:00:00,0.74111
2025-10-18 11:00:00,0.74629
2025-10-18 12:00:00,0.7251799999999999
2025-10-18 13:00:00,0.63113
2025-10-18 14:00:00,0.44958
2025-10-18 15:00:00,0.25289
2025-10-18 16:00:00,0.15863999999999998
2025-10-18 17:00:00,0.046009999999999995
2025-10-18 18:00:00,0.0
2025-10-18 19:00:00,0.0
2025-10-18 20:00:00,0.0
2025-10-18 21:00:00,0.0
2025-10-18 22:00:00,0.0
2025-10-18 23:00:00,0.0
2025-10-19 00:00:00,0.0
2025-10-19 01:00:00,0.0
2025-10-19 02:00:00,0.0
2025-10-19 03:00:00,0.0
2025-10-19 04:00:00,0.0
2025-10-19 05:00:00,0.0
2025-10-19 06:00:00,0.09679
2025-10-19 07:00:00,0.34701
2025-10-19 08:00:00,0.52203
2025-10-19 09:00:00,0.33359
2025-10-19 10:00:00,0.7163999999999999
2025-10-19 11:00:00,0.6745599999999999
2025-10-19 12:00:00,0.67489
2025-10-19 13:00:00,0.5611900000000001
2025-10-19 14:00:00,0.39367
2025-10-19 15:00:00,0.26850999999999997
2025-10-19 16:00:00,0.06906
2025-10-19 17:00:00,0.00428
2025-10-19 18:00:00,0.0
2025-10-19 19:00:00,0.0
2025-10-19 20:00:00,0.0
2025-10-19 21:00:00,0.0
2025-10-19 22:00:00,0.0
2025-10-19 23:00:00,0.0
2025-10-20 00:00:00,0.0
2025-10-20 01:00:00,0.0
2025-10-20 02:00:00,0.0
2025-10-20 03:00:00,0.0
2025-10-20 04:00:00,0.0
2025-10-20 05:00:00,0.0
2025-10-20 06:00:00,0.04457
2025-10-20 07:00:00,0.16584000000000002
2025-10-20 08:00:00,0.31564
2025-10-20 09:00:00,0.38703
2025-10-20 10:00:00,0.22474
2025-10-20 11:00:00,0.20037
2025-10-20 12:00:00,0.21184
2025-10-20 13:00:00,0.15425
2025-10-20 14:00:00,0.181
2025-10-20 15:00:00,0.21642
2025-10-20 16:00:00,0.16208
2025-10-20 17:00:00,0.00431
2025-10-20 18:00:00,0.0
2025-10-20 19:00:00,0.0
2025-10-20 20:00:00,0.0
2025-10-20 21:00:00,0.0
2025-10-20 22:00:00,0.0
2025-10-20 23:00:00,0.0
2025-10-21 00:00:00,0.0
2025-10-21 01:00:00,0.0
2025-10-21 02:00:00,0.0
2025-10-21 03:00:00,0.0
2025-10-21 04:00:00,0.0
2025-10-21 05:00:00,0.0
2025-10-21 06:00:00,0.047630000000000006
2025-10-21 07:00:00,0.04864
2025-10-21 08:00:00,0.33232
2025-10-21 09:00:00,0.45919
2025-10-21 10:00:00,0.59401
2025-10-21 11:00:00,0.6683
2025-10-21 12:00:00,0.6531
2025-10-21 13:00:00,0.57024
2025-10-21 14:00:00,0.45422
2025-10-21 15:00:00,0.34584
2025-10-21 16:00:00,0.14414
2025-10-21 17:00:00,0.062490000000000004
2025-10-21 18:00:00,0.0
2025-10-21 19:00:00,0.0
2025-10-21 20:00:00,0.0
2025-10-21 21:00:00,0.0
2025-10-21 22:00:00,0.0
2025-10-21 23:00:00,0.0
2025-10-22 00:00:00,0.0
2025-10-22 01:00:00,0.0
2025-10-22 02:00:00,0.0
2025-10-22 03:00:00,0.0
2025-10-22 04:00:00,0.0
2025-10-22 05:00:00,0.0
2025-10-22 06:00:00,0.08438
2025-10-22 07:00:00,0.27619
2025-10-22 08:00:00,0.39133
2025-10-22 09:00:00,0.63225
2025-10-22 10:00:00,0.7041799999999999
2025-10-22 11:00:00,0.78015
2025-10-22 12:00:00,0.7484
2025-10-22 13:00:00,0.6658
2025-10-22 14:00:00,0.52915
2025-10-22 15:00:00,0.35224
2025-10-22 16:00:00,0.13922
2025-10-22 17:00:00,0.04439
2025-10-22 18:00:00,0.0
2025-10-22 19:00:00,0.0
2025-10-22 20:00:00,0.0
2025-10-22 21:00:00,0.0
2025-10-22 22:00:00,0.0
2025-10-22 23:00:00,0.0
2025-10-23 00:00:00,0.0
2025-10-23 01:00:00,0.0
2025-10-23 02:00:00,0.0
2025-10-23 03:00:00,0.0
2025-10-23 04:00:00,0.0
2025-10-23 05:00:00,0.0
2025-10-23 06:00:00,0.11758
2025-10-23 07:00:00,0.37938
2025-10-23 08:00:00,0.556
2025-10-23 09:00:00,0.69272
2025-10-23 10:00:00,0.72275
2025-10-23 11:00:00,0.7698400000000001
2025-10-23 12:00:00,0.74112
2025-10-23 13:00:00,0.6825800000000001
2025-10-23 14:00:00,0.54315
2025-10-23 15:00:00,0.35775999999999997
2025-10-23 16:00:00,0.14096
2025-10-23 17:00:00,0.05126
2025-10-23 18:00:00,0.0
2025-10-23 19:00:00,0.0
2025-10-23 20:00:00,0.0
2025-10-23 21:00:00,0.0
2025-10-23 22:00:00,0.0
2025-10-23 23:00:00,0.0
2025-10-24 00:00:00,0.0
2025-10-24 01:00:00,0.0
2025-10-24 02:00:00,0.0
2025-10-24 03:00:00,0.0
2025-10-24 04:00:00,0.0
2025-10-24 05:00:00,0.0
2025-10-24 06:00:00,0.11748
2025-10-24 07:00:00,0.25017
2025-10-24 08:00:00,0.54416
2025-10-24 09:00:00,0.68967
2025-10-24 10:00:00,0.7547999999999999
2025-10-24 11:00:00,0.7805700000000001
2025-10-24 12:00:00,0.61629
2025-10-24 13:00:00,0.59868
2025-10-24 14:00:00,0.47714999999999996
2025-10-24 15:00:00,0.30493000000000003
2025-10-24 16:00:00,0.16547
2025-10-24 17:00:00,0.05258
2025-10-24 18:00:00,0.0
2025-10-24 19:00:00,0.0
2025-10-24 20:00:00,0.0
2025-10-24 21:00:00,0.0
2025-10-24 22:00:00,0.0
2025-10-24 23:00:00,0.0
2025-10-25 00:00:00,0.0
2025-10-25 01:00:00,0.0
2025-10-25 02:00:00,0.0
2025-10-25 03:00:00,0.0
2025-10-25 04:00:00,0.0
2025-10-25 05:00:00,0.0
2025-10-25 06:00:00,0.00157
2025-10-25 07:00:00,0.032740000000000005
2025-10-25 08:00:00,0.23888
2025-10-25 09:00:00,0.41212
2025-10-25 10:00:00,0.6864600000000001
2025-10-25 11:00:00,0.43818
2025-10-25 12:00:00,0.5461900000000001
2025-10-25 13:00:00,0.61538
2025-10-25 14:00:00,0.35224
2025-10-25 15:00:00,0.30692
2025-10-25 16:00:00,0.13583
2025-10-25 17:00:00,0.02555
2025-10-25 18:00:00,0.0
2025-10-25 19:00:00,0.0
2025-10-25 20:00:00,0.0
2025-10-25 21:00:00,0.0
2025-10-25 22:00:00,0.0
2025-10-25 23:00:00,0.0
2025-10-26 00:00:00,0.0
2025-10-26 01:00:00,0.0
2025-10-26 02:00:00,0.0
2025-10-26 03:00:00,0.0
2025-10-26 04:00:00,0.0
2025-10-26 05:00:00,0.0
2025-10-26 06:00:00,0.02826
2025-10-26 07:00:00,0.03357
2025-10-26 08:00:00,0.45174000000000003
2025-10-26 09:00:00,0.45272
2025-10-26 10:00:00,0.54606
2025-10-26 11:00:00,0.52076
2025-10-26 12:00:00,0.58175
2025-10-26 13:00:00,0.48527
2025-10-26 14:00:00,0.20022
2025-10-26 15:00:00,0.33237
2025-10-26 16:00:00,0.06925
2025-10-26 17:00:00,0.0047599999999999995
2025-10-26 18:00:00,0.0
2025-10-26 19:00:00,0.0
2025-10-26 20:00:00,0.0
2025-10-26 21:00:00,0.0
2025-10-26 22:00:00,0.0
2025-10-26 23:00:00,0.0
2025-10-27 00:00:00,0.0
2025-10-27 01:00:00,0.0
2025-10-27 02:00:00,0.0
2025-10-27 03:00:00,0.0
2025-10-27 04:00:00,0.0
2025-10-27 05:00:00,0.0
2025-10-27 06:00:00,0.035
2025-10-27 07:00:00,0.30211
2025-10-27 08:00:00,0.22225999999999999
2025-10-27 09:00:00,0.43322000000000005
2025-10-27 10:00:00,0.46946
2025-10-27 11:00:00,0.40059
2025-10-27 12:00:00,0.5185299999999999
2025-10-27 13:00:00,0.46368
2025-10-27 14:00:00,0.16603
2025-10-27 15:00:00,0.31216000000000005
2025-10-27 16:00:00,0.15772999999999998
2025-10-27 17:00:00,0.01095
2025-10-27 18:00:00,0.0
2025-10-27 19:00:00,0.0
2025-10-27 20:00:00,0.0
2025-10-27 21:00:00,0.0
2025-10-27 22:00:00,0.0
2025-10-27 23:00:00,0.0
2025-10-28 00:00:00,0.0
2025-10-28 01:00:00,0.0
2025-10-28 02:00:00,0.0
2025-10-28 03:00:00,0.0
2025-10-28 04:00:00,0.0
2025-10-28 05:00:00,0.0
2025-10-28 06:00:00,0.03791
2025-10-28 07:00:00,0.04187
2025-10-28 08:00:00,0.40962
2025-10-28 09:00:00,0.27896
2025-10-28 10:00:00,0.10228
2025-10-28 11:00:00,0.25918
2025-10-28 12:00:00,0.14515
2025-10-28 13:00:00,0.1235
2025-10-28 14:00:00,0.1149
2025-10-28 15:00:00,0.30018
2025-10-28 16:00:00,0.17058
2025-10-28 17:00:00,0.0047599999999999995
2025-10-28 18:00:00,0.0
2025-10-28 19:00:00,0.0
2025-10-28 20:00:00,0.0
2025-10-28 21:00:00,0.0
2025-10-28 22:00:00,0.0
2025-10-28 23:00:00,0.0
2025-10-29 00:00:00,0.0
2025-10-29 01:00:00,0.0
2025-10-29 02:00:00,0.0
2025-10-29 03:00:00,0.0
2025-10-29 04:00:00,0.0
2025-10-29 05:00:00,0.0
2025-10-29 06:00:00,0.03853
2025-10-29 07:00:00,0.024739999999999998
2025-10-29 08:00:00,0.08213
2025-10-29 09:00:00,0.25593
2025-10-29 10:00:00,0.36493000000000003
2025-10-29 11:00:00,0.22111
2025-10-29 12:00:00,0.32491000000000003
2025-10-29 13:00:00,0.25023
2025-10-29 14:00:00,0.06326
2025-10-29 15:00:00,0.032740000000000005
2025-10-29 16:00:00,0.047740000000000005
2025-10-29 17:00:00,0.00691
2025-10-29 18:00:00,0.0
2025-10-29 19:00:00,0.0
2025-10-29 20:00:00,0.0
2025-10-29 21:00:00,0.0
2025-10-29 22:00:00,0.0
2025-10-29 23:00:00,0.0
2025-10-30 00:00:00,0.0
2025-10-30 01:00:00,0.0
2025-10-30 02:00:00,0.0
2025-10-30 03:00:00,0.0
2025-10-30 04:00:00,0.0
2025-10-30 05:00:00,0.0
2025-10-30 06:00:00,0.030019999999999998
2025-10-30 07:00:00,0.13753
2025-10-30 08:00:00,0.17396999999999999
2025-10-30 09:00:00,0.20084
2025-10-30 10:00:00,0.3805
2025-10-30 11:00:00,0.55964
2025-10-30 12:00:00,0.54557
2025-10-30 13:00:00,0.60423
2025-10-30 14:00:00,0.48815
2025-10-30 15:00:00,0.31113999999999997
2025-10-30 16:00:00,0.01856
2025-10-30 17:00:00,0.005730000000000001
2025-10-30 18:00:00,0.0
2025-10-30 19:00:00,0.0
2025-10-30 20:00:00,0.0
2025-10-30 21:00:00,0.0
2025-10-30 22:00:00,0.0
2025-10-30 23:00:00,0.0
2025-10-31 00:00:00,0.0
2025-10-31 01:00:00,0.0
2025-10-31 02:00:00,0.0
2025-10-31 03:00:00,0.0
2025-10-31 04:00:00,0.0
2025-10-31 05:00:00,0.0
2025-10-31 06:00:00,0.11874
2025-10-31 07:00:00,0.13028
2025-10-31 08:00:00,0.26544999999999996
2025-10-31 09:00:00,0.60829
2025-10-31 10:00:00,0.64266
2025-10-31 11:00:00,0.7436900000000001
2025-10-31 12:00:00,0.69859
2025-10-31 13:00:00,0.45692
2025-10-31 14:00:00,0.35486
2025-10-31 15:00:00,0.03357
2025-10-31 16:00:00,0.046990000000000004
2025-10-31 17:00:00,0.02956
2025-10-31 18:00:00,0.0
2025-10-31 19:00:00,0.0
2025-10-31 20:00:00,0.0
2025-10-31 21:00:00,0.0
2025-10-31 22:00:00,0.0
2025-10-31 23:00:00,0.0
2025-11-01 00:00:00,0.0
2025-11-01 01:00:00,0.0
2025-11-01 02:00:00,0.0
2025-11-01 03:00:00,0.0
2025-11-01 04:00:00,0.0
2025-11-01 05:00:00,0.0
2025-11-01 06:00:00,0.042
2025-11-01 07:00:00,0.10274
2025-11-01 08:00:00,0.27118000000000003
2025-11-01 09:00:00,0.37016000000000004
2025-11-01 10:00:00,0.46997000000000005
2025-11-01 11:00:00,0.60175
2025-11-01 12:00:00,0.44389
2025-11-01 13:00:00,0.63905
2025-11-01 14:00:00,0.39573
2025-11-01 15:00:00,0.31661
2025-11-01 16:00:00,0.16302
2025-11-01 17:00:00,0.06494
2025-11-01 18:00:00,0.0
2025-11-01 19:00:00,0.0
2025-11-01 20:00:00,0.0
2025-11-01 21:00:00,0.0
2025-11-01 22:00:00,0.0
2025-11-01 23:00:00,0.0
2025-11-02 00:00:00,0.0
2025-11-02 01:00:00,0.0
2025-11-02 02:00:00,0.0
2025-11-02 03:00:00,0.0
2025-11-02 04:00:00,0.0
2025-11-02 05:00:00,0.0
2025-11-02 06:00:00,0.0025800000000000003
2025-11-02 07:00:00,0.13572
2025-11-02 08:00:00,0.19859000000000002
2025-11-02 09:00:00,0.51788
2025-11-02 10:00:00,0.59848
2025-11-02 11:00:00,0.78213
2025-11-02 12:00:00,0.53689
2025-11-02 13:00:00,0.55721
2025-11-02 14:00:00,0.23365
2025-11-02 15:00:00,0.32116
2025-11-02 16:00:00,0.17105
2025-11-02 17:00:00,0.061509999999999995
2025-11-02 18:00:00,0.0
2025-11-02 19:00:00,0.0
2025-11-02 20:00:00,0.0
2025-11-02 21:00:00,0.0
2025-11-02 22:00:00,0.0
2025-11-02 23:00:00,0.0
2025-11-03 00:00:00,0.0
2025-11-03 01:00:00,0.0
2025-11-03 02:00:00,0.0
2025-11-03 03:00:00,0.0
2025-11-03 04:00:00,0.0
2025-11-03 05:00:00,0.0
2025-11-03 06:00:00,0.046439999999999995
2025-11-03 07:00:00,0.15752000000000002
2025-11-03 08:00:00,0.14177
2025-11-03 09:00:00,0.20815
2025-11-03 10:00:00,0.1221
2025-11-03 11:00:00,0.28574
2025-11-03 12:00:00,0.54638
2025-11-03 13:00:00,0.63548
2025-11-03 14:00:00,0.31933
2025-11-03 15:00:00,0.15328
2025-11-03 16:00:00,0.17172
2025-11-03 17:00:00,0.01205
2025-11-03 18:00:00,0.0
2025-11-03 19:00:00,0.0
2025-11-03 20:00:00,0.0
2025-11-03 21:00:00,0.0
2025-11-03 22:00:00,0.0
2025-11-03 23:00:00,0.0
2025-11-04 00:00:00,0.0
2025-11-04 01:00:00,0.0
2025-11-04 02:00:00,0.0
2025-11-04 03:00:00,0.0
2025-11-04 04:00:00,0.0
2025-11-04 05:00:00,0.0
2025-11-04 06:00:00,0.1352
2025-11-04 07:00:00,0.03572
2025-11-04 08:00:00,0.033460000000000004
2025-11-04 09:00:00,0.07236
2025-11-04 10:00:00,0.35422000000000003
2025-11-04 11:00:00,0.39186
2025-11-04 12:00:00,0.67368
2025-11-04 13:00:00,0.34393
2025-11-04 14:00:00,0.29295
2025-11-04 15:00:00,0.34929000000000004
2025-11-04 16:00:00,0.14943
2025-11-04 17:00:00,0.04976
2025-11-04 18:00:00,0.0
2025-11-04 19:00:00,0.0
2025-11-04 20:00:00,0.0
2025-11-04 21:00:00,0.0
2025-11-04 22:00:00,0.0
2025-11-04 23:00:00,0.0
2025-11-05 00:00:00,0.0
2025-11-05 01:00:00,0.0
2025-11-05 02:00:00,0.0
2025-11-05 03:00:00,0.0
2025-11-05 04:00:00,0.0
2025-11-05 05:00:00,0.0
2025-11-05 06:00:00,0.16582
2025-11-05 07:00:00,0.40672
2025-11-05 08:00:00,0.60127
2025-11-05 09:00:00,0.7317899999999999
2025-11-05 10:00:00,0.79674
2025-11-05 11:00:00,0.82928
2025-11-05 12:00:00,0.79091
2025-11-05 13:00:00,0.70578
2025-11-05 14:00:00,0.56486
2025-11-05 15:00:00,0.37316000000000005
2025-11-05 16:00:00,0.13862
2025-11-05 17:00:00,0.040850000000000004
2025-11-05 18:00:00,0.0
2025-11-05 19:00:00,0.0
2025-11-05 20:00:00,0.0
2025-11-05 21:00:00,0.0
2025-11-05 22:00:00,0.0
2025-11-05 23:00:00,0.0
2025-11-06 00:00:00,0.0
2025-11-06 01:00:00,0.0
2025-11-06 02:00:00,0.0
2025-11-06 03:00:00,0.0
2025-11-06 04:00:00,0.0
2025-11-06 05:00:00,0.0
2025-11-06 06:00:00,0.16498
2025-11-06 07:00:00,0.40893999999999997
2025-11-06 08:00:00,0.5954400000000001
2025-11-06 09:00:00,0.72593
2025-11-06 10:00:00,0.78937
2025-11-06 11:00:00,0.81432
2025-11-06 12:00:00,0.77803
2025-11-06 13:00:00,0.6923400000000001
2025-11-06 14:00:00,0.55208
2025-11-06 15:00:00,0.36461
2025-11-06 16:00:00,0.13851
2025-11-06 17:00:00,0.07232999999999999
2025-11-06 18:00:00,0.0
2025-11-06 19:00:00,0.0
2025-11-06 20:00:00,0.0
2025-11-06 21:00:00,0.0
2025-11-06 22:00:00,0.0
2025-11-06 23:00:00,0.0
2025-11-07 00:00:00,0.0
2025-11-07 01:00:00,0.0
2025-11-07 02:00:00,0.0
2025-11-07 03:00:00,0.0
2025-11-07 04:00:00,0.0
2025-11-07 05:00:00,0.0
2025-11-07 06:00:00,0.15553
2025-11-07 07:00:00,0.39674
2025-11-07 08:00:00,0.58299
2025-11-07 09:00:00,0.70678
2025-11-07 10:00:00,0.76382
2025-11-07 11:00:00,0.79364
2025-11-07 12:00:00,0.76005
2025-11-07 13:00:00,0.6768099999999999
2025-11-07 14:00:00,0.5290499999999999
2025-11-07 15:00:00,0.35427
2025-11-07 16:00:00,0.15768000000000001
2025-11-07 17:00:00,0.06154
2025-11-07 18:00:00,0.0
2025-11-07 19:00:00,0.0
2025-11-07 20:00:00,0.0
2025-11-07 21:00:00,0.0
2025-11-07 22:00:00,0.0
2025-11-07 23:00:00,0.0
2025-11-08 00:00:00,0.0
2025-11-08 01:00:00,0.0
2025-11-08 02:00:00,0.0
2025-11-08 03:00:00,0.0
2025-11-08 04:00:00,0.0
2025-11-08 05:00:00,0.0
2025-11-08 06:00:00,0.162
2025-11-08 07:00:00,0.39809
2025-11-08 08:00:00,0.58897
2025-11-08 09:00:00,0.7175499999999999
2025-11-08 10:00:00,0.77863
2025-11-08 11:00:00,0.80299
2025-11-08 12:00:00,0.764
2025-11-08 13:00:00,0.67744
2025-11-08 14:00:00,0.54047
2025-11-08 15:00:00,0.35752999999999996
2025-11-08 16:00:00,0.1366
2025-11-08 17:00:00,0.04623
2025-11-08 18:00:00,0.0
2025-11-08 19:00:00,0.0
2025-11-08 20:00:00,0.0
2025-11-08 21:00:00,0.0
2025-11-08 22:00:00,0.0
2025-11-08 23:00:00,0.0
2025-11-09 00:00:00,0.0
2025-11-09 01:00:00,0.0
2025-11-09 02:00:00,0.0
2025-11-09 03:00:00,0.0
2025-11-09 04:00:00,0.0
2025-11-09 05:00:00,0.0
2025-11-09 06:00:00,0.14883000000000002
2025-11-09 07:00:00,0.38509
2025-11-09 08:00:00,0.5689299999999999
2025-11-09 09:00:00,0.69812
2025-11-09 10:00:00,0.7667
2025-11-09 11:00:00,0.78234
2025-11-09 12:00:00,0.7451599999999999
2025-11-09 13:00:00,0.6538099999999999
2025-11-09 14:00:00,0.52067
2025-11-09 15:00:00,0.34306
2025-11-09 16:00:00,0.17392
2025-11-09 17:00:00,0.047490000000000004
2025-11-09 18:00:00,0.0
2025-11-09 19:00:00,0.0
2025-11-09 20:00:00,0.0
2025-11-09 21:00:00,0.0
2025-11-09 22:00:00,0.0
2025-11-09 23:00:00,0.0
2025-11-10 00:00:00,0.0
2025-11-10 01:00:00,0.0
2025-11-10 02:00:00,0.0
2025-11-10 03:00:00,0.0
2025-11-10 04:00:00,0.0
2025-11-10 05:00:00,0.0
2025-11-10 06:00:00,0.03756
2025-11-10 07:00:00,0.34508
2025-11-10 08:00:00,0.54526
2025-11-10 09:00:00,0.66825
2025-11-10 10:00:00,0.72868
2025-11-10 11:00:00,0.75612
2025-11-10 12:00:00,0.69063
2025-11-10 13:00:00,0.61568
2025-11-10 14:00:00,0.48782
2025-11-10 15:00:00,0.3359
2025-11-10 16:00:00,0.17111
2025-11-10 17:00:00,0.041979999999999996
2025-11-10 18:00:00,0.0
2025-11-10 19:00:00,0.0
2025-11-10 20:00:00,0.0
2025-11-10 21:00:00,0.0
2025-11-10 22:00:00,0.0
2025-11-10 23:00:00,0.0
2025-11-11 00:00:00,0.0
2025-11-11 01:00:00,0.0
2025-11-11 02:00:00,0.0
2025-11-11 03:00:00,0.0
2025-11-11 04:00:00,0.0
2025-11-11 05:00:00,0.0
2025-11-11 06:00:00,0.13671
2025-11-11 07:00:00,0.36307999999999996
2025-11-11 08:00:00,0.5398
2025-11-11 09:00:00,0.6784600000000001
2025-11-11 10:00:00,0.74919
2025-11-11 11:00:00,0.7453500000000001
2025-11-11 12:00:00,0.66234
2025-11-11 13:00:00,0.59415
2025-11-11 14:00:00,0.48947
2025-11-11 15:00:00,0.33722
2025-11-11 16:00:00,0.14265
2025-11-11 17:00:00,0.06565
2025-11-11 18:00:00,0.0
2025-11-11 19:00:00,0.0
2025-11-11 20:00:00,0.0
2025-11-11 21:00:00,0.0
2025-11-11 22:00:00,0.0
2025-11-11 23:00:00,0.0
2025-11-12 00:00:00,0.0
2025-11-12 01:00:00,0.0
2025-11-12 02:00:00,0.0
2025-11-12 03:00:00,0.0
2025-11-12 04:00:00,0.0
2025-11-12 05:00:00,0.0
2025-11-12 06:00:00,0.13666999999999999
2025-11-12 07:00:00,0.36034
2025-11-12 08:00:00,0.53989
2025-11-12 09:00:00,0.6640499999999999
2025-11-12 10:00:00,0.7287899999999999
2025-11-12 11:00:00,0.7538400000000001
2025-11-12 12:00:00,0.72297
2025-11-12 13:00:00,0.63163
2025-11-12 14:00:00,0.50514
2025-11-12 15:00:00,0.33613
2025-11-12 16:00:00,0.14488
2025-11-12 17:00:00,0.07024
2025-11-12 18:00:00,0.0
2025-11-12 19:00:00,0.0
2025-11-12 20:00:00,0.0
2025-11-12 21:00:00,0.0
2025-11-12 22:00:00,0.0
2025-11-12 23:00:00,0.0
2025-11-13 00:00:00,0.0
2025-11-13 01:00:00,0.0
2025-11-13 02:00:00,0.0
2025-11-13 03:00:00,0.0
2025-11-13 04:00:00,0.0
2025-11-13 05:00:00,0.0
2025-11-13 06:00:00,0.13615
2025-11-13 07:00:00,0.35717000000000004
2025-11-13 08:00:00,0.53647
2025-11-13 09:00:00,0.65827
2025-11-13 10:00:00,0.72482
2025-11-13 11:00:00,0.7540399999999999
2025-11-13 12:00:00,0.70511
2025-11-13 13:00:00,0.6282000000000001
2025-11-13 14:00:00,0.50382
2025-11-13 15:00:00,0.33653
2025-11-13 16:00:00,0.14604
2025-11-13 17:00:00,0.06584000000000001
2025-11-13 18:00:00,0.0
2025-11-13 19:00:00,0.0
2025-11-13 20:00:00,0.0
2025-11-13 21:00:00,0.0
2025-11-13 22:00:00,0.0
2025-11-13 23:00:00,0.0
2025-11-14 00:00:00,0.0
2025-11-14 01:00:00,0.0
2025-11-14 02:00:00,0.0
2025-11-14 03:00:00,0.0
2025-11-14 04:00:00,0.0
2025-11-14 05:00:00,0.0
2025-11-14 06:00:00,0.13702
2025-11-14 07:00:00,0.35987
2025-11-14 08:00:00,0.5380900000000001
2025-11-14 09:00:00,0.66874
2025-11-14 10:00:00,0.73551
2025-11-14 11:00:00,0.75718
2025-11-14 12:00:00,0.68111
2025-11-14 13:00:00,0.5155700000000001
2025-11-14 14:00:00,0.42025999999999997
2025-11-14 15:00:00,0.3202
2025-11-14 16:00:00,0.11392000000000001
2025-11-14 17:00:00,0.00707
2025-11-14 18:00:00,0.0
2025-11-14 19:00:00,0.0
2025-11-14 20:00:00,0.0
2025-11-14 21:00:00,0.0
2025-11-14 22:00:00,0.0
2025-11-14 23:00:00,0.0
2025-11-15 00:00:00,0.0
2025-11-15 01:00:00,0.0
2025-11-15 02:00:00,0.0
2025-11-15 03:00:00,0.0
2025-11-15 04:00:00,0.0
2025-11-15 05:00:00,0.0
2025-11-15 06:00:00,0.14268
2025-11-15 07:00:00,0.36218
2025-11-15 08:00:00,0.53144
2025-11-15 09:00:00,0.6524099999999999
2025-11-15 10:00:00,0.7182200000000001
2025-11-15 11:00:00,0.74451
2025-11-15 12:00:00,0.7181900000000001
2025-11-15 13:00:00,0.47548
2025-11-15 14:00:00,0.50633
2025-11-15 15:00:00,0.33882
2025-11-15 16:00:00,0.17427
2025-11-15 17:00:00,0.00729
2025-11-15 18:00:00,0.0
2025-11-15 19:00:00,0.0
2025-11-15 20:00:00,0.0
2025-11-15 21:00:00,0.0
2025-11-15 22:00:00,0.0
2025-11-15 23:00:00,0.0
2025-11-16 00:00:00,0.0
2025-11-16 01:00:00,0.0
2025-11-16 02:00:00,0.0
2025-11-16 03:00:00,0.0
2025-11-16 04:00:00,0.0
2025-11-16 05:00:00,0.0
2025-11-16 06:00:00,0.03169
2025-11-16 07:00:00,0.28122
2025-11-16 08:00:00,0.48907999999999996
2025-11-16 09:00:00,0.5855199999999999
2025-11-16 10:00:00,0.69053
2025-11-16 11:00:00,0.70611
2025-11-16 12:00:00,0.49983
2025-11-16 13:00:00,0.49301999999999996
2025-11-16 14:00:00,0.33798
2025-11-16 15:00:00,0.2026
2025-11-16 16:00:00,0.0692
2025-11-16 17:00:00,0.01677
2025-11-16 18:00:00,0.0
2025-11-16 19:00:00,0.0
2025-11-16 20:00:00,0.0
2025-11-16 21:00:00,0.0
2025-11-16 22:00:00,0.0
2025-11-16 23:00:00,0.0
2025-11-17 00:00:00,0.0
2025-11-17 01:00:00,0.0
2025-11-17 02:00:00,0.0
2025-11-17 03:00:00,0.0
2025-11-17 04:00:00,0.0
2025-11-17 05:00:00,0.0
2025-11-17 06:00:00,0.04607
2025-11-17 07:00:00,0.15562
2025-11-17 08:00:00,0.46597000000000005
2025-11-17 09:00:00,0.6029800000000001
2025-11-17 10:00:00,0.70011
2025-11-17 11:00:00,0.56476
2025-11-17 12:00:00,0.69141
2025-11-17 13:00:00,0.60425
2025-11-17 14:00:00,0.47761000000000003
2025-11-17 15:00:00,0.34008
2025-11-17 16:00:00,0.034390000000000004
2025-11-17 17:00:00,0.00824
2025-11-17 18:00:00,0.0
2025-11-17 19:00:00,0.0
2025-11-17 20:00:00,0.0
2025-11-17 21:00:00,0.0
2025-11-17 22:00:00,0.0
2025-11-17 23:00:00,0.0
2025-11-18 00:00:00,0.0
2025-11-18 01:00:00,0.0
2025-11-18 02:00:00,0.0
2025-11-18 03:00:00,0.0
2025-11-18 04:00:00,0.0
2025-11-18 05:00:00,0.0
2025-11-18 06:00:00,0.12513
2025-11-18 07:00:00,0.31473
2025-11-18 08:00:00,0.51219
2025-11-18 09:00:00,0.64488
2025-11-18 10:00:00,0.71487
2025-11-18 11:00:00,0.6205700000000001
2025-11-18 12:00:00,0.66207
2025-11-18 13:00:00,0.54022
2025-11-18 14:00:00,0.42461
2025-11-18 15:00:00,0.14133
2025-11-18 16:00:00,0.03402
2025-11-18 17:00:00,0.018690000000000002
2025-11-18 18:00:00,0.0
2025-11-18 19:00:00,0.0
2025-11-18 20:00:00,0.0
2025-11-18 21:00:00,0.0
2025-11-18 22:00:00,0.0
2025-11-18 23:00:00,0.0
2025-11-19 00:00:00,0.0
2025-11-19 01:00:00,0.0
2025-11-19 02:00:00,0.0
2025-11-19 03:00:00,0.0
2025-11-19 04:00:00,0.0
2025-11-19 05:00:00,0.0
2025-11-19 06:00:00,0.10532
2025-11-19 07:00:00,0.06894
2025-11-19 08:00:00,0.1968
2025-11-19 09:00:00,0.21212
2025-11-19 10:00:00,0.35162
2025-11-19 11:00:00,0.39744999999999997
2025-11-19 12:00:00,0.53004
2025-11-19 13:00:00,0.37960000000000005
2025-11-19 14:00:00,0.2144
2025-11-19 15:00:00,0.03663
2025-11-19 16:00:00,0.02241
2025-11-19 17:00:00,0.00752
2025-11-19 18:00:00,0.0
2025-11-19 19:00:00,0.0
2025-11-19 20:00:00,0.0
2025-11-19 21:00:00,0.0
2025-11-19 22:00:00,0.0
2025-11-19 23:00:00,0.0
2025-11-20 00:00:00,0.0
2025-11-20 01:00:00,0.0
2025-11-20 02:00:00,0.0
2025-11-20 03:00:00,0.0
2025-11-20 04:00:00,0.0
2025-11-20 05:00:00,0.0
2025-11-20 06:00:00,0.08563
2025-11-20 07:00:00,0.26782
2025-11-20 08:00:00,0.51801
2025-11-20 09:00:00,0.59274
2025-11-20 10:00:00,0.67447
2025-11-20 11:00:00,0.65415
2025-11-20 12:00:00,0.40838
2025-11-20 13:00:00,0.41435
2025-11-20 14:00:00,0.21834
2025-11-20 15:00:00,0.06298
2025-11-20 16:00:00,0.047240000000000004
2025-11-20 17:00:00,0.00753
2025-11-20 18:00:00,0.0
2025-11-20 19:00:00,0.0
2025-11-20 20:00:00,0.0
2025-11-20 21:00:00,0.0
2025-11-20 22:00:00,0.0
2025-11-20 23:00:00,0.0
2025-11-21 00:00:00,0.0
2025-11-21 01:00:00,0.0
2025-11-21 02:00:00,0.0
2025-11-21 03:00:00,0.0
2025-11-21 04:00:00,0.0
2025-11-21 05:00:00,0.0
2025-11-21 06:00:00,0.06766
2025-11-21 07:00:00,0.09023
2025-11-21 08:00:00,0.24152
2025-11-21 09:00:00,0.16895
2025-11-21 10:00:00,0.21425
2025-11-21 11:00:00,0.5522100000000001
2025-11-21 12:00:00,0.66704
2025-11-21 13:00:00,0.57343
2025-11-21 14:00:00,0.49451
2025-11-21 15:00:00,0.33924
2025-11-21 16:00:00,0.15891999999999998
2025-11-21 17:00:00,0.06377000000000001
2025-11-21 18:00:00,0.008039999999999999
2025-11-21 19:00:00,0.0
2025-11-21 20:00:00,0.0
2025-11-21 21:00:00,0.0
2025-11-21 22:00:00,0.0
2025-11-21 23:00:00,0.0
2025-11-22 00:00:00,0.0
2025-11-22 01:00:00,0.0
2025-11-22 02:00:00,0.0
2025-11-22 03:00:00,0.0
2025-11-22 04:00:00,0.0
2025-11-22 05:00:00,0.0
2025-11-22 06:00:00,0.00993
2025-11-22 07:00:00,0.06214
2025-11-22 08:00:00,0.37121
2025-11-22 09:00:00,0.36288
2025-11-22 10:00:00,0.12063
2025-11-22 11:00:00,0.63158
2025-11-22 12:00:00,0.64977
2025-11-22 13:00:00,0.63952
2025-11-22 14:00:00,0.50962
2025-11-22 15:00:00,0.34337
2025-11-22 16:00:00,0.15122
2025-11-22 17:00:00,0.00791
2025-11-22 18:00:00,0.00855
2025-11-22 19:00:00,0.0
2025-11-22 20:00:00,0.0
2025-11-22 21:00:00,0.0
2025-11-22 22:00:00,0.0
2025-11-22 23:00:00,0.0
2025-11-23 00:00:00,0.0
2025-11-23 01:00:00,0.0
2025-11-23 02:00:00,0.0
2025-11-23 03:00:00,0.0
2025-11-23 04:00:00,0.0
2025-11-23 05:00:00,0.0
2025-11-23 06:00:00,0.05602
2025-11-23 07:00:00,0.30823
2025-11-23 08:00:00,0.39903
2025-11-23 09:00:00,0.48288
2025-11-23 10:00:00,0.4285
2025-11-23 11:00:00,0.38913
2025-11-23 12:00:00,0.62834
2025-11-23 13:00:00,0.56568
2025-11-23 14:00:00,0.28905000000000003
2025-11-23 15:00:00,0.24652000000000002
2025-11-23 16:00:00,0.09128
2025-11-23 17:00:00,0.02794
2025-11-23 18:00:00,0.0
2025-11-23 19:00:00,0.0
2025-11-23 20:00:00,0.0
2025-11-23 21:00:00,0.0
2025-11-23 22:00:00,0.0
2025-11-23 23:00:00,0.0
2025-11-24 00:00:00,0.0
2025-11-24 01:00:00,0.0
2025-11-24 02:00:00,0.0
2025-11-24 03:00:00,0.0
2025-11-24 04:00:00,0.0
2025-11-24 05:00:00,0.0
2025-11-24 06:00:00,0.024210000000000002
2025-11-24 07:00:00,0.059590000000000004
2025-11-24 08:00:00,0.25933
2025-11-24 09:00:00,0.31538
2025-11-24 10:00:00,0.37671
2025-11-24 11:00:00,0.23029
2025-11-24 12:00:00,0.62688
2025-11-24 13:00:00,0.5455800000000001
2025-11-24 14:00:00,0.52798
2025-11-24 15:00:00,0.11448
2025-11-24 16:00:00,0.18465
2025-11-24 17:00:00,0.00822
2025-11-24 18:00:00,0.0
2025-11-24 19:00:00,0.0
2025-11-24 20:00:00,0.0
2025-11-24 21:00:00,0.0
2025-11-24 22:00:00,0.0
2025-11-24 23:00:00,0.0
2025-11-25 00:00:00,0.0
2025-11-25 01:00:00,0.0
2025-11-25 02:00:00,0.0
2025-11-25 03:00:00,0.0
2025-11-25 04:00:00,0.0
2025-11-25 05:00:00,0.0
2025-11-25 06:00:00,0.01977
2025-11-25 07:00:00,0.273
2025-11-25 08:00:00,0.20421
2025-11-25 09:00:00,0.21209
2025-11-25 10:00:00,0.41927
2025-11-25 11:00:00,0.41058999999999996
2025-11-25 12:00:00,0.44814
2025-11-25 13:00:00,0.19895
2025-11-25 14:00:00,0.10894
2025-11-25 15:00:00,0.062189999999999995
2025-11-25 16:00:00,0.16566
2025-11-25 17:00:00,0.00888
2025-11-25 18:00:00,0.007719999999999999
2025-11-25 19:00:00,0.0
2025-11-25 20:00:00,0.0
2025-11-25 21:00:00,0.0
2025-11-25 22:00:00,0.0
2025-11-25 23:00:00,0.0
2025-11-26 00:00:00,0.0
2025-11-26 01:00:00,0.0
2025-11-26 02:00:00,0.0
2025-11-26 03:00:00,0.0
2025-11-26 04:00:00,0.0
2025-11-26 05:00:00,0.0
2025-11-26 06:00:00,0.03018
2025-11-26 07:00:00,0.03721
2025-11-26 08:00:00,0.22043000000000001
2025-11-26 09:00:00,0.33982
2025-11-26 10:00:00,0.48867
2025-11-26 11:00:00,0.57108
2025-11-26 12:00:00,0.60026
2025-11-26 13:00:00,0.51328
2025-11-26 14:00:00,0.37094
2025-11-26 15:00:00,0.13619
2025-11-26 16:00:00,0.19341
2025-11-26 17:00:00,0.0087
2025-11-26 18:00:00,0.0
2025-11-26 19:00:00,0.0
2025-11-26 20:00:00,0.0
2025-11-26 21:00:00,0.0
2025-11-26 22:00:00,0.0
2025-11-26 23:00:00,0.0
2025-11-27 00:00:00,0.0
2025-11-27 01:00:00,0.0
2025-11-27 02:00:00,0.0
2025-11-27 03:00:00,0.0
2025-11-27 04:00:00,0.0
2025-11-27 05:00:00,0.0
2025-11-27 06:00:00,0.04391
2025-11-27 07:00:00,0.11339
2025-11-27 08:00:00,0.32923
2025-11-27 09:00:00,0.35044
2025-11-27 10:00:00,0.36916000000000004
2025-11-27 11:00:00,0.35335
2025-11-27 12:00:00,0.49291
2025-11-27 13:00:00,0.38367
2025-11-27 14:00:00,0.29942
2025-11-27 15:00:00,0.03711
2025-11-27 16:00:00,0.022940000000000002
2025-11-27 17:00:00,0.00866
2025-11-27 18:00:00,0.0
2025-11-27 19:00:00,0.0
2025-11-27 20:00:00,0.0
2025-11-27 21:00:00,0.0
2025-11-27 22:00:00,0.0
2025-11-27 23:00:00,0.0
2025-11-28 00:00:00,0.0
2025-11-28 01:00:00,0.0
2025-11-28 02:00:00,0.0
2025-11-28 03:00:00,0.0
2025-11-28 04:00:00,0.0
2025-11-28 05:00:00,0.0
2025-11-28 06:00:00,0.10812000000000001
2025-11-28 07:00:00,0.29706
2025-11-28 08:00:00,0.39656
2025-11-28 09:00:00,0.55235
2025-11-28 10:00:00,0.5483899999999999
2025-11-28 11:00:00,0.6073999999999999
2025-11-28 12:00:00,0.5912999999999999
2025-11-28 13:00:00,0.3725
2025-11-28 14:00:00,0.28324
2025-11-28 15:00:00,0.08331000000000001
2025-11-28 16:00:00,0.15001
2025-11-28 17:00:00,0.00863
2025-11-28 18:00:00,0.01166
2025-11-28 19:00:00,0.0
2025-11-28 20:00:00,0.0
2025-11-28 21:00:00,0.0
2025-11-28 22:00:00,0.0
2025-11-28 23:00:00,0.0
2025-11-29 00:00:00,0.0
2025-11-29 01:00:00,0.0
2025-11-29 02:00:00,0.0
2025-11-29 03:00:00,0.0
2025-11-29 04:00:00,0.0
2025-11-29 05:00:00,0.0
2025-11-29 06:00:00,0.0030299999999999997
2025-11-29 07:00:00,0.21466
2025-11-29 08:00:00,0.1423
2025-11-29 09:00:00,0.061579999999999996
2025-11-29 10:00:00,0.20872
2025-11-29 11:00:00,0.42893000000000003
2025-11-29 12:00:00,0.5108
2025-11-29 13:00:00,0.12126
2025-11-29 14:00:00,0.07873999999999999
2025-11-29 15:00:00,0.10936
2025-11-29 16:00:00,0.09083
2025-11-29 17:00:00,0.01173
2025-11-29 18:00:00,0.0
2025-11-29 19:00:00,0.0
2025-11-29 20:00:00,0.0
2025-11-29 21:00:00,0.0
2025-11-29 22:00:00,0.0
2025-11-29 23:00:00,0.0
2025-11-30 00:00:00,0.0
2025-11-30 01:00:00,0.0
2025-11-30 02:00:00,0.0
2025-11-30 03:00:00,0.0
2025-11-30 04:00:00,0.0
2025-11-30 05:00:00,0.0
2025-11-30 06:00:00,0.04353
2025-11-30 07:00:00,0.1436
2025-11-30 08:00:00,0.5150399999999999
2025-11-30 09:00:00,0.43101
2025-11-30 10:00:00,0.73349
2025-11-30 11:00:00,0.70237
2025-11-30 12:00:00,0.71678
2025-11-30 13:00:00,0.64487
2025-11-30 14:00:00,0.53112
2025-11-30 15:00:00,0.19024000000000002
2025-11-30 16:00:00,0.02359
2025-11-30 17:00:00,0.0092
2025-11-30 18:00:00,0.0074800000000000005
2025-11-30 19:00:00,0.0
2025-11-30 20:00:00,0.0
2025-11-30 21:00:00,0.0
2025-11-30 22:00:00,0.0
2025-11-30 23:00:00,0.0
2025-12-01 00:00:00,0.0
2025-12-01 01:00:00,0.0
2025-12-01 02:00:00,0.0
2025-12-01 03:00:00,0.0
2025-12-01 04:00:00,0.0
2025-12-01 05:00:00,0.0
2025-12-01 06:00:00,0.13169
2025-12-01 07:00:00,0.34014
2025-12-01 08:00:00,0.51413
2025-12-01 09:00:00,0.64854
2025-12-01 10:00:00,0.7278300000000001
2025-12-01 11:00:00,0.74537
2025-12-01 12:00:00,0.7212000000000001
2025-12-01 13:00:00,0.64249
2025-12-01 14:00:00,0.52549
2025-12-01 15:00:00,0.36158999999999997
2025-12-01 16:00:00,0.15066
2025-12-01 17:00:00,0.08033
2025-12-01 18:00:00,0.00022
2025-12-01 19:00:00,0.0
2025-12-01 20:00:00,0.0
2025-12-01 21:00:00,0.0
2025-12-01 22:00:00,0.0
2025-12-01 23:00:00,0.0
2025-12-02 00:00:00,0.0
2025-12-02 01:00:00,0.0
2025-12-02 02:00:00,0.0
2025-12-02 03:00:00,0.0
2025-12-02 04:00:00,0.0
2025-12-02 05:00:00,0.0
2025-12-02 06:00:00,0.12512
2025-12-02 07:00:00,0.36679
2025-12-02 08:00:00,0.5485099999999999
2025-12-02 09:00:00,0.6639700000000001
2025-12-02 10:00:00,0.72937
2025-12-02 11:00:00,0.75305
2025-12-02 12:00:00,0.73097
2025-12-02 13:00:00,0.66161
2025-12-02 14:00:00,0.53899
2025-12-02 15:00:00,0.35994
2025-12-02 16:00:00,0.18030000000000002
2025-12-02 17:00:00,0.08559
2025-12-02 18:00:00,0.0072699999999999996
2025-12-02 19:00:00,0.0
2025-12-02 20:00:00,0.0
2025-12-02 21:00:00,0.0
2025-12-02 22:00:00,0.0
2025-12-02 23:00:00,0.0
2025-12-03 00:00:00,0.0
2025-12-03 01:00:00,0.0
2025-12-03 02:00:00,0.0
2025-12-03 03:00:00,0.0
2025-12-03 04:00:00,0.0
2025-12-03 05:00:00,0.0
2025-12-03 06:00:00,0.12897
2025-12-03 07:00:00,0.35919999999999996
2025-12-03 08:00:00,0.53998
2025-12-03 09:00:00,0.65877
2025-12-03 10:00:00,0.73482
2025-12-03 11:00:00,0.74895
2025-12-03 12:00:00,0.71799
2025-12-03 13:00:00,0.6544099999999999
2025-12-03 14:00:00,0.5417000000000001
2025-12-03 15:00:00,0.36863999999999997
2025-12-03 16:00:00,0.15133000000000002
2025-12-03 17:00:00,0.046490000000000004
2025-12-03 18:00:00,0.01309
2025-12-03 19:00:00,0.0
2025-12-03 20:00:00,0.0
2025-12-03 21:00:00,0.0
2025-12-03 22:00:00,0.0
2025-12-03 23:00:00,0.0
2025-12-04 00:00:00,0.0
2025-12-04 01:00:00,0.0
2025-12-04 02:00:00,0.0
2025-12-04 03:00:00,0.0
2025-12-04 04:00:00,0.0
2025-12-04 05:00:00,0.0
2025-12-04 06:00:00,0.05107
2025-12-04 07:00:00,0.1427
2025-12-04 08:00:00,0.43388
2025-12-04 09:00:00,0.21149
2025-12-04 10:00:00,0.60374
2025-12-04 11:00:00,0.56892
2025-12-04 12:00:00,0.50574
2025-12-04 13:00:00,0.56
2025-12-04 14:00:00,0.49169
2025-12-04 15:00:00,0.33984
2025-12-04 16:00:00,0.12007999999999999
2025-12-04 17:00:00,0.00967
2025-12-04 18:00:00,0.0
2025-12-04 19:00:00,0.0
2025-12-04 20:00:00,0.0
2025-12-04 21:00:00,0.0
2025-12-04 22:00:00,0.0
2025-12-04 23:00:00,0.0
2025-12-05 00:00:00,0.0
2025-12-05 01:00:00,0.0
2025-12-05 02:00:00,0.0
2025-12-05 03:00:00,0.0
2025-12-05 04:00:00,0.0
2025-12-05 05:00:00,0.0
2025-12-05 06:00:00,0.10793000000000001
2025-12-05 07:00:00,0.3422
2025-12-05 08:00:00,0.52018
2025-12-05 09:00:00,0.6307999999999999
2025-12-05 10:00:00,0.68653
2025-12-05 11:00:00,0.65655
2025-12-05 12:00:00,0.6540499999999999
2025-12-05 13:00:00,0.54913
2025-12-05 14:00:00,0.47787
2025-12-05 15:00:00,0.32638
2025-12-05 16:00:00,0.18230000000000002
2025-12-05 17:00:00,0.07237
2025-12-05 18:00:00,0.01609
2025-12-05 19:00:00,0.0
2025-12-05 20:00:00,0.0
2025-12-05 21:00:00,0.0
2025-12-05 22:00:00,0.0
2025-12-05 23:00:00,0.0
2025-12-06 00:00:00,0.0
2025-12-06 01:00:00,0.0
2025-12-06 02:00:00,0.0
2025-12-06 03:00:00,0.0
2025-12-06 04:00:00,0.0
2025-12-06 05:00:00,0.0
2025-12-06 06:00:00,0.04238
2025-12-06 07:00:00,0.12342
2025-12-06 08:00:00,0.1386
2025-12-06 09:00:00,0.26239999999999997
2025-12-06 10:00:00,0.25899
2025-12-06 11:00:00,0.15141
2025-12-06 12:00:00,0.41979
2025-12-06 13:00:00,0.41896
2025-12-06 14:00:00,0.2731
2025-12-06 15:00:00,0.36304000000000003
2025-12-06 16:00:00,0.15477000000000002
2025-12-06 17:00:00,0.06014
2025-12-06 18:00:00,0.00057
2025-12-06 19:00:00,0.0
2025-12-06 20:00:00,0.0
2025-12-06 21:00:00,0.0
2025-12-06 22:00:00,0.0
2025-12-06 23:00:00,0.0
2025-12-07 00:00:00,0.0
2025-12-07 01:00:00,0.0
2025-12-07 02:00:00,0.0
2025-12-07 03:00:00,0.0
2025-12-07 04:00:00,0.0
2025-12-07 05:00:00,0.0
2025-12-07 06:00:00,0.09833
2025-12-07 07:00:00,0.34352999999999995
2025-12-07 08:00:00,0.5365800000000001
2025-12-07 09:00:00,0.6429
2025-12-07 10:00:00,0.70775
2025-12-07 11:00:00,0.7288600000000001
2025-12-07 12:00:00,0.25578
2025-12-07 13:00:00,0.06612
2025-12-07 14:00:00,0.05485
2025-12-07 15:00:00,0.07406
2025-12-07 16:00:00,0.047439999999999996
2025-12-07 17:00:00,0.00968
2025-12-07 18:00:00,0.0
2025-12-07 19:00:00,0.0
2025-12-07 20:00:00,0.0
2025-12-07 21:00:00,0.0
2025-12-07 22:00:00,0.0
2025-12-07 23:00:00,0.0
2025-12-08 00:00:00,0.0
2025-12-08 01:00:00,0.0
2025-12-08 02:00:00,0.0
2025-12-08 03:00:00,0.0
2025-12-08 04:00:00,0.0
2025-12-08 05:00:00,0.0
2025-12-08 06:00:00,0.03744
2025-12-08 07:00:00,0.13946
2025-12-08 08:00:00,0.19602
2025-12-08 09:00:00,0.25988
2025-12-08 10:00:00,0.38174
2025-12-08 11:00:00,0.7379
2025-12-08 12:00:00,0.6957899999999999
2025-12-08 13:00:00,0.65004
2025-12-08 14:00:00,0.54346
2025-12-08 15:00:00,0.3345
2025-12-08 16:00:00,0.10629000000000001
2025-12-08 17:00:00,0.009800000000000001
2025-12-08 18:00:00,0.00182
2025-12-08 19:00:00,0.0
2025-12-08 20:00:00,0.0
2025-12-08 21:00:00,0.0
2025-12-08 22:00:00,0.0
2025-12-08 23:00:00,0.0
2025-12-09 00:00:00,0.0
2025-12-09 01:00:00,0.0
2025-12-09 02:00:00,0.0
2025-12-09 03:00:00,0.0
2025-12-09 04:00:00,0.0
2025-12-09 05:00:00,0.0
2025-12-09 06:00:00,0.12618000000000001
2025-12-09 07:00:00,0.35554
2025-12-09 08:00:00,0.52137
2025-12-09 09:00:00,0.62654
2025-12-09 10:00:00,0.70731
2025-12-09 11:00:00,0.73038
2025-12-09 12:00:00,0.703
2025-12-09 13:00:00,0.65287
2025-12-09 14:00:00,0.5008
2025-12-09 15:00:00,0.38230000000000003
2025-12-09 16:00:00,0.18625
2025-12-09 17:00:00,0.02085
2025-12-09 18:00:00,0.00026000000000000003
2025-12-09 19:00:00,0.0
2025-12-09 20:00:00,0.0
2025-12-09 21:00:00,0.0
2025-12-09 22:00:00,0.0
2025-12-09 23:00:00,0.0
2025-12-10 00:00:00,0.0
2025-12-10 01:00:00,0.0
2025-12-10 02:00:00,0.0
2025-12-10 03:00:00,0.0
2025-12-10 04:00:00,0.0
2025-12-10 05:00:00,0.0
2025-12-10 06:00:00,0.12866999999999998
2025-12-10 07:00:00,0.16286
2025-12-10 08:00:00,0.15096
2025-12-10 09:00:00,0.6183
2025-12-10 10:00:00,0.68511
2025-12-10 11:00:00,0.5051
2025-12-10 12:00:00,0.36362
2025-12-10 13:00:00,0.58625
2025-12-10 14:00:00,0.44258
2025-12-10 15:00:00,0.29921
2025-12-10 16:00:00,0.1743
2025-12-10 17:00:00,0.05536
2025-12-10 18:00:00,0.0037400000000000003
2025-12-10 19:00:00,0.0
2025-12-10 20:00:00,0.0
2025-12-10 21:00:00,0.0
2025-12-10 22:00:00,0.0
2025-12-10 23:00:00,0.0
2025-12-11 00:00:00,0.0
2025-12-11 01:00:00,0.0
2025-12-11 02:00:00,0.0
2025-12-11 03:00:00,0.0
2025-12-11 04:00:00,0.0
2025-12-11 05:00:00,0.0
2025-12-11 06:00:00,0.01866
2025-12-11 07:00:00,0.07632
2025-12-11 08:00:00,0.21203999999999998
2025-12-11 09:00:00,0.11195999999999999
2025-12-11 10:00:00,0.50425
2025-12-11 11:00:00,0.50182
2025-12-11 12:00:00,0.26571
2025-12-11 13:00:00,0.12615
2025-12-11 14:00:00,0.40436
2025-12-11 15:00:00,0.15765
2025-12-11 16:00:00,0.19812000000000002
2025-12-11 17:00:00,0.08696
2025-12-11 18:00:00,0.01955
2025-12-11 19:00:00,0.0
2025-12-11 20:00:00,0.0
2025-12-11 21:00:00,0.0
2025-12-11 22:00:00,0.0
2025-12-11 23:00:00,0.0
2025-12-12 00:00:00,0.0
2025-12-12 01:00:00,0.0
2025-12-12 02:00:00,0.0
2025-12-12 03:00:00,0.0
2025-12-12 04:00:00,0.0
2025-12-12 05:00:00,0.0
2025-12-12 06:00:00,0.12290999999999999
2025-12-12 07:00:00,0.35005000000000003
2025-12-12 08:00:00,0.53424
2025-12-12 09:00:00,0.56789
2025-12-12 10:00:00,0.5370499999999999
2025-12-12 11:00:00,0.58468
2025-12-12 12:00:00,0.6894600000000001
2025-12-12 13:00:00,0.64136
2025-12-12 14:00:00,0.52498
2025-12-12 15:00:00,0.35119
2025-12-12 16:00:00,0.21475999999999998
2025-12-12 17:00:00,0.07354999999999999
2025-12-12 18:00:00,0.022850000000000002
2025-12-12 19:00:00,0.0
2025-12-12 20:00:00,0.0
2025-12-12 21:00:00,0.0
2025-12-12 22:00:00,0.0
2025-12-12 23:00:00,0.0
2025-12-13 00:00:00,0.0
2025-12-13 01:00:00,0.0
2025-12-13 02:00:00,0.0
2025-12-13 03:00:00,0.0
2025-12-13 04:00:00,0.0
2025-12-13 05:00:00,0.0
2025-12-13 06:00:00,0.12745
2025-12-13 07:00:00,0.35662
2025-12-13 08:00:00,0.5512400000000001
2025-12-13 09:00:00,0.67089
2025-12-13 10:00:00,0.7401
2025-12-13 11:00:00,0.6714199999999999
2025-12-13 12:00:00,0.7136
2025-12-13 13:00:00,0.6631699999999999
2025-12-13 14:00:00,0.54322
2025-12-13 15:00:00,0.38264
2025-12-13 16:00:00,0.1694
2025-12-13 17:00:00,0.04352
2025-12-13 18:00:00,0.0177
2025-12-13 19:00:00,0.0
2025-12-13 20:00:00,0.0
2025-12-13 21:00:00,0.0
2025-12-13 22:00:00,0.0
2025-12-13 23:00:00,0.0
2025-12-14 00:00:00,0.0
2025-12-14 01:00:00,0.0
2025-12-14 02:00:00,0.0
2025-12-14 03:00:00,0.0
2025-12-14 04:00:00,0.0
2025-12-14 05:00:00,0.0
2025-12-14 06:00:00,0.10216
2025-12-14 07:00:00,0.34405
2025-12-14 08:00:00,0.53915
2025-12-14 09:00:00,0.64048
2025-12-14 10:00:00,0.62285
2025-12-14 11:00:00,0.68151
2025-12-14 12:00:00,0.72377
2025-12-14 13:00:00,0.63103
2025-12-14 14:00:00,0.52386
2025-12-14 15:00:00,0.36298
2025-12-14 16:00:00,0.17003000000000001
2025-12-14 17:00:00,0.05225
2025-12-14 18:00:00,0.02137
2025-12-14 19:00:00,0.0
2025-12-14 20:00:00,0.0
2025-12-14 21:00:00,0.0
2025-12-14 22:00:00,0.0
2025-12-14 23:00:00,0.0
2025-12-15 00:00:00,0.0
2025-12-15 01:00:00,0.0
2025-12-15 02:00:00,0.0
2025-12-15 03:00:00,0.0
2025-12-15 04:00:00,0.0
2025-12-15 05:00:00,0.0
2025-12-15 06:00:00,0.11776
2025-12-15 07:00:00,0.33837
2025-12-15 08:00:00,0.5335
2025-12-15 09:00:00,0.66695
2025-12-15 10:00:00,0.7322799999999999
2025-12-15 11:00:00,0.6822999999999999
2025-12-15 12:00:00,0.6862999999999999
2025-12-15 13:00:00,0.61983
2025-12-15 14:00:00,0.5257000000000001
2025-12-15 15:00:00,0.36933
2025-12-15 16:00:00,0.04057
2025-12-15 17:00:00,0.061
2025-12-15 18:00:00,0.01315
2025-12-15 19:00:00,0.0
2025-12-15 20:00:00,0.0
2025-12-15 21:00:00,0.0
2025-12-15 22:00:00,0.0
2025-12-15 23:00:00,0.0
2025-12-16 00:00:00,0.0
2025-12-16 01:00:00,0.0
2025-12-16 02:00:00,0.0
2025-12-16 03:00:00,0.0
2025-12-16 04:00:00,0.0
2025-12-16 05:00:00,0.0
2025-12-16 06:00:00,0.10837999999999999
2025-12-16 07:00:00,0.33061
2025-12-16 08:00:00,0.52804
2025-12-16 09:00:00,0.65026
2025-12-16 10:00:00,0.64671
2025-12-16 11:00:00,0.60411
2025-12-16 12:00:00,0.65662
2025-12-16 13:00:00,0.62412
2025-12-16 14:00:00,0.47691
2025-12-16 15:00:00,0.35785
2025-12-16 16:00:00,0.20422
2025-12-16 17:00:00,0.08965000000000001
2025-12-16 18:00:00,0.0005600000000000001
2025-12-16 19:00:00,0.0
2025-12-16 20:00:00,0.0
2025-12-16 21:00:00,0.0
2025-12-16 22:00:00,0.0
2025-12-16 23:00:00,0.0
2025-12-17 00:00:00,0.0
2025-12-17 01:00:00,0.0
2025-12-17 02:00:00,0.0
2025-12-17 03:00:00,0.0
2025-12-17 04:00:00,0.0
2025-12-17 05:00:00,0.0
2025-12-17 06:00:00,0.11212000000000001
2025-12-17 07:00:00,0.32771
2025-12-17 08:00:00,0.52463
2025-12-17 09:00:00,0.65238
2025-12-17 10:00:00,0.7239800000000001
2025-12-17 11:00:00,0.7209500000000001
2025-12-17 12:00:00,0.68509
2025-12-17 13:00:00,0.5916
2025-12-17 14:00:00,0.08788
2025-12-17 15:00:00,0.04986
2025-12-17 16:00:00,0.07224
2025-12-17 17:00:00,0.05046
2025-12-17 18:00:00,0.00058
2025-12-17 19:00:00,0.0
2025-12-17 20:00:00,0.0
2025-12-17 21:00:00,0.0
2025-12-17 22:00:00,0.0
2025-12-17 23:00:00,0.0
2025-12-18 00:00:00,0.0
2025-12-18 01:00:00,0.0
2025-12-18 02:00:00,0.0
2025-12-18 03:00:00,0.0
2025-12-18 04:00:00,0.0
2025-12-18 05:00:00,0.0
2025-12-18 06:00:00,0.10748999999999999
2025-12-18 07:00:00,0.32479
2025-12-18 08:00:00,0.51382
2025-12-18 09:00:00,0.64159
2025-12-18 10:00:00,0.69704
2025-12-18 11:00:00,0.71169
2025-12-18 12:00:00,0.70653
2025-12-18 13:00:00,0.61742
2025-12-18 14:00:00,0.50406
2025-12-18 15:00:00,0.31566000000000005
2025-12-18 16:00:00,0.21248
2025-12-18 17:00:00,0.10361
2025-12-18 18:00:00,0.02101
2025-12-18 19:00:00,0.0
2025-12-18 20:00:00,0.0
2025-12-18 21:00:00,0.0
2025-12-18 22:00:00,0.0
2025-12-18 23:00:00,0.0
2025-12-19 00:00:00,0.0
2025-12-19 01:00:00,0.0
2025-12-19 02:00:00,0.0
2025-12-19 03:00:00,0.0
2025-12-19 04:00:00,0.0
2025-12-19 05:00:00,0.0
2025-12-19 06:00:00,0.10123
2025-12-19 07:00:00,0.32855
2025-12-19 08:00:00,0.52115
2025-12-19 09:00:00,0.6395299999999999
2025-12-19 10:00:00,0.69504
2025-12-19 11:00:00,0.66369
2025-12-19 12:00:00,0.62637
2025-12-19 13:00:00,0.5761000000000001
2025-12-19 14:00:00,0.49689999999999995
2025-12-19 15:00:00,0.35452999999999996
2025-12-19 16:00:00,0.20236
2025-12-19 17:00:00,0.06091
2025-12-19 18:00:00,0.02035
2025-12-19 19:00:00,0.0
2025-12-19 20:00:00,0.0
2025-12-19 21:00:00,0.0
2025-12-19 22:00:00,0.0
2025-12-19 23:00:00,0.0
2025-12-20 00:00:00,0.0
2025-12-20 01:00:00,0.0
2025-12-20 02:00:00,0.0
2025-12-20 03:00:00,0.0
2025-12-20 04:00:00,0.0
2025-12-20 05:00:00,0.0
2025-12-20 06:00:00,0.11148000000000001
2025-12-20 07:00:00,0.33522
2025-12-20 08:00:00,0.53097
2025-12-20 09:00:00,0.6569299999999999
2025-12-20 10:00:00,0.73884
2025-12-20 11:00:00,0.74126
2025-12-20 12:00:00,0.7244700000000001
2025-12-20 13:00:00,0.6235599999999999
2025-12-20 14:00:00,0.47185000000000005
2025-12-20 15:00:00,0.32744
2025-12-20 16:00:00,0.21434999999999998
2025-12-20 17:00:00,0.10167
2025-12-20 18:00:00,0.010320000000000001
2025-12-20 19:00:00,0.0
2025-12-20 20:00:00,0.0
2025-12-20 21:00:00,0.0
2025-12-20 22:00:00,0.0
2025-12-20 23:00:00,0.0
2025-12-21 00:00:00,0.0
2025-12-21 01:00:00,0.0
2025-12-21 02:00:00,0.0
2025-12-21 03:00:00,0.0
2025-12-21 04:00:00,0.0
2025-12-21 05:00:00,0.0
2025-12-21 06:00:00,0.05784
2025-12-21 07:00:00,0.14123
2025-12-21 08:00:00,0.21893
2025-12-21 09:00:00,0.42421
2025-12-21 10:00:00,0.37283999999999995
2025-12-21 11:00:00,0.60129
2025-12-21 12:00:00,0.61548
2025-12-21 13:00:00,0.42862
2025-12-21 14:00:00,0.51532
2025-12-21 15:00:00,0.37633999999999995
2025-12-21 16:00:00,0.19644999999999999
2025-12-21 17:00:00,0.05844
2025-12-21 18:00:00,0.026449999999999998
2025-12-21 19:00:00,0.0
2025-12-21 20:00:00,0.0
2025-12-21 21:00:00,0.0
2025-12-21 22:00:00,0.0
2025-12-21 23:00:00,0.0
2025-12-22 00:00:00,0.0
2025-12-22 01:00:00,0.0
2025-12-22 02:00:00,0.0
2025-12-22 03:00:00,0.0
2025-12-22 04:00:00,0.0
2025-12-22 05:00:00,0.0
2025-12-22 06:00:00,0.0518
2025-12-22 07:00:00,0.07385
2025-12-22 08:00:00,0.24678999999999998
2025-12-22 09:00:00,0.60854
2025-12-22 10:00:00,0.5458099999999999
2025-12-22 11:00:00,0.67123
2025-12-22 12:00:00,0.43211
2025-12-22 13:00:00,0.59678
2025-12-22 14:00:00,0.46138
2025-12-22 15:00:00,0.37639
2025-12-22 16:00:00,0.18847999999999998
2025-12-22 17:00:00,0.10447
2025-12-22 18:00:00,0.0009699999999999999
2025-12-22 19:00:00,0.0
2025-12-22 20:00:00,0.0
2025-12-22 21:00:00,0.0
2025-12-22 22:00:00,0.0
2025-12-22 23:00:00,0.0
2025-12-23 00:00:00,0.0
2025-12-23 01:00:00,0.0
2025-12-23 02:00:00,0.0
2025-12-23 03:00:00,0.0
2025-12-23 04:00:00,0.0
2025-12-23 05:00:00,0.0
2025-12-23 06:00:00,0.06375
2025-12-23 07:00:00,0.33136
2025-12-23 08:00:00,0.26136000000000004
2025-12-23 09:00:00,0.37856
2025-12-23 10:00:00,0.48595
2025-12-23 11:00:00,0.39905
2025-12-23 12:00:00,0.33951
2025-12-23 13:00:00,0.35385
2025-12-23 14:00:00,0.32305
2025-12-23 15:00:00,0.29291
2025-12-23 16:00:00,0.20095
2025-12-23 17:00:00,0.030989999999999997
2025-12-23 18:00:00,0.00099
2025-12-23 19:00:00,0.0
2025-12-23 20:00:00,0.0
2025-12-23 21:00:00,0.0
2025-12-23 22:00:00,0.0
2025-12-23 23:00:00,0.0
2025-12-24 00:00:00,0.0
2025-12-24 01:00:00,0.0
2025-12-24 02:00:00,0.0
2025-12-24 03:00:00,0.0
2025-12-24 04:00:00,0.0
2025-12-24 05:00:00,0.0
2025-12-24 06:00:00,0.032990000000000005
2025-12-24 07:00:00,0.0357
2025-12-24 08:00:00,0.09004999999999999
2025-12-24 09:00:00,0.27306
2025-12-24 10:00:00,0.41395
2025-12-24 11:00:00,0.50543
2025-12-24 12:00:00,0.70304
2025-12-24 13:00:00,0.58193
2025-12-24 14:00:00,0.50745
2025-12-24 15:00:00,0.38409
2025-12-24 16:00:00,0.21697
2025-12-24 17:00:00,0.10633
2025-12-24 18:00:00,0.02169
2025-12-24 19:00:00,0.0
2025-12-24 20:00:00,0.0
2025-12-24 21:00:00,0.0
2025-12-24 22:00:00,0.0
2025-12-24 23:00:00,0.0
2025-12-25 00:00:00,0.0
2025-12-25 01:00:00,0.0
2025-12-25 02:00:00,0.0
2025-12-25 03:00:00,0.0
2025-12-25 04:00:00,0.0
2025-12-25 05:00:00,0.0
2025-12-25 06:00:00,0.09343000000000001
2025-12-25 07:00:00,0.31773
2025-12-25 08:00:00,0.50895
2025-12-25 09:00:00,0.63947
2025-12-25 10:00:00,0.73795
2025-12-25 11:00:00,0.76101
2025-12-25 12:00:00,0.71948
2025-12-25 13:00:00,0.60514
2025-12-25 14:00:00,0.54364
2025-12-25 15:00:00,0.23701
2025-12-25 16:00:00,0.20681
2025-12-25 17:00:00,0.04772
2025-12-25 18:00:00,0.01262
2025-12-25 19:00:00,0.0
2025-12-25 20:00:00,0.0
2025-12-25 21:00:00,0.0
2025-12-25 22:00:00,0.0
2025-12-25 23:00:00,0.0
2025-12-26 00:00:00,0.0
2025-12-26 01:00:00,0.0
2025-12-26 02:00:00,0.0
2025-12-26 03:00:00,0.0
2025-12-26 04:00:00,0.0
2025-12-26 05:00:00,0.0
2025-12-26 06:00:00,0.07372
2025-12-26 07:00:00,0.21201
2025-12-26 08:00:00,0.3446
2025-12-26 09:00:00,0.6092799999999999
2025-12-26 10:00:00,0.64307
2025-12-26 11:00:00,0.6231
2025-12-26 12:00:00,0.7051900000000001
2025-12-26 13:00:00,0.08079
2025-12-26 14:00:00,0.55064
2025-12-26 15:00:00,0.36079
2025-12-26 16:00:00,0.02716
2025-12-26 17:00:00,0.01289
2025-12-26 18:00:00,0.00098
2025-12-26 19:00:00,0.0
2025-12-26 20:00:00,0.0
2025-12-26 21:00:00,0.0
2025-12-26 22:00:00,0.0
2025-12-26 23:00:00,0.0
2025-12-27 00:00:00,0.0
2025-12-27 01:00:00,0.0
2025-12-27 02:00:00,0.0
2025-12-27 03:00:00,0.0
2025-12-27 04:00:00,0.0
2025-12-27 05:00:00,0.0
2025-12-27 06:00:00,0.03598
2025-12-27 07:00:00,0.07628
2025-12-27 08:00:00,0.33133999999999997
2025-12-27 09:00:00,0.4711
2025-12-27 10:00:00,0.7225
2025-12-27 11:00:00,0.74609
2025-12-27 12:00:00,0.74114
2025-12-27 13:00:00,0.66844
2025-12-27 14:00:00,0.54316
2025-12-27 15:00:00,0.39582
2025-12-27 16:00:00,0.19284
2025-12-27 17:00:00,0.030690000000000002
2025-12-27 18:00:00,0.02551
2025-12-27 19:00:00,0.0
2025-12-27 20:00:00,0.0
2025-12-27 21:00:00,0.0
2025-12-27 22:00:00,0.0
2025-12-27 23:00:00,0.0
2025-12-28 00:00:00,0.0
2025-12-28 01:00:00,0.0
2025-12-28 02:00:00,0.0
2025-12-28 03:00:00,0.0
2025-12-28 04:00:00,0.0
2025-12-28 05:00:00,0.0
2025-12-28 06:00:00,0.03438
2025-12-28 07:00:00,0.20345
2025-12-28 08:00:00,0.13755
2025-12-28 09:00:00,0.39611
2025-12-28 10:00:00,0.5709
2025-12-28 11:00:00,0.65177
2025-12-28 12:00:00,0.71437
2025-12-28 13:00:00,0.62637
2025-12-28 14:00:00,0.55108
2025-12-28 15:00:00,0.39208
2025-12-28 16:00:00,0.1979
2025-12-28 17:00:00,0.0508
2025-12-28 18:00:00,0.02901
2025-12-28 19:00:00,0.0
2025-12-28 20:00:00,0.0
2025-12-28 21:00:00,0.0
2025-12-28 22:00:00,0.0
2025-12-28 23:00:00,0.0
2025-12-29 00:00:00,0.0
2025-12-29 01:00:00,0.0
2025-12-29 02:00:00,0.0
2025-12-29 03:00:00,0.0
2025-12-29 04:00:00,0.0
2025-12-29 05:00:00,0.0
2025-12-29 06:00:00,0.08498
2025-12-29 07:00:00,0.27532999999999996
2025-12-29 08:00:00,0.18166
2025-12-29 09:00:00,0.5934299999999999
2025-12-29 10:00:00,0.55557
2025-12-29 11:00:00,0.69847
2025-12-29 12:00:00,0.73038
2025-12-29 13:00:00,0.63447
2025-12-29 14:00:00,0.51542
2025-12-29 15:00:00,0.38397000000000003
2025-12-29 16:00:00,0.21201
2025-12-29 17:00:00,0.07647
2025-12-29 18:00:00,0.00891
2025-12-29 19:00:00,0.0
2025-12-29 20:00:00,0.0
2025-12-29 21:00:00,0.0
2025-12-29 22:00:00,0.0
2025-12-29 23:00:00,0.0
2025-12-30 00:00:00,0.0
2025-12-30 01:00:00,0.0
2025-12-30 02:00:00,0.0
2025-12-30 03:00:00,0.0
2025-12-30 04:00:00,0.0
2025-12-30 05:00:00,0.0
2025-12-30 06:00:00,0.05651
2025-12-30 07:00:00,0.29483
2025-12-30 08:00:00,0.47145
2025-12-30 09:00:00,0.63303
2025-12-30 10:00:00,0.6567999999999999
2025-12-30 11:00:00,0.55111
2025-12-30 12:00:00,0.6091
2025-12-30 13:00:00,0.47914999999999996
2025-12-30 14:00:00,0.24800999999999998
2025-12-30 15:00:00,0.24781999999999998
2025-12-30 16:00:00,0.07748000000000001
2025-12-30 17:00:00,0.013689999999999999
2025-12-30 18:00:00,0.0182
2025-12-30 19:00:00,0.0
2025-12-30 20:00:00,0.0
2025-12-30 21:00:00,0.0
2025-12-30 22:00:00,0.0
2025-12-30 23:00:00,0.0
2025-12-31 00:00:00,0.0
2025-12-31 01:00:00,0.0
2025-12-31 02:00:00,0.0
2025-12-31 03:00:00,0.0
2025-12-31 04:00:00,0.0
2025-12-31 05:00:00,0.0
2025-12-31 06:00:00,0.08475
2025-12-31 07:00:00,0.12838999999999998
2025-12-31 08:00:00,0.3363
2025-12-31 09:00:00,0.5733400000000001
2025-12-31 10:00:00,0.49692000000000003
2025-12-31 11:00:00,0.48721
2025-12-31 12:00:00,0.52061
2025-12-31 13:00:00,0.62236
2025-12-31 14:00:00,0.42191
2025-12-31 15:00:00,0.39964
2025-12-31 16:00:00,0.22713999999999998
2025-12-31 17:00:00,0.09185
2025-12-31 18:00:00,0.00376
2025-12-31 19:00:00,0.0
2025-12-31 20:00:00,0.0
2025-12-31 21:00:00,0.0
2025-12-31 22:00:00,0.0
2025-12-31 23:00:00,0.0
