timestamp,fator_capacidade
2021-01-01 00:00:00,0.0
2021-01-01 01:00:00,0.0
2021-01-01 02:00:00,0.0
2021-01-01 03:00:00,0.0
2021-01-01 04:00:00,0.0
2021-01-01 05:00:00,0.0
2021-01-01 06:00:00,0.03572
2021-01-01 07:00:00,0.1257
2021-01-01 08:00:00,0.26059
2021-01-01 09:00:00,0.34743
2021-01-01 10:00:00,0.46173000000000003
2021-01-01 11:00:00,0.46779000000000004
2021-01-01 12:00:00,0.65054
2021-01-01 13:00:00,0.6167999999999999
2021-01-01 14:00:00,0.07059
2021-01-01 15:00:00,0.07665999999999999
2021-01-01 16:00:00,0.20061
2021-01-01 17:00:00,0.098
2021-01-01 18:00:00,0.0014199999999999998
2021-01-01 19:00:00,0.0
2021-01-01 20:00:00,0.0
2021-01-01 21:00:00,0.0
2021-01-01 22:00:00,0.0
2021-01-01 23:00:00,0.0
2021-01-02 00:00:00,0.0
2021-01-02 01:00:00,0.0
2021-01-02 02:00:00,0.0
2021-01-02 03:00:00,0.0
2021-01-02 04:00:00,0.0
2021-01-02 05:00:00,0.0
2021-01-02 06:00:00,0.07776000000000001
2021-01-02 07:00:00,0.27348
2021-01-02 08:00:00,0.3669
2021-01-02 09:00:00,0.56978
2021-01-02 10:00:00,0.49711
2021-01-02 11:00:00,0.525
2021-01-02 12:00:00,0.6
2021-01-02 13:00:00,0.43822000000000005
2021-01-02 14:00:00,0.23725
2021-01-02 15:00:00,0.06481
2021-01-02 16:00:00,0.02892
2021-01-02 17:00:00,0.01574
2021-01-02 18:00:00,0.0014299999999999998
2021-01-02 19:00:00,0.0
2021-01-02 20:00:00,0.0
2021-01-02 21:00:00,0.0
2021-01-02 22:00:00,0.0
2021-01-02 23:00:00,0.0
2021-01-03 00:00:00,0.0
2021-01-03 01:00:00,0.0
2021-01-03 02:00:00,0.0
2021-01-03 03:00:00,0.0
2021-01-03 04:00:00,0.0
2021-01-03 05:00:00,0.0
2021-01-03 06:00:00,0.07619
2021-01-03 07:00:00,0.30966000000000005
2021-01-03 08:00:00,0.52177
2021-01-03 09:00:00,0.6498700000000001
2021-01-03 10:00:00,0.69889
2021-01-03 11:00:00,0.6153200000000001
2021-01-03 12:00:00,0.62924
2021-01-03 13:00:00,0.5254500000000001
2021-01-03 14:00:00,0.50587
2021-01-03 15:00:00,0.25581
2021-01-03 16:00:00,0.23439
2021-01-03 17:00:00,0.01375
2021-01-03 18:00:00,0.0014299999999999998
2021-01-03 19:00:00,0.0
2021-01-03 20:00:00,0.0
2021-01-03 21:00:00,0.0
2021-01-03 22:00:00,0.0
2021-01-03 23:00:00,0.0
2021-01-04 00:00:00,0.0
2021-01-04 01:00:00,0.0
2021-01-04 02:00:00,0.0
2021-01-04 03:00:00,0.0
2021-01-04 04:00:00,0.0
2021-01-04 05:00:00,0.0
2021-01-04 06:00:00,0.07987000000000001
2021-01-04 07:00:00,0.26391000000000003
2021-01-04 08:00:00,0.49157
2021-01-04 09:00:00,0.67011
2021-01-04 10:00:00,0.75483
2021-01-04 11:00:00,0.7404400000000001
2021-01-04 12:00:00,0.66153
2021-01-04 13:00:00,0.50217
2021-01-04 14:00:00,0.55755
2021-01-04 15:00:00,0.41029000000000004
2021-01-04 16:00:00,0.23152
2021-01-04 17:00:00,0.08374
2021-01-04 18:00:00,0.019289999999999998
2021-01-04 19:00:00,0.0
2021-01-04 20:00:00,0.0
2021-01-04 21:00:00,0.0
2021-01-04 22:00:00,0.0
2021-01-04 23:00:00,0.0
2021-01-05 00:00:00,0.0
2021-01-05 01:00:00,0.0
2021-01-05 02:00:00,0.0
2021-01-05 03:00:00,0.0
2021-01-05 04:00:00,0.0
2021-01-05 05:00:00,0.0
2021-01-05 06:00:00,0.07153
2021-01-05 07:00:00,0.24963999999999997
2021-01-05 08:00:00,0.5175299999999999
2021-01-05 09:00:00,0.5923999999999999
2021-01-05 10:00:00,0.66906
2021-01-05 11:00:00,0.62524
2021-01-05 12:00:00,0.6376499999999999
2021-01-05 13:00:00,0.59149
2021-01-05 14:00:00,0.39715
2021-01-05 15:00:00,0.30221
2021-01-05 16:00:00,0.21030000000000001
2021-01-05 17:00:00,0.09397
2021-01-05 18:00:00,0.0047
2021-01-05 19:00:00,0.0
2021-01-05 20:00:00,0.0
2021-01-05 21:00:00,0.0
2021-01-05 22:00:00,0.0
2021-01-05 23:00:00,0.0
2021-01-06 00:00:00,0.0
2021-01-06 01:00:00,0.0
2021-01-06 02:00:00,0.0
2021-01-06 03:00:00,0.0
2021-01-06 04:00:00,0.0
2021-01-06 05:00:00,0.0
2021-01-06 06:00:00,0.04629
2021-01-06 07:00:00,0.25561
2021-01-06 08:00:00,0.48125999999999997
2021-01-06 09:00:00,0.55555
2021-01-06 10:00:00,0.53049
2021-01-06 11:00:00,0.6205
2021-01-06 12:00:00,0.69741
2021-01-06 13:00:00,0.60766
2021-01-06 14:00:00,0.52478
2021-01-06 15:00:00,0.25661
2021-01-06 16:00:00,0.02842
2021-01-06 17:00:00,0.01343
2021-01-06 18:00:00,0.00138
2021-01-06 19:00:00,0.0
2021-01-06 20:00:00,0.0
2021-01-06 21:00:00,0.0
2021-01-06 22:00:00,0.0
2021-01-06 23:00:00,0.0
2021-01-07 00:00:00,0.0
2021-01-07 01:00:00,0.0
2021-01-07 02:00:00,0.0
2021-01-07 03:00:00,0.0
2021-01-07 04:00:00,0.0
2021-01-07 05:00:00,0.0
2021-01-07 06:00:00,0.009980000000000001
2021-01-07 07:00:00,0.21735
2021-01-07 08:00:00,0.47202
2021-01-07 09:00:00,0.60022
2021-01-07 10:00:00,0.51337
2021-01-07 11:00:00,0.65039
2021-01-07 12:00:00,0.6316499999999999
2021-01-07 13:00:00,0.47223000000000004
2021-01-07 14:00:00,0.38115
2021-01-07 15:00:00,0.24364
2021-01-07 16:00:00,0.04872
2021-01-07 17:00:00,0.013460000000000001
2021-01-07 18:00:00,0.00139
2021-01-07 19:00:00,0.0
2021-01-07 20:00:00,0.0
2021-01-07 21:00:00,0.0
2021-01-07 22:00:00,0.0
2021-01-07 23:00:00,0.0
2021-01-08 00:00:00,0.0
2021-01-08 01:00:00,0.0
2021-01-08 02:00:00,0.0
2021-01-08 03:00:00,0.0
2021-01-08 04:00:00,0.0
2021-01-08 05:00:00,0.0
2021-01-08 06:00:00,0.07147
2021-01-08 07:00:00,0.14186
2021-01-08 08:00:00,0.24251
2021-01-08 09:00:00,0.30393000000000003
2021-01-08 10:00:00,0.40772
2021-01-08 11:00:00,0.44326
2021-01-08 12:00:00,0.48508999999999997
2021-01-08 13:00:00,0.52806
2021-01-08 14:00:00,0.54198
2021-01-08 15:00:00,0.38922
2021-01-08 16:00:00,0.21446
2021-01-08 17:00:00,0.013519999999999999
2021-01-08 18:00:00,0.00139
2021-01-08 19:00:00,0.0
2021-01-08 20:00:00,0.0
2021-01-08 21:00:00,0.0
2021-01-08 22:00:00,0.0
2021-01-08 23:00:00,0.0
2021-01-09 00:00:00,0.0
2021-01-09 01:00:00,0.0
2021-01-09 02:00:00,0.0
2021-01-09 03:00:00,0.0
2021-01-09 04:00:00,0.0
2021-01-09 05:00:00,0.0
2021-01-09 06:00:00,0.0074800000000000005
2021-01-09 07:00:00,0.20123
2021-01-09 08:00:00,0.23141
2021-01-09 09:00:00,0.40296
2021-01-09 10:00:00,0.6349400000000001
2021-01-09 11:00:00,0.40301
2021-01-09 12:00:00,0.62787
2021-01-09 13:00:00,0.5843200000000001
2021-01-09 14:00:00,0.53204
2021-01-09 15:00:00,0.06561
2021-01-09 16:00:00,0.04328
2021-01-09 17:00:00,0.07573
2021-01-09 18:00:00,0.00183
2021-01-09 19:00:00,0.0
2021-01-09 20:00:00,0.0
2021-01-09 21:00:00,0.0
2021-01-09 22:00:00,0.0
2021-01-09 23:00:00,0.0
2021-01-10 00:00:00,0.0
2021-01-10 01:00:00,0.0
2021-01-10 02:00:00,0.0
2021-01-10 03:00:00,0.0
2021-01-10 04:00:00,0.0
2021-01-10 05:00:00,0.0
2021-01-10 06:00:00,0.04665
2021-01-10 07:00:00,0.03567
2021-01-10 08:00:00,0.26167
2021-01-10 09:00:00,0.61481
2021-01-10 10:00:00,0.65646
2021-01-10 11:00:00,0.5304
2021-01-10 12:00:00,0.62824
2021-01-10 13:00:00,0.54722
2021-01-10 14:00:00,0.13082
2021-01-10 15:00:00,0.04232
2021-01-10 16:00:00,0.028489999999999998
2021-01-10 17:00:00,0.01421
2021-01-10 18:00:00,0.00183
2021-01-10 19:00:00,0.0
2021-01-10 20:00:00,0.0
2021-01-10 21:00:00,0.0
2021-01-10 22:00:00,0.0
2021-01-10 23:00:00,0.0
2021-01-11 00:00:00,0.0
2021-01-11 01:00:00,0.0
2021-01-11 02:00:00,0.0
2021-01-11 03:00:00,0.0
2021-01-11 04:00:00,0.0
2021-01-11 05:00:00,0.0
2021-01-11 06:00:00,0.060340000000000005
2021-01-11 07:00:00,0.23253000000000001
2021-01-11 08:00:00,0.35923
2021-01-11 09:00:00,0.36647
2021-01-11 10:00:00,0.5262
2021-01-11 11:00:00,0.54372
2021-01-11 12:00:00,0.45954
2021-01-11 13:00:00,0.37172000000000005
2021-01-11 14:00:00,0.33768
2021-01-11 15:00:00,0.31545
2021-01-11 16:00:00,0.10586
2021-01-11 17:00:00,0.01411
2021-01-11 18:00:00,0.00181
2021-01-11 19:00:00,0.0
2021-01-11 20:00:00,0.0
2021-01-11 21:00:00,0.0
2021-01-11 22:00:00,0.0
2021-01-11 23:00:00,0.0
2021-01-12 00:00:00,0.0
2021-01-12 01:00:00,0.0
2021-01-12 02:00:00,0.0
2021-01-12 03:00:00,0.0
2021-01-12 04:00:00,0.0
2021-01-12 05:00:00,0.0
2021-01-12 06:00:00,0.00035
2021-01-12 07:00:00,0.0313
2021-01-12 08:00:00,0.23543
2021-01-12 09:00:00,0.38773
2021-01-12 10:00:00,0.47914999999999996
2021-01-12 11:00:00,0.58393
2021-01-12 12:00:00,0.51752
2021-01-12 13:00:00,0.59482
2021-01-12 14:00:00,0.1015
2021-01-12 15:00:00,0.1075
2021-01-12 16:00:00,0.08653
2021-01-12 17:00:00,0.01405
2021-01-12 18:00:00,0.0018
2021-01-12 19:00:00,0.0
2021-01-12 20:00:00,0.0
2021-01-12 21:00:00,0.0
2021-01-12 22:00:00,0.0
2021-01-12 23:00:00,0.0
2021-01-13 00:00:00,0.0
2021-01-13 01:00:00,0.0
2021-01-13 02:00:00,0.0
2021-01-13 03:00:00,0.0
2021-01-13 04:00:00,0.0
2021-01-13 05:00:00,0.0
2021-01-13 06:00:00,0.03475
2021-01-13 07:00:00,0.27886
2021-01-13 08:00:00,0.43211
2021-01-13 09:00:00,0.29573
2021-01-13 10:00:00,0.39951
2021-01-13 11:00:00,0.54137
2021-01-13 12:00:00,0.45117
2021-01-13 13:00:00,0.40896
2021-01-13 14:00:00,0.3163
2021-01-13 15:00:00,0.046729999999999994
2021-01-13 16:00:00,0.03446
2021-01-13 17:00:00,0.014240000000000001
2021-01-13 18:00:00,0.00183
2021-01-13 19:00:00,0.0
2021-01-13 20:00:00,0.0
2021-01-13 21:00:00,0.0
2021-01-13 22:00:00,0.0
2021-01-13 23:00:00,0.0
2021-01-14 00:00:00,0.0
2021-01-14 01:00:00,0.0
2021-01-14 02:00:00,0.0
2021-01-14 03:00:00,0.0
2021-01-14 04:00:00,0.0
2021-01-14 05:00:00,0.0
2021-01-14 06:00:00,0.01
2021-01-14 07:00:00,0.08782999999999999
2021-01-14 08:00:00,0.2667
2021-01-14 09:00:00,0.40108
2021-01-14 10:00:00,0.46531
2021-01-14 11:00:00,0.6216799999999999
2021-01-14 12:00:00,0.5362899999999999
2021-01-14 13:00:00,0.50181
2021-01-14 14:00:00,0.5662
2021-01-14 15:00:00,0.10747
2021-01-14 16:00:00,0.06854
2021-01-14 17:00:00,0.07984999999999999
2021-01-14 18:00:00,0.0366
2021-01-14 19:00:00,0.0
2021-01-14 20:00:00,0.0
2021-01-14 21:00:00,0.0
2021-01-14 22:00:00,0.0
2021-01-14 23:00:00,0.0
2021-01-15 00:00:00,0.0
2021-01-15 01:00:00,0.0
2021-01-15 02:00:00,0.0
2021-01-15 03:00:00,0.0
2021-01-15 04:00:00,0.0
2021-01-15 05:00:00,0.0
2021-01-15 06:00:00,0.03603
2021-01-15 07:00:00,0.11976
2021-01-15 08:00:00,0.43192
2021-01-15 09:00:00,0.49107
2021-01-15 10:00:00,0.5824
2021-01-15 11:00:00,0.5271699999999999
2021-01-15 12:00:00,0.60688
2021-01-15 13:00:00,0.391
2021-01-15 14:00:00,0.10389
2021-01-15 15:00:00,0.04324
2021-01-15 16:00:00,0.08176
2021-01-15 17:00:00,0.01428
2021-01-15 18:00:00,0.00183
2021-01-15 19:00:00,0.0
2021-01-15 20:00:00,0.0
2021-01-15 21:00:00,0.0
2021-01-15 22:00:00,0.0
2021-01-15 23:00:00,0.0
2021-01-16 00:00:00,0.0
2021-01-16 01:00:00,0.0
2021-01-16 02:00:00,0.0
2021-01-16 03:00:00,0.0
2021-01-16 04:00:00,0.0
2021-01-16 05:00:00,0.0
2021-01-16 06:00:00,0.03188
2021-01-16 07:00:00,0.27851
2021-01-16 08:00:00,0.43438
2021-01-16 09:00:00,0.50298
2021-01-16 10:00:00,0.58014
2021-01-16 11:00:00,0.6862
2021-01-16 12:00:00,0.6049
2021-01-16 13:00:00,0.51577
2021-01-16 14:00:00,0.57236
2021-01-16 15:00:00,0.41908
2021-01-16 16:00:00,0.22581
2021-01-16 17:00:00,0.07102
2021-01-16 18:00:00,0.00181
2021-01-16 19:00:00,0.0
2021-01-16 20:00:00,0.0
2021-01-16 21:00:00,0.0
2021-01-16 22:00:00,0.0
2021-01-16 23:00:00,0.0
2021-01-17 00:00:00,0.0
2021-01-17 01:00:00,0.0
2021-01-17 02:00:00,0.0
2021-01-17 03:00:00,0.0
2021-01-17 04:00:00,0.0
2021-01-17 05:00:00,0.0
2021-01-17 06:00:00,0.02786
2021-01-17 07:00:00,0.13438999999999998
2021-01-17 08:00:00,0.18172
2021-01-17 09:00:00,0.1275
2021-01-17 10:00:00,0.33247000000000004
2021-01-17 11:00:00,0.14383
2021-01-17 12:00:00,0.6362599999999999
2021-01-17 13:00:00,0.54403
2021-01-17 14:00:00,0.44436000000000003
2021-01-17 15:00:00,0.15985
2021-01-17 16:00:00,0.22588999999999998
2021-01-17 17:00:00,0.043429999999999996
2021-01-17 18:00:00,0.0022299999999999998
2021-01-17 19:00:00,0.0
2021-01-17 20:00:00,0.0
2021-01-17 21:00:00,0.0
2021-01-17 22:00:00,0.0
2021-01-17 23:00:00,0.0
2021-01-18 00:00:00,0.0
2021-01-18 01:00:00,0.0
2021-01-18 02:00:00,0.0
2021-01-18 03:00:00,0.0
2021-01-18 04:00:00,0.0
2021-01-18 05:00:00,0.0
2021-01-18 06:00:00,0.01634
2021-01-18 07:00:00,0.033479999999999996
2021-01-18 08:00:00,0.06983
2021-01-18 09:00:00,0.33475
2021-01-18 10:00:00,0.69101
2021-01-18 11:00:00,0.62489
2021-01-18 12:00:00,0.60362
2021-01-18 13:00:00,0.6771699999999999
2021-01-18 14:00:00,0.5703400000000001
2021-01-18 15:00:00,0.41404
2021-01-18 16:00:00,0.24156
2021-01-18 17:00:00,0.09961
2021-01-18 18:00:00,0.03651
2021-01-18 19:00:00,0.0
2021-01-18 20:00:00,0.0
2021-01-18 21:00:00,0.0
2021-01-18 22:00:00,0.0
2021-01-18 23:00:00,0.0
2021-01-19 00:00:00,0.0
2021-01-19 01:00:00,0.0
2021-01-19 02:00:00,0.0
2021-01-19 03:00:00,0.0
2021-01-19 04:00:00,0.0
2021-01-19 05:00:00,0.0
2021-01-19 06:00:00,0.0
2021-01-19 07:00:00,0.06619
2021-01-19 08:00:00,0.18206
2021-01-19 09:00:00,0.6129199999999999
2021-01-19 10:00:00,0.70638
2021-01-19 11:00:00,0.73438
2021-01-19 12:00:00,0.77118
2021-01-19 13:00:00,0.54655
2021-01-19 14:00:00,0.4159
2021-01-19 15:00:00,0.29937
2021-01-19 16:00:00,0.24384
2021-01-19 17:00:00,0.07554000000000001
2021-01-19 18:00:00,0.03261
2021-01-19 19:00:00,0.0
2021-01-19 20:00:00,0.0
2021-01-19 21:00:00,0.0
2021-01-19 22:00:00,0.0
2021-01-19 23:00:00,0.0
2021-01-20 00:00:00,0.0
2021-01-20 01:00:00,0.0
2021-01-20 02:00:00,0.0
2021-01-20 03:00:00,0.0
2021-01-20 04:00:00,0.0
2021-01-20 05:00:00,0.0
2021-01-20 06:00:00,0.01704
2021-01-20 07:00:00,0.25835
2021-01-20 08:00:00,0.48119
2021-01-20 09:00:00,0.6478400000000001
2021-01-20 10:00:00,0.7251299999999999
2021-01-20 11:00:00,0.72275
2021-01-20 12:00:00,0.75034
2021-01-20 13:00:00,0.7132200000000001
2021-01-20 14:00:00,0.5442100000000001
2021-01-20 15:00:00,0.41145
2021-01-20 16:00:00,0.24497
2021-01-20 17:00:00,0.05386
2021-01-20 18:00:00,0.03226
2021-01-20 19:00:00,0.0
2021-01-20 20:00:00,0.0
2021-01-20 21:00:00,0.0
2021-01-20 22:00:00,0.0
2021-01-20 23:00:00,0.0
2021-01-21 00:00:00,0.0
2021-01-21 01:00:00,0.0
2021-01-21 02:00:00,0.0
2021-01-21 03:00:00,0.0
2021-01-21 04:00:00,0.0
2021-01-21 05:00:00,0.0
2021-01-21 06:00:00,0.01573
2021-01-21 07:00:00,0.27418
2021-01-21 08:00:00,0.47886
2021-01-21 09:00:00,0.57888
2021-01-21 10:00:00,0.63188
2021-01-21 11:00:00,0.69574
2021-01-21 12:00:00,0.6859700000000001
2021-01-21 13:00:00,0.67659
2021-01-21 14:00:00,0.5568200000000001
2021-01-21 15:00:00,0.35094
2021-01-21 16:00:00,0.23571
2021-01-21 17:00:00,0.11861
2021-01-21 18:00:00,0.01026
2021-01-21 19:00:00,0.0
2021-01-21 20:00:00,0.0
2021-01-21 21:00:00,0.0
2021-01-21 22:00:00,0.0
2021-01-21 23:00:00,0.0
2021-01-22 00:00:00,0.0
2021-01-22 01:00:00,0.0
2021-01-22 02:00:00,0.0
2021-01-22 03:00:00,0.0
2021-01-22 04:00:00,0.0
2021-01-22 05:00:00,0.0
2021-01-22 06:00:00,0.012580000000000001
2021-01-22 07:00:00,0.25615
2021-01-22 08:00:00,0.47626999999999997
2021-01-22 09:00:00,0.62993
2021-01-22 10:00:00,0.61836
2021-01-22 11:00:00,0.62054
2021-01-22 12:00:00,0.75986
2021-01-22 13:00:00,0.70694
2021-01-22 14:00:00,0.5489400000000001
2021-01-22 15:00:00,0.39292
2021-01-22 16:00:00,0.18978
2021-01-22 17:00:00,0.06053
2021-01-22 18:00:00,0.03539
2021-01-22 19:00:00,0.0
2021-01-22 20:00:00,0.0
2021-01-22 21:00:00,0.0
2021-01-22 22:00:00,0.0
2021-01-22 23:00:00,0.0
2021-01-23 00:00:00,0.0
2021-01-23 01:00:00,0.0
2021-01-23 02:00:00,0.0
2021-01-23 03:00:00,0.0
2021-01-23 04:00:00,0.0
2021-01-23 05:00:00,0.0
2021-01-23 06:00:00,0.013890000000000001
2021-01-23 07:00:00,0.26722
2021-01-23 08:00:00,0.4707
2021-01-23 09:00:00,0.61272
2021-01-23 10:00:00,0.7017899999999999
2021-01-23 11:00:00,0.74859
2021-01-23 12:00:00,0.75299
2021-01-23 13:00:00,0.6808200000000001
2021-01-23 14:00:00,0.5576599999999999
2021-01-23 15:00:00,0.4147
2021-01-23 16:00:00,0.11682
2021-01-23 17:00:00,0.01467
2021-01-23 18:00:00,0.0017900000000000001
2021-01-23 19:00:00,0.0
2021-01-23 20:00:00,0.0
2021-01-23 21:00:00,0.0
2021-01-23 22:00:00,0.0
2021-01-23 23:00:00,0.0
2021-01-24 00:00:00,0.0
2021-01-24 01:00:00,0.0
2021-01-24 02:00:00,0.0
2021-01-24 03:00:00,0.0
2021-01-24 04:00:00,0.0
2021-01-24 05:00:00,0.0
2021-01-24 06:00:00,0.01256
2021-01-24 07:00:00,0.23792
2021-01-24 08:00:00,0.44308
2021-01-24 09:00:00,0.61462
2021-01-24 10:00:00,0.70094
2021-01-24 11:00:00,0.68383
2021-01-24 12:00:00,0.6308400000000001
2021-01-24 13:00:00,0.65097
2021-01-24 14:00:00,0.41343
2021-01-24 15:00:00,0.26416
2021-01-24 16:00:00,0.06911
2021-01-24 17:00:00,0.03864
2021-01-24 18:00:00,0.00692
2021-01-24 19:00:00,0.0
2021-01-24 20:00:00,0.0
2021-01-24 21:00:00,0.0
2021-01-24 22:00:00,0.0
2021-01-24 23:00:00,0.0
2021-01-25 00:00:00,0.0
2021-01-25 01:00:00,0.0
2021-01-25 02:00:00,0.0
2021-01-25 03:00:00,0.0
2021-01-25 04:00:00,0.0
2021-01-25 05:00:00,0.0
2021-01-25 06:00:00,0.01196
2021-01-25 07:00:00,0.20765
2021-01-25 08:00:00,0.41268
2021-01-25 09:00:00,0.5396799999999999
2021-01-25 10:00:00,0.5931799999999999
2021-01-25 11:00:00,0.78613
2021-01-25 12:00:00,0.79515
2021-01-25 13:00:00,0.7283099999999999
2021-01-25 14:00:00,0.55764
2021-01-25 15:00:00,0.37178
2021-01-25 16:00:00,0.14316
2021-01-25 17:00:00,0.01401
2021-01-25 18:00:00,0.00574
2021-01-25 19:00:00,0.0
2021-01-25 20:00:00,0.0
2021-01-25 21:00:00,0.0
2021-01-25 22:00:00,0.0
2021-01-25 23:00:00,0.0
2021-01-26 00:00:00,0.0
2021-01-26 01:00:00,0.0
2021-01-26 02:00:00,0.0
2021-01-26 03:00:00,0.0
2021-01-26 04:00:00,0.0
2021-01-26 05:00:00,0.0
2021-01-26 06:00:00,0.012539999999999999
2021-01-26 07:00:00,0.07690999999999999
2021-01-26 08:00:00,0.26682
2021-01-26 09:00:00,0.34248
2021-01-26 10:00:00,0.69429
2021-01-26 11:00:00,0.58309
2021-01-26 12:00:00,0.7045399999999999
2021-01-26 13:00:00,0.48614999999999997
2021-01-26 14:00:00,0.44195
2021-01-26 15:00:00,0.39457
2021-01-26 16:00:00,0.21750999999999998
2021-01-26 17:00:00,0.11445999999999999
2021-01-26 18:00:00,0.02841
2021-01-26 19:00:00,0.0
2021-01-26 20:00:00,0.0
2021-01-26 21:00:00,0.0
2021-01-26 22:00:00,0.0
2021-01-26 23:00:00,0.0
2021-01-27 00:00:00,0.0
2021-01-27 01:00:00,0.0
2021-01-27 02:00:00,0.0
2021-01-27 03:00:00,0.0
2021-01-27 04:00:00,0.0
2021-01-27 05:00:00,0.0
2021-01-27 06:00:00,0.01007
2021-01-27 07:00:00,0.26295999999999997
2021-01-27 08:00:00,0.43801999999999996
2021-01-27 09:00:00,0.49373
2021-01-27 10:00:00,0.68561
2021-01-27 11:00:00,0.79825
2021-01-27 12:00:00,0.79572
2021-01-27 13:00:00,0.7338
2021-01-27 14:00:00,0.58439
2021-01-27 15:00:00,0.44524
2021-01-27 16:00:00,0.24418
2021-01-27 17:00:00,0.07156
2021-01-27 18:00:00,0.033600000000000005
2021-01-27 19:00:00,0.0
2021-01-27 20:00:00,0.0
2021-01-27 21:00:00,0.0
2021-01-27 22:00:00,0.0
2021-01-27 23:00:00,0.0
2021-01-28 00:00:00,0.0
2021-01-28 01:00:00,0.0
2021-01-28 02:00:00,0.0
2021-01-28 03:00:00,0.0
2021-01-28 04:00:00,0.0
2021-01-28 05:00:00,0.0
2021-01-28 06:00:00,0.01069
2021-01-28 07:00:00,0.19863999999999998
2021-01-28 08:00:00,0.44886000000000004
2021-01-28 09:00:00,0.5325
2021-01-28 10:00:00,0.50645
2021-01-28 11:00:00,0.71826
2021-01-28 12:00:00,0.72494
2021-01-28 13:00:00,0.6978
2021-01-28 14:00:00,0.53049
2021-01-28 15:00:00,0.39782
2021-01-28 16:00:00,0.24531999999999998
2021-01-28 17:00:00,0.01905
2021-01-28 18:00:00,0.00175
2021-01-28 19:00:00,0.0
2021-01-28 20:00:00,0.0
2021-01-28 21:00:00,0.0
2021-01-28 22:00:00,0.0
2021-01-28 23:00:00,0.0
2021-01-29 00:00:00,0.0
2021-01-29 01:00:00,0.0
2021-01-29 02:00:00,0.0
2021-01-29 03:00:00,0.0
2021-01-29 04:00:00,0.0
2021-01-29 05:00:00,0.0
2021-01-29 06:00:00,0.01068
2021-01-29 07:00:00,0.26415
2021-01-29 08:00:00,0.48120999999999997
2021-01-29 09:00:00,0.6364500000000001
2021-01-29 10:00:00,0.7577999999999999
2021-01-29 11:00:00,0.70637
2021-01-29 12:00:00,0.58733
2021-01-29 13:00:00,0.57632
2021-01-29 14:00:00,0.47737999999999997
2021-01-29 15:00:00,0.40688
2021-01-29 16:00:00,0.25195
2021-01-29 17:00:00,0.056659999999999995
2021-01-29 18:00:00,0.026789999999999998
2021-01-29 19:00:00,0.0
2021-01-29 20:00:00,0.0
2021-01-29 21:00:00,0.0
2021-01-29 22:00:00,0.0
2021-01-29 23:00:00,0.0
2021-01-30 00:00:00,0.0
2021-01-30 01:00:00,0.0
2021-01-30 02:00:00,0.0
2021-01-30 03:00:00,0.0
2021-01-30 04:00:00,0.0
2021-01-30 05:00:00,0.0
2021-01-30 06:00:00,0.00936
2021-01-30 07:00:00,0.25891000000000003
2021-01-30 08:00:00,0.41279000000000005
2021-01-30 09:00:00,0.63162
2021-01-30 10:00:00,0.7549
2021-01-30 11:00:00,0.72429
2021-01-30 12:00:00,0.69821
2021-01-30 13:00:00,0.67501
2021-01-30 14:00:00,0.6045499999999999
2021-01-30 15:00:00,0.40532999999999997
2021-01-30 16:00:00,0.24941999999999998
2021-01-30 17:00:00,0.04316
2021-01-30 18:00:00,0.032780000000000004
2021-01-30 19:00:00,0.0
2021-01-30 20:00:00,0.0
2021-01-30 21:00:00,0.0
2021-01-30 22:00:00,0.0
2021-01-30 23:00:00,0.0
2021-01-31 00:00:00,0.0
2021-01-31 01:00:00,0.0
2021-01-31 02:00:00,0.0
2021-01-31 03:00:00,0.0
2021-01-31 04:00:00,0.0
2021-01-31 05:00:00,0.0
2021-01-31 06:00:00,0.008199999999999999
2021-01-31 07:00:00,0.28442
2021-01-31 08:00:00,0.47314
2021-01-31 09:00:00,0.6353099999999999
2021-01-31 10:00:00,0.73911
2021-01-31 11:00:00,0.7841
2021-01-31 12:00:00,0.6670900000000001
2021-01-31 13:00:00,0.72953
2021-01-31 14:00:00,0.60596
2021-01-31 15:00:00,0.43505
2021-01-31 16:00:00,0.21956
2021-01-31 17:00:00,0.013699999999999999
2021-01-31 18:00:00,0.00173
2021-01-31 19:00:00,0.0
2021-01-31 20:00:00,0.0
2021-01-31 21:00:00,0.0
2021-01-31 22:00:00,0.0
2021-01-31 23:00:00,0.0
2021-02-01 00:00:00,0.0
2021-02-01 01:00:00,0.0
2021-02-01 02:00:00,0.0
2021-02-01 03:00:00,0.0
2021-02-01 04:00:00,0.0
2021-02-01 05:00:00,0.0
2021-02-01 06:00:00,0.00101
2021-02-01 07:00:00,0.07315
2021-02-01 08:00:00,0.11747
2021-02-01 09:00:00,0.35235
2021-02-01 10:00:00,0.73572
2021-02-01 11:00:00,0.71629
2021-02-01 12:00:00,0.7697
2021-02-01 13:00:00,0.72139
2021-02-01 14:00:00,0.58531
2021-02-01 15:00:00,0.28770999999999997
2021-02-01 16:00:00,0.06869
2021-02-01 17:00:00,0.01417
2021-02-01 18:00:00,0.00139
2021-02-01 19:00:00,0.0
2021-02-01 20:00:00,0.0
2021-02-01 21:00:00,0.0
2021-02-01 22:00:00,0.0
2021-02-01 23:00:00,0.0
2021-02-02 00:00:00,0.0
2021-02-02 01:00:00,0.0
2021-02-02 02:00:00,0.0
2021-02-02 03:00:00,0.0
2021-02-02 04:00:00,0.0
2021-02-02 05:00:00,0.0
2021-02-02 06:00:00,0.00598
2021-02-02 07:00:00,0.09552
2021-02-02 08:00:00,0.32907
2021-02-02 09:00:00,0.621
2021-02-02 10:00:00,0.6975
2021-02-02 11:00:00,0.76335
2021-02-02 12:00:00,0.7315900000000001
2021-02-02 13:00:00,0.3668
2021-02-02 14:00:00,0.50374
2021-02-02 15:00:00,0.40219
2021-02-02 16:00:00,0.18894999999999998
2021-02-02 17:00:00,0.01422
2021-02-02 18:00:00,0.00139
2021-02-02 19:00:00,0.0
2021-02-02 20:00:00,0.0
2021-02-02 21:00:00,0.0
2021-02-02 22:00:00,0.0
2021-02-02 23:00:00,0.0
2021-02-03 00:00:00,0.0
2021-02-03 01:00:00,0.0
2021-02-03 02:00:00,0.0
2021-02-03 03:00:00,0.0
2021-02-03 04:00:00,0.0
2021-02-03 05:00:00,0.0
2021-02-03 06:00:00,0.00717
2021-02-03 07:00:00,0.27618
2021-02-03 08:00:00,0.48699000000000003
2021-02-03 09:00:00,0.64134
2021-02-03 10:00:00,0.7070599999999999
2021-02-03 11:00:00,0.69986
2021-02-03 12:00:00,0.57985
2021-02-03 13:00:00,0.6397200000000001
2021-02-03 14:00:00,0.55264
2021-02-03 15:00:00,0.40925
2021-02-03 16:00:00,0.21187999999999999
2021-02-03 17:00:00,0.08584
2021-02-03 18:00:00,0.00136
2021-02-03 19:00:00,0.0
2021-02-03 20:00:00,0.0
2021-02-03 21:00:00,0.0
2021-02-03 22:00:00,0.0
2021-02-03 23:00:00,0.0
2021-02-04 00:00:00,0.0
2021-02-04 01:00:00,0.0
2021-02-04 02:00:00,0.0
2021-02-04 03:00:00,0.0
2021-02-04 04:00:00,0.0
2021-02-04 05:00:00,0.0
2021-02-04 06:00:00,0.00653
2021-02-04 07:00:00,0.26952
2021-02-04 08:00:00,0.4717
2021-02-04 09:00:00,0.63574
2021-02-04 10:00:00,0.7430399999999999
2021-02-04 11:00:00,0.7590800000000001
2021-02-04 12:00:00,0.64254
2021-02-04 13:00:00,0.62763
2021-02-04 14:00:00,0.58712
2021-02-04 15:00:00,0.45607
2021-02-04 16:00:00,0.22424000000000002
2021-02-04 17:00:00,0.055240000000000004
2021-02-04 18:00:00,0.02572
2021-02-04 19:00:00,0.0
2021-02-04 20:00:00,0.0
2021-02-04 21:00:00,0.0
2021-02-04 22:00:00,0.0
2021-02-04 23:00:00,0.0
2021-02-05 00:00:00,0.0
2021-02-05 01:00:00,0.0
2021-02-05 02:00:00,0.0
2021-02-05 03:00:00,0.0
2021-02-05 04:00:00,0.0
2021-02-05 05:00:00,0.0
2021-02-05 06:00:00,0.00379
2021-02-05 07:00:00,0.2762
2021-02-05 08:00:00,0.18108000000000002
2021-02-05 09:00:00,0.38279
2021-02-05 10:00:00,0.44777999999999996
2021-02-05 11:00:00,0.59774
2021-02-05 12:00:00,0.5105
2021-02-05 13:00:00,0.11639000000000001
2021-02-05 14:00:00,0.06874
2021-02-05 15:00:00,0.04262
2021-02-05 16:00:00,0.0285
2021-02-05 17:00:00,0.02025
2021-02-05 18:00:00,0.0014
2021-02-05 19:00:00,0.0
2021-02-05 20:00:00,0.0
2021-02-05 21:00:00,0.0
2021-02-05 22:00:00,0.0
2021-02-05 23:00:00,0.0
2021-02-06 00:00:00,0.0
2021-02-06 01:00:00,0.0
2021-02-06 02:00:00,0.0
2021-02-06 03:00:00,0.0
2021-02-06 04:00:00,0.0
2021-02-06 05:00:00,0.0
2021-02-06 06:00:00,0.0
2021-02-06 07:00:00,0.13222
2021-02-06 08:00:00,0.22513999999999998
2021-02-06 09:00:00,0.14373
2021-02-06 10:00:00,0.11516
2021-02-06 11:00:00,0.47275
2021-02-06 12:00:00,0.70466
2021-02-06 13:00:00,0.56052
2021-02-06 14:00:00,0.5727000000000001
2021-02-06 15:00:00,0.16044999999999998
2021-02-06 16:00:00,0.20981
2021-02-06 17:00:00,0.04351
2021-02-06 18:00:00,0.032119999999999996
2021-02-06 19:00:00,0.0
2021-02-06 20:00:00,0.0
2021-02-06 21:00:00,0.0
2021-02-06 22:00:00,0.0
2021-02-06 23:00:00,0.0
2021-02-07 00:00:00,0.0
2021-02-07 01:00:00,0.0
2021-02-07 02:00:00,0.0
2021-02-07 03:00:00,0.0
2021-02-07 04:00:00,0.0
2021-02-07 05:00:00,0.0
2021-02-07 06:00:00,0.0028799999999999997
2021-02-07 07:00:00,0.08594
2021-02-07 08:00:00,0.11123999999999999
2021-02-07 09:00:00,0.32095999999999997
2021-02-07 10:00:00,0.76427
2021-02-07 11:00:00,0.81143
2021-02-07 12:00:00,0.7490399999999999
2021-02-07 13:00:00,0.5704400000000001
2021-02-07 14:00:00,0.32974000000000003
2021-02-07 15:00:00,0.45588999999999996
2021-02-07 16:00:00,0.25304
2021-02-07 17:00:00,0.01714
2021-02-07 18:00:00,0.00766
2021-02-07 19:00:00,0.0
2021-02-07 20:00:00,0.0
2021-02-07 21:00:00,0.0
2021-02-07 22:00:00,0.0
2021-02-07 23:00:00,0.0
2021-02-08 00:00:00,0.0
2021-02-08 01:00:00,0.0
2021-02-08 02:00:00,0.0
2021-02-08 03:00:00,0.0
2021-02-08 04:00:00,0.0
2021-02-08 05:00:00,0.0
2021-02-08 06:00:00,0.00441
2021-02-08 07:00:00,0.22829
2021-02-08 08:00:00,0.40438999999999997
2021-02-08 09:00:00,0.6279600000000001
2021-02-08 10:00:00,0.70639
2021-02-08 11:00:00,0.68048
2021-02-08 12:00:00,0.5778
2021-02-08 13:00:00,0.48773
2021-02-08 14:00:00,0.34792
2021-02-08 15:00:00,0.27311
2021-02-08 16:00:00,0.02991
2021-02-08 17:00:00,0.01446
2021-02-08 18:00:00,0.00708
2021-02-08 19:00:00,0.0
2021-02-08 20:00:00,0.0
2021-02-08 21:00:00,0.0
2021-02-08 22:00:00,0.0
2021-02-08 23:00:00,0.0
2021-02-09 00:00:00,0.0
2021-02-09 01:00:00,0.0
2021-02-09 02:00:00,0.0
2021-02-09 03:00:00,0.0
2021-02-09 04:00:00,0.0
2021-02-09 05:00:00,0.0
2021-02-09 06:00:00,0.0039
2021-02-09 07:00:00,0.28584
2021-02-09 08:00:00,0.49572000000000005
2021-02-09 09:00:00,0.6481699999999999
2021-02-09 10:00:00,0.6208400000000001
2021-02-09 11:00:00,0.68238
2021-02-09 12:00:00,0.61537
2021-02-09 13:00:00,0.44697000000000003
2021-02-09 14:00:00,0.09038
2021-02-09 15:00:00,0.46523000000000003
2021-02-09 16:00:00,0.19162
2021-02-09 17:00:00,0.01443
2021-02-09 18:00:00,0.0014299999999999998
2021-02-09 19:00:00,0.0
2021-02-09 20:00:00,0.0
2021-02-09 21:00:00,0.0
2021-02-09 22:00:00,0.0
2021-02-09 23:00:00,0.0
2021-02-10 00:00:00,0.0
2021-02-10 01:00:00,0.0
2021-02-10 02:00:00,0.0
2021-02-10 03:00:00,0.0
2021-02-10 04:00:00,0.0
2021-02-10 05:00:00,0.0
2021-02-10 06:00:00,0.0019199999999999998
2021-02-10 07:00:00,0.14779
2021-02-10 08:00:00,0.25507
2021-02-10 09:00:00,0.58308
2021-02-10 10:00:00,0.74962
2021-02-10 11:00:00,0.72357
2021-02-10 12:00:00,0.6417999999999999
2021-02-10 13:00:00,0.6468200000000001
2021-02-10 14:00:00,0.59305
2021-02-10 15:00:00,0.41608
2021-02-10 16:00:00,0.25547
2021-02-10 17:00:00,0.11556999999999999
2021-02-10 18:00:00,0.02646
2021-02-10 19:00:00,0.0
2021-02-10 20:00:00,0.0
2021-02-10 21:00:00,0.0
2021-02-10 22:00:00,0.0
2021-02-10 23:00:00,0.0
2021-02-11 00:00:00,0.0
2021-02-11 01:00:00,0.0
2021-02-11 02:00:00,0.0
2021-02-11 03:00:00,0.0
2021-02-11 04:00:00,0.0
2021-02-11 05:00:00,0.0
2021-02-11 06:00:00,0.0
2021-02-11 07:00:00,0.11441
2021-02-11 08:00:00,0.47516
2021-02-11 09:00:00,0.38451
2021-02-11 10:00:00,0.67028
2021-02-11 11:00:00,0.6205499999999999
2021-02-11 12:00:00,0.55231
2021-02-11 13:00:00,0.34548
2021-02-11 14:00:00,0.20893
2021-02-11 15:00:00,0.17789
2021-02-11 16:00:00,0.09081
2021-02-11 17:00:00,0.01504
2021-02-11 18:00:00,0.00101
2021-02-11 19:00:00,0.0
2021-02-11 20:00:00,0.0
2021-02-11 21:00:00,0.0
2021-02-11 22:00:00,0.0
2021-02-11 23:00:00,0.0
2021-02-12 00:00:00,0.0
2021-02-12 01:00:00,0.0
2021-02-12 02:00:00,0.0
2021-02-12 03:00:00,0.0
2021-02-12 04:00:00,0.0
2021-02-12 05:00:00,0.0
2021-02-12 06:00:00,0.00065
2021-02-12 07:00:00,0.07978
2021-02-12 08:00:00,0.27188999999999997
2021-02-12 09:00:00,0.39554
2021-02-12 10:00:00,0.42524
2021-02-12 11:00:00,0.44539
2021-02-12 12:00:00,0.42957
2021-02-12 13:00:00,0.39175
2021-02-12 14:00:00,0.11115
2021-02-12 15:00:00,0.09173
2021-02-12 16:00:00,0.12638
2021-02-12 17:00:00,0.03315
2021-02-12 18:00:00,0.00228
2021-02-12 19:00:00,0.0
2021-02-12 20:00:00,0.0
2021-02-12 21:00:00,0.0
2021-02-12 22:00:00,0.0
2021-02-12 23:00:00,0.0
2021-02-13 00:00:00,0.0
2021-02-13 01:00:00,0.0
2021-02-13 02:00:00,0.0
2021-02-13 03:00:00,0.0
2021-02-13 04:00:00,0.0
2021-02-13 05:00:00,0.0
2021-02-13 06:00:00,0.0
2021-02-13 07:00:00,0.052590000000000005
2021-02-13 08:00:00,0.18233000000000002
2021-02-13 09:00:00,0.17144
2021-02-13 10:00:00,0.12685
2021-02-13 11:00:00,0.18663999999999997
2021-02-13 12:00:00,0.17876
2021-02-13 13:00:00,0.34027999999999997
2021-02-13 14:00:00,0.30965
2021-02-13 15:00:00,0.0659
2021-02-13 16:00:00,0.06445000000000001
2021-02-13 17:00:00,0.013099999999999999
2021-02-13 18:00:00,0.00101
2021-02-13 19:00:00,0.0
2021-02-13 20:00:00,0.0
2021-02-13 21:00:00,0.0
2021-02-13 22:00:00,0.0
2021-02-13 23:00:00,0.0
2021-02-14 00:00:00,0.0
2021-02-14 01:00:00,0.0
2021-02-14 02:00:00,0.0
2021-02-14 03:00:00,0.0
2021-02-14 04:00:00,0.0
2021-02-14 05:00:00,0.0
2021-02-14 06:00:00,0.0
2021-02-14 07:00:00,0.036109999999999996
2021-02-14 08:00:00,0.22308
2021-02-14 09:00:00,0.35166000000000003
2021-02-14 10:00:00,0.30895
2021-02-14 11:00:00,0.63203
2021-02-14 12:00:00,0.72299
2021-02-14 13:00:00,0.64176
2021-02-14 14:00:00,0.61199
2021-02-14 15:00:00,0.28026
2021-02-14 16:00:00,0.22
2021-02-14 17:00:00,0.10714
2021-02-14 18:00:00,0.0009699999999999999
2021-02-14 19:00:00,0.0
2021-02-14 20:00:00,0.0
2021-02-14 21:00:00,0.0
2021-02-14 22:00:00,0.0
2021-02-14 23:00:00,0.0
2021-02-15 00:00:00,0.0
2021-02-15 01:00:00,0.0
2021-02-15 02:00:00,0.0
2021-02-15 03:00:00,0.0
2021-02-15 04:00:00,0.0
2021-02-15 05:00:00,0.0
2021-02-15 06:00:00,0.0
2021-02-15 07:00:00,0.14709999999999998
2021-02-15 08:00:00,0.18543
2021-02-15 09:00:00,0.44638
2021-02-15 10:00:00,0.49939999999999996
2021-02-15 11:00:00,0.67303
2021-02-15 12:00:00,0.19682
2021-02-15 13:00:00,0.66455
2021-02-15 14:00:00,0.23406
2021-02-15 15:00:00,0.38595999999999997
2021-02-15 16:00:00,0.17368
2021-02-15 17:00:00,0.0402
2021-02-15 18:00:00,0.0193
2021-02-15 19:00:00,0.0
2021-02-15 20:00:00,0.0
2021-02-15 21:00:00,0.0
2021-02-15 22:00:00,0.0
2021-02-15 23:00:00,0.0
2021-02-16 00:00:00,0.0
2021-02-16 01:00:00,0.0
2021-02-16 02:00:00,0.0
2021-02-16 03:00:00,0.0
2021-02-16 04:00:00,0.0
2021-02-16 05:00:00,0.0
2021-02-16 06:00:00,0.0
2021-02-16 07:00:00,0.14107
2021-02-16 08:00:00,0.3695
2021-02-16 09:00:00,0.34113
2021-02-16 10:00:00,0.5961900000000001
2021-02-16 11:00:00,0.73241
2021-02-16 12:00:00,0.80253
2021-02-16 13:00:00,0.7068099999999999
2021-02-16 14:00:00,0.6271100000000001
2021-02-16 15:00:00,0.45204
2021-02-16 16:00:00,0.25283
2021-02-16 17:00:00,0.046770000000000006
2021-02-16 18:00:00,0.02299
2021-02-16 19:00:00,0.0
2021-02-16 20:00:00,0.0
2021-02-16 21:00:00,0.0
2021-02-16 22:00:00,0.0
2021-02-16 23:00:00,0.0
2021-02-17 00:00:00,0.0
2021-02-17 01:00:00,0.0
2021-02-17 02:00:00,0.0
2021-02-17 03:00:00,0.0
2021-02-17 04:00:00,0.0
2021-02-17 05:00:00,0.0
2021-02-17 06:00:00,0.0
2021-02-17 07:00:00,0.037399999999999996
2021-02-17 08:00:00,0.16732
2021-02-17 09:00:00,0.25861
2021-02-17 10:00:00,0.42088
2021-02-17 11:00:00,0.6844600000000001
2021-02-17 12:00:00,0.58362
2021-02-17 13:00:00,0.53107
2021-02-17 14:00:00,0.07844
2021-02-17 15:00:00,0.10867
2021-02-17 16:00:00,0.027739999999999997
2021-02-17 17:00:00,0.02094
2021-02-17 18:00:00,0.0006
2021-02-17 19:00:00,0.0
2021-02-17 20:00:00,0.0
2021-02-17 21:00:00,0.0
2021-02-17 22:00:00,0.0
2021-02-17 23:00:00,0.0
2021-02-18 00:00:00,0.0
2021-02-18 01:00:00,0.0
2021-02-18 02:00:00,0.0
2021-02-18 03:00:00,0.0
2021-02-18 04:00:00,0.0
2021-02-18 05:00:00,0.0
2021-02-18 06:00:00,0.0
2021-02-18 07:00:00,0.09387999999999999
2021-02-18 08:00:00,0.46775
2021-02-18 09:00:00,0.54038
2021-02-18 10:00:00,0.6213500000000001
2021-02-18 11:00:00,0.64608
2021-02-18 12:00:00,0.6552100000000001
2021-02-18 13:00:00,0.5860299999999999
2021-02-18 14:00:00,0.63881
2021-02-18 15:00:00,0.45831
2021-02-18 16:00:00,0.22593000000000002
2021-02-18 17:00:00,0.04882
2021-02-18 18:00:00,0.02454
2021-02-18 19:00:00,0.0
2021-02-18 20:00:00,0.0
2021-02-18 21:00:00,0.0
2021-02-18 22:00:00,0.0
2021-02-18 23:00:00,0.0
2021-02-19 00:00:00,0.0
2021-02-19 01:00:00,0.0
2021-02-19 02:00:00,0.0
2021-02-19 03:00:00,0.0
2021-02-19 04:00:00,0.0
2021-02-19 05:00:00,0.0
2021-02-19 06:00:00,0.0
2021-02-19 07:00:00,0.26350999999999997
2021-02-19 08:00:00,0.47044
2021-02-19 09:00:00,0.64081
2021-02-19 10:00:00,0.72572
2021-02-19 11:00:00,0.80757
2021-02-19 12:00:00,0.7639400000000001
2021-02-19 13:00:00,0.73411
2021-02-19 14:00:00,0.6405700000000001
2021-02-19 15:00:00,0.45376
2021-02-19 16:00:00,0.25075
2021-02-19 17:00:00,0.05168
2021-02-19 18:00:00,0.024399999999999998
2021-02-19 19:00:00,0.0
2021-02-19 20:00:00,0.0
2021-02-19 21:00:00,0.0
2021-02-19 22:00:00,0.0
2021-02-19 23:00:00,0.0
2021-02-20 00:00:00,0.0
2021-02-20 01:00:00,0.0
2021-02-20 02:00:00,0.0
2021-02-20 03:00:00,0.0
2021-02-20 04:00:00,0.0
2021-02-20 05:00:00,0.0
2021-02-20 06:00:00,0.0
2021-02-20 07:00:00,0.25842000000000004
2021-02-20 08:00:00,0.44938
2021-02-20 09:00:00,0.59273
2021-02-20 10:00:00,0.72633
2021-02-20 11:00:00,0.52459
2021-02-20 12:00:00,0.6975399999999999
2021-02-20 13:00:00,0.65712
2021-02-20 14:00:00,0.61519
2021-02-20 15:00:00,0.46774
2021-02-20 16:00:00,0.25046
2021-02-20 17:00:00,0.04129
2021-02-20 18:00:00,0.0219
2021-02-20 19:00:00,0.0
2021-02-20 20:00:00,0.0
2021-02-20 21:00:00,0.0
2021-02-20 22:00:00,0.0
2021-02-20 23:00:00,0.0
2021-02-21 00:00:00,0.0
2021-02-21 01:00:00,0.0
2021-02-21 02:00:00,0.0
2021-02-21 03:00:00,0.0
2021-02-21 04:00:00,0.0
2021-02-21 05:00:00,0.0
2021-02-21 06:00:00,0.0
2021-02-21 07:00:00,0.25193
2021-02-21 08:00:00,0.45576
2021-02-21 09:00:00,0.62859
2021-02-21 10:00:00,0.71592
2021-02-21 11:00:00,0.63838
2021-02-21 12:00:00,0.6426499999999999
2021-02-21 13:00:00,0.69436
2021-02-21 14:00:00,0.5791799999999999
2021-02-21 15:00:00,0.21224
2021-02-21 16:00:00,0.23434
2021-02-21 17:00:00,0.10083
2021-02-21 18:00:00,0.00025
2021-02-21 19:00:00,0.0
2021-02-21 20:00:00,0.0
2021-02-21 21:00:00,0.0
2021-02-21 22:00:00,0.0
2021-02-21 23:00:00,0.0
2021-02-22 00:00:00,0.0
2021-02-22 01:00:00,0.0
2021-02-22 02:00:00,0.0
2021-02-22 03:00:00,0.0
2021-02-22 04:00:00,0.0
2021-02-22 05:00:00,0.0
2021-02-22 06:00:00,0.0
2021-02-22 07:00:00,0.17772
2021-02-22 08:00:00,0.20571
2021-02-22 09:00:00,0.62174
2021-02-22 10:00:00,0.66983
2021-02-22 11:00:00,0.69076
2021-02-22 12:00:00,0.5650499999999999
2021-02-22 13:00:00,0.14318999999999998
2021-02-22 14:00:00,0.11231000000000001
2021-02-22 15:00:00,0.46387
2021-02-22 16:00:00,0.25403
2021-02-22 17:00:00,0.053840000000000006
2021-02-22 18:00:00,0.00025
2021-02-22 19:00:00,0.0
2021-02-22 20:00:00,0.0
2021-02-22 21:00:00,0.0
2021-02-22 22:00:00,0.0
2021-02-22 23:00:00,0.0
2021-02-23 00:00:00,0.0
2021-02-23 01:00:00,0.0
2021-02-23 02:00:00,0.0
2021-02-23 03:00:00,0.0
2021-02-23 04:00:00,0.0
2021-02-23 05:00:00,0.0
2021-02-23 06:00:00,0.0
2021-02-23 07:00:00,0.26033
2021-02-23 08:00:00,0.48022000000000004
2021-02-23 09:00:00,0.6434500000000001
2021-02-23 10:00:00,0.76035
2021-02-23 11:00:00,0.8291799999999999
2021-02-23 12:00:00,0.80868
2021-02-23 13:00:00,0.7235199999999999
2021-02-23 14:00:00,0.63162
2021-02-23 15:00:00,0.46214999999999995
2021-02-23 16:00:00,0.24822
2021-02-23 17:00:00,0.04224
2021-02-23 18:00:00,0.018949999999999998
2021-02-23 19:00:00,0.0
2021-02-23 20:00:00,0.0
2021-02-23 21:00:00,0.0
2021-02-23 22:00:00,0.0
2021-02-23 23:00:00,0.0
2021-02-24 00:00:00,0.0
2021-02-24 01:00:00,0.0
2021-02-24 02:00:00,0.0
2021-02-24 03:00:00,0.0
2021-02-24 04:00:00,0.0
2021-02-24 05:00:00,0.0
2021-02-24 06:00:00,0.0
2021-02-24 07:00:00,0.24946000000000002
2021-02-24 08:00:00,0.47117000000000003
2021-02-24 09:00:00,0.62771
2021-02-24 10:00:00,0.74895
2021-02-24 11:00:00,0.7925599999999999
2021-02-24 12:00:00,0.78734
2021-02-24 13:00:00,0.71629
2021-02-24 14:00:00,0.61175
2021-02-24 15:00:00,0.44652
2021-02-24 16:00:00,0.24744999999999998
2021-02-24 17:00:00,0.011470000000000001
2021-02-24 18:00:00,0.00023
2021-02-24 19:00:00,0.0
2021-02-24 20:00:00,0.0
2021-02-24 21:00:00,0.0
2021-02-24 22:00:00,0.0
2021-02-24 23:00:00,0.0
2021-02-25 00:00:00,0.0
2021-02-25 01:00:00,0.0
2021-02-25 02:00:00,0.0
2021-02-25 03:00:00,0.0
2021-02-25 04:00:00,0.0
2021-02-25 05:00:00,0.0
2021-02-25 06:00:00,0.0
2021-02-25 07:00:00,0.0081
2021-02-25 08:00:00,0.03484
2021-02-25 09:00:00,0.04442
2021-02-25 10:00:00,0.09462999999999999
2021-02-25 11:00:00,0.5469700000000001
2021-02-25 12:00:00,0.23131000000000002
2021-02-25 13:00:00,0.23446
2021-02-25 14:00:00,0.11434
2021-02-25 15:00:00,0.12137
2021-02-25 16:00:00,0.05027
2021-02-25 17:00:00,0.01167
2021-02-25 18:00:00,0.005849999999999999
2021-02-25 19:00:00,0.0
2021-02-25 20:00:00,0.0
2021-02-25 21:00:00,0.0
2021-02-25 22:00:00,0.0
2021-02-25 23:00:00,0.0
2021-02-26 00:00:00,0.0
2021-02-26 01:00:00,0.0
2021-02-26 02:00:00,0.0
2021-02-26 03:00:00,0.0
2021-02-26 04:00:00,0.0
2021-02-26 05:00:00,0.0
2021-02-26 06:00:00,0.0
2021-02-26 07:00:00,0.01388
2021-02-26 08:00:00,0.08044
2021-02-26 09:00:00,0.07934000000000001
2021-02-26 10:00:00,0.08909
2021-02-26 11:00:00,0.10761
2021-02-26 12:00:00,0.11036
2021-02-26 13:00:00,0.13549
2021-02-26 14:00:00,0.08172
2021-02-26 15:00:00,0.056240000000000005
2021-02-26 16:00:00,0.02614
2021-02-26 17:00:00,0.011130000000000001
2021-02-26 18:00:00,0.016300000000000002
2021-02-26 19:00:00,0.0
2021-02-26 20:00:00,0.0
2021-02-26 21:00:00,0.0
2021-02-26 22:00:00,0.0
2021-02-26 23:00:00,0.0
2021-02-27 00:00:00,0.0
2021-02-27 01:00:00,0.0
2021-02-27 02:00:00,0.0
2021-02-27 03:00:00,0.0
2021-02-27 04:00:00,0.0
2021-02-27 05:00:00,0.0
2021-02-27 06:00:00,0.0
2021-02-27 07:00:00,0.00754
2021-02-27 08:00:00,0.02061
2021-02-27 09:00:00,0.04616
2021-02-27 10:00:00,0.13463
2021-02-27 11:00:00,0.15525
2021-02-27 12:00:00,0.36429
2021-02-27 13:00:00,0.33174000000000003
2021-02-27 14:00:00,0.37844
2021-02-27 15:00:00,0.34054
2021-02-27 16:00:00,0.06620999999999999
2021-02-27 17:00:00,0.013640000000000001
2021-02-27 18:00:00,0.0
2021-02-27 19:00:00,0.0
2021-02-27 20:00:00,0.0
2021-02-27 21:00:00,0.0
2021-02-27 22:00:00,0.0
2021-02-27 23:00:00,0.0
2021-02-28 00:00:00,0.0
2021-02-28 01:00:00,0.0
2021-02-28 02:00:00,0.0
2021-02-28 03:00:00,0.0
2021-02-28 04:00:00,0.0
2021-02-28 05:00:00,0.0
2021-02-28 06:00:00,0.0
2021-02-28 07:00:00,0.039920000000000004
2021-02-28 08:00:00,0.19109
2021-02-28 09:00:00,0.30177
2021-02-28 10:00:00,0.62354
2021-02-28 11:00:00,0.49733
2021-02-28 12:00:00,0.47106
2021-02-28 13:00:00,0.49417
2021-02-28 14:00:00,0.40331
2021-02-28 15:00:00,0.31751
2021-02-28 16:00:00,0.20743
2021-02-28 17:00:00,0.08716
2021-02-28 18:00:00,0.014150000000000001
2021-02-28 19:00:00,0.0
2021-02-28 20:00:00,0.0
2021-02-28 21:00:00,0.0
2021-02-28 22:00:00,0.0
2021-02-28 23:00:00,0.0
2021-03-01 00:00:00,0.0
2021-03-01 01:00:00,0.0
2021-03-01 02:00:00,0.0
2021-03-01 03:00:00,0.0
2021-03-01 04:00:00,0.0
2021-03-01 05:00:00,0.0
2021-03-01 06:00:00,0.0
2021-03-01 07:00:00,0.19069999999999998
2021-03-01 08:00:00,0.42038
2021-03-01 09:00:00,0.56608
2021-03-01 10:00:00,0.39112
2021-03-01 11:00:00,0.56367
2021-03-01 12:00:00,0.59233
2021-03-01 13:00:00,0.478
2021-03-01 14:00:00,0.5261399999999999
2021-03-01 15:00:00,0.38716
2021-03-01 16:00:00,0.24545
2021-03-01 17:00:00,0.0735
2021-03-01 18:00:00,0.01592
2021-03-01 19:00:00,0.0
2021-03-01 20:00:00,0.0
2021-03-01 21:00:00,0.0
2021-03-01 22:00:00,0.0
2021-03-01 23:00:00,0.0
2021-03-02 00:00:00,0.0
2021-03-02 01:00:00,0.0
2021-03-02 02:00:00,0.0
2021-03-02 03:00:00,0.0
2021-03-02 04:00:00,0.0
2021-03-02 05:00:00,0.0
2021-03-02 06:00:00,0.0
2021-03-02 07:00:00,0.2331
2021-03-02 08:00:00,0.27464
2021-03-02 09:00:00,0.59349
2021-03-02 10:00:00,0.5544
2021-03-02 11:00:00,0.48314
2021-03-02 12:00:00,0.55751
2021-03-02 13:00:00,0.56302
2021-03-02 14:00:00,0.43022000000000005
2021-03-02 15:00:00,0.41369
2021-03-02 16:00:00,0.23909
2021-03-02 17:00:00,0.09295
2021-03-02 18:00:00,0.00318
2021-03-02 19:00:00,0.0
2021-03-02 20:00:00,0.0
2021-03-02 21:00:00,0.0
2021-03-02 22:00:00,0.0
2021-03-02 23:00:00,0.0
2021-03-03 00:00:00,0.0
2021-03-03 01:00:00,0.0
2021-03-03 02:00:00,0.0
2021-03-03 03:00:00,0.0
2021-03-03 04:00:00,0.0
2021-03-03 05:00:00,0.0
2021-03-03 06:00:00,0.0
2021-03-03 07:00:00,0.25011
2021-03-03 08:00:00,0.48073
2021-03-03 09:00:00,0.6527999999999999
2021-03-03 10:00:00,0.67392
2021-03-03 11:00:00,0.66573
2021-03-03 12:00:00,0.76939
2021-03-03 13:00:00,0.69072
2021-03-03 14:00:00,0.56056
2021-03-03 15:00:00,0.42127
2021-03-03 16:00:00,0.24408000000000002
2021-03-03 17:00:00,0.04282
2021-03-03 18:00:00,0.01274
2021-03-03 19:00:00,0.0
2021-03-03 20:00:00,0.0
2021-03-03 21:00:00,0.0
2021-03-03 22:00:00,0.0
2021-03-03 23:00:00,0.0
2021-03-04 00:00:00,0.0
2021-03-04 01:00:00,0.0
2021-03-04 02:00:00,0.0
2021-03-04 03:00:00,0.0
2021-03-04 04:00:00,0.0
2021-03-04 05:00:00,0.0
2021-03-04 06:00:00,0.0
2021-03-04 07:00:00,0.11231999999999999
2021-03-04 08:00:00,0.0
2021-03-04 09:00:00,0.61726
2021-03-04 10:00:00,0.74795
2021-03-04 11:00:00,0.65743
2021-03-04 12:00:00,0.59068
2021-03-04 13:00:00,0.65754
2021-03-04 14:00:00,0.5782200000000001
2021-03-04 15:00:00,0.45577
2021-03-04 16:00:00,0.24187
2021-03-04 17:00:00,0.07786
2021-03-04 18:00:00,0.0
2021-03-04 19:00:00,0.0
2021-03-04 20:00:00,0.0
2021-03-04 21:00:00,0.0
2021-03-04 22:00:00,0.0
2021-03-04 23:00:00,0.0
2021-03-05 00:00:00,0.0
2021-03-05 01:00:00,0.0
2021-03-05 02:00:00,0.0
2021-03-05 03:00:00,0.0
2021-03-05 04:00:00,0.0
2021-03-05 05:00:00,0.0
2021-03-05 06:00:00,0.0
2021-03-05 07:00:00,0.06349
2021-03-05 08:00:00,0.13995
2021-03-05 09:00:00,0.41518
2021-03-05 10:00:00,0.5836399999999999
2021-03-05 11:00:00,0.22137
2021-03-05 12:00:00,0.23007
2021-03-05 13:00:00,0.4571
2021-03-05 14:00:00,0.33169
2021-03-05 15:00:00,0.09679
2021-03-05 16:00:00,0.19096000000000002
2021-03-05 17:00:00,0.012230000000000001
2021-03-05 18:00:00,0.0
2021-03-05 19:00:00,0.0
2021-03-05 20:00:00,0.0
2021-03-05 21:00:00,0.0
2021-03-05 22:00:00,0.0
2021-03-05 23:00:00,0.0
2021-03-06 00:00:00,0.0
2021-03-06 01:00:00,0.0
2021-03-06 02:00:00,0.0
2021-03-06 03:00:00,0.0
2021-03-06 04:00:00,0.0
2021-03-06 05:00:00,0.0
2021-03-06 06:00:00,0.0
2021-03-06 07:00:00,0.0698
2021-03-06 08:00:00,0.14081
2021-03-06 09:00:00,0.08876
2021-03-06 10:00:00,0.14909
2021-03-06 11:00:00,0.27243
2021-03-06 12:00:00,0.42767
2021-03-06 13:00:00,0.40907
2021-03-06 14:00:00,0.24534999999999998
2021-03-06 15:00:00,0.17593999999999999
2021-03-06 16:00:00,0.19663999999999998
2021-03-06 17:00:00,0.05129
2021-03-06 18:00:00,0.0
2021-03-06 19:00:00,0.0
2021-03-06 20:00:00,0.0
2021-03-06 21:00:00,0.0
2021-03-06 22:00:00,0.0
2021-03-06 23:00:00,0.0
2021-03-07 00:00:00,0.0
2021-03-07 01:00:00,0.0
2021-03-07 02:00:00,0.0
2021-03-07 03:00:00,0.0
2021-03-07 04:00:00,0.0
2021-03-07 05:00:00,0.0
2021-03-07 06:00:00,0.0
2021-03-07 07:00:00,0.0052
2021-03-07 08:00:00,0.06038
2021-03-07 09:00:00,0.27887
2021-03-07 10:00:00,0.11206
2021-03-07 11:00:00,0.08259
2021-03-07 12:00:00,0.15674000000000002
2021-03-07 13:00:00,0.27762
2021-03-07 14:00:00,0.53274
2021-03-07 15:00:00,0.06139
2021-03-07 16:00:00,0.024120000000000003
2021-03-07 17:00:00,0.00932
2021-03-07 18:00:00,0.0
2021-03-07 19:00:00,0.0
2021-03-07 20:00:00,0.0
2021-03-07 21:00:00,0.0
2021-03-07 22:00:00,0.0
2021-03-07 23:00:00,0.0
2021-03-08 00:00:00,0.0
2021-03-08 01:00:00,0.0
2021-03-08 02:00:00,0.0
2021-03-08 03:00:00,0.0
2021-03-08 04:00:00,0.0
2021-03-08 05:00:00,0.0
2021-03-08 06:00:00,0.0
2021-03-08 07:00:00,0.08943000000000001
2021-03-08 08:00:00,0.20314
2021-03-08 09:00:00,0.28708
2021-03-08 10:00:00,0.27312000000000003
2021-03-08 11:00:00,0.37278
2021-03-08 12:00:00,0.48357
2021-03-08 13:00:00,0.38447000000000003
2021-03-08 14:00:00,0.33488
2021-03-08 15:00:00,0.36202
2021-03-08 16:00:00,0.23768
2021-03-08 17:00:00,0.05687
2021-03-08 18:00:00,0.00186
2021-03-08 19:00:00,0.0
2021-03-08 20:00:00,0.0
2021-03-08 21:00:00,0.0
2021-03-08 22:00:00,0.0
2021-03-08 23:00:00,0.0
2021-03-09 00:00:00,0.0
2021-03-09 01:00:00,0.0
2021-03-09 02:00:00,0.0
2021-03-09 03:00:00,0.0
2021-03-09 04:00:00,0.0
2021-03-09 05:00:00,0.0
2021-03-09 06:00:00,0.0
2021-03-09 07:00:00,0.11966
2021-03-09 08:00:00,0.29497
2021-03-09 09:00:00,0.39765
2021-03-09 10:00:00,0.59789
2021-03-09 11:00:00,0.67203
2021-03-09 12:00:00,0.7676900000000001
2021-03-09 13:00:00,0.71777
2021-03-09 14:00:00,0.61649
2021-03-09 15:00:00,0.45994
2021-03-09 16:00:00,0.23703
2021-03-09 17:00:00,0.06726
2021-03-09 18:00:00,0.0075
2021-03-09 19:00:00,0.0
2021-03-09 20:00:00,0.0
2021-03-09 21:00:00,0.0
2021-03-09 22:00:00,0.0
2021-03-09 23:00:00,0.0
2021-03-10 00:00:00,0.0
2021-03-10 01:00:00,0.0
2021-03-10 02:00:00,0.0
2021-03-10 03:00:00,0.0
2021-03-10 04:00:00,0.0
2021-03-10 05:00:00,0.0
2021-03-10 06:00:00,0.0
2021-03-10 07:00:00,0.26038
2021-03-10 08:00:00,0.49402999999999997
2021-03-10 09:00:00,0.6173099999999999
2021-03-10 10:00:00,0.64673
2021-03-10 11:00:00,0.57543
2021-03-10 12:00:00,0.5887899999999999
2021-03-10 13:00:00,0.6179199999999999
2021-03-10 14:00:00,0.44806
2021-03-10 15:00:00,0.11459
2021-03-10 16:00:00,0.21091
2021-03-10 17:00:00,0.03961
2021-03-10 18:00:00,0.0
2021-03-10 19:00:00,0.0
2021-03-10 20:00:00,0.0
2021-03-10 21:00:00,0.0
2021-03-10 22:00:00,0.0
2021-03-10 23:00:00,0.0
2021-03-11 00:00:00,0.0
2021-03-11 01:00:00,0.0
2021-03-11 02:00:00,0.0
2021-03-11 03:00:00,0.0
2021-03-11 04:00:00,0.0
2021-03-11 05:00:00,0.0
2021-03-11 06:00:00,0.0
2021-03-11 07:00:00,0.25989
2021-03-11 08:00:00,0.46301
2021-03-11 09:00:00,0.43319
2021-03-11 10:00:00,0.7163200000000001
2021-03-11 11:00:00,0.6419900000000001
2021-03-11 12:00:00,0.5891000000000001
2021-03-11 13:00:00,0.08055
2021-03-11 14:00:00,0.052399999999999995
2021-03-11 15:00:00,0.45398
2021-03-11 16:00:00,0.23487
2021-03-11 17:00:00,0.08369
2021-03-11 18:00:00,0.00321
2021-03-11 19:00:00,0.0
2021-03-11 20:00:00,0.0
2021-03-11 21:00:00,0.0
2021-03-11 22:00:00,0.0
2021-03-11 23:00:00,0.0
2021-03-12 00:00:00,0.0
2021-03-12 01:00:00,0.0
2021-03-12 02:00:00,0.0
2021-03-12 03:00:00,0.0
2021-03-12 04:00:00,0.0
2021-03-12 05:00:00,0.0
2021-03-12 06:00:00,0.0
2021-03-12 07:00:00,0.030010000000000002
2021-03-12 08:00:00,0.04894
2021-03-12 09:00:00,0.25922
2021-03-12 10:00:00,0.70394
2021-03-12 11:00:00,0.58715
2021-03-12 12:00:00,0.7122200000000001
2021-03-12 13:00:00,0.70949
2021-03-12 14:00:00,0.60441
2021-03-12 15:00:00,0.43987
2021-03-12 16:00:00,0.22933
2021-03-12 17:00:00,0.008369999999999999
2021-03-12 18:00:00,0.0
2021-03-12 19:00:00,0.0
2021-03-12 20:00:00,0.0
2021-03-12 21:00:00,0.0
2021-03-12 22:00:00,0.0
2021-03-12 23:00:00,0.0
2021-03-13 00:00:00,0.0
2021-03-13 01:00:00,0.0
2021-03-13 02:00:00,0.0
2021-03-13 03:00:00,0.0
2021-03-13 04:00:00,0.0
2021-03-13 05:00:00,0.0
2021-03-13 06:00:00,0.0
2021-03-13 07:00:00,0.24769999999999998
2021-03-13 08:00:00,0.4776
2021-03-13 09:00:00,0.62975
2021-03-13 10:00:00,0.7271299999999999
2021-03-13 11:00:00,0.73507
2021-03-13 12:00:00,0.67712
2021-03-13 13:00:00,0.62227
2021-03-13 14:00:00,0.46558
2021-03-13 15:00:00,0.31877
2021-03-13 16:00:00,0.20677
2021-03-13 17:00:00,0.07683
2021-03-13 18:00:00,0.0
2021-03-13 19:00:00,0.0
2021-03-13 20:00:00,0.0
2021-03-13 21:00:00,0.0
2021-03-13 22:00:00,0.0
2021-03-13 23:00:00,0.0
2021-03-14 00:00:00,0.0
2021-03-14 01:00:00,0.0
2021-03-14 02:00:00,0.0
2021-03-14 03:00:00,0.0
2021-03-14 04:00:00,0.0
2021-03-14 05:00:00,0.0
2021-03-14 06:00:00,0.0
2021-03-14 07:00:00,0.19365000000000002
2021-03-14 08:00:00,0.47223000000000004
2021-03-14 09:00:00,0.623
2021-03-14 10:00:00,0.71196
2021-03-14 11:00:00,0.60594
2021-03-14 12:00:00,0.55884
2021-03-14 13:00:00,0.45022
2021-03-14 14:00:00,0.07184
2021-03-14 15:00:00,0.11234000000000001
2021-03-14 16:00:00,0.02647
2021-03-14 17:00:00,0.03465
2021-03-14 18:00:00,0.00375
2021-03-14 19:00:00,0.0
2021-03-14 20:00:00,0.0
2021-03-14 21:00:00,0.0
2021-03-14 22:00:00,0.0
2021-03-14 23:00:00,0.0
2021-03-15 00:00:00,0.0
2021-03-15 01:00:00,0.0
2021-03-15 02:00:00,0.0
2021-03-15 03:00:00,0.0
2021-03-15 04:00:00,0.0
2021-03-15 05:00:00,0.0
2021-03-15 06:00:00,0.0
2021-03-15 07:00:00,0.07697
2021-03-15 08:00:00,0.44827
2021-03-15 09:00:00,0.63495
2021-03-15 10:00:00,0.7517999999999999
2021-03-15 11:00:00,0.74897
2021-03-15 12:00:00,0.67263
2021-03-15 13:00:00,0.51303
2021-03-15 14:00:00,0.4475
2021-03-15 15:00:00,0.3356
2021-03-15 16:00:00,0.02222
2021-03-15 17:00:00,0.00795
2021-03-15 18:00:00,0.0
2021-03-15 19:00:00,0.0
2021-03-15 20:00:00,0.0
2021-03-15 21:00:00,0.0
2021-03-15 22:00:00,0.0
2021-03-15 23:00:00,0.0
2021-03-16 00:00:00,0.0
2021-03-16 01:00:00,0.0
2021-03-16 02:00:00,0.0
2021-03-16 03:00:00,0.0
2021-03-16 04:00:00,0.0
2021-03-16 05:00:00,0.0
2021-03-16 06:00:00,0.0
2021-03-16 07:00:00,0.24652000000000002
2021-03-16 08:00:00,0.47751
2021-03-16 09:00:00,0.6377200000000001
2021-03-16 10:00:00,0.7523200000000001
2021-03-16 11:00:00,0.7209800000000001
2021-03-16 12:00:00,0.5440900000000001
2021-03-16 13:00:00,0.54718
2021-03-16 14:00:00,0.27582999999999996
2021-03-16 15:00:00,0.37326
2021-03-16 16:00:00,0.21786000000000003
2021-03-16 17:00:00,0.00793
2021-03-16 18:00:00,0.0
2021-03-16 19:00:00,0.0
2021-03-16 20:00:00,0.0
2021-03-16 21:00:00,0.0
2021-03-16 22:00:00,0.0
2021-03-16 23:00:00,0.0
2021-03-17 00:00:00,0.0
2021-03-17 01:00:00,0.0
2021-03-17 02:00:00,0.0
2021-03-17 03:00:00,0.0
2021-03-17 04:00:00,0.0
2021-03-17 05:00:00,0.0
2021-03-17 06:00:00,0.0
2021-03-17 07:00:00,0.27398
2021-03-17 08:00:00,0.48342
2021-03-17 09:00:00,0.6448400000000001
2021-03-17 10:00:00,0.73803
2021-03-17 11:00:00,0.72189
2021-03-17 12:00:00,0.71933
2021-03-17 13:00:00,0.65543
2021-03-17 14:00:00,0.48857999999999996
2021-03-17 15:00:00,0.36599
2021-03-17 16:00:00,0.22183
2021-03-17 17:00:00,0.06964000000000001
2021-03-17 18:00:00,0.0
2021-03-17 19:00:00,0.0
2021-03-17 20:00:00,0.0
2021-03-17 21:00:00,0.0
2021-03-17 22:00:00,0.0
2021-03-17 23:00:00,0.0
2021-03-18 00:00:00,0.0
2021-03-18 01:00:00,0.0
2021-03-18 02:00:00,0.0
2021-03-18 03:00:00,0.0
2021-03-18 04:00:00,0.0
2021-03-18 05:00:00,0.0
2021-03-18 06:00:00,0.0
2021-03-18 07:00:00,0.062049999999999994
2021-03-18 08:00:00,0.061939999999999995
2021-03-18 09:00:00,0.10754000000000001
2021-03-18 10:00:00,0.19135
2021-03-18 11:00:00,0.21181999999999998
2021-03-18 12:00:00,0.22209
2021-03-18 13:00:00,0.20596
2021-03-18 14:00:00,0.25677
2021-03-18 15:00:00,0.11239
2021-03-18 16:00:00,0.06005
2021-03-18 17:00:00,0.01626
2021-03-18 18:00:00,0.0
2021-03-18 19:00:00,0.0
2021-03-18 20:00:00,0.0
2021-03-18 21:00:00,0.0
2021-03-18 22:00:00,0.0
2021-03-18 23:00:00,0.0
2021-03-19 00:00:00,0.0
2021-03-19 01:00:00,0.0
2021-03-19 02:00:00,0.0
2021-03-19 03:00:00,0.0
2021-03-19 04:00:00,0.0
2021-03-19 05:00:00,0.0
2021-03-19 06:00:00,0.0
2021-03-19 07:00:00,0.10704000000000001
2021-03-19 08:00:00,0.36889
2021-03-19 09:00:00,0.5843400000000001
2021-03-19 10:00:00,0.68021
2021-03-19 11:00:00,0.7443
2021-03-19 12:00:00,0.55233
2021-03-19 13:00:00,0.20186
2021-03-19 14:00:00,0.29079
2021-03-19 15:00:00,0.16386
2021-03-19 16:00:00,0.2199
2021-03-19 17:00:00,0.061579999999999996
2021-03-19 18:00:00,0.00025
2021-03-19 19:00:00,0.0
2021-03-19 20:00:00,0.0
2021-03-19 21:00:00,0.0
2021-03-19 22:00:00,0.0
2021-03-19 23:00:00,0.0
2021-03-20 00:00:00,0.0
2021-03-20 01:00:00,0.0
2021-03-20 02:00:00,0.0
2021-03-20 03:00:00,0.0
2021-03-20 04:00:00,0.0
2021-03-20 05:00:00,0.0
2021-03-20 06:00:00,0.0
2021-03-20 07:00:00,0.21287999999999999
2021-03-20 08:00:00,0.47691
2021-03-20 09:00:00,0.61494
2021-03-20 10:00:00,0.67198
2021-03-20 11:00:00,0.69474
2021-03-20 12:00:00,0.69233
2021-03-20 13:00:00,0.604
2021-03-20 14:00:00,0.35863999999999996
2021-03-20 15:00:00,0.40044
2021-03-20 16:00:00,0.13677
2021-03-20 17:00:00,0.05323
2021-03-20 18:00:00,0.0
2021-03-20 19:00:00,0.0
2021-03-20 20:00:00,0.0
2021-03-20 21:00:00,0.0
2021-03-20 22:00:00,0.0
2021-03-20 23:00:00,0.0
2021-03-21 00:00:00,0.0
2021-03-21 01:00:00,0.0
2021-03-21 02:00:00,0.0
2021-03-21 03:00:00,0.0
2021-03-21 04:00:00,0.0
2021-03-21 05:00:00,0.0
2021-03-21 06:00:00,0.0
2021-03-21 07:00:00,0.2625
2021-03-21 08:00:00,0.48352
2021-03-21 09:00:00,0.6245599999999999
2021-03-21 10:00:00,0.69045
2021-03-21 11:00:00,0.72774
2021-03-21 12:00:00,0.7634
2021-03-21 13:00:00,0.70064
2021-03-21 14:00:00,0.55641
2021-03-21 15:00:00,0.40064
2021-03-21 16:00:00,0.21615
2021-03-21 17:00:00,0.04541
2021-03-21 18:00:00,0.0
2021-03-21 19:00:00,0.0
2021-03-21 20:00:00,0.0
2021-03-21 21:00:00,0.0
2021-03-21 22:00:00,0.0
2021-03-21 23:00:00,0.0
2021-03-22 00:00:00,0.0
2021-03-22 01:00:00,0.0
2021-03-22 02:00:00,0.0
2021-03-22 03:00:00,0.0
2021-03-22 04:00:00,0.0
2021-03-22 05:00:00,0.0
2021-03-22 06:00:00,0.0
2021-03-22 07:00:00,0.25231
2021-03-22 08:00:00,0.48777
2021-03-22 09:00:00,0.63709
2021-03-22 10:00:00,0.73911
2021-03-22 11:00:00,0.77108
2021-03-22 12:00:00,0.75291
2021-03-22 13:00:00,0.69868
2021-03-22 14:00:00,0.5853200000000001
2021-03-22 15:00:00,0.42577
2021-03-22 16:00:00,0.19256
2021-03-22 17:00:00,0.06337
2021-03-22 18:00:00,0.0
2021-03-22 19:00:00,0.0
2021-03-22 20:00:00,0.0
2021-03-22 21:00:00,0.0
2021-03-22 22:00:00,0.0
2021-03-22 23:00:00,0.0
2021-03-23 00:00:00,0.0
2021-03-23 01:00:00,0.0
2021-03-23 02:00:00,0.0
2021-03-23 03:00:00,0.0
2021-03-23 04:00:00,0.0
2021-03-23 05:00:00,0.0
2021-03-23 06:00:00,0.0
2021-03-23 07:00:00,0.2378
2021-03-23 08:00:00,0.45664
2021-03-23 09:00:00,0.61858
2021-03-23 10:00:00,0.72394
2021-03-23 11:00:00,0.75866
2021-03-23 12:00:00,0.69825
2021-03-23 13:00:00,0.6641699999999999
2021-03-23 14:00:00,0.5848300000000001
2021-03-23 15:00:00,0.40720999999999996
2021-03-23 16:00:00,0.21683000000000002
2021-03-23 17:00:00,0.03576
2021-03-23 18:00:00,0.0
2021-03-23 19:00:00,0.0
2021-03-23 20:00:00,0.0
2021-03-23 21:00:00,0.0
2021-03-23 22:00:00,0.0
2021-03-23 23:00:00,0.0
2021-03-24 00:00:00,0.0
2021-03-24 01:00:00,0.0
2021-03-24 02:00:00,0.0
2021-03-24 03:00:00,0.0
2021-03-24 04:00:00,0.0
2021-03-24 05:00:00,0.0
2021-03-24 06:00:00,0.0
2021-03-24 07:00:00,0.23458
2021-03-24 08:00:00,0.47035000000000005
2021-03-24 09:00:00,0.62448
2021-03-24 10:00:00,0.67007
2021-03-24 11:00:00,0.73163
2021-03-24 12:00:00,0.66038
2021-03-24 13:00:00,0.24547999999999998
2021-03-24 14:00:00,0.40064999999999995
2021-03-24 15:00:00,0.12975
2021-03-24 16:00:00,0.06999
2021-03-24 17:00:00,0.02054
2021-03-24 18:00:00,0.0
2021-03-24 19:00:00,0.0
2021-03-24 20:00:00,0.0
2021-03-24 21:00:00,0.0
2021-03-24 22:00:00,0.0
2021-03-24 23:00:00,0.0
2021-03-25 00:00:00,0.0
2021-03-25 01:00:00,0.0
2021-03-25 02:00:00,0.0
2021-03-25 03:00:00,0.0
2021-03-25 04:00:00,0.0
2021-03-25 05:00:00,0.0
2021-03-25 06:00:00,0.0
2021-03-25 07:00:00,0.27182
2021-03-25 08:00:00,0.46897000000000005
2021-03-25 09:00:00,0.62205
2021-03-25 10:00:00,0.72617
2021-03-25 11:00:00,0.78018
2021-03-25 12:00:00,0.73911
2021-03-25 13:00:00,0.66832
2021-03-25 14:00:00,0.5569700000000001
2021-03-25 15:00:00,0.39755
2021-03-25 16:00:00,0.048479999999999995
2021-03-25 17:00:00,0.00552
2021-03-25 18:00:00,0.0
2021-03-25 19:00:00,0.0
2021-03-25 20:00:00,0.0
2021-03-25 21:00:00,0.0
2021-03-25 22:00:00,0.0
2021-03-25 23:00:00,0.0
2021-03-26 00:00:00,0.0
2021-03-26 01:00:00,0.0
2021-03-26 02:00:00,0.0
2021-03-26 03:00:00,0.0
2021-03-26 04:00:00,0.0
2021-03-26 05:00:00,0.0
2021-03-26 06:00:00,0.0
2021-03-26 07:00:00,0.23496
2021-03-26 08:00:00,0.47288
2021-03-26 09:00:00,0.60434
2021-03-26 10:00:00,0.72438
2021-03-26 11:00:00,0.71412
2021-03-26 12:00:00,0.72422
2021-03-26 13:00:00,0.67913
2021-03-26 14:00:00,0.57504
2021-03-26 15:00:00,0.28504
2021-03-26 16:00:00,0.20324
2021-03-26 17:00:00,0.02418
2021-03-26 18:00:00,0.0
2021-03-26 19:00:00,0.0
2021-03-26 20:00:00,0.0
2021-03-26 21:00:00,0.0
2021-03-26 22:00:00,0.0
2021-03-26 23:00:00,0.0
2021-03-27 00:00:00,0.0
2021-03-27 01:00:00,0.0
2021-03-27 02:00:00,0.0
2021-03-27 03:00:00,0.0
2021-03-27 04:00:00,0.0
2021-03-27 05:00:00,0.0
2021-03-27 06:00:00,0.0
2021-03-27 07:00:00,0.24672
2021-03-27 08:00:00,0.47668
2021-03-27 09:00:00,0.64198
2021-03-27 10:00:00,0.74785
2021-03-27 11:00:00,0.7762899999999999
2021-03-27 12:00:00,0.7278
2021-03-27 13:00:00,0.66108
2021-03-27 14:00:00,0.56076
2021-03-27 15:00:00,0.05776
2021-03-27 16:00:00,0.12073
2021-03-27 17:00:00,0.03057
2021-03-27 18:00:00,0.0
2021-03-27 19:00:00,0.0
2021-03-27 20:00:00,0.0
2021-03-27 21:00:00,0.0
2021-03-27 22:00:00,0.0
2021-03-27 23:00:00,0.0
2021-03-28 00:00:00,0.0
2021-03-28 01:00:00,0.0
2021-03-28 02:00:00,0.0
2021-03-28 03:00:00,0.0
2021-03-28 04:00:00,0.0
2021-03-28 05:00:00,0.0
2021-03-28 06:00:00,0.0
2021-03-28 07:00:00,0.15902000000000002
2021-03-28 08:00:00,0.34052
2021-03-28 09:00:00,0.6229199999999999
2021-03-28 10:00:00,0.7058099999999999
2021-03-28 11:00:00,0.76325
2021-03-28 12:00:00,0.69596
2021-03-28 13:00:00,0.40304
2021-03-28 14:00:00,0.45123
2021-03-28 15:00:00,0.37228
2021-03-28 16:00:00,0.18122
2021-03-28 17:00:00,0.038130000000000004
2021-03-28 18:00:00,0.0
2021-03-28 19:00:00,0.0
2021-03-28 20:00:00,0.0
2021-03-28 21:00:00,0.0
2021-03-28 22:00:00,0.0
2021-03-28 23:00:00,0.0
2021-03-29 00:00:00,0.0
2021-03-29 01:00:00,0.0
2021-03-29 02:00:00,0.0
2021-03-29 03:00:00,0.0
2021-03-29 04:00:00,0.0
2021-03-29 05:00:00,0.0
2021-03-29 06:00:00,0.0
2021-03-29 07:00:00,0.23592
2021-03-29 08:00:00,0.46788
2021-03-29 09:00:00,0.62954
2021-03-29 10:00:00,0.71066
2021-03-29 11:00:00,0.74779
2021-03-29 12:00:00,0.74678
2021-03-29 13:00:00,0.64989
2021-03-29 14:00:00,0.4645
2021-03-29 15:00:00,0.32317
2021-03-29 16:00:00,0.19668
2021-03-29 17:00:00,0.04829
2021-03-29 18:00:00,0.0
2021-03-29 19:00:00,0.0
2021-03-29 20:00:00,0.0
2021-03-29 21:00:00,0.0
2021-03-29 22:00:00,0.0
2021-03-29 23:00:00,0.0
2021-03-30 00:00:00,0.0
2021-03-30 01:00:00,0.0
2021-03-30 02:00:00,0.0
2021-03-30 03:00:00,0.0
2021-03-30 04:00:00,0.0
2021-03-30 05:00:00,0.0
2021-03-30 06:00:00,0.0
2021-03-30 07:00:00,0.24023
2021-03-30 08:00:00,0.40658
2021-03-30 09:00:00,0.63481
2021-03-30 10:00:00,0.74112
2021-03-30 11:00:00,0.78028
2021-03-30 12:00:00,0.7725700000000001
2021-03-30 13:00:00,0.11201
2021-03-30 14:00:00,0.26782
2021-03-30 15:00:00,0.38854
2021-03-30 16:00:00,0.20208
2021-03-30 17:00:00,0.056729999999999996
2021-03-30 18:00:00,0.0
2021-03-30 19:00:00,0.0
2021-03-30 20:00:00,0.0
2021-03-30 21:00:00,0.0
2021-03-30 22:00:00,0.0
2021-03-30 23:00:00,0.0
2021-03-31 00:00:00,0.0
2021-03-31 01:00:00,0.0
2021-03-31 02:00:00,0.0
2021-03-31 03:00:00,0.0
2021-03-31 04:00:00,0.0
2021-03-31 05:00:00,0.0
2021-03-31 06:00:00,0.0
2021-03-31 07:00:00,0.0347
2021-03-31 08:00:00,0.12495
2021-03-31 09:00:00,0.5877100000000001
2021-03-31 10:00:00,0.5621799999999999
2021-03-31 11:00:00,0.66123
2021-03-31 12:00:00,0.68547
2021-03-31 13:00:00,0.66296
2021-03-31 14:00:00,0.49415
2021-03-31 15:00:00,0.39347000000000004
2021-03-31 16:00:00,0.17225
2021-03-31 17:00:00,0.013710000000000002
2021-03-31 18:00:00,0.0
2021-03-31 19:00:00,0.0
2021-03-31 20:00:00,0.0
2021-03-31 21:00:00,0.0
2021-03-31 22:00:00,0.0
2021-03-31 23:00:00,0.0
2021-04-01 00:00:00,0.0
2021-04-01 01:00:00,0.0
2021-04-01 02:00:00,0.0
2021-04-01 03:00:00,0.0
2021-04-01 04:00:00,0.0
2021-04-01 05:00:00,0.0
2021-04-01 06:00:00,0.0
2021-04-01 07:00:00,0.2353
2021-04-01 08:00:00,0.46103
2021-04-01 09:00:00,0.66071
2021-04-01 10:00:00,0.7669
2021-04-01 11:00:00,0.82666
2021-04-01 12:00:00,0.8096599999999999
2021-04-01 13:00:00,0.75194
2021-04-01 14:00:00,0.61561
2021-04-01 15:00:00,0.43388
2021-04-01 16:00:00,0.21149
2021-04-01 17:00:00,0.02597
2021-04-01 18:00:00,0.0
2021-04-01 19:00:00,0.0
2021-04-01 20:00:00,0.0
2021-04-01 21:00:00,0.0
2021-04-01 22:00:00,0.0
2021-04-01 23:00:00,0.0
2021-04-02 00:00:00,0.0
2021-04-02 01:00:00,0.0
2021-04-02 02:00:00,0.0
2021-04-02 03:00:00,0.0
2021-04-02 04:00:00,0.0
2021-04-02 05:00:00,0.0
2021-04-02 06:00:00,0.0
2021-04-02 07:00:00,0.2373
2021-04-02 08:00:00,0.41158999999999996
2021-04-02 09:00:00,0.63682
2021-04-02 10:00:00,0.76025
2021-04-02 11:00:00,0.79936
2021-04-02 12:00:00,0.7710199999999999
2021-04-02 13:00:00,0.71211
2021-04-02 14:00:00,0.59549
2021-04-02 15:00:00,0.4173
2021-04-02 16:00:00,0.20492
2021-04-02 17:00:00,0.03253
2021-04-02 18:00:00,0.0
2021-04-02 19:00:00,0.0
2021-04-02 20:00:00,0.0
2021-04-02 21:00:00,0.0
2021-04-02 22:00:00,0.0
2021-04-02 23:00:00,0.0
2021-04-03 00:00:00,0.0
2021-04-03 01:00:00,0.0
2021-04-03 02:00:00,0.0
2021-04-03 03:00:00,0.0
2021-04-03 04:00:00,0.0
2021-04-03 05:00:00,0.0
2021-04-03 06:00:00,0.0
2021-04-03 07:00:00,0.24718
2021-04-03 08:00:00,0.47542
2021-04-03 09:00:00,0.65637
2021-04-03 10:00:00,0.75188
2021-04-03 11:00:00,0.7975800000000001
2021-04-03 12:00:00,0.64906
2021-04-03 13:00:00,0.5933099999999999
2021-04-03 14:00:00,0.5515800000000001
2021-04-03 15:00:00,0.41791
2021-04-03 16:00:00,0.19803
2021-04-03 17:00:00,0.04313
2021-04-03 18:00:00,0.0
2021-04-03 19:00:00,0.0
2021-04-03 20:00:00,0.0
2021-04-03 21:00:00,0.0
2021-04-03 22:00:00,0.0
2021-04-03 23:00:00,0.0
2021-04-04 00:00:00,0.0
2021-04-04 01:00:00,0.0
2021-04-04 02:00:00,0.0
2021-04-04 03:00:00,0.0
2021-04-04 04:00:00,0.0
2021-04-04 05:00:00,0.0
2021-04-04 06:00:00,0.0
2021-04-04 07:00:00,0.26932
2021-04-04 08:00:00,0.31489
2021-04-04 09:00:00,0.5615399999999999
2021-04-04 10:00:00,0.68937
2021-04-04 11:00:00,0.78551
2021-04-04 12:00:00,0.75367
2021-04-04 13:00:00,0.70368
2021-04-04 14:00:00,0.57087
2021-04-04 15:00:00,0.36613
2021-04-04 16:00:00,0.19895
2021-04-04 17:00:00,0.04894
2021-04-04 18:00:00,0.0
2021-04-04 19:00:00,0.0
2021-04-04 20:00:00,0.0
2021-04-04 21:00:00,0.0
2021-04-04 22:00:00,0.0
2021-04-04 23:00:00,0.0
2021-04-05 00:00:00,0.0
2021-04-05 01:00:00,0.0
2021-04-05 02:00:00,0.0
2021-04-05 03:00:00,0.0
2021-04-05 04:00:00,0.0
2021-04-05 05:00:00,0.0
2021-04-05 06:00:00,0.0
2021-04-05 07:00:00,0.18694999999999998
2021-04-05 08:00:00,0.45606
2021-04-05 09:00:00,0.6467200000000001
2021-04-05 10:00:00,0.70198
2021-04-05 11:00:00,0.8001
2021-04-05 12:00:00,0.6851499999999999
2021-04-05 13:00:00,0.681
2021-04-05 14:00:00,0.56223
2021-04-05 15:00:00,0.30341
2021-04-05 16:00:00,0.052450000000000004
2021-04-05 17:00:00,0.01168
2021-04-05 18:00:00,0.0
2021-04-05 19:00:00,0.0
2021-04-05 20:00:00,0.0
2021-04-05 21:00:00,0.0
2021-04-05 22:00:00,0.0
2021-04-05 23:00:00,0.0
2021-04-06 00:00:00,0.0
2021-04-06 01:00:00,0.0
2021-04-06 02:00:00,0.0
2021-04-06 03:00:00,0.0
2021-04-06 04:00:00,0.0
2021-04-06 05:00:00,0.0
2021-04-06 06:00:00,0.0
2021-04-06 07:00:00,0.06679
2021-04-06 08:00:00,0.15831
2021-04-06 09:00:00,0.4127
2021-04-06 10:00:00,0.6190399999999999
2021-04-06 11:00:00,0.71753
2021-04-06 12:00:00,0.64113
2021-04-06 13:00:00,0.18384999999999999
2021-04-06 14:00:00,0.04846
2021-04-06 15:00:00,0.03598
2021-04-06 16:00:00,0.01636
2021-04-06 17:00:00,0.01709
2021-04-06 18:00:00,0.0
2021-04-06 19:00:00,0.0
2021-04-06 20:00:00,0.0
2021-04-06 21:00:00,0.0
2021-04-06 22:00:00,0.0
2021-04-06 23:00:00,0.0
2021-04-07 00:00:00,0.0
2021-04-07 01:00:00,0.0
2021-04-07 02:00:00,0.0
2021-04-07 03:00:00,0.0
2021-04-07 04:00:00,0.0
2021-04-07 05:00:00,0.0
2021-04-07 06:00:00,0.0
2021-04-07 07:00:00,0.0101
2021-04-07 08:00:00,0.13091
2021-04-07 09:00:00,0.24283000000000002
2021-04-07 10:00:00,0.69513
2021-04-07 11:00:00,0.37218
2021-04-07 12:00:00,0.51787
2021-04-07 13:00:00,0.32192000000000004
2021-04-07 14:00:00,0.19788999999999998
2021-04-07 15:00:00,0.40670999999999996
2021-04-07 16:00:00,0.1916
2021-04-07 17:00:00,0.03023
2021-04-07 18:00:00,0.0
2021-04-07 19:00:00,0.0
2021-04-07 20:00:00,0.0
2021-04-07 21:00:00,0.0
2021-04-07 22:00:00,0.0
2021-04-07 23:00:00,0.0
2021-04-08 00:00:00,0.0
2021-04-08 01:00:00,0.0
2021-04-08 02:00:00,0.0
2021-04-08 03:00:00,0.0
2021-04-08 04:00:00,0.0
2021-04-08 05:00:00,0.0
2021-04-08 06:00:00,0.0
2021-04-08 07:00:00,0.24933000000000002
2021-04-08 08:00:00,0.47937
2021-04-08 09:00:00,0.66167
2021-04-08 10:00:00,0.75206
2021-04-08 11:00:00,0.80049
2021-04-08 12:00:00,0.78975
2021-04-08 13:00:00,0.72711
2021-04-08 14:00:00,0.5634
2021-04-08 15:00:00,0.33499
2021-04-08 16:00:00,0.15485
2021-04-08 17:00:00,0.04168
2021-04-08 18:00:00,0.0
2021-04-08 19:00:00,0.0
2021-04-08 20:00:00,0.0
2021-04-08 21:00:00,0.0
2021-04-08 22:00:00,0.0
2021-04-08 23:00:00,0.0
2021-04-09 00:00:00,0.0
2021-04-09 01:00:00,0.0
2021-04-09 02:00:00,0.0
2021-04-09 03:00:00,0.0
2021-04-09 04:00:00,0.0
2021-04-09 05:00:00,0.0
2021-04-09 06:00:00,0.0
2021-04-09 07:00:00,0.2471
2021-04-09 08:00:00,0.46952
2021-04-09 09:00:00,0.645
2021-04-09 10:00:00,0.7586900000000001
2021-04-09 11:00:00,0.7634
2021-04-09 12:00:00,0.6984400000000001
2021-04-09 13:00:00,0.64954
2021-04-09 14:00:00,0.56753
2021-04-09 15:00:00,0.33508
2021-04-09 16:00:00,0.18828
2021-04-09 17:00:00,0.03705
2021-04-09 18:00:00,0.0
2021-04-09 19:00:00,0.0
2021-04-09 20:00:00,0.0
2021-04-09 21:00:00,0.0
2021-04-09 22:00:00,0.0
2021-04-09 23:00:00,0.0
2021-04-10 00:00:00,0.0
2021-04-10 01:00:00,0.0
2021-04-10 02:00:00,0.0
2021-04-10 03:00:00,0.0
2021-04-10 04:00:00,0.0
2021-04-10 05:00:00,0.0
2021-04-10 06:00:00,0.0
2021-04-10 07:00:00,0.24092
2021-04-10 08:00:00,0.46874
2021-04-10 09:00:00,0.65636
2021-04-10 10:00:00,0.75251
2021-04-10 11:00:00,0.77598
2021-04-10 12:00:00,0.78376
2021-04-10 13:00:00,0.72497
2021-04-10 14:00:00,0.5968300000000001
2021-04-10 15:00:00,0.41666000000000003
2021-04-10 16:00:00,0.19312
2021-04-10 17:00:00,0.02143
2021-04-10 18:00:00,0.0
2021-04-10 19:00:00,0.0
2021-04-10 20:00:00,0.0
2021-04-10 21:00:00,0.0
2021-04-10 22:00:00,0.0
2021-04-10 23:00:00,0.0
2021-04-11 00:00:00,0.0
2021-04-11 01:00:00,0.0
2021-04-11 02:00:00,0.0
2021-04-11 03:00:00,0.0
2021-04-11 04:00:00,0.0
2021-04-11 05:00:00,0.0
2021-04-11 06:00:00,0.0
2021-04-11 07:00:00,0.25132
2021-04-11 08:00:00,0.47914
2021-04-11 09:00:00,0.66222
2021-04-11 10:00:00,0.76224
2021-04-11 11:00:00,0.81514
2021-04-11 12:00:00,0.7909299999999999
2021-04-11 13:00:00,0.72237
2021-04-11 14:00:00,0.5979500000000001
2021-04-11 15:00:00,0.41487
2021-04-11 16:00:00,0.19172
2021-04-11 17:00:00,0.020730000000000002
2021-04-11 18:00:00,0.0
2021-04-11 19:00:00,0.0
2021-04-11 20:00:00,0.0
2021-04-11 21:00:00,0.0
2021-04-11 22:00:00,0.0
2021-04-11 23:00:00,0.0
2021-04-12 00:00:00,0.0
2021-04-12 01:00:00,0.0
2021-04-12 02:00:00,0.0
2021-04-12 03:00:00,0.0
2021-04-12 04:00:00,0.0
2021-04-12 05:00:00,0.0
2021-04-12 06:00:00,0.0
2021-04-12 07:00:00,0.23133
2021-04-12 08:00:00,0.46894
2021-04-12 09:00:00,0.6407200000000001
2021-04-12 10:00:00,0.7382000000000001
2021-04-12 11:00:00,0.79667
2021-04-12 12:00:00,0.77573
2021-04-12 13:00:00,0.7112
2021-04-12 14:00:00,0.5877899999999999
2021-04-12 15:00:00,0.40697000000000005
2021-04-12 16:00:00,0.13906
2021-04-12 17:00:00,0.02352
2021-04-12 18:00:00,0.0
2021-04-12 19:00:00,0.0
2021-04-12 20:00:00,0.0
2021-04-12 21:00:00,0.0
2021-04-12 22:00:00,0.0
2021-04-12 23:00:00,0.0
2021-04-13 00:00:00,0.0
2021-04-13 01:00:00,0.0
2021-04-13 02:00:00,0.0
2021-04-13 03:00:00,0.0
2021-04-13 04:00:00,0.0
2021-04-13 05:00:00,0.0
2021-04-13 06:00:00,0.0
2021-04-13 07:00:00,0.030440000000000002
2021-04-13 08:00:00,0.2897
2021-04-13 09:00:00,0.1281
2021-04-13 10:00:00,0.70872
2021-04-13 11:00:00,0.48811
2021-04-13 12:00:00,0.46196
2021-04-13 13:00:00,0.63124
2021-04-13 14:00:00,0.45200999999999997
2021-04-13 15:00:00,0.3019
2021-04-13 16:00:00,0.17244
2021-04-13 17:00:00,0.02357
2021-04-13 18:00:00,0.0
2021-04-13 19:00:00,0.0
2021-04-13 20:00:00,0.0
2021-04-13 21:00:00,0.0
2021-04-13 22:00:00,0.0
2021-04-13 23:00:00,0.0
2021-04-14 00:00:00,0.0
2021-04-14 01:00:00,0.0
2021-04-14 02:00:00,0.0
2021-04-14 03:00:00,0.0
2021-04-14 04:00:00,0.0
2021-04-14 05:00:00,0.0
2021-04-14 06:00:00,0.0
2021-04-14 07:00:00,0.23196
2021-04-14 08:00:00,0.41752
2021-04-14 09:00:00,0.64348
2021-04-14 10:00:00,0.7411599999999999
2021-04-14 11:00:00,0.77631
2021-04-14 12:00:00,0.76054
2021-04-14 13:00:00,0.67487
2021-04-14 14:00:00,0.5778099999999999
2021-04-14 15:00:00,0.39926999999999996
2021-04-14 16:00:00,0.18029
2021-04-14 17:00:00,0.03499
2021-04-14 18:00:00,0.0
2021-04-14 19:00:00,0.0
2021-04-14 20:00:00,0.0
2021-04-14 21:00:00,0.0
2021-04-14 22:00:00,0.0
2021-04-14 23:00:00,0.0
2021-04-15 00:00:00,0.0
2021-04-15 01:00:00,0.0
2021-04-15 02:00:00,0.0
2021-04-15 03:00:00,0.0
2021-04-15 04:00:00,0.0
2021-04-15 05:00:00,0.0
2021-04-15 06:00:00,0.0
2021-04-15 07:00:00,0.19757
2021-04-15 08:00:00,0.45268
2021-04-15 09:00:00,0.48477
2021-04-15 10:00:00,0.45119
2021-04-15 11:00:00,0.42868
2021-04-15 12:00:00,0.51747
2021-04-15 13:00:00,0.6313099999999999
2021-04-15 14:00:00,0.5444
2021-04-15 15:00:00,0.3585
2021-04-15 16:00:00,0.1691
2021-04-15 17:00:00,0.01234
2021-04-15 18:00:00,0.0
2021-04-15 19:00:00,0.0
2021-04-15 20:00:00,0.0
2021-04-15 21:00:00,0.0
2021-04-15 22:00:00,0.0
2021-04-15 23:00:00,0.0
2021-04-16 00:00:00,0.0
2021-04-16 01:00:00,0.0
2021-04-16 02:00:00,0.0
2021-04-16 03:00:00,0.0
2021-04-16 04:00:00,0.0
2021-04-16 05:00:00,0.0
2021-04-16 06:00:00,0.0
2021-04-16 07:00:00,0.24606999999999998
2021-04-16 08:00:00,0.47956
2021-04-16 09:00:00,0.6487999999999999
2021-04-16 10:00:00,0.73273
2021-04-16 11:00:00,0.7587
2021-04-16 12:00:00,0.73901
2021-04-16 13:00:00,0.6796
2021-04-16 14:00:00,0.45066
2021-04-16 15:00:00,0.19147
2021-04-16 16:00:00,0.15456
2021-04-16 17:00:00,0.01427
2021-04-16 18:00:00,0.0
2021-04-16 19:00:00,0.0
2021-04-16 20:00:00,0.0
2021-04-16 21:00:00,0.0
2021-04-16 22:00:00,0.0
2021-04-16 23:00:00,0.0
2021-04-17 00:00:00,0.0
2021-04-17 01:00:00,0.0
2021-04-17 02:00:00,0.0
2021-04-17 03:00:00,0.0
2021-04-17 04:00:00,0.0
2021-04-17 05:00:00,0.0
2021-04-17 06:00:00,0.0
2021-04-17 07:00:00,0.16901
2021-04-17 08:00:00,0.37751999999999997
2021-04-17 09:00:00,0.63815
2021-04-17 10:00:00,0.7241299999999999
2021-04-17 11:00:00,0.6544800000000001
2021-04-17 12:00:00,0.55796
2021-04-17 13:00:00,0.44785
2021-04-17 14:00:00,0.42087
2021-04-17 15:00:00,0.28573000000000004
2021-04-17 16:00:00,0.03151
2021-04-17 17:00:00,0.00199
2021-04-17 18:00:00,0.0
2021-04-17 19:00:00,0.0
2021-04-17 20:00:00,0.0
2021-04-17 21:00:00,0.0
2021-04-17 22:00:00,0.0
2021-04-17 23:00:00,0.0
2021-04-18 00:00:00,0.0
2021-04-18 01:00:00,0.0
2021-04-18 02:00:00,0.0
2021-04-18 03:00:00,0.0
2021-04-18 04:00:00,0.0
2021-04-18 05:00:00,0.0
2021-04-18 06:00:00,0.0
2021-04-18 07:00:00,0.00259
2021-04-18 08:00:00,0.10432
2021-04-18 09:00:00,0.07643000000000001
2021-04-18 10:00:00,0.40213
2021-04-18 11:00:00,0.2985
2021-04-18 12:00:00,0.36024
2021-04-18 13:00:00,0.18284
2021-04-18 14:00:00,0.17859999999999998
2021-04-18 15:00:00,0.12786
2021-04-18 16:00:00,0.02191
2021-04-18 17:00:00,0.02125
2021-04-18 18:00:00,0.0
2021-04-18 19:00:00,0.0
2021-04-18 20:00:00,0.0
2021-04-18 21:00:00,0.0
2021-04-18 22:00:00,0.0
2021-04-18 23:00:00,0.0
2021-04-19 00:00:00,0.0
2021-04-19 01:00:00,0.0
2021-04-19 02:00:00,0.0
2021-04-19 03:00:00,0.0
2021-04-19 04:00:00,0.0
2021-04-19 05:00:00,0.0
2021-04-19 06:00:00,0.0
2021-04-19 07:00:00,0.23822
2021-04-19 08:00:00,0.46355
2021-04-19 09:00:00,0.6310800000000001
2021-04-19 10:00:00,0.72654
2021-04-19 11:00:00,0.75487
2021-04-19 12:00:00,0.72774
2021-04-19 13:00:00,0.40281
2021-04-19 14:00:00,0.5427799999999999
2021-04-19 15:00:00,0.35375
2021-04-19 16:00:00,0.1727
2021-04-19 17:00:00,0.020309999999999998
2021-04-19 18:00:00,0.0
2021-04-19 19:00:00,0.0
2021-04-19 20:00:00,0.0
2021-04-19 21:00:00,0.0
2021-04-19 22:00:00,0.0
2021-04-19 23:00:00,0.0
2021-04-20 00:00:00,0.0
2021-04-20 01:00:00,0.0
2021-04-20 02:00:00,0.0
2021-04-20 03:00:00,0.0
2021-04-20 04:00:00,0.0
2021-04-20 05:00:00,0.0
2021-04-20 06:00:00,0.0
2021-04-20 07:00:00,0.23326
2021-04-20 08:00:00,0.48023000000000005
2021-04-20 09:00:00,0.65736
2021-04-20 10:00:00,0.7564
2021-04-20 11:00:00,0.79847
2021-04-20 12:00:00,0.77778
2021-04-20 13:00:00,0.71476
2021-04-20 14:00:00,0.58908
2021-04-20 15:00:00,0.35805000000000003
2021-04-20 16:00:00,0.17122
2021-04-20 17:00:00,0.023399999999999997
2021-04-20 18:00:00,0.0
2021-04-20 19:00:00,0.0
2021-04-20 20:00:00,0.0
2021-04-20 21:00:00,0.0
2021-04-20 22:00:00,0.0
2021-04-20 23:00:00,0.0
2021-04-21 00:00:00,0.0
2021-04-21 01:00:00,0.0
2021-04-21 02:00:00,0.0
2021-04-21 03:00:00,0.0
2021-04-21 04:00:00,0.0
2021-04-21 05:00:00,0.0
2021-04-21 06:00:00,0.0
2021-04-21 07:00:00,0.23061
2021-04-21 08:00:00,0.48069
2021-04-21 09:00:00,0.66075
2021-04-21 10:00:00,0.7578400000000001
2021-04-21 11:00:00,0.79588
2021-04-21 12:00:00,0.77723
2021-04-21 13:00:00,0.70372
2021-04-21 14:00:00,0.57367
2021-04-21 15:00:00,0.39687
2021-04-21 16:00:00,0.17121
2021-04-21 17:00:00,0.02625
2021-04-21 18:00:00,0.0
2021-04-21 19:00:00,0.0
2021-04-21 20:00:00,0.0
2021-04-21 21:00:00,0.0
2021-04-21 22:00:00,0.0
2021-04-21 23:00:00,0.0
2021-04-22 00:00:00,0.0
2021-04-22 01:00:00,0.0
2021-04-22 02:00:00,0.0
2021-04-22 03:00:00,0.0
2021-04-22 04:00:00,0.0
2021-04-22 05:00:00,0.0
2021-04-22 06:00:00,0.0
2021-04-22 07:00:00,0.22286
2021-04-22 08:00:00,0.47629000000000005
2021-04-22 09:00:00,0.63467
2021-04-22 10:00:00,0.73775
2021-04-22 11:00:00,0.7756799999999999
2021-04-22 12:00:00,0.7524
2021-04-22 13:00:00,0.67325
2021-04-22 14:00:00,0.47737999999999997
2021-04-22 15:00:00,0.24359
2021-04-22 16:00:00,0.07273
2021-04-22 17:00:00,0.022920000000000003
2021-04-22 18:00:00,0.0
2021-04-22 19:00:00,0.0
2021-04-22 20:00:00,0.0
2021-04-22 21:00:00,0.0
2021-04-22 22:00:00,0.0
2021-04-22 23:00:00,0.0
2021-04-23 00:00:00,0.0
2021-04-23 01:00:00,0.0
2021-04-23 02:00:00,0.0
2021-04-23 03:00:00,0.0
2021-04-23 04:00:00,0.0
2021-04-23 05:00:00,0.0
2021-04-23 06:00:00,0.0
2021-04-23 07:00:00,0.24953
2021-04-23 08:00:00,0.49979
2021-04-23 09:00:00,0.65351
2021-04-23 10:00:00,0.74125
2021-04-23 11:00:00,0.7687999999999999
2021-04-23 12:00:00,0.75115
2021-04-23 13:00:00,0.68596
2021-04-23 14:00:00,0.5665399999999999
2021-04-23 15:00:00,0.38831
2021-04-23 16:00:00,0.16774
2021-04-23 17:00:00,0.027460000000000002
2021-04-23 18:00:00,0.0
2021-04-23 19:00:00,0.0
2021-04-23 20:00:00,0.0
2021-04-23 21:00:00,0.0
2021-04-23 22:00:00,0.0
2021-04-23 23:00:00,0.0
2021-04-24 00:00:00,0.0
2021-04-24 01:00:00,0.0
2021-04-24 02:00:00,0.0
2021-04-24 03:00:00,0.0
2021-04-24 04:00:00,0.0
2021-04-24 05:00:00,0.0
2021-04-24 06:00:00,0.0
2021-04-24 07:00:00,0.22697
2021-04-24 08:00:00,0.46914999999999996
2021-04-24 09:00:00,0.6259600000000001
2021-04-24 10:00:00,0.72217
2021-04-24 11:00:00,0.76416
2021-04-24 12:00:00,0.75033
2021-04-24 13:00:00,0.674
2021-04-24 14:00:00,0.5523899999999999
2021-04-24 15:00:00,0.37616000000000005
2021-04-24 16:00:00,0.16522
2021-04-24 17:00:00,0.02354
2021-04-24 18:00:00,0.0
2021-04-24 19:00:00,0.0
2021-04-24 20:00:00,0.0
2021-04-24 21:00:00,0.0
2021-04-24 22:00:00,0.0
2021-04-24 23:00:00,0.0
2021-04-25 00:00:00,0.0
2021-04-25 01:00:00,0.0
2021-04-25 02:00:00,0.0
2021-04-25 03:00:00,0.0
2021-04-25 04:00:00,0.0
2021-04-25 05:00:00,0.0
2021-04-25 06:00:00,0.0
2021-04-25 07:00:00,0.22304
2021-04-25 08:00:00,0.47537999999999997
2021-04-25 09:00:00,0.62693
2021-04-25 10:00:00,0.71658
2021-04-25 11:00:00,0.75072
2021-04-25 12:00:00,0.73626
2021-04-25 13:00:00,0.66153
2021-04-25 14:00:00,0.54423
2021-04-25 15:00:00,0.365
2021-04-25 16:00:00,0.15915
2021-04-25 17:00:00,0.013439999999999999
2021-04-25 18:00:00,0.0
2021-04-25 19:00:00,0.0
2021-04-25 20:00:00,0.0
2021-04-25 21:00:00,0.0
2021-04-25 22:00:00,0.0
2021-04-25 23:00:00,0.0
2021-04-26 00:00:00,0.0
2021-04-26 01:00:00,0.0
2021-04-26 02:00:00,0.0
2021-04-26 03:00:00,0.0
2021-04-26 04:00:00,0.0
2021-04-26 05:00:00,0.0
2021-04-26 06:00:00,0.0
2021-04-26 07:00:00,0.22808
2021-04-26 08:00:00,0.46591000000000005
2021-04-26 09:00:00,0.6175900000000001
2021-04-26 10:00:00,0.67847
2021-04-26 11:00:00,0.7266
2021-04-26 12:00:00,0.7202200000000001
2021-04-26 13:00:00,0.65181
2021-04-26 14:00:00,0.5359700000000001
2021-04-26 15:00:00,0.35264
2021-04-26 16:00:00,0.032909999999999995
2021-04-26 17:00:00,0.00561
2021-04-26 18:00:00,0.0
2021-04-26 19:00:00,0.0
2021-04-26 20:00:00,0.0
2021-04-26 21:00:00,0.0
2021-04-26 22:00:00,0.0
2021-04-26 23:00:00,0.0
2021-04-27 00:00:00,0.0
2021-04-27 01:00:00,0.0
2021-04-27 02:00:00,0.0
2021-04-27 03:00:00,0.0
2021-04-27 04:00:00,0.0
2021-04-27 05:00:00,0.0
2021-04-27 06:00:00,0.0
2021-04-27 07:00:00,0.03829
2021-04-27 08:00:00,0.18355000000000002
2021-04-27 09:00:00,0.47257
2021-04-27 10:00:00,0.56255
2021-04-27 11:00:00,0.648
2021-04-27 12:00:00,0.70436
2021-04-27 13:00:00,0.5868099999999999
2021-04-27 14:00:00,0.10423
2021-04-27 15:00:00,0.1966
2021-04-27 16:00:00,0.13278
2021-04-27 17:00:00,0.0189
2021-04-27 18:00:00,0.0
2021-04-27 19:00:00,0.0
2021-04-27 20:00:00,0.0
2021-04-27 21:00:00,0.0
2021-04-27 22:00:00,0.0
2021-04-27 23:00:00,0.0
2021-04-28 00:00:00,0.0
2021-04-28 01:00:00,0.0
2021-04-28 02:00:00,0.0
2021-04-28 03:00:00,0.0
2021-04-28 04:00:00,0.0
2021-04-28 05:00:00,0.0
2021-04-28 06:00:00,0.0
2021-04-28 07:00:00,0.18977000000000002
2021-04-28 08:00:00,0.50082
2021-04-28 09:00:00,0.60611
2021-04-28 10:00:00,0.65552
2021-04-28 11:00:00,0.68231
2021-04-28 12:00:00,0.62493
2021-04-28 13:00:00,0.56438
2021-04-28 14:00:00,0.54202
2021-04-28 15:00:00,0.33453
2021-04-28 16:00:00,0.14508000000000001
2021-04-28 17:00:00,0.0011200000000000001
2021-04-28 18:00:00,0.0
2021-04-28 19:00:00,0.0
2021-04-28 20:00:00,0.0
2021-04-28 21:00:00,0.0
2021-04-28 22:00:00,0.0
2021-04-28 23:00:00,0.0
2021-04-29 00:00:00,0.0
2021-04-29 01:00:00,0.0
2021-04-29 02:00:00,0.0
2021-04-29 03:00:00,0.0
2021-04-29 04:00:00,0.0
2021-04-29 05:00:00,0.0
2021-04-29 06:00:00,0.0
2021-04-29 07:00:00,0.22149000000000002
2021-04-29 08:00:00,0.49543
2021-04-29 09:00:00,0.65518
2021-04-29 10:00:00,0.6885800000000001
2021-04-29 11:00:00,0.74571
2021-04-29 12:00:00,0.75164
2021-04-29 13:00:00,0.65937
2021-04-29 14:00:00,0.5490700000000001
2021-04-29 15:00:00,0.37809
2021-04-29 16:00:00,0.16122
2021-04-29 17:00:00,0.020980000000000002
2021-04-29 18:00:00,0.0
2021-04-29 19:00:00,0.0
2021-04-29 20:00:00,0.0
2021-04-29 21:00:00,0.0
2021-04-29 22:00:00,0.0
2021-04-29 23:00:00,0.0
2021-04-30 00:00:00,0.0
2021-04-30 01:00:00,0.0
2021-04-30 02:00:00,0.0
2021-04-30 03:00:00,0.0
2021-04-30 04:00:00,0.0
2021-04-30 05:00:00,0.0
2021-04-30 06:00:00,0.0
2021-04-30 07:00:00,0.20348
2021-04-30 08:00:00,0.51232
2021-04-30 09:00:00,0.66815
2021-04-30 10:00:00,0.7576499999999999
2021-04-30 11:00:00,0.79101
2021-04-30 12:00:00,0.74817
2021-04-30 13:00:00,0.6543300000000001
2021-04-30 14:00:00,0.52851
2021-04-30 15:00:00,0.30142
2021-04-30 16:00:00,0.13713999999999998
2021-04-30 17:00:00,0.010029999999999999
2021-04-30 18:00:00,0.0
2021-04-30 19:00:00,0.0
2021-04-30 20:00:00,0.0
2021-04-30 21:00:00,0.0
2021-04-30 22:00:00,0.0
2021-04-30 23:00:00,0.0
2021-05-01 00:00:00,0.0
2021-05-01 01:00:00,0.0
2021-05-01 02:00:00,0.0
2021-05-01 03:00:00,0.0
2021-05-01 04:00:00,0.0
2021-05-01 05:00:00,0.0
2021-05-01 06:00:00,0.0
2021-05-01 07:00:00,0.11804
2021-05-01 08:00:00,0.46728
2021-05-01 09:00:00,0.6442
2021-05-01 10:00:00,0.7167100000000001
2021-05-01 11:00:00,0.76387
2021-05-01 12:00:00,0.7424
2021-05-01 13:00:00,0.64974
2021-05-01 14:00:00,0.30378
2021-05-01 15:00:00,0.2139
2021-05-01 16:00:00,0.12117
2021-05-01 17:00:00,0.00101
2021-05-01 18:00:00,0.0
2021-05-01 19:00:00,0.0
2021-05-01 20:00:00,0.0
2021-05-01 21:00:00,0.0
2021-05-01 22:00:00,0.0
2021-05-01 23:00:00,0.0
2021-05-02 00:00:00,0.0
2021-05-02 01:00:00,0.0
2021-05-02 02:00:00,0.0
2021-05-02 03:00:00,0.0
2021-05-02 04:00:00,0.0
2021-05-02 05:00:00,0.0
2021-05-02 06:00:00,0.0
2021-05-02 07:00:00,0.25127
2021-05-02 08:00:00,0.47746
2021-05-02 09:00:00,0.63459
2021-05-02 10:00:00,0.6536799999999999
2021-05-02 11:00:00,0.69229
2021-05-02 12:00:00,0.59264
2021-05-02 13:00:00,0.53131
2021-05-02 14:00:00,0.46019
2021-05-02 15:00:00,0.19344
2021-05-02 16:00:00,0.09928000000000001
2021-05-02 17:00:00,0.01946
2021-05-02 18:00:00,0.0
2021-05-02 19:00:00,0.0
2021-05-02 20:00:00,0.0
2021-05-02 21:00:00,0.0
2021-05-02 22:00:00,0.0
2021-05-02 23:00:00,0.0
2021-05-03 00:00:00,0.0
2021-05-03 01:00:00,0.0
2021-05-03 02:00:00,0.0
2021-05-03 03:00:00,0.0
2021-05-03 04:00:00,0.0
2021-05-03 05:00:00,0.0
2021-05-03 06:00:00,0.0
2021-05-03 07:00:00,0.22697
2021-05-03 08:00:00,0.48191
2021-05-03 09:00:00,0.6375299999999999
2021-05-03 10:00:00,0.7058
2021-05-03 11:00:00,0.7373200000000001
2021-05-03 12:00:00,0.72093
2021-05-03 13:00:00,0.6559400000000001
2021-05-03 14:00:00,0.53599
2021-05-03 15:00:00,0.36474
2021-05-03 16:00:00,0.15459
2021-05-03 17:00:00,0.016739999999999998
2021-05-03 18:00:00,0.0
2021-05-03 19:00:00,0.0
2021-05-03 20:00:00,0.0
2021-05-03 21:00:00,0.0
2021-05-03 22:00:00,0.0
2021-05-03 23:00:00,0.0
2021-05-04 00:00:00,0.0
2021-05-04 01:00:00,0.0
2021-05-04 02:00:00,0.0
2021-05-04 03:00:00,0.0
2021-05-04 04:00:00,0.0
2021-05-04 05:00:00,0.0
2021-05-04 06:00:00,0.0
2021-05-04 07:00:00,0.22431
2021-05-04 08:00:00,0.47662
2021-05-04 09:00:00,0.63567
2021-05-04 10:00:00,0.72511
2021-05-04 11:00:00,0.75673
2021-05-04 12:00:00,0.7342799999999999
2021-05-04 13:00:00,0.65888
2021-05-04 14:00:00,0.53342
2021-05-04 15:00:00,0.36019999999999996
2021-05-04 16:00:00,0.15153999999999998
2021-05-04 17:00:00,0.0167
2021-05-04 18:00:00,0.0
2021-05-04 19:00:00,0.0
2021-05-04 20:00:00,0.0
2021-05-04 21:00:00,0.0
2021-05-04 22:00:00,0.0
2021-05-04 23:00:00,0.0
2021-05-05 00:00:00,0.0
2021-05-05 01:00:00,0.0
2021-05-05 02:00:00,0.0
2021-05-05 03:00:00,0.0
2021-05-05 04:00:00,0.0
2021-05-05 05:00:00,0.0
2021-05-05 06:00:00,0.0
2021-05-05 07:00:00,0.22872
2021-05-05 08:00:00,0.49316000000000004
2021-05-05 09:00:00,0.6404099999999999
2021-05-05 10:00:00,0.7068099999999999
2021-05-05 11:00:00,0.7290399999999999
2021-05-05 12:00:00,0.61899
2021-05-05 13:00:00,0.6001799999999999
2021-05-05 14:00:00,0.5195700000000001
2021-05-05 15:00:00,0.32261
2021-05-05 16:00:00,0.14721
2021-05-05 17:00:00,0.01729
2021-05-05 18:00:00,0.0
2021-05-05 19:00:00,0.0
2021-05-05 20:00:00,0.0
2021-05-05 21:00:00,0.0
2021-05-05 22:00:00,0.0
2021-05-05 23:00:00,0.0
2021-05-06 00:00:00,0.0
2021-05-06 01:00:00,0.0
2021-05-06 02:00:00,0.0
2021-05-06 03:00:00,0.0
2021-05-06 04:00:00,0.0
2021-05-06 05:00:00,0.0
2021-05-06 06:00:00,0.0
2021-05-06 07:00:00,0.03984
2021-05-06 08:00:00,0.1255
2021-05-06 09:00:00,0.17454
2021-05-06 10:00:00,0.39683999999999997
2021-05-06 11:00:00,0.74821
2021-05-06 12:00:00,0.74436
2021-05-06 13:00:00,0.663
2021-05-06 14:00:00,0.536
2021-05-06 15:00:00,0.35968
2021-05-06 16:00:00,0.14777
2021-05-06 17:00:00,0.01599
2021-05-06 18:00:00,0.0
2021-05-06 19:00:00,0.0
2021-05-06 20:00:00,0.0
2021-05-06 21:00:00,0.0
2021-05-06 22:00:00,0.0
2021-05-06 23:00:00,0.0
2021-05-07 00:00:00,0.0
2021-05-07 01:00:00,0.0
2021-05-07 02:00:00,0.0
2021-05-07 03:00:00,0.0
2021-05-07 04:00:00,0.0
2021-05-07 05:00:00,0.0
2021-05-07 06:00:00,0.0
2021-05-07 07:00:00,0.20656
2021-05-07 08:00:00,0.48457
2021-05-07 09:00:00,0.64534
2021-05-07 10:00:00,0.7251000000000001
2021-05-07 11:00:00,0.75195
2021-05-07 12:00:00,0.7159099999999999
2021-05-07 13:00:00,0.59485
2021-05-07 14:00:00,0.44056
2021-05-07 15:00:00,0.19141
2021-05-07 16:00:00,0.11424
2021-05-07 17:00:00,0.0
2021-05-07 18:00:00,0.0
2021-05-07 19:00:00,0.0
2021-05-07 20:00:00,0.0
2021-05-07 21:00:00,0.0
2021-05-07 22:00:00,0.0
2021-05-07 23:00:00,0.0
2021-05-08 00:00:00,0.0
2021-05-08 01:00:00,0.0
2021-05-08 02:00:00,0.0
2021-05-08 03:00:00,0.0
2021-05-08 04:00:00,0.0
2021-05-08 05:00:00,0.0
2021-05-08 06:00:00,0.0
2021-05-08 07:00:00,0.19749
2021-05-08 08:00:00,0.39694
2021-05-08 09:00:00,0.63587
2021-05-08 10:00:00,0.71775
2021-05-08 11:00:00,0.7466900000000001
2021-05-08 12:00:00,0.71985
2021-05-08 13:00:00,0.6031299999999999
2021-05-08 14:00:00,0.40581
2021-05-08 15:00:00,0.33442
2021-05-08 16:00:00,0.14697
2021-05-08 17:00:00,0.00543
2021-05-08 18:00:00,0.0
2021-05-08 19:00:00,0.0
2021-05-08 20:00:00,0.0
2021-05-08 21:00:00,0.0
2021-05-08 22:00:00,0.0
2021-05-08 23:00:00,0.0
2021-05-09 00:00:00,0.0
2021-05-09 01:00:00,0.0
2021-05-09 02:00:00,0.0
2021-05-09 03:00:00,0.0
2021-05-09 04:00:00,0.0
2021-05-09 05:00:00,0.0
2021-05-09 06:00:00,0.0
2021-05-09 07:00:00,0.20915
2021-05-09 08:00:00,0.46825
2021-05-09 09:00:00,0.63146
2021-05-09 10:00:00,0.7097
2021-05-09 11:00:00,0.73894
2021-05-09 12:00:00,0.7069099999999999
2021-05-09 13:00:00,0.6193099999999999
2021-05-09 14:00:00,0.46954
2021-05-09 15:00:00,0.31179
2021-05-09 16:00:00,0.09933
2021-05-09 17:00:00,0.0014299999999999998
2021-05-09 18:00:00,0.0
2021-05-09 19:00:00,0.0
2021-05-09 20:00:00,0.0
2021-05-09 21:00:00,0.0
2021-05-09 22:00:00,0.0
2021-05-09 23:00:00,0.0
2021-05-10 00:00:00,0.0
2021-05-10 01:00:00,0.0
2021-05-10 02:00:00,0.0
2021-05-10 03:00:00,0.0
2021-05-10 04:00:00,0.0
2021-05-10 05:00:00,0.0
2021-05-10 06:00:00,0.0
2021-05-10 07:00:00,0.214
2021-05-10 08:00:00,0.48064999999999997
2021-05-10 09:00:00,0.63495
2021-05-10 10:00:00,0.70698
2021-05-10 11:00:00,0.7264400000000001
2021-05-10 12:00:00,0.65173
2021-05-10 13:00:00,0.51451
2021-05-10 14:00:00,0.42018
2021-05-10 15:00:00,0.2376
2021-05-10 16:00:00,0.11468
2021-05-10 17:00:00,0.001
2021-05-10 18:00:00,0.0
2021-05-10 19:00:00,0.0
2021-05-10 20:00:00,0.0
2021-05-10 21:00:00,0.0
2021-05-10 22:00:00,0.0
2021-05-10 23:00:00,0.0
2021-05-11 00:00:00,0.0
2021-05-11 01:00:00,0.0
2021-05-11 02:00:00,0.0
2021-05-11 03:00:00,0.0
2021-05-11 04:00:00,0.0
2021-05-11 05:00:00,0.0
2021-05-11 06:00:00,0.0
2021-05-11 07:00:00,0.20689
2021-05-11 08:00:00,0.46823000000000004
2021-05-11 09:00:00,0.62491
2021-05-11 10:00:00,0.6907300000000001
2021-05-11 11:00:00,0.73875
2021-05-11 12:00:00,0.70392
2021-05-11 13:00:00,0.57799
2021-05-11 14:00:00,0.39868000000000003
2021-05-11 15:00:00,0.2508
2021-05-11 16:00:00,0.13526
2021-05-11 17:00:00,0.01357
2021-05-11 18:00:00,0.0
2021-05-11 19:00:00,0.0
2021-05-11 20:00:00,0.0
2021-05-11 21:00:00,0.0
2021-05-11 22:00:00,0.0
2021-05-11 23:00:00,0.0
2021-05-12 00:00:00,0.0
2021-05-12 01:00:00,0.0
2021-05-12 02:00:00,0.0
2021-05-12 03:00:00,0.0
2021-05-12 04:00:00,0.0
2021-05-12 05:00:00,0.0
2021-05-12 06:00:00,0.0
2021-05-12 07:00:00,0.01627
2021-05-12 08:00:00,0.05011
2021-05-12 09:00:00,0.57384
2021-05-12 10:00:00,0.5063
2021-05-12 11:00:00,0.66964
2021-05-12 12:00:00,0.59539
2021-05-12 13:00:00,0.2699
2021-05-12 14:00:00,0.30832
2021-05-12 15:00:00,0.15166
2021-05-12 16:00:00,0.09484999999999999
2021-05-12 17:00:00,0.01243
2021-05-12 18:00:00,0.0
2021-05-12 19:00:00,0.0
2021-05-12 20:00:00,0.0
2021-05-12 21:00:00,0.0
2021-05-12 22:00:00,0.0
2021-05-12 23:00:00,0.0
2021-05-13 00:00:00,0.0
2021-05-13 01:00:00,0.0
2021-05-13 02:00:00,0.0
2021-05-13 03:00:00,0.0
2021-05-13 04:00:00,0.0
2021-05-13 05:00:00,0.0
2021-05-13 06:00:00,0.0
2021-05-13 07:00:00,0.0059299999999999995
2021-05-13 08:00:00,0.01911
2021-05-13 09:00:00,0.09593
2021-05-13 10:00:00,0.67011
2021-05-13 11:00:00,0.36751999999999996
2021-05-13 12:00:00,0.47957
2021-05-13 13:00:00,0.55692
2021-05-13 14:00:00,0.4167
2021-05-13 15:00:00,0.27975
2021-05-13 16:00:00,0.13354
2021-05-13 17:00:00,0.01208
2021-05-13 18:00:00,0.0
2021-05-13 19:00:00,0.0
2021-05-13 20:00:00,0.0
2021-05-13 21:00:00,0.0
2021-05-13 22:00:00,0.0
2021-05-13 23:00:00,0.0
2021-05-14 00:00:00,0.0
2021-05-14 01:00:00,0.0
2021-05-14 02:00:00,0.0
2021-05-14 03:00:00,0.0
2021-05-14 04:00:00,0.0
2021-05-14 05:00:00,0.0
2021-05-14 06:00:00,0.0
2021-05-14 07:00:00,0.20675
2021-05-14 08:00:00,0.4788
2021-05-14 09:00:00,0.62701
2021-05-14 10:00:00,0.6980599999999999
2021-05-14 11:00:00,0.71404
2021-05-14 12:00:00,0.68775
2021-05-14 13:00:00,0.6105700000000001
2021-05-14 14:00:00,0.45498
2021-05-14 15:00:00,0.27114
2021-05-14 16:00:00,0.13909
2021-05-14 17:00:00,0.01193
2021-05-14 18:00:00,0.0
2021-05-14 19:00:00,0.0
2021-05-14 20:00:00,0.0
2021-05-14 21:00:00,0.0
2021-05-14 22:00:00,0.0
2021-05-14 23:00:00,0.0
2021-05-15 00:00:00,0.0
2021-05-15 01:00:00,0.0
2021-05-15 02:00:00,0.0
2021-05-15 03:00:00,0.0
2021-05-15 04:00:00,0.0
2021-05-15 05:00:00,0.0
2021-05-15 06:00:00,0.0
2021-05-15 07:00:00,0.035840000000000004
2021-05-15 08:00:00,0.25293
2021-05-15 09:00:00,0.12771
2021-05-15 10:00:00,0.62472
2021-05-15 11:00:00,0.37666000000000005
2021-05-15 12:00:00,0.08075
2021-05-15 13:00:00,0.40699
2021-05-15 14:00:00,0.11004000000000001
2021-05-15 15:00:00,0.03436
2021-05-15 16:00:00,0.01462
2021-05-15 17:00:00,0.0
2021-05-15 18:00:00,0.0
2021-05-15 19:00:00,0.0
2021-05-15 20:00:00,0.0
2021-05-15 21:00:00,0.0
2021-05-15 22:00:00,0.0
2021-05-15 23:00:00,0.0
2021-05-16 00:00:00,0.0
2021-05-16 01:00:00,0.0
2021-05-16 02:00:00,0.0
2021-05-16 03:00:00,0.0
2021-05-16 04:00:00,0.0
2021-05-16 05:00:00,0.0
2021-05-16 06:00:00,0.0
2021-05-16 07:00:00,0.053899999999999997
2021-05-16 08:00:00,0.039700000000000006
2021-05-16 09:00:00,0.10416
2021-05-16 10:00:00,0.65274
2021-05-16 11:00:00,0.6509199999999999
2021-05-16 12:00:00,0.60854
2021-05-16 13:00:00,0.40402
2021-05-16 14:00:00,0.43463999999999997
2021-05-16 15:00:00,0.33377999999999997
2021-05-16 16:00:00,0.13797
2021-05-16 17:00:00,0.0106
2021-05-16 18:00:00,0.0
2021-05-16 19:00:00,0.0
2021-05-16 20:00:00,0.0
2021-05-16 21:00:00,0.0
2021-05-16 22:00:00,0.0
2021-05-16 23:00:00,0.0
2021-05-17 00:00:00,0.0
2021-05-17 01:00:00,0.0
2021-05-17 02:00:00,0.0
2021-05-17 03:00:00,0.0
2021-05-17 04:00:00,0.0
2021-05-17 05:00:00,0.0
2021-05-17 06:00:00,0.0
2021-05-17 07:00:00,0.16906000000000002
2021-05-17 08:00:00,0.326
2021-05-17 09:00:00,0.16923
2021-05-17 10:00:00,0.6415700000000001
2021-05-17 11:00:00,0.6439199999999999
2021-05-17 12:00:00,0.6219199999999999
2021-05-17 13:00:00,0.59775
2021-05-17 14:00:00,0.48722000000000004
2021-05-17 15:00:00,0.32080000000000003
2021-05-17 16:00:00,0.13751
2021-05-17 17:00:00,0.00993
2021-05-17 18:00:00,0.0
2021-05-17 19:00:00,0.0
2021-05-17 20:00:00,0.0
2021-05-17 21:00:00,0.0
2021-05-17 22:00:00,0.0
2021-05-17 23:00:00,0.0
2021-05-18 00:00:00,0.0
2021-05-18 01:00:00,0.0
2021-05-18 02:00:00,0.0
2021-05-18 03:00:00,0.0
2021-05-18 04:00:00,0.0
2021-05-18 05:00:00,0.0
2021-05-18 06:00:00,0.0
2021-05-18 07:00:00,0.21398
2021-05-18 08:00:00,0.46076999999999996
2021-05-18 09:00:00,0.62287
2021-05-18 10:00:00,0.6918500000000001
2021-05-18 11:00:00,0.66511
2021-05-18 12:00:00,0.59822
2021-05-18 13:00:00,0.50978
2021-05-18 14:00:00,0.4487
2021-05-18 15:00:00,0.24886000000000003
2021-05-18 16:00:00,0.14298
2021-05-18 17:00:00,0.00999
2021-05-18 18:00:00,0.0
2021-05-18 19:00:00,0.0
2021-05-18 20:00:00,0.0
2021-05-18 21:00:00,0.0
2021-05-18 22:00:00,0.0
2021-05-18 23:00:00,0.0
2021-05-19 00:00:00,0.0
2021-05-19 01:00:00,0.0
2021-05-19 02:00:00,0.0
2021-05-19 03:00:00,0.0
2021-05-19 04:00:00,0.0
2021-05-19 05:00:00,0.0
2021-05-19 06:00:00,0.0
2021-05-19 07:00:00,0.20229
2021-05-19 08:00:00,0.49229
2021-05-19 09:00:00,0.6346499999999999
2021-05-19 10:00:00,0.72584
2021-05-19 11:00:00,0.75934
2021-05-19 12:00:00,0.7415900000000001
2021-05-19 13:00:00,0.66615
2021-05-19 14:00:00,0.53585
2021-05-19 15:00:00,0.35652
2021-05-19 16:00:00,0.14367
2021-05-19 17:00:00,0.009890000000000001
2021-05-19 18:00:00,0.0
2021-05-19 19:00:00,0.0
2021-05-19 20:00:00,0.0
2021-05-19 21:00:00,0.0
2021-05-19 22:00:00,0.0
2021-05-19 23:00:00,0.0
2021-05-20 00:00:00,0.0
2021-05-20 01:00:00,0.0
2021-05-20 02:00:00,0.0
2021-05-20 03:00:00,0.0
2021-05-20 04:00:00,0.0
2021-05-20 05:00:00,0.0
2021-05-20 06:00:00,0.0
2021-05-20 07:00:00,0.18328999999999998
2021-05-20 08:00:00,0.46958999999999995
2021-05-20 09:00:00,0.6143099999999999
2021-05-20 10:00:00,0.7033400000000001
2021-05-20 11:00:00,0.7439199999999999
2021-05-20 12:00:00,0.72453
2021-05-20 13:00:00,0.6562100000000001
2021-05-20 14:00:00,0.5250499999999999
2021-05-20 15:00:00,0.34674
2021-05-20 16:00:00,0.13393
2021-05-20 17:00:00,0.009269999999999999
2021-05-20 18:00:00,0.0
2021-05-20 19:00:00,0.0
2021-05-20 20:00:00,0.0
2021-05-20 21:00:00,0.0
2021-05-20 22:00:00,0.0
2021-05-20 23:00:00,0.0
2021-05-21 00:00:00,0.0
2021-05-21 01:00:00,0.0
2021-05-21 02:00:00,0.0
2021-05-21 03:00:00,0.0
2021-05-21 04:00:00,0.0
2021-05-21 05:00:00,0.0
2021-05-21 06:00:00,0.0
2021-05-21 07:00:00,0.14261000000000001
2021-05-21 08:00:00,0.46726
2021-05-21 09:00:00,0.24107
2021-05-21 10:00:00,0.51697
2021-05-21 11:00:00,0.44308
2021-05-21 12:00:00,0.6821
2021-05-21 13:00:00,0.64604
2021-05-21 14:00:00,0.50491
2021-05-21 15:00:00,0.31160000000000004
2021-05-21 16:00:00,0.13274
2021-05-21 17:00:00,0.00868
2021-05-21 18:00:00,0.0
2021-05-21 19:00:00,0.0
2021-05-21 20:00:00,0.0
2021-05-21 21:00:00,0.0
2021-05-21 22:00:00,0.0
2021-05-21 23:00:00,0.0
2021-05-22 00:00:00,0.0
2021-05-22 01:00:00,0.0
2021-05-22 02:00:00,0.0
2021-05-22 03:00:00,0.0
2021-05-22 04:00:00,0.0
2021-05-22 05:00:00,0.0
2021-05-22 06:00:00,0.0
2021-05-22 07:00:00,0.12304000000000001
2021-05-22 08:00:00,0.47526999999999997
2021-05-22 09:00:00,0.60545
2021-05-22 10:00:00,0.50087
2021-05-22 11:00:00,0.23857
2021-05-22 12:00:00,0.17839
2021-05-22 13:00:00,0.09464
2021-05-22 14:00:00,0.05282
2021-05-22 15:00:00,0.01877
2021-05-22 16:00:00,0.008060000000000001
2021-05-22 17:00:00,0.0
2021-05-22 18:00:00,0.0
2021-05-22 19:00:00,0.0
2021-05-22 20:00:00,0.0
2021-05-22 21:00:00,0.0
2021-05-22 22:00:00,0.0
2021-05-22 23:00:00,0.0
2021-05-23 00:00:00,0.0
2021-05-23 01:00:00,0.0
2021-05-23 02:00:00,0.0
2021-05-23 03:00:00,0.0
2021-05-23 04:00:00,0.0
2021-05-23 05:00:00,0.0
2021-05-23 06:00:00,0.0
2021-05-23 07:00:00,0.05341
2021-05-23 08:00:00,0.17041
2021-05-23 09:00:00,0.291
2021-05-23 10:00:00,0.46974
2021-05-23 11:00:00,0.38224
2021-05-23 12:00:00,0.40036
2021-05-23 13:00:00,0.34270999999999996
2021-05-23 14:00:00,0.18127000000000001
2021-05-23 15:00:00,0.06586
2021-05-23 16:00:00,0.023379999999999998
2021-05-23 17:00:00,0.0
2021-05-23 18:00:00,0.0
2021-05-23 19:00:00,0.0
2021-05-23 20:00:00,0.0
2021-05-23 21:00:00,0.0
2021-05-23 22:00:00,0.0
2021-05-23 23:00:00,0.0
2021-05-24 00:00:00,0.0
2021-05-24 01:00:00,0.0
2021-05-24 02:00:00,0.0
2021-05-24 03:00:00,0.0
2021-05-24 04:00:00,0.0
2021-05-24 05:00:00,0.0
2021-05-24 06:00:00,0.0
2021-05-24 07:00:00,0.12078
2021-05-24 08:00:00,0.24752000000000002
2021-05-24 09:00:00,0.32245
2021-05-24 10:00:00,0.57282
2021-05-24 11:00:00,0.73468
2021-05-24 12:00:00,0.40398
2021-05-24 13:00:00,0.55987
2021-05-24 14:00:00,0.34147000000000005
2021-05-24 15:00:00,0.13929
2021-05-24 16:00:00,0.056100000000000004
2021-05-24 17:00:00,0.0
2021-05-24 18:00:00,0.0
2021-05-24 19:00:00,0.0
2021-05-24 20:00:00,0.0
2021-05-24 21:00:00,0.0
2021-05-24 22:00:00,0.0
2021-05-24 23:00:00,0.0
2021-05-25 00:00:00,0.0
2021-05-25 01:00:00,0.0
2021-05-25 02:00:00,0.0
2021-05-25 03:00:00,0.0
2021-05-25 04:00:00,0.0
2021-05-25 05:00:00,0.0
2021-05-25 06:00:00,0.0
2021-05-25 07:00:00,0.18781
2021-05-25 08:00:00,0.14743
2021-05-25 09:00:00,0.6353
2021-05-25 10:00:00,0.70504
2021-05-25 11:00:00,0.74209
2021-05-25 12:00:00,0.72851
2021-05-25 13:00:00,0.66125
2021-05-25 14:00:00,0.5348099999999999
2021-05-25 15:00:00,0.28063
2021-05-25 16:00:00,0.06563
2021-05-25 17:00:00,0.00757
2021-05-25 18:00:00,0.0
2021-05-25 19:00:00,0.0
2021-05-25 20:00:00,0.0
2021-05-25 21:00:00,0.0
2021-05-25 22:00:00,0.0
2021-05-25 23:00:00,0.0
2021-05-26 00:00:00,0.0
2021-05-26 01:00:00,0.0
2021-05-26 02:00:00,0.0
2021-05-26 03:00:00,0.0
2021-05-26 04:00:00,0.0
2021-05-26 05:00:00,0.0
2021-05-26 06:00:00,0.0
2021-05-26 07:00:00,0.18238
2021-05-26 08:00:00,0.4695
2021-05-26 09:00:00,0.61554
2021-05-26 10:00:00,0.69114
2021-05-26 11:00:00,0.71594
2021-05-26 12:00:00,0.71048
2021-05-26 13:00:00,0.6457200000000001
2021-05-26 14:00:00,0.51006
2021-05-26 15:00:00,0.33247000000000004
2021-05-26 16:00:00,0.1396
2021-05-26 17:00:00,0.00752
2021-05-26 18:00:00,0.0
2021-05-26 19:00:00,0.0
2021-05-26 20:00:00,0.0
2021-05-26 21:00:00,0.0
2021-05-26 22:00:00,0.0
2021-05-26 23:00:00,0.0
2021-05-27 00:00:00,0.0
2021-05-27 01:00:00,0.0
2021-05-27 02:00:00,0.0
2021-05-27 03:00:00,0.0
2021-05-27 04:00:00,0.0
2021-05-27 05:00:00,0.0
2021-05-27 06:00:00,0.0
2021-05-27 07:00:00,0.15797
2021-05-27 08:00:00,0.39163
2021-05-27 09:00:00,0.28204
2021-05-27 10:00:00,0.58278
2021-05-27 11:00:00,0.34772000000000003
2021-05-27 12:00:00,0.51335
2021-05-27 13:00:00,0.6150800000000001
2021-05-27 14:00:00,0.44273
2021-05-27 15:00:00,0.27605
2021-05-27 16:00:00,0.12646
2021-05-27 17:00:00,0.00694
2021-05-27 18:00:00,0.0
2021-05-27 19:00:00,0.0
2021-05-27 20:00:00,0.0
2021-05-27 21:00:00,0.0
2021-05-27 22:00:00,0.0
2021-05-27 23:00:00,0.0
2021-05-28 00:00:00,0.0
2021-05-28 01:00:00,0.0
2021-05-28 02:00:00,0.0
2021-05-28 03:00:00,0.0
2021-05-28 04:00:00,0.0
2021-05-28 05:00:00,0.0
2021-05-28 06:00:00,0.0
2021-05-28 07:00:00,0.15936
2021-05-28 08:00:00,0.44189999999999996
2021-05-28 09:00:00,0.58702
2021-05-28 10:00:00,0.683
2021-05-28 11:00:00,0.6949099999999999
2021-05-28 12:00:00,0.70185
2021-05-28 13:00:00,0.46957
2021-05-28 14:00:00,0.42962
2021-05-28 15:00:00,0.259
2021-05-28 16:00:00,0.0358
2021-05-28 17:00:00,0.00636
2021-05-28 18:00:00,0.0
2021-05-28 19:00:00,0.0
2021-05-28 20:00:00,0.0
2021-05-28 21:00:00,0.0
2021-05-28 22:00:00,0.0
2021-05-28 23:00:00,0.0
2021-05-29 00:00:00,0.0
2021-05-29 01:00:00,0.0
2021-05-29 02:00:00,0.0
2021-05-29 03:00:00,0.0
2021-05-29 04:00:00,0.0
2021-05-29 05:00:00,0.0
2021-05-29 06:00:00,0.0
2021-05-29 07:00:00,0.15787
2021-05-29 08:00:00,0.023530000000000002
2021-05-29 09:00:00,0.01982
2021-05-29 10:00:00,0.24863
2021-05-29 11:00:00,0.11671
2021-05-29 12:00:00,0.14312
2021-05-29 13:00:00,0.54728
2021-05-29 14:00:00,0.08452
2021-05-29 15:00:00,0.03211
2021-05-29 16:00:00,0.10457
2021-05-29 17:00:00,0.0058
2021-05-29 18:00:00,0.0
2021-05-29 19:00:00,0.0
2021-05-29 20:00:00,0.0
2021-05-29 21:00:00,0.0
2021-05-29 22:00:00,0.0
2021-05-29 23:00:00,0.0
2021-05-30 00:00:00,0.0
2021-05-30 01:00:00,0.0
2021-05-30 02:00:00,0.0
2021-05-30 03:00:00,0.0
2021-05-30 04:00:00,0.0
2021-05-30 05:00:00,0.0
2021-05-30 06:00:00,0.0
2021-05-30 07:00:00,0.1373
2021-05-30 08:00:00,0.42619
2021-05-30 09:00:00,0.43855
2021-05-30 10:00:00,0.58316
2021-05-30 11:00:00,0.30974
2021-05-30 12:00:00,0.43539
2021-05-30 13:00:00,0.41472000000000003
2021-05-30 14:00:00,0.08477
2021-05-30 15:00:00,0.01803
2021-05-30 16:00:00,0.03015
2021-05-30 17:00:00,0.00533
2021-05-30 18:00:00,0.0
2021-05-30 19:00:00,0.0
2021-05-30 20:00:00,0.0
2021-05-30 21:00:00,0.0
2021-05-30 22:00:00,0.0
2021-05-30 23:00:00,0.0
2021-05-31 00:00:00,0.0
2021-05-31 01:00:00,0.0
2021-05-31 02:00:00,0.0
2021-05-31 03:00:00,0.0
2021-05-31 04:00:00,0.0
2021-05-31 05:00:00,0.0
2021-05-31 06:00:00,0.0
2021-05-31 07:00:00,0.02583
2021-05-31 08:00:00,0.20747
2021-05-31 09:00:00,0.22975
2021-05-31 10:00:00,0.02948
2021-05-31 11:00:00,0.53871
2021-05-31 12:00:00,0.36273
2021-05-31 13:00:00,0.29575999999999997
2021-05-31 14:00:00,0.31611
2021-05-31 15:00:00,0.19974
2021-05-31 16:00:00,0.06189
2021-05-31 17:00:00,0.0
2021-05-31 18:00:00,0.0
2021-05-31 19:00:00,0.0
2021-05-31 20:00:00,0.0
2021-05-31 21:00:00,0.0
2021-05-31 22:00:00,0.0
2021-05-31 23:00:00,0.0
2021-06-01 00:00:00,0.0
2021-06-01 01:00:00,0.0
2021-06-01 02:00:00,0.0
2021-06-01 03:00:00,0.0
2021-06-01 04:00:00,0.0
2021-06-01 05:00:00,0.0
2021-06-01 06:00:00,0.0
2021-06-01 07:00:00,0.01489
2021-06-01 08:00:00,0.31343
2021-06-01 09:00:00,0.5776699999999999
2021-06-01 10:00:00,0.66462
2021-06-01 11:00:00,0.71378
2021-06-01 12:00:00,0.69437
2021-06-01 13:00:00,0.6235
2021-06-01 14:00:00,0.5047900000000001
2021-06-01 15:00:00,0.34528
2021-06-01 16:00:00,0.13851
2021-06-01 17:00:00,0.00528
2021-06-01 18:00:00,0.0
2021-06-01 19:00:00,0.0
2021-06-01 20:00:00,0.0
2021-06-01 21:00:00,0.0
2021-06-01 22:00:00,0.0
2021-06-01 23:00:00,0.0
2021-06-02 00:00:00,0.0
2021-06-02 01:00:00,0.0
2021-06-02 02:00:00,0.0
2021-06-02 03:00:00,0.0
2021-06-02 04:00:00,0.0
2021-06-02 05:00:00,0.0
2021-06-02 06:00:00,0.0
2021-06-02 07:00:00,0.009779999999999999
2021-06-02 08:00:00,0.45433999999999997
2021-06-02 09:00:00,0.60293
2021-06-02 10:00:00,0.6996100000000001
2021-06-02 11:00:00,0.7359
2021-06-02 12:00:00,0.71548
2021-06-02 13:00:00,0.5931000000000001
2021-06-02 14:00:00,0.35916000000000003
2021-06-02 15:00:00,0.33464
2021-06-02 16:00:00,0.13666
2021-06-02 17:00:00,0.00495
2021-06-02 18:00:00,0.0
2021-06-02 19:00:00,0.0
2021-06-02 20:00:00,0.0
2021-06-02 21:00:00,0.0
2021-06-02 22:00:00,0.0
2021-06-02 23:00:00,0.0
2021-06-03 00:00:00,0.0
2021-06-03 01:00:00,0.0
2021-06-03 02:00:00,0.0
2021-06-03 03:00:00,0.0
2021-06-03 04:00:00,0.0
2021-06-03 05:00:00,0.0
2021-06-03 06:00:00,0.0
2021-06-03 07:00:00,0.011609999999999999
2021-06-03 08:00:00,0.42841
2021-06-03 09:00:00,0.57632
2021-06-03 10:00:00,0.66369
2021-06-03 11:00:00,0.69645
2021-06-03 12:00:00,0.68086
2021-06-03 13:00:00,0.59173
2021-06-03 14:00:00,0.49445999999999996
2021-06-03 15:00:00,0.33541000000000004
2021-06-03 16:00:00,0.13634000000000002
2021-06-03 17:00:00,0.0056
2021-06-03 18:00:00,0.0
2021-06-03 19:00:00,0.0
2021-06-03 20:00:00,0.0
2021-06-03 21:00:00,0.0
2021-06-03 22:00:00,0.0
2021-06-03 23:00:00,0.0
2021-06-04 00:00:00,0.0
2021-06-04 01:00:00,0.0
2021-06-04 02:00:00,0.0
2021-06-04 03:00:00,0.0
2021-06-04 04:00:00,0.0
2021-06-04 05:00:00,0.0
2021-06-04 06:00:00,0.0
2021-06-04 07:00:00,0.01157
2021-06-04 08:00:00,0.42747
2021-06-04 09:00:00,0.5856399999999999
2021-06-04 10:00:00,0.6779400000000001
2021-06-04 11:00:00,0.71849
2021-06-04 12:00:00,0.69424
2021-06-04 13:00:00,0.56199
2021-06-04 14:00:00,0.46041000000000004
2021-06-04 15:00:00,0.33588
2021-06-04 16:00:00,0.13678
2021-06-04 17:00:00,0.00542
2021-06-04 18:00:00,0.0
2021-06-04 19:00:00,0.0
2021-06-04 20:00:00,0.0
2021-06-04 21:00:00,0.0
2021-06-04 22:00:00,0.0
2021-06-04 23:00:00,0.0
2021-06-05 00:00:00,0.0
2021-06-05 01:00:00,0.0
2021-06-05 02:00:00,0.0
2021-06-05 03:00:00,0.0
2021-06-05 04:00:00,0.0
2021-06-05 05:00:00,0.0
2021-06-05 06:00:00,0.0
2021-06-05 07:00:00,0.01042
2021-06-05 08:00:00,0.42972000000000005
2021-06-05 09:00:00,0.58502
2021-06-05 10:00:00,0.6881900000000001
2021-06-05 11:00:00,0.724
2021-06-05 12:00:00,0.7109
2021-06-05 13:00:00,0.63787
2021-06-05 14:00:00,0.51911
2021-06-05 15:00:00,0.35125
2021-06-05 16:00:00,0.13878000000000001
2021-06-05 17:00:00,0.0048
2021-06-05 18:00:00,0.0
2021-06-05 19:00:00,0.0
2021-06-05 20:00:00,0.0
2021-06-05 21:00:00,0.0
2021-06-05 22:00:00,0.0
2021-06-05 23:00:00,0.0
2021-06-06 00:00:00,0.0
2021-06-06 01:00:00,0.0
2021-06-06 02:00:00,0.0
2021-06-06 03:00:00,0.0
2021-06-06 04:00:00,0.0
2021-06-06 05:00:00,0.0
2021-06-06 06:00:00,0.0
2021-06-06 07:00:00,0.0123
2021-06-06 08:00:00,0.25061
2021-06-06 09:00:00,0.42323
2021-06-06 10:00:00,0.47897
2021-06-06 11:00:00,0.36638
2021-06-06 12:00:00,0.64386
2021-06-06 13:00:00,0.39716
2021-06-06 14:00:00,0.39711
2021-06-06 15:00:00,0.04904
2021-06-06 16:00:00,0.08487
2021-06-06 17:00:00,0.00391
2021-06-06 18:00:00,0.0
2021-06-06 19:00:00,0.0
2021-06-06 20:00:00,0.0
2021-06-06 21:00:00,0.0
2021-06-06 22:00:00,0.0
2021-06-06 23:00:00,0.0
2021-06-07 00:00:00,0.0
2021-06-07 01:00:00,0.0
2021-06-07 02:00:00,0.0
2021-06-07 03:00:00,0.0
2021-06-07 04:00:00,0.0
2021-06-07 05:00:00,0.0
2021-06-07 06:00:00,0.0
2021-06-07 07:00:00,0.011550000000000001
2021-06-07 08:00:00,0.41134
2021-06-07 09:00:00,0.3645
2021-06-07 10:00:00,0.65422
2021-06-07 11:00:00,0.63919
2021-06-07 12:00:00,0.64904
2021-06-07 13:00:00,0.4522
2021-06-07 14:00:00,0.39809
2021-06-07 15:00:00,0.29636
2021-06-07 16:00:00,0.07168000000000001
2021-06-07 17:00:00,0.0
2021-06-07 18:00:00,0.0
2021-06-07 19:00:00,0.0
2021-06-07 20:00:00,0.0
2021-06-07 21:00:00,0.0
2021-06-07 22:00:00,0.0
2021-06-07 23:00:00,0.0
2021-06-08 00:00:00,0.0
2021-06-08 01:00:00,0.0
2021-06-08 02:00:00,0.0
2021-06-08 03:00:00,0.0
2021-06-08 04:00:00,0.0
2021-06-08 05:00:00,0.0
2021-06-08 06:00:00,0.0
2021-06-08 07:00:00,0.01031
2021-06-08 08:00:00,0.17715999999999998
2021-06-08 09:00:00,0.29225999999999996
2021-06-08 10:00:00,0.35647
2021-06-08 11:00:00,0.58253
2021-06-08 12:00:00,0.67052
2021-06-08 13:00:00,0.59994
2021-06-08 14:00:00,0.49016000000000004
2021-06-08 15:00:00,0.33682999999999996
2021-06-08 16:00:00,0.13141
2021-06-08 17:00:00,0.00158
2021-06-08 18:00:00,0.0
2021-06-08 19:00:00,0.0
2021-06-08 20:00:00,0.0
2021-06-08 21:00:00,0.0
2021-06-08 22:00:00,0.0
2021-06-08 23:00:00,0.0
2021-06-09 00:00:00,0.0
2021-06-09 01:00:00,0.0
2021-06-09 02:00:00,0.0
2021-06-09 03:00:00,0.0
2021-06-09 04:00:00,0.0
2021-06-09 05:00:00,0.0
2021-06-09 06:00:00,0.0
2021-06-09 07:00:00,0.0103
2021-06-09 08:00:00,0.32185
2021-06-09 09:00:00,0.5734600000000001
2021-06-09 10:00:00,0.6571699999999999
2021-06-09 11:00:00,0.64604
2021-06-09 12:00:00,0.28478
2021-06-09 13:00:00,0.57494
2021-06-09 14:00:00,0.46664
2021-06-09 15:00:00,0.30288
2021-06-09 16:00:00,0.12555
2021-06-09 17:00:00,0.004690000000000001
2021-06-09 18:00:00,0.0
2021-06-09 19:00:00,0.0
2021-06-09 20:00:00,0.0
2021-06-09 21:00:00,0.0
2021-06-09 22:00:00,0.0
2021-06-09 23:00:00,0.0
2021-06-10 00:00:00,0.0
2021-06-10 01:00:00,0.0
2021-06-10 02:00:00,0.0
2021-06-10 03:00:00,0.0
2021-06-10 04:00:00,0.0
2021-06-10 05:00:00,0.0
2021-06-10 06:00:00,0.0
2021-06-10 07:00:00,0.01033
2021-06-10 08:00:00,0.37873
2021-06-10 09:00:00,0.56162
2021-06-10 10:00:00,0.51019
2021-06-10 11:00:00,0.62739
2021-06-10 12:00:00,0.66028
2021-06-10 13:00:00,0.58897
2021-06-10 14:00:00,0.37747
2021-06-10 15:00:00,0.34969
2021-06-10 16:00:00,0.04164
2021-06-10 17:00:00,0.00233
2021-06-10 18:00:00,0.0
2021-06-10 19:00:00,0.0
2021-06-10 20:00:00,0.0
2021-06-10 21:00:00,0.0
2021-06-10 22:00:00,0.0
2021-06-10 23:00:00,0.0
2021-06-11 00:00:00,0.0
2021-06-11 01:00:00,0.0
2021-06-11 02:00:00,0.0
2021-06-11 03:00:00,0.0
2021-06-11 04:00:00,0.0
2021-06-11 05:00:00,0.0
2021-06-11 06:00:00,0.0
2021-06-11 07:00:00,0.0
2021-06-11 08:00:00,0.35502
2021-06-11 09:00:00,0.13191
2021-06-11 10:00:00,0.13091
2021-06-11 11:00:00,0.055
2021-06-11 12:00:00,0.54943
2021-06-11 13:00:00,0.30552999999999997
2021-06-11 14:00:00,0.27586
2021-06-11 15:00:00,0.17485
2021-06-11 16:00:00,0.04206
2021-06-11 17:00:00,0.00492
2021-06-11 18:00:00,0.0
2021-06-11 19:00:00,0.0
2021-06-11 20:00:00,0.0
2021-06-11 21:00:00,0.0
2021-06-11 22:00:00,0.0
2021-06-11 23:00:00,0.0
2021-06-12 00:00:00,0.0
2021-06-12 01:00:00,0.0
2021-06-12 02:00:00,0.0
2021-06-12 03:00:00,0.0
2021-06-12 04:00:00,0.0
2021-06-12 05:00:00,0.0
2021-06-12 06:00:00,0.0
2021-06-12 07:00:00,0.00914
2021-06-12 08:00:00,0.39591000000000004
2021-06-12 09:00:00,0.58428
2021-06-12 10:00:00,0.6785399999999999
2021-06-12 11:00:00,0.7231599999999999
2021-06-12 12:00:00,0.7129500000000001
2021-06-12 13:00:00,0.6366499999999999
2021-06-12 14:00:00,0.51771
2021-06-12 15:00:00,0.35342
2021-06-12 16:00:00,0.14567
2021-06-12 17:00:00,0.00481
2021-06-12 18:00:00,0.0
2021-06-12 19:00:00,0.0
2021-06-12 20:00:00,0.0
2021-06-12 21:00:00,0.0
2021-06-12 22:00:00,0.0
2021-06-12 23:00:00,0.0
2021-06-13 00:00:00,0.0
2021-06-13 01:00:00,0.0
2021-06-13 02:00:00,0.0
2021-06-13 03:00:00,0.0
2021-06-13 04:00:00,0.0
2021-06-13 05:00:00,0.0
2021-06-13 06:00:00,0.0
2021-06-13 07:00:00,0.008039999999999999
2021-06-13 08:00:00,0.42751999999999996
2021-06-13 09:00:00,0.59938
2021-06-13 10:00:00,0.6931900000000001
2021-06-13 11:00:00,0.73184
2021-06-13 12:00:00,0.6959500000000001
2021-06-13 13:00:00,0.6283200000000001
2021-06-13 14:00:00,0.51566
2021-06-13 15:00:00,0.35267000000000004
2021-06-13 16:00:00,0.14756
2021-06-13 17:00:00,0.0033399999999999997
2021-06-13 18:00:00,0.0
2021-06-13 19:00:00,0.0
2021-06-13 20:00:00,0.0
2021-06-13 21:00:00,0.0
2021-06-13 22:00:00,0.0
2021-06-13 23:00:00,0.0
2021-06-14 00:00:00,0.0
2021-06-14 01:00:00,0.0
2021-06-14 02:00:00,0.0
2021-06-14 03:00:00,0.0
2021-06-14 04:00:00,0.0
2021-06-14 05:00:00,0.0
2021-06-14 06:00:00,0.0
2021-06-14 07:00:00,0.00928
2021-06-14 08:00:00,0.42166000000000003
2021-06-14 09:00:00,0.5874299999999999
2021-06-14 10:00:00,0.67552
2021-06-14 11:00:00,0.71435
2021-06-14 12:00:00,0.70469
2021-06-14 13:00:00,0.63554
2021-06-14 14:00:00,0.5161
2021-06-14 15:00:00,0.35066
2021-06-14 16:00:00,0.14426
2021-06-14 17:00:00,0.00467
2021-06-14 18:00:00,0.0
2021-06-14 19:00:00,0.0
2021-06-14 20:00:00,0.0
2021-06-14 21:00:00,0.0
2021-06-14 22:00:00,0.0
2021-06-14 23:00:00,0.0
2021-06-15 00:00:00,0.0
2021-06-15 01:00:00,0.0
2021-06-15 02:00:00,0.0
2021-06-15 03:00:00,0.0
2021-06-15 04:00:00,0.0
2021-06-15 05:00:00,0.0
2021-06-15 06:00:00,0.0
2021-06-15 07:00:00,0.00864
2021-06-15 08:00:00,0.41232
2021-06-15 09:00:00,0.57121
2021-06-15 10:00:00,0.6703600000000001
2021-06-15 11:00:00,0.70993
2021-06-15 12:00:00,0.70071
2021-06-15 13:00:00,0.63849
2021-06-15 14:00:00,0.51795
2021-06-15 15:00:00,0.35063
2021-06-15 16:00:00,0.14421
2021-06-15 17:00:00,0.00512
2021-06-15 18:00:00,0.0
2021-06-15 19:00:00,0.0
2021-06-15 20:00:00,0.0
2021-06-15 21:00:00,0.0
2021-06-15 22:00:00,0.0
2021-06-15 23:00:00,0.0
2021-06-16 00:00:00,0.0
2021-06-16 01:00:00,0.0
2021-06-16 02:00:00,0.0
2021-06-16 03:00:00,0.0
2021-06-16 04:00:00,0.0
2021-06-16 05:00:00,0.0
2021-06-16 06:00:00,0.0
2021-06-16 07:00:00,0.007980000000000001
2021-06-16 08:00:00,0.42293000000000003
2021-06-16 09:00:00,0.59092
2021-06-16 10:00:00,0.64359
2021-06-16 11:00:00,0.7045800000000001
2021-06-16 12:00:00,0.67449
2021-06-16 13:00:00,0.59633
2021-06-16 14:00:00,0.50157
2021-06-16 15:00:00,0.33219
2021-06-16 16:00:00,0.14062
2021-06-16 17:00:00,0.00561
2021-06-16 18:00:00,0.0
2021-06-16 19:00:00,0.0
2021-06-16 20:00:00,0.0
2021-06-16 21:00:00,0.0
2021-06-16 22:00:00,0.0
2021-06-16 23:00:00,0.0
2021-06-17 00:00:00,0.0
2021-06-17 01:00:00,0.0
2021-06-17 02:00:00,0.0
2021-06-17 03:00:00,0.0
2021-06-17 04:00:00,0.0
2021-06-17 05:00:00,0.0
2021-06-17 06:00:00,0.0
2021-06-17 07:00:00,0.00865
2021-06-17 08:00:00,0.38027999999999995
2021-06-17 09:00:00,0.44133
2021-06-17 10:00:00,0.4135
2021-06-17 11:00:00,0.63113
2021-06-17 12:00:00,0.6081599999999999
2021-06-17 13:00:00,0.57263
2021-06-17 14:00:00,0.49857
2021-06-17 15:00:00,0.34093
2021-06-17 16:00:00,0.14295
2021-06-17 17:00:00,0.00628
2021-06-17 18:00:00,0.0
2021-06-17 19:00:00,0.0
2021-06-17 20:00:00,0.0
2021-06-17 21:00:00,0.0
2021-06-17 22:00:00,0.0
2021-06-17 23:00:00,0.0
2021-06-18 00:00:00,0.0
2021-06-18 01:00:00,0.0
2021-06-18 02:00:00,0.0
2021-06-18 03:00:00,0.0
2021-06-18 04:00:00,0.0
2021-06-18 05:00:00,0.0
2021-06-18 06:00:00,0.0
2021-06-18 07:00:00,0.00744
2021-06-18 08:00:00,0.40651
2021-06-18 09:00:00,0.5866
2021-06-18 10:00:00,0.68162
2021-06-18 11:00:00,0.7103200000000001
2021-06-18 12:00:00,0.69685
2021-06-18 13:00:00,0.6324500000000001
2021-06-18 14:00:00,0.5129199999999999
2021-06-18 15:00:00,0.32332
2021-06-18 16:00:00,0.14527
2021-06-18 17:00:00,0.0063
2021-06-18 18:00:00,0.0
2021-06-18 19:00:00,0.0
2021-06-18 20:00:00,0.0
2021-06-18 21:00:00,0.0
2021-06-18 22:00:00,0.0
2021-06-18 23:00:00,0.0
2021-06-19 00:00:00,0.0
2021-06-19 01:00:00,0.0
2021-06-19 02:00:00,0.0
2021-06-19 03:00:00,0.0
2021-06-19 04:00:00,0.0
2021-06-19 05:00:00,0.0
2021-06-19 06:00:00,0.0
2021-06-19 07:00:00,0.00509
2021-06-19 08:00:00,0.29501
2021-06-19 09:00:00,0.55401
2021-06-19 10:00:00,0.6583
2021-06-19 11:00:00,0.42054
2021-06-19 12:00:00,0.3415
2021-06-19 13:00:00,0.32488
2021-06-19 14:00:00,0.23748
2021-06-19 15:00:00,0.2955
2021-06-19 16:00:00,0.12354000000000001
2021-06-19 17:00:00,0.00556
2021-06-19 18:00:00,0.0
2021-06-19 19:00:00,0.0
2021-06-19 20:00:00,0.0
2021-06-19 21:00:00,0.0
2021-06-19 22:00:00,0.0
2021-06-19 23:00:00,0.0
2021-06-20 00:00:00,0.0
2021-06-20 01:00:00,0.0
2021-06-20 02:00:00,0.0
2021-06-20 03:00:00,0.0
2021-06-20 04:00:00,0.0
2021-06-20 05:00:00,0.0
2021-06-20 06:00:00,0.0
2021-06-20 07:00:00,0.0
2021-06-20 08:00:00,0.40052
2021-06-20 09:00:00,0.51902
2021-06-20 10:00:00,0.23262
2021-06-20 11:00:00,0.44079
2021-06-20 12:00:00,0.24561000000000002
2021-06-20 13:00:00,0.11546
2021-06-20 14:00:00,0.28641
2021-06-20 15:00:00,0.06851
2021-06-20 16:00:00,0.04927
2021-06-20 17:00:00,0.00594
2021-06-20 18:00:00,0.0
2021-06-20 19:00:00,0.0
2021-06-20 20:00:00,0.0
2021-06-20 21:00:00,0.0
2021-06-20 22:00:00,0.0
2021-06-20 23:00:00,0.0
2021-06-21 00:00:00,0.0
2021-06-21 01:00:00,0.0
2021-06-21 02:00:00,0.0
2021-06-21 03:00:00,0.0
2021-06-21 04:00:00,0.0
2021-06-21 05:00:00,0.0
2021-06-21 06:00:00,0.0
2021-06-21 07:00:00,0.00456
2021-06-21 08:00:00,0.33852
2021-06-21 09:00:00,0.48052
2021-06-21 10:00:00,0.6205
2021-06-21 11:00:00,0.63454
2021-06-21 12:00:00,0.68414
2021-06-21 13:00:00,0.5546
2021-06-21 14:00:00,0.4632
2021-06-21 15:00:00,0.32912
2021-06-21 16:00:00,0.11420999999999999
2021-06-21 17:00:00,0.0035499999999999998
2021-06-21 18:00:00,0.0
2021-06-21 19:00:00,0.0
2021-06-21 20:00:00,0.0
2021-06-21 21:00:00,0.0
2021-06-21 22:00:00,0.0
2021-06-21 23:00:00,0.0
2021-06-22 00:00:00,0.0
2021-06-22 01:00:00,0.0
2021-06-22 02:00:00,0.0
2021-06-22 03:00:00,0.0
2021-06-22 04:00:00,0.0
2021-06-22 05:00:00,0.0
2021-06-22 06:00:00,0.0
2021-06-22 07:00:00,0.0
2021-06-22 08:00:00,0.00713
2021-06-22 09:00:00,0.06012
2021-06-22 10:00:00,0.0327
2021-06-22 11:00:00,0.04463
2021-06-22 12:00:00,0.11646
2021-06-22 13:00:00,0.16494999999999999
2021-06-22 14:00:00,0.22455
2021-06-22 15:00:00,0.03688
2021-06-22 16:00:00,0.01133
2021-06-22 17:00:00,0.0
2021-06-22 18:00:00,0.0
2021-06-22 19:00:00,0.0
2021-06-22 20:00:00,0.0
2021-06-22 21:00:00,0.0
2021-06-22 22:00:00,0.0
2021-06-22 23:00:00,0.0
2021-06-23 00:00:00,0.0
2021-06-23 01:00:00,0.0
2021-06-23 02:00:00,0.0
2021-06-23 03:00:00,0.0
2021-06-23 04:00:00,0.0
2021-06-23 05:00:00,0.0
2021-06-23 06:00:00,0.0
2021-06-23 07:00:00,0.00617
2021-06-23 08:00:00,0.15522999999999998
2021-06-23 09:00:00,0.36622000000000005
2021-06-23 10:00:00,0.66713
2021-06-23 11:00:00,0.72411
2021-06-23 12:00:00,0.71614
2021-06-23 13:00:00,0.59819
2021-06-23 14:00:00,0.42523
2021-06-23 15:00:00,0.21919999999999998
2021-06-23 16:00:00,0.11520999999999999
2021-06-23 17:00:00,0.0064800000000000005
2021-06-23 18:00:00,0.0
2021-06-23 19:00:00,0.0
2021-06-23 20:00:00,0.0
2021-06-23 21:00:00,0.0
2021-06-23 22:00:00,0.0
2021-06-23 23:00:00,0.0
2021-06-24 00:00:00,0.0
2021-06-24 01:00:00,0.0
2021-06-24 02:00:00,0.0
2021-06-24 03:00:00,0.0
2021-06-24 04:00:00,0.0
2021-06-24 05:00:00,0.0
2021-06-24 06:00:00,0.0
2021-06-24 07:00:00,0.0075
2021-06-24 08:00:00,0.43327
2021-06-24 09:00:00,0.57678
2021-06-24 10:00:00,0.68267
2021-06-24 11:00:00,0.72141
2021-06-24 12:00:00,0.70424
2021-06-24 13:00:00,0.64828
2021-06-24 14:00:00,0.53375
2021-06-24 15:00:00,0.35037999999999997
2021-06-24 16:00:00,0.15034999999999998
2021-06-24 17:00:00,0.00662
2021-06-24 18:00:00,0.0
2021-06-24 19:00:00,0.0
2021-06-24 20:00:00,0.0
2021-06-24 21:00:00,0.0
2021-06-24 22:00:00,0.0
2021-06-24 23:00:00,0.0
2021-06-25 00:00:00,0.0
2021-06-25 01:00:00,0.0
2021-06-25 02:00:00,0.0
2021-06-25 03:00:00,0.0
2021-06-25 04:00:00,0.0
2021-06-25 05:00:00,0.0
2021-06-25 06:00:00,0.0
2021-06-25 07:00:00,0.0067800000000000004
2021-06-25 08:00:00,0.40952999999999995
2021-06-25 09:00:00,0.562
2021-06-25 10:00:00,0.66167
2021-06-25 11:00:00,0.6932
2021-06-25 12:00:00,0.6782699999999999
2021-06-25 13:00:00,0.6133
2021-06-25 14:00:00,0.49422000000000005
2021-06-25 15:00:00,0.32786000000000004
2021-06-25 16:00:00,0.13838
2021-06-25 17:00:00,0.00381
2021-06-25 18:00:00,0.0
2021-06-25 19:00:00,0.0
2021-06-25 20:00:00,0.0
2021-06-25 21:00:00,0.0
2021-06-25 22:00:00,0.0
2021-06-25 23:00:00,0.0
2021-06-26 00:00:00,0.0
2021-06-26 01:00:00,0.0
2021-06-26 02:00:00,0.0
2021-06-26 03:00:00,0.0
2021-06-26 04:00:00,0.0
2021-06-26 05:00:00,0.0
2021-06-26 06:00:00,0.0
2021-06-26 07:00:00,0.00662
2021-06-26 08:00:00,0.39013
2021-06-26 09:00:00,0.546
2021-06-26 10:00:00,0.63737
2021-06-26 11:00:00,0.66495
2021-06-26 12:00:00,0.6654
2021-06-26 13:00:00,0.5817
2021-06-26 14:00:00,0.45688999999999996
2021-06-26 15:00:00,0.30639
2021-06-26 16:00:00,0.1431
2021-06-26 17:00:00,0.007030000000000001
2021-06-26 18:00:00,0.0
2021-06-26 19:00:00,0.0
2021-06-26 20:00:00,0.0
2021-06-26 21:00:00,0.0
2021-06-26 22:00:00,0.0
2021-06-26 23:00:00,0.0
2021-06-27 00:00:00,0.0
2021-06-27 01:00:00,0.0
2021-06-27 02:00:00,0.0
2021-06-27 03:00:00,0.0
2021-06-27 04:00:00,0.0
2021-06-27 05:00:00,0.0
2021-06-27 06:00:00,0.0
2021-06-27 07:00:00,0.00567
2021-06-27 08:00:00,0.4145
2021-06-27 09:00:00,0.57672
2021-06-27 10:00:00,0.67363
2021-06-27 11:00:00,0.70868
2021-06-27 12:00:00,0.71009
2021-06-27 13:00:00,0.6323300000000001
2021-06-27 14:00:00,0.52791
2021-06-27 15:00:00,0.35574
2021-06-27 16:00:00,0.14808000000000002
2021-06-27 17:00:00,0.0040999999999999995
2021-06-27 18:00:00,0.0
2021-06-27 19:00:00,0.0
2021-06-27 20:00:00,0.0
2021-06-27 21:00:00,0.0
2021-06-27 22:00:00,0.0
2021-06-27 23:00:00,0.0
2021-06-28 00:00:00,0.0
2021-06-28 01:00:00,0.0
2021-06-28 02:00:00,0.0
2021-06-28 03:00:00,0.0
2021-06-28 04:00:00,0.0
2021-06-28 05:00:00,0.0
2021-06-28 06:00:00,0.0
2021-06-28 07:00:00,0.00684
2021-06-28 08:00:00,0.42006
2021-06-28 09:00:00,0.57014
2021-06-28 10:00:00,0.67206
2021-06-28 11:00:00,0.71414
2021-06-28 12:00:00,0.70561
2021-06-28 13:00:00,0.63247
2021-06-28 14:00:00,0.52667
2021-06-28 15:00:00,0.36011000000000004
2021-06-28 16:00:00,0.15666
2021-06-28 17:00:00,0.00335
2021-06-28 18:00:00,0.0
2021-06-28 19:00:00,0.0
2021-06-28 20:00:00,0.0
2021-06-28 21:00:00,0.0
2021-06-28 22:00:00,0.0
2021-06-28 23:00:00,0.0
2021-06-29 00:00:00,0.0
2021-06-29 01:00:00,0.0
2021-06-29 02:00:00,0.0
2021-06-29 03:00:00,0.0
2021-06-29 04:00:00,0.0
2021-06-29 05:00:00,0.0
2021-06-29 06:00:00,0.0
2021-06-29 07:00:00,0.00622
2021-06-29 08:00:00,0.38033
2021-06-29 09:00:00,0.54024
2021-06-29 10:00:00,0.54528
2021-06-29 11:00:00,0.6881900000000001
2021-06-29 12:00:00,0.54316
2021-06-29 13:00:00,0.58547
2021-06-29 14:00:00,0.49328
2021-06-29 15:00:00,0.11081
2021-06-29 16:00:00,0.030170000000000002
2021-06-29 17:00:00,0.0
2021-06-29 18:00:00,0.0
2021-06-29 19:00:00,0.0
2021-06-29 20:00:00,0.0
2021-06-29 21:00:00,0.0
2021-06-29 22:00:00,0.0
2021-06-29 23:00:00,0.0
2021-06-30 00:00:00,0.0
2021-06-30 01:00:00,0.0
2021-06-30 02:00:00,0.0
2021-06-30 03:00:00,0.0
2021-06-30 04:00:00,0.0
2021-06-30 05:00:00,0.0
2021-06-30 06:00:00,0.0
2021-06-30 07:00:00,0.00642
2021-06-30 08:00:00,0.15813
2021-06-30 09:00:00,0.4899
2021-06-30 10:00:00,0.68845
2021-06-30 11:00:00,0.76286
2021-06-30 12:00:00,0.7004199999999999
2021-06-30 13:00:00,0.66249
2021-06-30 14:00:00,0.20785
2021-06-30 15:00:00,0.3499
2021-06-30 16:00:00,0.12763
2021-06-30 17:00:00,0.00713
2021-06-30 18:00:00,0.0
2021-06-30 19:00:00,0.0
2021-06-30 20:00:00,0.0
2021-06-30 21:00:00,0.0
2021-06-30 22:00:00,0.0
2021-06-30 23:00:00,0.0
2021-07-01 00:00:00,0.0
2021-07-01 01:00:00,0.0
2021-07-01 02:00:00,0.0
2021-07-01 03:00:00,0.0
2021-07-01 04:00:00,0.0
2021-07-01 05:00:00,0.0
2021-07-01 06:00:00,0.0
2021-07-01 07:00:00,0.0070999999999999995
2021-07-01 08:00:00,0.43185
2021-07-01 09:00:00,0.5991599999999999
2021-07-01 10:00:00,0.7088099999999999
2021-07-01 11:00:00,0.75003
2021-07-01 12:00:00,0.74271
2021-07-01 13:00:00,0.68092
2021-07-01 14:00:00,0.55867
2021-07-01 15:00:00,0.38764
2021-07-01 16:00:00,0.17214
2021-07-01 17:00:00,0.006
2021-07-01 18:00:00,0.0
2021-07-01 19:00:00,0.0
2021-07-01 20:00:00,0.0
2021-07-01 21:00:00,0.0
2021-07-01 22:00:00,0.0
2021-07-01 23:00:00,0.0
2021-07-02 00:00:00,0.0
2021-07-02 01:00:00,0.0
2021-07-02 02:00:00,0.0
2021-07-02 03:00:00,0.0
2021-07-02 04:00:00,0.0
2021-07-02 05:00:00,0.0
2021-07-02 06:00:00,0.0
2021-07-02 07:00:00,0.00638
2021-07-02 08:00:00,0.43742000000000003
2021-07-02 09:00:00,0.58633
2021-07-02 10:00:00,0.69749
2021-07-02 11:00:00,0.7376
2021-07-02 12:00:00,0.7328
2021-07-02 13:00:00,0.6691
2021-07-02 14:00:00,0.54263
2021-07-02 15:00:00,0.37227
2021-07-02 16:00:00,0.16153
2021-07-02 17:00:00,0.00754
2021-07-02 18:00:00,0.0
2021-07-02 19:00:00,0.0
2021-07-02 20:00:00,0.0
2021-07-02 21:00:00,0.0
2021-07-02 22:00:00,0.0
2021-07-02 23:00:00,0.0
2021-07-03 00:00:00,0.0
2021-07-03 01:00:00,0.0
2021-07-03 02:00:00,0.0
2021-07-03 03:00:00,0.0
2021-07-03 04:00:00,0.0
2021-07-03 05:00:00,0.0
2021-07-03 06:00:00,0.0
2021-07-03 07:00:00,0.00691
2021-07-03 08:00:00,0.41289
2021-07-03 09:00:00,0.5666
2021-07-03 10:00:00,0.6651
2021-07-03 11:00:00,0.68365
2021-07-03 12:00:00,0.69157
2021-07-03 13:00:00,0.62879
2021-07-03 14:00:00,0.50856
2021-07-03 15:00:00,0.34781
2021-07-03 16:00:00,0.14333
2021-07-03 17:00:00,0.009779999999999999
2021-07-03 18:00:00,0.0
2021-07-03 19:00:00,0.0
2021-07-03 20:00:00,0.0
2021-07-03 21:00:00,0.0
2021-07-03 22:00:00,0.0
2021-07-03 23:00:00,0.0
2021-07-04 00:00:00,0.0
2021-07-04 01:00:00,0.0
2021-07-04 02:00:00,0.0
2021-07-04 03:00:00,0.0
2021-07-04 04:00:00,0.0
2021-07-04 05:00:00,0.0
2021-07-04 06:00:00,0.0
2021-07-04 07:00:00,0.00628
2021-07-04 08:00:00,0.42327
2021-07-04 09:00:00,0.58712
2021-07-04 10:00:00,0.68365
2021-07-04 11:00:00,0.72353
2021-07-04 12:00:00,0.7147100000000001
2021-07-04 13:00:00,0.60666
2021-07-04 14:00:00,0.51459
2021-07-04 15:00:00,0.35863
2021-07-04 16:00:00,0.14243
2021-07-04 17:00:00,0.00462
2021-07-04 18:00:00,0.0
2021-07-04 19:00:00,0.0
2021-07-04 20:00:00,0.0
2021-07-04 21:00:00,0.0
2021-07-04 22:00:00,0.0
2021-07-04 23:00:00,0.0
2021-07-05 00:00:00,0.0
2021-07-05 01:00:00,0.0
2021-07-05 02:00:00,0.0
2021-07-05 03:00:00,0.0
2021-07-05 04:00:00,0.0
2021-07-05 05:00:00,0.0
2021-07-05 06:00:00,0.0
2021-07-05 07:00:00,0.00513
2021-07-05 08:00:00,0.37639999999999996
2021-07-05 09:00:00,0.52923
2021-07-05 10:00:00,0.64516
2021-07-05 11:00:00,0.66667
2021-07-05 12:00:00,0.61293
2021-07-05 13:00:00,0.34689
2021-07-05 14:00:00,0.282
2021-07-05 15:00:00,0.1316
2021-07-05 16:00:00,0.02644
2021-07-05 17:00:00,0.0
2021-07-05 18:00:00,0.0
2021-07-05 19:00:00,0.0
2021-07-05 20:00:00,0.0
2021-07-05 21:00:00,0.0
2021-07-05 22:00:00,0.0
2021-07-05 23:00:00,0.0
2021-07-06 00:00:00,0.0
2021-07-06 01:00:00,0.0
2021-07-06 02:00:00,0.0
2021-07-06 03:00:00,0.0
2021-07-06 04:00:00,0.0
2021-07-06 05:00:00,0.0
2021-07-06 06:00:00,0.0
2021-07-06 07:00:00,0.002
2021-07-06 08:00:00,0.06653
2021-07-06 09:00:00,0.23865999999999998
2021-07-06 10:00:00,0.43062
2021-07-06 11:00:00,0.34326999999999996
2021-07-06 12:00:00,0.26398
2021-07-06 13:00:00,0.09484000000000001
2021-07-06 14:00:00,0.13834
2021-07-06 15:00:00,0.11037999999999999
2021-07-06 16:00:00,0.02513
2021-07-06 17:00:00,0.0
2021-07-06 18:00:00,0.0
2021-07-06 19:00:00,0.0
2021-07-06 20:00:00,0.0
2021-07-06 21:00:00,0.0
2021-07-06 22:00:00,0.0
2021-07-06 23:00:00,0.0
2021-07-07 00:00:00,0.0
2021-07-07 01:00:00,0.0
2021-07-07 02:00:00,0.0
2021-07-07 03:00:00,0.0
2021-07-07 04:00:00,0.0
2021-07-07 05:00:00,0.0
2021-07-07 06:00:00,0.0
2021-07-07 07:00:00,0.00514
2021-07-07 08:00:00,0.40808
2021-07-07 09:00:00,0.56924
2021-07-07 10:00:00,0.67847
2021-07-07 11:00:00,0.7097
2021-07-07 12:00:00,0.69948
2021-07-07 13:00:00,0.6296
2021-07-07 14:00:00,0.5130399999999999
2021-07-07 15:00:00,0.34918
2021-07-07 16:00:00,0.15195
2021-07-07 17:00:00,0.00914
2021-07-07 18:00:00,0.0
2021-07-07 19:00:00,0.0
2021-07-07 20:00:00,0.0
2021-07-07 21:00:00,0.0
2021-07-07 22:00:00,0.0
2021-07-07 23:00:00,0.0
2021-07-08 00:00:00,0.0
2021-07-08 01:00:00,0.0
2021-07-08 02:00:00,0.0
2021-07-08 03:00:00,0.0
2021-07-08 04:00:00,0.0
2021-07-08 05:00:00,0.0
2021-07-08 06:00:00,0.0
2021-07-08 07:00:00,0.0057
2021-07-08 08:00:00,0.41755000000000003
2021-07-08 09:00:00,0.57325
2021-07-08 10:00:00,0.67629
2021-07-08 11:00:00,0.72211
2021-07-08 12:00:00,0.71646
2021-07-08 13:00:00,0.65201
2021-07-08 14:00:00,0.54192
2021-07-08 15:00:00,0.37372000000000005
2021-07-08 16:00:00,0.16785
2021-07-08 17:00:00,0.0085
2021-07-08 18:00:00,0.0
2021-07-08 19:00:00,0.0
2021-07-08 20:00:00,0.0
2021-07-08 21:00:00,0.0
2021-07-08 22:00:00,0.0
2021-07-08 23:00:00,0.0
2021-07-09 00:00:00,0.0
2021-07-09 01:00:00,0.0
2021-07-09 02:00:00,0.0
2021-07-09 03:00:00,0.0
2021-07-09 04:00:00,0.0
2021-07-09 05:00:00,0.0
2021-07-09 06:00:00,0.0
2021-07-09 07:00:00,0.005690000000000001
2021-07-09 08:00:00,0.42656
2021-07-09 09:00:00,0.5807899999999999
2021-07-09 10:00:00,0.67902
2021-07-09 11:00:00,0.7151000000000001
2021-07-09 12:00:00,0.7057599999999999
2021-07-09 13:00:00,0.6427200000000001
2021-07-09 14:00:00,0.53223
2021-07-09 15:00:00,0.37027
2021-07-09 16:00:00,0.1645
2021-07-09 17:00:00,0.00919
2021-07-09 18:00:00,0.0
2021-07-09 19:00:00,0.0
2021-07-09 20:00:00,0.0
2021-07-09 21:00:00,0.0
2021-07-09 22:00:00,0.0
2021-07-09 23:00:00,0.0
2021-07-10 00:00:00,0.0
2021-07-10 01:00:00,0.0
2021-07-10 02:00:00,0.0
2021-07-10 03:00:00,0.0
2021-07-10 04:00:00,0.0
2021-07-10 05:00:00,0.0
2021-07-10 06:00:00,0.0
2021-07-10 07:00:00,0.0062900000000000005
2021-07-10 08:00:00,0.40661
2021-07-10 09:00:00,0.56457
2021-07-10 10:00:00,0.67355
2021-07-10 11:00:00,0.7223099999999999
2021-07-10 12:00:00,0.71115
2021-07-10 13:00:00,0.6455700000000001
2021-07-10 14:00:00,0.53485
2021-07-10 15:00:00,0.37393
2021-07-10 16:00:00,0.16759000000000002
2021-07-10 17:00:00,0.0045
2021-07-10 18:00:00,0.0
2021-07-10 19:00:00,0.0
2021-07-10 20:00:00,0.0
2021-07-10 21:00:00,0.0
2021-07-10 22:00:00,0.0
2021-07-10 23:00:00,0.0
2021-07-11 00:00:00,0.0
2021-07-11 01:00:00,0.0
2021-07-11 02:00:00,0.0
2021-07-11 03:00:00,0.0
2021-07-11 04:00:00,0.0
2021-07-11 05:00:00,0.0
2021-07-11 06:00:00,0.0
2021-07-11 07:00:00,0.00623
2021-07-11 08:00:00,0.4172
2021-07-11 09:00:00,0.57473
2021-07-11 10:00:00,0.67696
2021-07-11 11:00:00,0.71523
2021-07-11 12:00:00,0.69277
2021-07-11 13:00:00,0.6292000000000001
2021-07-11 14:00:00,0.5071
2021-07-11 15:00:00,0.34619
2021-07-11 16:00:00,0.15678
2021-07-11 17:00:00,0.005
2021-07-11 18:00:00,0.0
2021-07-11 19:00:00,0.0
2021-07-11 20:00:00,0.0
2021-07-11 21:00:00,0.0
2021-07-11 22:00:00,0.0
2021-07-11 23:00:00,0.0
2021-07-12 00:00:00,0.0
2021-07-12 01:00:00,0.0
2021-07-12 02:00:00,0.0
2021-07-12 03:00:00,0.0
2021-07-12 04:00:00,0.0
2021-07-12 05:00:00,0.0
2021-07-12 06:00:00,0.0
2021-07-12 07:00:00,0.0056500000000000005
2021-07-12 08:00:00,0.39599
2021-07-12 09:00:00,0.56092
2021-07-12 10:00:00,0.6652
2021-07-12 11:00:00,0.71217
2021-07-12 12:00:00,0.70404
2021-07-12 13:00:00,0.63887
2021-07-12 14:00:00,0.53049
2021-07-12 15:00:00,0.36872000000000005
2021-07-12 16:00:00,0.16675
2021-07-12 17:00:00,0.00474
2021-07-12 18:00:00,0.0
2021-07-12 19:00:00,0.0
2021-07-12 20:00:00,0.0
2021-07-12 21:00:00,0.0
2021-07-12 22:00:00,0.0
2021-07-12 23:00:00,0.0
2021-07-13 00:00:00,0.0
2021-07-13 01:00:00,0.0
2021-07-13 02:00:00,0.0
2021-07-13 03:00:00,0.0
2021-07-13 04:00:00,0.0
2021-07-13 05:00:00,0.0
2021-07-13 06:00:00,0.0
2021-07-13 07:00:00,0.00567
2021-07-13 08:00:00,0.41662
2021-07-13 09:00:00,0.5822200000000001
2021-07-13 10:00:00,0.68338
2021-07-13 11:00:00,0.72926
2021-07-13 12:00:00,0.72872
2021-07-13 13:00:00,0.66301
2021-07-13 14:00:00,0.54828
2021-07-13 15:00:00,0.38369
2021-07-13 16:00:00,0.1705
2021-07-13 17:00:00,0.00538
2021-07-13 18:00:00,0.0
2021-07-13 19:00:00,0.0
2021-07-13 20:00:00,0.0
2021-07-13 21:00:00,0.0
2021-07-13 22:00:00,0.0
2021-07-13 23:00:00,0.0
2021-07-14 00:00:00,0.0
2021-07-14 01:00:00,0.0
2021-07-14 02:00:00,0.0
2021-07-14 03:00:00,0.0
2021-07-14 04:00:00,0.0
2021-07-14 05:00:00,0.0
2021-07-14 06:00:00,0.0
2021-07-14 07:00:00,0.0
2021-07-14 08:00:00,0.44337
2021-07-14 09:00:00,0.5834199999999999
2021-07-14 10:00:00,0.65866
2021-07-14 11:00:00,0.63793
2021-07-14 12:00:00,0.42349000000000003
2021-07-14 13:00:00,0.43866000000000005
2021-07-14 14:00:00,0.4028
2021-07-14 15:00:00,0.31926
2021-07-14 16:00:00,0.16219999999999998
2021-07-14 17:00:00,0.01053
2021-07-14 18:00:00,0.0
2021-07-14 19:00:00,0.0
2021-07-14 20:00:00,0.0
2021-07-14 21:00:00,0.0
2021-07-14 22:00:00,0.0
2021-07-14 23:00:00,0.0
2021-07-15 00:00:00,0.0
2021-07-15 01:00:00,0.0
2021-07-15 02:00:00,0.0
2021-07-15 03:00:00,0.0
2021-07-15 04:00:00,0.0
2021-07-15 05:00:00,0.0
2021-07-15 06:00:00,0.0
2021-07-15 07:00:00,0.0068200000000000005
2021-07-15 08:00:00,0.40463
2021-07-15 09:00:00,0.5681
2021-07-15 10:00:00,0.67665
2021-07-15 11:00:00,0.72477
2021-07-15 12:00:00,0.64642
2021-07-15 13:00:00,0.59474
2021-07-15 14:00:00,0.5458500000000001
2021-07-15 15:00:00,0.34044
2021-07-15 16:00:00,0.14771
2021-07-15 17:00:00,0.009179999999999999
2021-07-15 18:00:00,0.0
2021-07-15 19:00:00,0.0
2021-07-15 20:00:00,0.0
2021-07-15 21:00:00,0.0
2021-07-15 22:00:00,0.0
2021-07-15 23:00:00,0.0
2021-07-16 00:00:00,0.0
2021-07-16 01:00:00,0.0
2021-07-16 02:00:00,0.0
2021-07-16 03:00:00,0.0
2021-07-16 04:00:00,0.0
2021-07-16 05:00:00,0.0
2021-07-16 06:00:00,0.0
2021-07-16 07:00:00,0.0067800000000000004
2021-07-16 08:00:00,0.40447000000000005
2021-07-16 09:00:00,0.56023
2021-07-16 10:00:00,0.66039
2021-07-16 11:00:00,0.7027100000000001
2021-07-16 12:00:00,0.6984
2021-07-16 13:00:00,0.62371
2021-07-16 14:00:00,0.51793
2021-07-16 15:00:00,0.3484
2021-07-16 16:00:00,0.09106
2021-07-16 17:00:00,0.0
2021-07-16 18:00:00,0.0
2021-07-16 19:00:00,0.0
2021-07-16 20:00:00,0.0
2021-07-16 21:00:00,0.0
2021-07-16 22:00:00,0.0
2021-07-16 23:00:00,0.0
2021-07-17 00:00:00,0.0
2021-07-17 01:00:00,0.0
2021-07-17 02:00:00,0.0
2021-07-17 03:00:00,0.0
2021-07-17 04:00:00,0.0
2021-07-17 05:00:00,0.0
2021-07-17 06:00:00,0.0
2021-07-17 07:00:00,0.0067
2021-07-17 08:00:00,0.39393
2021-07-17 09:00:00,0.5465099999999999
2021-07-17 10:00:00,0.48539
2021-07-17 11:00:00,0.63651
2021-07-17 12:00:00,0.5007
2021-07-17 13:00:00,0.27164
2021-07-17 14:00:00,0.19219
2021-07-17 15:00:00,0.11015000000000001
2021-07-17 16:00:00,0.08569
2021-07-17 17:00:00,0.00346
2021-07-17 18:00:00,0.0
2021-07-17 19:00:00,0.0
2021-07-17 20:00:00,0.0
2021-07-17 21:00:00,0.0
2021-07-17 22:00:00,0.0
2021-07-17 23:00:00,0.0
2021-07-18 00:00:00,0.0
2021-07-18 01:00:00,0.0
2021-07-18 02:00:00,0.0
2021-07-18 03:00:00,0.0
2021-07-18 04:00:00,0.0
2021-07-18 05:00:00,0.0
2021-07-18 06:00:00,0.0
2021-07-18 07:00:00,0.00789
2021-07-18 08:00:00,0.10826999999999999
2021-07-18 09:00:00,0.18334999999999999
2021-07-18 10:00:00,0.14456
2021-07-18 11:00:00,0.35147
2021-07-18 12:00:00,0.49831
2021-07-18 13:00:00,0.42669999999999997
2021-07-18 14:00:00,0.40304
2021-07-18 15:00:00,0.29419
2021-07-18 16:00:00,0.16587000000000002
2021-07-18 17:00:00,0.0111
2021-07-18 18:00:00,0.0
2021-07-18 19:00:00,0.0
2021-07-18 20:00:00,0.0
2021-07-18 21:00:00,0.0
2021-07-18 22:00:00,0.0
2021-07-18 23:00:00,0.0
2021-07-19 00:00:00,0.0
2021-07-19 01:00:00,0.0
2021-07-19 02:00:00,0.0
2021-07-19 03:00:00,0.0
2021-07-19 04:00:00,0.0
2021-07-19 05:00:00,0.0
2021-07-19 06:00:00,0.0
2021-07-19 07:00:00,0.00524
2021-07-19 08:00:00,0.42302
2021-07-19 09:00:00,0.59326
2021-07-19 10:00:00,0.70236
2021-07-19 11:00:00,0.75181
2021-07-19 12:00:00,0.74912
2021-07-19 13:00:00,0.6865
2021-07-19 14:00:00,0.5747899999999999
2021-07-19 15:00:00,0.30845
2021-07-19 16:00:00,0.16284
2021-07-19 17:00:00,0.01599
2021-07-19 18:00:00,0.0
2021-07-19 19:00:00,0.0
2021-07-19 20:00:00,0.0
2021-07-19 21:00:00,0.0
2021-07-19 22:00:00,0.0
2021-07-19 23:00:00,0.0
2021-07-20 00:00:00,0.0
2021-07-20 01:00:00,0.0
2021-07-20 02:00:00,0.0
2021-07-20 03:00:00,0.0
2021-07-20 04:00:00,0.0
2021-07-20 05:00:00,0.0
2021-07-20 06:00:00,0.0
2021-07-20 07:00:00,0.0052699999999999995
2021-07-20 08:00:00,0.44181
2021-07-20 09:00:00,0.62651
2021-07-20 10:00:00,0.73412
2021-07-20 11:00:00,0.75571
2021-07-20 12:00:00,0.76771
2021-07-20 13:00:00,0.6722
2021-07-20 14:00:00,0.57952
2021-07-20 15:00:00,0.20559
2021-07-20 16:00:00,0.18143
2021-07-20 17:00:00,0.0107
2021-07-20 18:00:00,0.0
2021-07-20 19:00:00,0.0
2021-07-20 20:00:00,0.0
2021-07-20 21:00:00,0.0
2021-07-20 22:00:00,0.0
2021-07-20 23:00:00,0.0
2021-07-21 00:00:00,0.0
2021-07-21 01:00:00,0.0
2021-07-21 02:00:00,0.0
2021-07-21 03:00:00,0.0
2021-07-21 04:00:00,0.0
2021-07-21 05:00:00,0.0
2021-07-21 06:00:00,0.0
2021-07-21 07:00:00,0.00874
2021-07-21 08:00:00,0.31641
2021-07-21 09:00:00,0.56091
2021-07-21 10:00:00,0.0
2021-07-21 11:00:00,0.61993
2021-07-21 12:00:00,0.59072
2021-07-21 13:00:00,0.62305
2021-07-21 14:00:00,0.39957
2021-07-21 15:00:00,0.07931999999999999
2021-07-21 16:00:00,0.04388
2021-07-21 17:00:00,0.00073
2021-07-21 18:00:00,0.0
2021-07-21 19:00:00,0.0
2021-07-21 20:00:00,0.0
2021-07-21 21:00:00,0.0
2021-07-21 22:00:00,0.0
2021-07-21 23:00:00,0.0
2021-07-22 00:00:00,0.0
2021-07-22 01:00:00,0.0
2021-07-22 02:00:00,0.0
2021-07-22 03:00:00,0.0
2021-07-22 04:00:00,0.0
2021-07-22 05:00:00,0.0
2021-07-22 06:00:00,0.0
2021-07-22 07:00:00,0.005719999999999999
2021-07-22 08:00:00,0.41717000000000004
2021-07-22 09:00:00,0.58574
2021-07-22 10:00:00,0.68749
2021-07-22 11:00:00,0.73882
2021-07-22 12:00:00,0.72711
2021-07-22 13:00:00,0.66772
2021-07-22 14:00:00,0.55791
2021-07-22 15:00:00,0.39183
2021-07-22 16:00:00,0.18168
2021-07-22 17:00:00,0.018940000000000002
2021-07-22 18:00:00,0.0
2021-07-22 19:00:00,0.0
2021-07-22 20:00:00,0.0
2021-07-22 21:00:00,0.0
2021-07-22 22:00:00,0.0
2021-07-22 23:00:00,0.0
2021-07-23 00:00:00,0.0
2021-07-23 01:00:00,0.0
2021-07-23 02:00:00,0.0
2021-07-23 03:00:00,0.0
2021-07-23 04:00:00,0.0
2021-07-23 05:00:00,0.0
2021-07-23 06:00:00,0.0
2021-07-23 07:00:00,0.00577
2021-07-23 08:00:00,0.41836
2021-07-23 09:00:00,0.58429
2021-07-23 10:00:00,0.6895
2021-07-23 11:00:00,0.73445
2021-07-23 12:00:00,0.72211
2021-07-23 13:00:00,0.6643600000000001
2021-07-23 14:00:00,0.5538500000000001
2021-07-23 15:00:00,0.39025
2021-07-23 16:00:00,0.18238
2021-07-23 17:00:00,0.01722
2021-07-23 18:00:00,0.0
2021-07-23 19:00:00,0.0
2021-07-23 20:00:00,0.0
2021-07-23 21:00:00,0.0
2021-07-23 22:00:00,0.0
2021-07-23 23:00:00,0.0
2021-07-24 00:00:00,0.0
2021-07-24 01:00:00,0.0
2021-07-24 02:00:00,0.0
2021-07-24 03:00:00,0.0
2021-07-24 04:00:00,0.0
2021-07-24 05:00:00,0.0
2021-07-24 06:00:00,0.0
2021-07-24 07:00:00,0.00694
2021-07-24 08:00:00,0.40747000000000005
2021-07-24 09:00:00,0.57445
2021-07-24 10:00:00,0.68433
2021-07-24 11:00:00,0.73272
2021-07-24 12:00:00,0.72385
2021-07-24 13:00:00,0.6636
2021-07-24 14:00:00,0.55538
2021-07-24 15:00:00,0.39109
2021-07-24 16:00:00,0.18353
2021-07-24 17:00:00,0.01777
2021-07-24 18:00:00,0.0
2021-07-24 19:00:00,0.0
2021-07-24 20:00:00,0.0
2021-07-24 21:00:00,0.0
2021-07-24 22:00:00,0.0
2021-07-24 23:00:00,0.0
2021-07-25 00:00:00,0.0
2021-07-25 01:00:00,0.0
2021-07-25 02:00:00,0.0
2021-07-25 03:00:00,0.0
2021-07-25 04:00:00,0.0
2021-07-25 05:00:00,0.0
2021-07-25 06:00:00,0.0
2021-07-25 07:00:00,0.00634
2021-07-25 08:00:00,0.43255
2021-07-25 09:00:00,0.60987
2021-07-25 10:00:00,0.70785
2021-07-25 11:00:00,0.75527
2021-07-25 12:00:00,0.7415700000000001
2021-07-25 13:00:00,0.6834
2021-07-25 14:00:00,0.56426
2021-07-25 15:00:00,0.3942
2021-07-25 16:00:00,0.18430000000000002
2021-07-25 17:00:00,0.01377
2021-07-25 18:00:00,0.0
2021-07-25 19:00:00,0.0
2021-07-25 20:00:00,0.0
2021-07-25 21:00:00,0.0
2021-07-25 22:00:00,0.0
2021-07-25 23:00:00,0.0
2021-07-26 00:00:00,0.0
2021-07-26 01:00:00,0.0
2021-07-26 02:00:00,0.0
2021-07-26 03:00:00,0.0
2021-07-26 04:00:00,0.0
2021-07-26 05:00:00,0.0
2021-07-26 06:00:00,0.0
2021-07-26 07:00:00,0.0069299999999999995
2021-07-26 08:00:00,0.4228
2021-07-26 09:00:00,0.58738
2021-07-26 10:00:00,0.70284
2021-07-26 11:00:00,0.74599
2021-07-26 12:00:00,0.73313
2021-07-26 13:00:00,0.6703300000000001
2021-07-26 14:00:00,0.55743
2021-07-26 15:00:00,0.39086000000000004
2021-07-26 16:00:00,0.18136000000000002
2021-07-26 17:00:00,0.013800000000000002
2021-07-26 18:00:00,0.0
2021-07-26 19:00:00,0.0
2021-07-26 20:00:00,0.0
2021-07-26 21:00:00,0.0
2021-07-26 22:00:00,0.0
2021-07-26 23:00:00,0.0
2021-07-27 00:00:00,0.0
2021-07-27 01:00:00,0.0
2021-07-27 02:00:00,0.0
2021-07-27 03:00:00,0.0
2021-07-27 04:00:00,0.0
2021-07-27 05:00:00,0.0
2021-07-27 06:00:00,0.0
2021-07-27 07:00:00,0.00749
2021-07-27 08:00:00,0.43333999999999995
2021-07-27 09:00:00,0.6092799999999999
2021-07-27 10:00:00,0.7137100000000001
2021-07-27 11:00:00,0.75374
2021-07-27 12:00:00,0.74551
2021-07-27 13:00:00,0.67702
2021-07-27 14:00:00,0.53735
2021-07-27 15:00:00,0.37604000000000004
2021-07-27 16:00:00,0.17353
2021-07-27 17:00:00,0.02051
2021-07-27 18:00:00,0.0
2021-07-27 19:00:00,0.0
2021-07-27 20:00:00,0.0
2021-07-27 21:00:00,0.0
2021-07-27 22:00:00,0.0
2021-07-27 23:00:00,0.0
2021-07-28 00:00:00,0.0
2021-07-28 01:00:00,0.0
2021-07-28 02:00:00,0.0
2021-07-28 03:00:00,0.0
2021-07-28 04:00:00,0.0
2021-07-28 05:00:00,0.0
2021-07-28 06:00:00,0.0
2021-07-28 07:00:00,0.0
2021-07-28 08:00:00,0.00836
2021-07-28 09:00:00,0.02407
2021-07-28 10:00:00,0.030600000000000002
2021-07-28 11:00:00,0.037840000000000006
2021-07-28 12:00:00,0.10562
2021-07-28 13:00:00,0.06835
2021-07-28 14:00:00,0.12153
2021-07-28 15:00:00,0.03137
2021-07-28 16:00:00,0.01019
2021-07-28 17:00:00,0.00038
2021-07-28 18:00:00,0.0
2021-07-28 19:00:00,0.0
2021-07-28 20:00:00,0.0
2021-07-28 21:00:00,0.0
2021-07-28 22:00:00,0.0
2021-07-28 23:00:00,0.0
2021-07-29 00:00:00,0.0
2021-07-29 01:00:00,0.0
2021-07-29 02:00:00,0.0
2021-07-29 03:00:00,0.0
2021-07-29 04:00:00,0.0
2021-07-29 05:00:00,0.0
2021-07-29 06:00:00,0.0
2021-07-29 07:00:00,0.0077
2021-07-29 08:00:00,0.47526999999999997
2021-07-29 09:00:00,0.62411
2021-07-29 10:00:00,0.7377400000000001
2021-07-29 11:00:00,0.7768400000000001
2021-07-29 12:00:00,0.75842
2021-07-29 13:00:00,0.70463
2021-07-29 14:00:00,0.5862200000000001
2021-07-29 15:00:00,0.41084
2021-07-29 16:00:00,0.19072
2021-07-29 17:00:00,0.01422
2021-07-29 18:00:00,0.0
2021-07-29 19:00:00,0.0
2021-07-29 20:00:00,0.0
2021-07-29 21:00:00,0.0
2021-07-29 22:00:00,0.0
2021-07-29 23:00:00,0.0
2021-07-30 00:00:00,0.0
2021-07-30 01:00:00,0.0
2021-07-30 02:00:00,0.0
2021-07-30 03:00:00,0.0
2021-07-30 04:00:00,0.0
2021-07-30 05:00:00,0.0
2021-07-30 06:00:00,0.0
2021-07-30 07:00:00,0.00779
2021-07-30 08:00:00,0.47395
2021-07-30 09:00:00,0.63751
2021-07-30 10:00:00,0.7496799999999999
2021-07-30 11:00:00,0.78095
2021-07-30 12:00:00,0.75358
2021-07-30 13:00:00,0.60584
2021-07-30 14:00:00,0.59317
2021-07-30 15:00:00,0.42208999999999997
2021-07-30 16:00:00,0.19205
2021-07-30 17:00:00,0.02489
2021-07-30 18:00:00,0.0
2021-07-30 19:00:00,0.0
2021-07-30 20:00:00,0.0
2021-07-30 21:00:00,0.0
2021-07-30 22:00:00,0.0
2021-07-30 23:00:00,0.0
2021-07-31 00:00:00,0.0
2021-07-31 01:00:00,0.0
2021-07-31 02:00:00,0.0
2021-07-31 03:00:00,0.0
2021-07-31 04:00:00,0.0
2021-07-31 05:00:00,0.0
2021-07-31 06:00:00,0.0
2021-07-31 07:00:00,0.01226
2021-07-31 08:00:00,0.46076
2021-07-31 09:00:00,0.61626
2021-07-31 10:00:00,0.72284
2021-07-31 11:00:00,0.70177
2021-07-31 12:00:00,0.69259
2021-07-31 13:00:00,0.64487
2021-07-31 14:00:00,0.54147
2021-07-31 15:00:00,0.38215
2021-07-31 16:00:00,0.18196
2021-07-31 17:00:00,0.024210000000000002
2021-07-31 18:00:00,0.0
2021-07-31 19:00:00,0.0
2021-07-31 20:00:00,0.0
2021-07-31 21:00:00,0.0
2021-07-31 22:00:00,0.0
2021-07-31 23:00:00,0.0
2021-08-01 00:00:00,0.0
2021-08-01 01:00:00,0.0
2021-08-01 02:00:00,0.0
2021-08-01 03:00:00,0.0
2021-08-01 04:00:00,0.0
2021-08-01 05:00:00,0.0
2021-08-01 06:00:00,0.0
2021-08-01 07:00:00,0.01075
2021-08-01 08:00:00,0.42054
2021-08-01 09:00:00,0.59741
2021-08-01 10:00:00,0.6960700000000001
2021-08-01 11:00:00,0.74098
2021-08-01 12:00:00,0.72129
2021-08-01 13:00:00,0.6612899999999999
2021-08-01 14:00:00,0.53247
2021-08-01 15:00:00,0.38329
2021-08-01 16:00:00,0.13719
2021-08-01 17:00:00,0.02402
2021-08-01 18:00:00,0.0
2021-08-01 19:00:00,0.0
2021-08-01 20:00:00,0.0
2021-08-01 21:00:00,0.0
2021-08-01 22:00:00,0.0
2021-08-01 23:00:00,0.0
2021-08-02 00:00:00,0.0
2021-08-02 01:00:00,0.0
2021-08-02 02:00:00,0.0
2021-08-02 03:00:00,0.0
2021-08-02 04:00:00,0.0
2021-08-02 05:00:00,0.0
2021-08-02 06:00:00,0.0
2021-08-02 07:00:00,0.12803
2021-08-02 08:00:00,0.39996
2021-08-02 09:00:00,0.57833
2021-08-02 10:00:00,0.68535
2021-08-02 11:00:00,0.72164
2021-08-02 12:00:00,0.70838
2021-08-02 13:00:00,0.64558
2021-08-02 14:00:00,0.5355700000000001
2021-08-02 15:00:00,0.37091
2021-08-02 16:00:00,0.17225
2021-08-02 17:00:00,0.02348
2021-08-02 18:00:00,0.0
2021-08-02 19:00:00,0.0
2021-08-02 20:00:00,0.0
2021-08-02 21:00:00,0.0
2021-08-02 22:00:00,0.0
2021-08-02 23:00:00,0.0
2021-08-03 00:00:00,0.0
2021-08-03 01:00:00,0.0
2021-08-03 02:00:00,0.0
2021-08-03 03:00:00,0.0
2021-08-03 04:00:00,0.0
2021-08-03 05:00:00,0.0
2021-08-03 06:00:00,0.0
2021-08-03 07:00:00,0.01402
2021-08-03 08:00:00,0.38883
2021-08-03 09:00:00,0.49809
2021-08-03 10:00:00,0.64195
2021-08-03 11:00:00,0.65385
2021-08-03 12:00:00,0.5419400000000001
2021-08-03 13:00:00,0.55226
2021-08-03 14:00:00,0.44016000000000005
2021-08-03 15:00:00,0.36436
2021-08-03 16:00:00,0.16684000000000002
2021-08-03 17:00:00,0.02493
2021-08-03 18:00:00,0.0
2021-08-03 19:00:00,0.0
2021-08-03 20:00:00,0.0
2021-08-03 21:00:00,0.0
2021-08-03 22:00:00,0.0
2021-08-03 23:00:00,0.0
2021-08-04 00:00:00,0.0
2021-08-04 01:00:00,0.0
2021-08-04 02:00:00,0.0
2021-08-04 03:00:00,0.0
2021-08-04 04:00:00,0.0
2021-08-04 05:00:00,0.0
2021-08-04 06:00:00,0.0
2021-08-04 07:00:00,0.0793
2021-08-04 08:00:00,0.41212
2021-08-04 09:00:00,0.5990700000000001
2021-08-04 10:00:00,0.7108099999999999
2021-08-04 11:00:00,0.7480800000000001
2021-08-04 12:00:00,0.72075
2021-08-04 13:00:00,0.63979
2021-08-04 14:00:00,0.5421
2021-08-04 15:00:00,0.36386
2021-08-04 16:00:00,0.17615
2021-08-04 17:00:00,0.024730000000000002
2021-08-04 18:00:00,0.0
2021-08-04 19:00:00,0.0
2021-08-04 20:00:00,0.0
2021-08-04 21:00:00,0.0
2021-08-04 22:00:00,0.0
2021-08-04 23:00:00,0.0
2021-08-05 00:00:00,0.0
2021-08-05 01:00:00,0.0
2021-08-05 02:00:00,0.0
2021-08-05 03:00:00,0.0
2021-08-05 04:00:00,0.0
2021-08-05 05:00:00,0.0
2021-08-05 06:00:00,0.0
2021-08-05 07:00:00,0.11675
2021-08-05 08:00:00,0.42618
2021-08-05 09:00:00,0.60277
2021-08-05 10:00:00,0.5751900000000001
2021-08-05 11:00:00,0.32775
2021-08-05 12:00:00,0.72354
2021-08-05 13:00:00,0.61061
2021-08-05 14:00:00,0.53706
2021-08-05 15:00:00,0.33332
2021-08-05 16:00:00,0.09720999999999999
2021-08-05 17:00:00,0.018609999999999998
2021-08-05 18:00:00,0.0
2021-08-05 19:00:00,0.0
2021-08-05 20:00:00,0.0
2021-08-05 21:00:00,0.0
2021-08-05 22:00:00,0.0
2021-08-05 23:00:00,0.0
2021-08-06 00:00:00,0.0
2021-08-06 01:00:00,0.0
2021-08-06 02:00:00,0.0
2021-08-06 03:00:00,0.0
2021-08-06 04:00:00,0.0
2021-08-06 05:00:00,0.0
2021-08-06 06:00:00,0.0
2021-08-06 07:00:00,0.15833000000000003
2021-08-06 08:00:00,0.41429000000000005
2021-08-06 09:00:00,0.58509
2021-08-06 10:00:00,0.68976
2021-08-06 11:00:00,0.73587
2021-08-06 12:00:00,0.63273
2021-08-06 13:00:00,0.48158
2021-08-06 14:00:00,0.33565
2021-08-06 15:00:00,0.24700999999999998
2021-08-06 16:00:00,0.14362
2021-08-06 17:00:00,0.023899999999999998
2021-08-06 18:00:00,0.0
2021-08-06 19:00:00,0.0
2021-08-06 20:00:00,0.0
2021-08-06 21:00:00,0.0
2021-08-06 22:00:00,0.0
2021-08-06 23:00:00,0.0
2021-08-07 00:00:00,0.0
2021-08-07 01:00:00,0.0
2021-08-07 02:00:00,0.0
2021-08-07 03:00:00,0.0
2021-08-07 04:00:00,0.0
2021-08-07 05:00:00,0.0
2021-08-07 06:00:00,0.0
2021-08-07 07:00:00,0.16401
2021-08-07 08:00:00,0.28243
2021-08-07 09:00:00,0.56926
2021-08-07 10:00:00,0.68375
2021-08-07 11:00:00,0.68355
2021-08-07 12:00:00,0.705
2021-08-07 13:00:00,0.65475
2021-08-07 14:00:00,0.52042
2021-08-07 15:00:00,0.36375
2021-08-07 16:00:00,0.18514
2021-08-07 17:00:00,0.01693
2021-08-07 18:00:00,0.0
2021-08-07 19:00:00,0.0
2021-08-07 20:00:00,0.0
2021-08-07 21:00:00,0.0
2021-08-07 22:00:00,0.0
2021-08-07 23:00:00,0.0
2021-08-08 00:00:00,0.0
2021-08-08 01:00:00,0.0
2021-08-08 02:00:00,0.0
2021-08-08 03:00:00,0.0
2021-08-08 04:00:00,0.0
2021-08-08 05:00:00,0.0
2021-08-08 06:00:00,0.0
2021-08-08 07:00:00,0.13985
2021-08-08 08:00:00,0.42663
2021-08-08 09:00:00,0.5985900000000001
2021-08-08 10:00:00,0.67876
2021-08-08 11:00:00,0.59057
2021-08-08 12:00:00,0.63367
2021-08-08 13:00:00,0.62428
2021-08-08 14:00:00,0.532
2021-08-08 15:00:00,0.33041000000000004
2021-08-08 16:00:00,0.04019
2021-08-08 17:00:00,0.00073
2021-08-08 18:00:00,0.0
2021-08-08 19:00:00,0.0
2021-08-08 20:00:00,0.0
2021-08-08 21:00:00,0.0
2021-08-08 22:00:00,0.0
2021-08-08 23:00:00,0.0
2021-08-09 00:00:00,0.0
2021-08-09 01:00:00,0.0
2021-08-09 02:00:00,0.0
2021-08-09 03:00:00,0.0
2021-08-09 04:00:00,0.0
2021-08-09 05:00:00,0.0
2021-08-09 06:00:00,0.0
2021-08-09 07:00:00,0.15816
2021-08-09 08:00:00,0.40353
2021-08-09 09:00:00,0.57428
2021-08-09 10:00:00,0.69605
2021-08-09 11:00:00,0.728
2021-08-09 12:00:00,0.5185700000000001
2021-08-09 13:00:00,0.5818099999999999
2021-08-09 14:00:00,0.31260000000000004
2021-08-09 15:00:00,0.12398
2021-08-09 16:00:00,0.0474
2021-08-09 17:00:00,0.0197
2021-08-09 18:00:00,0.0
2021-08-09 19:00:00,0.0
2021-08-09 20:00:00,0.0
2021-08-09 21:00:00,0.0
2021-08-09 22:00:00,0.0
2021-08-09 23:00:00,0.0
2021-08-10 00:00:00,0.0
2021-08-10 01:00:00,0.0
2021-08-10 02:00:00,0.0
2021-08-10 03:00:00,0.0
2021-08-10 04:00:00,0.0
2021-08-10 05:00:00,0.0
2021-08-10 06:00:00,0.0
2021-08-10 07:00:00,0.15343
2021-08-10 08:00:00,0.43657999999999997
2021-08-10 09:00:00,0.61066
2021-08-10 10:00:00,0.71392
2021-08-10 11:00:00,0.75729
2021-08-10 12:00:00,0.73884
2021-08-10 13:00:00,0.63554
2021-08-10 14:00:00,0.5519700000000001
2021-08-10 15:00:00,0.35901
2021-08-10 16:00:00,0.1758
2021-08-10 17:00:00,0.02178
2021-08-10 18:00:00,0.0
2021-08-10 19:00:00,0.0
2021-08-10 20:00:00,0.0
2021-08-10 21:00:00,0.0
2021-08-10 22:00:00,0.0
2021-08-10 23:00:00,0.0
2021-08-11 00:00:00,0.0
2021-08-11 01:00:00,0.0
2021-08-11 02:00:00,0.0
2021-08-11 03:00:00,0.0
2021-08-11 04:00:00,0.0
2021-08-11 05:00:00,0.0
2021-08-11 06:00:00,0.0
2021-08-11 07:00:00,0.16319999999999998
2021-08-11 08:00:00,0.42921
2021-08-11 09:00:00,0.5889800000000001
2021-08-11 10:00:00,0.68599
2021-08-11 11:00:00,0.72184
2021-08-11 12:00:00,0.71551
2021-08-11 13:00:00,0.65823
2021-08-11 14:00:00,0.55122
2021-08-11 15:00:00,0.28218
2021-08-11 16:00:00,0.15753
2021-08-11 17:00:00,0.02398
2021-08-11 18:00:00,0.0
2021-08-11 19:00:00,0.0
2021-08-11 20:00:00,0.0
2021-08-11 21:00:00,0.0
2021-08-11 22:00:00,0.0
2021-08-11 23:00:00,0.0
2021-08-12 00:00:00,0.0
2021-08-12 01:00:00,0.0
2021-08-12 02:00:00,0.0
2021-08-12 03:00:00,0.0
2021-08-12 04:00:00,0.0
2021-08-12 05:00:00,0.0
2021-08-12 06:00:00,0.0
2021-08-12 07:00:00,0.05375
2021-08-12 08:00:00,0.37818999999999997
2021-08-12 09:00:00,0.6013200000000001
2021-08-12 10:00:00,0.7079
2021-08-12 11:00:00,0.73854
2021-08-12 12:00:00,0.71634
2021-08-12 13:00:00,0.63063
2021-08-12 14:00:00,0.48135
2021-08-12 15:00:00,0.31488
2021-08-12 16:00:00,0.13416999999999998
2021-08-12 17:00:00,0.027149999999999997
2021-08-12 18:00:00,0.0
2021-08-12 19:00:00,0.0
2021-08-12 20:00:00,0.0
2021-08-12 21:00:00,0.0
2021-08-12 22:00:00,0.0
2021-08-12 23:00:00,0.0
2021-08-13 00:00:00,0.0
2021-08-13 01:00:00,0.0
2021-08-13 02:00:00,0.0
2021-08-13 03:00:00,0.0
2021-08-13 04:00:00,0.0
2021-08-13 05:00:00,0.0
2021-08-13 06:00:00,0.0
2021-08-13 07:00:00,0.15496000000000001
2021-08-13 08:00:00,0.42545
2021-08-13 09:00:00,0.5999800000000001
2021-08-13 10:00:00,0.68683
2021-08-13 11:00:00,0.65932
2021-08-13 12:00:00,0.56467
2021-08-13 13:00:00,0.5512100000000001
2021-08-13 14:00:00,0.34999
2021-08-13 15:00:00,0.20793
2021-08-13 16:00:00,0.09516
2021-08-13 17:00:00,0.00114
2021-08-13 18:00:00,0.0
2021-08-13 19:00:00,0.0
2021-08-13 20:00:00,0.0
2021-08-13 21:00:00,0.0
2021-08-13 22:00:00,0.0
2021-08-13 23:00:00,0.0
2021-08-14 00:00:00,0.0
2021-08-14 01:00:00,0.0
2021-08-14 02:00:00,0.0
2021-08-14 03:00:00,0.0
2021-08-14 04:00:00,0.0
2021-08-14 05:00:00,0.0
2021-08-14 06:00:00,0.0
2021-08-14 07:00:00,0.16063999999999998
2021-08-14 08:00:00,0.42272000000000004
2021-08-14 09:00:00,0.61462
2021-08-14 10:00:00,0.69938
2021-08-14 11:00:00,0.66684
2021-08-14 12:00:00,0.65454
2021-08-14 13:00:00,0.5495599999999999
2021-08-14 14:00:00,0.47085000000000005
2021-08-14 15:00:00,0.0922
2021-08-14 16:00:00,0.14349
2021-08-14 17:00:00,0.0299
2021-08-14 18:00:00,0.0
2021-08-14 19:00:00,0.0
2021-08-14 20:00:00,0.0
2021-08-14 21:00:00,0.0
2021-08-14 22:00:00,0.0
2021-08-14 23:00:00,0.0
2021-08-15 00:00:00,0.0
2021-08-15 01:00:00,0.0
2021-08-15 02:00:00,0.0
2021-08-15 03:00:00,0.0
2021-08-15 04:00:00,0.0
2021-08-15 05:00:00,0.0
2021-08-15 06:00:00,0.0
2021-08-15 07:00:00,0.0116
2021-08-15 08:00:00,0.10615999999999999
2021-08-15 09:00:00,0.46787
2021-08-15 10:00:00,0.66572
2021-08-15 11:00:00,0.73684
2021-08-15 12:00:00,0.72057
2021-08-15 13:00:00,0.66177
2021-08-15 14:00:00,0.53137
2021-08-15 15:00:00,0.36592
2021-08-15 16:00:00,0.17464
2021-08-15 17:00:00,0.026690000000000002
2021-08-15 18:00:00,0.0
2021-08-15 19:00:00,0.0
2021-08-15 20:00:00,0.0
2021-08-15 21:00:00,0.0
2021-08-15 22:00:00,0.0
2021-08-15 23:00:00,0.0
2021-08-16 00:00:00,0.0
2021-08-16 01:00:00,0.0
2021-08-16 02:00:00,0.0
2021-08-16 03:00:00,0.0
2021-08-16 04:00:00,0.0
2021-08-16 05:00:00,0.0
2021-08-16 06:00:00,0.0
2021-08-16 07:00:00,0.0047599999999999995
2021-08-16 08:00:00,0.06344
2021-08-16 09:00:00,0.58839
2021-08-16 10:00:00,0.70128
2021-08-16 11:00:00,0.73215
2021-08-16 12:00:00,0.71649
2021-08-16 13:00:00,0.61338
2021-08-16 14:00:00,0.47243
2021-08-16 15:00:00,0.34155
2021-08-16 16:00:00,0.01248
2021-08-16 17:00:00,0.0119
2021-08-16 18:00:00,0.0
2021-08-16 19:00:00,0.0
2021-08-16 20:00:00,0.0
2021-08-16 21:00:00,0.0
2021-08-16 22:00:00,0.0
2021-08-16 23:00:00,0.0
2021-08-17 00:00:00,0.0
2021-08-17 01:00:00,0.0
2021-08-17 02:00:00,0.0
2021-08-17 03:00:00,0.0
2021-08-17 04:00:00,0.0
2021-08-17 05:00:00,0.0
2021-08-17 06:00:00,0.0
2021-08-17 07:00:00,0.18747
2021-08-17 08:00:00,0.46208
2021-08-17 09:00:00,0.62713
2021-08-17 10:00:00,0.7196
2021-08-17 11:00:00,0.7526900000000001
2021-08-17 12:00:00,0.7338300000000001
2021-08-17 13:00:00,0.6583300000000001
2021-08-17 14:00:00,0.53804
2021-08-17 15:00:00,0.37844
2021-08-17 16:00:00,0.17552
2021-08-17 17:00:00,0.03086
2021-08-17 18:00:00,0.0
2021-08-17 19:00:00,0.0
2021-08-17 20:00:00,0.0
2021-08-17 21:00:00,0.0
2021-08-17 22:00:00,0.0
2021-08-17 23:00:00,0.0
2021-08-18 00:00:00,0.0
2021-08-18 01:00:00,0.0
2021-08-18 02:00:00,0.0
2021-08-18 03:00:00,0.0
2021-08-18 04:00:00,0.0
2021-08-18 05:00:00,0.0
2021-08-18 06:00:00,0.0
2021-08-18 07:00:00,0.18768
2021-08-18 08:00:00,0.4373
2021-08-18 09:00:00,0.59905
2021-08-18 10:00:00,0.6915399999999999
2021-08-18 11:00:00,0.7183099999999999
2021-08-18 12:00:00,0.7108
2021-08-18 13:00:00,0.65011
2021-08-18 14:00:00,0.54255
2021-08-18 15:00:00,0.37416000000000005
2021-08-18 16:00:00,0.17602
2021-08-18 17:00:00,0.02264
2021-08-18 18:00:00,0.0
2021-08-18 19:00:00,0.0
2021-08-18 20:00:00,0.0
2021-08-18 21:00:00,0.0
2021-08-18 22:00:00,0.0
2021-08-18 23:00:00,0.0
2021-08-19 00:00:00,0.0
2021-08-19 01:00:00,0.0
2021-08-19 02:00:00,0.0
2021-08-19 03:00:00,0.0
2021-08-19 04:00:00,0.0
2021-08-19 05:00:00,0.0
2021-08-19 06:00:00,0.0
2021-08-19 07:00:00,0.19599
2021-08-19 08:00:00,0.44185
2021-08-19 09:00:00,0.60699
2021-08-19 10:00:00,0.7199800000000001
2021-08-19 11:00:00,0.75889
2021-08-19 12:00:00,0.75083
2021-08-19 13:00:00,0.6783899999999999
2021-08-19 14:00:00,0.56524
2021-08-19 15:00:00,0.39147000000000004
2021-08-19 16:00:00,0.18102000000000001
2021-08-19 17:00:00,0.016280000000000003
2021-08-19 18:00:00,0.0
2021-08-19 19:00:00,0.0
2021-08-19 20:00:00,0.0
2021-08-19 21:00:00,0.0
2021-08-19 22:00:00,0.0
2021-08-19 23:00:00,0.0
2021-08-20 00:00:00,0.0
2021-08-20 01:00:00,0.0
2021-08-20 02:00:00,0.0
2021-08-20 03:00:00,0.0
2021-08-20 04:00:00,0.0
2021-08-20 05:00:00,0.0
2021-08-20 06:00:00,0.0
2021-08-20 07:00:00,0.21206
2021-08-20 08:00:00,0.44998
2021-08-20 09:00:00,0.6181
2021-08-20 10:00:00,0.7330800000000001
2021-08-20 11:00:00,0.7660399999999999
2021-08-20 12:00:00,0.74887
2021-08-20 13:00:00,0.6799299999999999
2021-08-20 14:00:00,0.5714600000000001
2021-08-20 15:00:00,0.39667
2021-08-20 16:00:00,0.18477000000000002
2021-08-20 17:00:00,0.01594
2021-08-20 18:00:00,0.0
2021-08-20 19:00:00,0.0
2021-08-20 20:00:00,0.0
2021-08-20 21:00:00,0.0
2021-08-20 22:00:00,0.0
2021-08-20 23:00:00,0.0
2021-08-21 00:00:00,0.0
2021-08-21 01:00:00,0.0
2021-08-21 02:00:00,0.0
2021-08-21 03:00:00,0.0
2021-08-21 04:00:00,0.0
2021-08-21 05:00:00,0.0
2021-08-21 06:00:00,0.0
2021-08-21 07:00:00,0.20258
2021-08-21 08:00:00,0.44283
2021-08-21 09:00:00,0.59712
2021-08-21 10:00:00,0.69859
2021-08-21 11:00:00,0.7370099999999999
2021-08-21 12:00:00,0.7389600000000001
2021-08-21 13:00:00,0.66857
2021-08-21 14:00:00,0.55144
2021-08-21 15:00:00,0.37571
2021-08-21 16:00:00,0.18216
2021-08-21 17:00:00,0.01785
2021-08-21 18:00:00,0.0
2021-08-21 19:00:00,0.0
2021-08-21 20:00:00,0.0
2021-08-21 21:00:00,0.0
2021-08-21 22:00:00,0.0
2021-08-21 23:00:00,0.0
2021-08-22 00:00:00,0.0
2021-08-22 01:00:00,0.0
2021-08-22 02:00:00,0.0
2021-08-22 03:00:00,0.0
2021-08-22 04:00:00,0.0
2021-08-22 05:00:00,0.0
2021-08-22 06:00:00,0.0
2021-08-22 07:00:00,0.22431
2021-08-22 08:00:00,0.46448
2021-08-22 09:00:00,0.62959
2021-08-22 10:00:00,0.7439600000000001
2021-08-22 11:00:00,0.78034
2021-08-22 12:00:00,0.76844
2021-08-22 13:00:00,0.69839
2021-08-22 14:00:00,0.58435
2021-08-22 15:00:00,0.3992
2021-08-22 16:00:00,0.18325999999999998
2021-08-22 17:00:00,0.02431
2021-08-22 18:00:00,0.0
2021-08-22 19:00:00,0.0
2021-08-22 20:00:00,0.0
2021-08-22 21:00:00,0.0
2021-08-22 22:00:00,0.0
2021-08-22 23:00:00,0.0
2021-08-23 00:00:00,0.0
2021-08-23 01:00:00,0.0
2021-08-23 02:00:00,0.0
2021-08-23 03:00:00,0.0
2021-08-23 04:00:00,0.0
2021-08-23 05:00:00,0.0
2021-08-23 06:00:00,0.0
2021-08-23 07:00:00,0.21875999999999998
2021-08-23 08:00:00,0.45085000000000003
2021-08-23 09:00:00,0.62594
2021-08-23 10:00:00,0.72577
2021-08-23 11:00:00,0.7672599999999999
2021-08-23 12:00:00,0.7605299999999999
2021-08-23 13:00:00,0.68632
2021-08-23 14:00:00,0.5709500000000001
2021-08-23 15:00:00,0.39211
2021-08-23 16:00:00,0.18137
2021-08-23 17:00:00,0.02139
2021-08-23 18:00:00,0.0
2021-08-23 19:00:00,0.0
2021-08-23 20:00:00,0.0
2021-08-23 21:00:00,0.0
2021-08-23 22:00:00,0.0
2021-08-23 23:00:00,0.0
2021-08-24 00:00:00,0.0
2021-08-24 01:00:00,0.0
2021-08-24 02:00:00,0.0
2021-08-24 03:00:00,0.0
2021-08-24 04:00:00,0.0
2021-08-24 05:00:00,0.0
2021-08-24 06:00:00,0.0
2021-08-24 07:00:00,0.21793
2021-08-24 08:00:00,0.47726999999999997
2021-08-24 09:00:00,0.6335700000000001
2021-08-24 10:00:00,0.72907
2021-08-24 11:00:00,0.7553099999999999
2021-08-24 12:00:00,0.73456
2021-08-24 13:00:00,0.65691
2021-08-24 14:00:00,0.5479400000000001
2021-08-24 15:00:00,0.37285
2021-08-24 16:00:00,0.16921
2021-08-24 17:00:00,0.02784
2021-08-24 18:00:00,0.0
2021-08-24 19:00:00,0.0
2021-08-24 20:00:00,0.0
2021-08-24 21:00:00,0.0
2021-08-24 22:00:00,0.0
2021-08-24 23:00:00,0.0
2021-08-25 00:00:00,0.0
2021-08-25 01:00:00,0.0
2021-08-25 02:00:00,0.0
2021-08-25 03:00:00,0.0
2021-08-25 04:00:00,0.0
2021-08-25 05:00:00,0.0
2021-08-25 06:00:00,0.0
2021-08-25 07:00:00,0.23442
2021-08-25 08:00:00,0.48929
2021-08-25 09:00:00,0.65531
2021-08-25 10:00:00,0.7420399999999999
2021-08-25 11:00:00,0.76458
2021-08-25 12:00:00,0.7428400000000001
2021-08-25 13:00:00,0.6593
2021-08-25 14:00:00,0.53292
2021-08-25 15:00:00,0.34454
2021-08-25 16:00:00,0.15353999999999998
2021-08-25 17:00:00,0.021929999999999998
2021-08-25 18:00:00,0.0
2021-08-25 19:00:00,0.0
2021-08-25 20:00:00,0.0
2021-08-25 21:00:00,0.0
2021-08-25 22:00:00,0.0
2021-08-25 23:00:00,0.0
2021-08-26 00:00:00,0.0
2021-08-26 01:00:00,0.0
2021-08-26 02:00:00,0.0
2021-08-26 03:00:00,0.0
2021-08-26 04:00:00,0.0
2021-08-26 05:00:00,0.0
2021-08-26 06:00:00,0.0
2021-08-26 07:00:00,0.20903
2021-08-26 08:00:00,0.47973000000000005
2021-08-26 09:00:00,0.65686
2021-08-26 10:00:00,0.73817
2021-08-26 11:00:00,0.763
2021-08-26 12:00:00,0.74446
2021-08-26 13:00:00,0.6708500000000001
2021-08-26 14:00:00,0.54489
2021-08-26 15:00:00,0.37351999999999996
2021-08-26 16:00:00,0.17114
2021-08-26 17:00:00,0.032490000000000005
2021-08-26 18:00:00,0.0
2021-08-26 19:00:00,0.0
2021-08-26 20:00:00,0.0
2021-08-26 21:00:00,0.0
2021-08-26 22:00:00,0.0
2021-08-26 23:00:00,0.0
2021-08-27 00:00:00,0.0
2021-08-27 01:00:00,0.0
2021-08-27 02:00:00,0.0
2021-08-27 03:00:00,0.0
2021-08-27 04:00:00,0.0
2021-08-27 05:00:00,0.0
2021-08-27 06:00:00,0.0
2021-08-27 07:00:00,0.2097
2021-08-27 08:00:00,0.4576
2021-08-27 09:00:00,0.6285700000000001
2021-08-27 10:00:00,0.72203
2021-08-27 11:00:00,0.73627
2021-08-27 12:00:00,0.6299
2021-08-27 13:00:00,0.57201
2021-08-27 14:00:00,0.33837
2021-08-27 15:00:00,0.08962
2021-08-27 16:00:00,0.10686
2021-08-27 17:00:00,0.0020099999999999996
2021-08-27 18:00:00,0.0
2021-08-27 19:00:00,0.0
2021-08-27 20:00:00,0.0
2021-08-27 21:00:00,0.0
2021-08-27 22:00:00,0.0
2021-08-27 23:00:00,0.0
2021-08-28 00:00:00,0.0
2021-08-28 01:00:00,0.0
2021-08-28 02:00:00,0.0
2021-08-28 03:00:00,0.0
2021-08-28 04:00:00,0.0
2021-08-28 05:00:00,0.0
2021-08-28 06:00:00,0.0
2021-08-28 07:00:00,0.16297999999999999
2021-08-28 08:00:00,0.12208
2021-08-28 09:00:00,0.13884
2021-08-28 10:00:00,0.12056
2021-08-28 11:00:00,0.09265000000000001
2021-08-28 12:00:00,0.15031999999999998
2021-08-28 13:00:00,0.17141
2021-08-28 14:00:00,0.17756
2021-08-28 15:00:00,0.04255
2021-08-28 16:00:00,0.013349999999999999
2021-08-28 17:00:00,0.00209
2021-08-28 18:00:00,0.0
2021-08-28 19:00:00,0.0
2021-08-28 20:00:00,0.0
2021-08-28 21:00:00,0.0
2021-08-28 22:00:00,0.0
2021-08-28 23:00:00,0.0
2021-08-29 00:00:00,0.0
2021-08-29 01:00:00,0.0
2021-08-29 02:00:00,0.0
2021-08-29 03:00:00,0.0
2021-08-29 04:00:00,0.0
2021-08-29 05:00:00,0.0
2021-08-29 06:00:00,0.0
2021-08-29 07:00:00,0.08626
2021-08-29 08:00:00,0.060090000000000005
2021-08-29 09:00:00,0.2875
2021-08-29 10:00:00,0.58051
2021-08-29 11:00:00,0.58829
2021-08-29 12:00:00,0.54744
2021-08-29 13:00:00,0.37438
2021-08-29 14:00:00,0.32947000000000004
2021-08-29 15:00:00,0.31079
2021-08-29 16:00:00,0.1263
2021-08-29 17:00:00,0.00207
2021-08-29 18:00:00,0.0
2021-08-29 19:00:00,0.0
2021-08-29 20:00:00,0.0
2021-08-29 21:00:00,0.0
2021-08-29 22:00:00,0.0
2021-08-29 23:00:00,0.0
2021-08-30 00:00:00,0.0
2021-08-30 01:00:00,0.0
2021-08-30 02:00:00,0.0
2021-08-30 03:00:00,0.0
2021-08-30 04:00:00,0.0
2021-08-30 05:00:00,0.0
2021-08-30 06:00:00,0.0
2021-08-30 07:00:00,0.20493
2021-08-30 08:00:00,0.36418
2021-08-30 09:00:00,0.25806999999999997
2021-08-30 10:00:00,0.5823200000000001
2021-08-30 11:00:00,0.55214
2021-08-30 12:00:00,0.75314
2021-08-30 13:00:00,0.69567
2021-08-30 14:00:00,0.58312
2021-08-30 15:00:00,0.40544
2021-08-30 16:00:00,0.18372999999999998
2021-08-30 17:00:00,0.02282
2021-08-30 18:00:00,0.0
2021-08-30 19:00:00,0.0
2021-08-30 20:00:00,0.0
2021-08-30 21:00:00,0.0
2021-08-30 22:00:00,0.0
2021-08-30 23:00:00,0.0
2021-08-31 00:00:00,0.0
2021-08-31 01:00:00,0.0
2021-08-31 02:00:00,0.0
2021-08-31 03:00:00,0.0
2021-08-31 04:00:00,0.0
2021-08-31 05:00:00,0.0
2021-08-31 06:00:00,0.0
2021-08-31 07:00:00,0.24627000000000002
2021-08-31 08:00:00,0.44186000000000003
2021-08-31 09:00:00,0.64146
2021-08-31 10:00:00,0.75347
2021-08-31 11:00:00,0.77792
2021-08-31 12:00:00,0.7741
2021-08-31 13:00:00,0.69386
2021-08-31 14:00:00,0.55964
2021-08-31 15:00:00,0.41204
2021-08-31 16:00:00,0.18596000000000001
2021-08-31 17:00:00,0.01528
2021-08-31 18:00:00,0.0
2021-08-31 19:00:00,0.0
2021-08-31 20:00:00,0.0
2021-08-31 21:00:00,0.0
2021-08-31 22:00:00,0.0
2021-08-31 23:00:00,0.0
2021-09-01 00:00:00,0.0
2021-09-01 01:00:00,0.0
2021-09-01 02:00:00,0.0
2021-09-01 03:00:00,0.0
2021-09-01 04:00:00,0.0
2021-09-01 05:00:00,0.0
2021-09-01 06:00:00,0.0
2021-09-01 07:00:00,0.2353
2021-09-01 08:00:00,0.42668
2021-09-01 09:00:00,0.62164
2021-09-01 10:00:00,0.74883
2021-09-01 11:00:00,0.75693
2021-09-01 12:00:00,0.76963
2021-09-01 13:00:00,0.68491
2021-09-01 14:00:00,0.50288
2021-09-01 15:00:00,0.36516000000000004
2021-09-01 16:00:00,0.16072999999999998
2021-09-01 17:00:00,0.02646
2021-09-01 18:00:00,0.0
2021-09-01 19:00:00,0.0
2021-09-01 20:00:00,0.0
2021-09-01 21:00:00,0.0
2021-09-01 22:00:00,0.0
2021-09-01 23:00:00,0.0
2021-09-02 00:00:00,0.0
2021-09-02 01:00:00,0.0
2021-09-02 02:00:00,0.0
2021-09-02 03:00:00,0.0
2021-09-02 04:00:00,0.0
2021-09-02 05:00:00,0.0
2021-09-02 06:00:00,0.0
2021-09-02 07:00:00,0.22923
2021-09-02 08:00:00,0.43351999999999996
2021-09-02 09:00:00,0.6175499999999999
2021-09-02 10:00:00,0.7425
2021-09-02 11:00:00,0.7430800000000001
2021-09-02 12:00:00,0.74721
2021-09-02 13:00:00,0.67265
2021-09-02 14:00:00,0.56577
2021-09-02 15:00:00,0.38823
2021-09-02 16:00:00,0.17662
2021-09-02 17:00:00,0.03773
2021-09-02 18:00:00,0.0
2021-09-02 19:00:00,0.0
2021-09-02 20:00:00,0.0
2021-09-02 21:00:00,0.0
2021-09-02 22:00:00,0.0
2021-09-02 23:00:00,0.0
2021-09-03 00:00:00,0.0
2021-09-03 01:00:00,0.0
2021-09-03 02:00:00,0.0
2021-09-03 03:00:00,0.0
2021-09-03 04:00:00,0.0
2021-09-03 05:00:00,0.0
2021-09-03 06:00:00,0.0
2021-09-03 07:00:00,0.23421
2021-09-03 08:00:00,0.45325
2021-09-03 09:00:00,0.62536
2021-09-03 10:00:00,0.73227
2021-09-03 11:00:00,0.76014
2021-09-03 12:00:00,0.6813899999999999
2021-09-03 13:00:00,0.65752
2021-09-03 14:00:00,0.49953
2021-09-03 15:00:00,0.31233999999999995
2021-09-03 16:00:00,0.1664
2021-09-03 17:00:00,0.02892
2021-09-03 18:00:00,0.0
2021-09-03 19:00:00,0.0
2021-09-03 20:00:00,0.0
2021-09-03 21:00:00,0.0
2021-09-03 22:00:00,0.0
2021-09-03 23:00:00,0.0
2021-09-04 00:00:00,0.0
2021-09-04 01:00:00,0.0
2021-09-04 02:00:00,0.0
2021-09-04 03:00:00,0.0
2021-09-04 04:00:00,0.0
2021-09-04 05:00:00,0.0
2021-09-04 06:00:00,0.0
2021-09-04 07:00:00,0.22753
2021-09-04 08:00:00,0.43451999999999996
2021-09-04 09:00:00,0.60712
2021-09-04 10:00:00,0.70788
2021-09-04 11:00:00,0.73782
2021-09-04 12:00:00,0.70725
2021-09-04 13:00:00,0.63475
2021-09-04 14:00:00,0.5150800000000001
2021-09-04 15:00:00,0.35587
2021-09-04 16:00:00,0.16287000000000001
2021-09-04 17:00:00,0.00954
2021-09-04 18:00:00,0.0
2021-09-04 19:00:00,0.0
2021-09-04 20:00:00,0.0
2021-09-04 21:00:00,0.0
2021-09-04 22:00:00,0.0
2021-09-04 23:00:00,0.0
2021-09-05 00:00:00,0.0
2021-09-05 01:00:00,0.0
2021-09-05 02:00:00,0.0
2021-09-05 03:00:00,0.0
2021-09-05 04:00:00,0.0
2021-09-05 05:00:00,0.0
2021-09-05 06:00:00,0.0
2021-09-05 07:00:00,0.23242
2021-09-05 08:00:00,0.45083999999999996
2021-09-05 09:00:00,0.61915
2021-09-05 10:00:00,0.7255199999999999
2021-09-05 11:00:00,0.76358
2021-09-05 12:00:00,0.73558
2021-09-05 13:00:00,0.65398
2021-09-05 14:00:00,0.41877
2021-09-05 15:00:00,0.33963
2021-09-05 16:00:00,0.15453
2021-09-05 17:00:00,0.02716
2021-09-05 18:00:00,0.0
2021-09-05 19:00:00,0.0
2021-09-05 20:00:00,0.0
2021-09-05 21:00:00,0.0
2021-09-05 22:00:00,0.0
2021-09-05 23:00:00,0.0
2021-09-06 00:00:00,0.0
2021-09-06 01:00:00,0.0
2021-09-06 02:00:00,0.0
2021-09-06 03:00:00,0.0
2021-09-06 04:00:00,0.0
2021-09-06 05:00:00,0.0
2021-09-06 06:00:00,0.0
2021-09-06 07:00:00,0.24387
2021-09-06 08:00:00,0.44429
2021-09-06 09:00:00,0.61302
2021-09-06 10:00:00,0.71169
2021-09-06 11:00:00,0.74561
2021-09-06 12:00:00,0.7295499999999999
2021-09-06 13:00:00,0.66876
2021-09-06 14:00:00,0.5512400000000001
2021-09-06 15:00:00,0.3805
2021-09-06 16:00:00,0.17539
2021-09-06 17:00:00,0.03438
2021-09-06 18:00:00,0.0
2021-09-06 19:00:00,0.0
2021-09-06 20:00:00,0.0
2021-09-06 21:00:00,0.0
2021-09-06 22:00:00,0.0
2021-09-06 23:00:00,0.0
2021-09-07 00:00:00,0.0
2021-09-07 01:00:00,0.0
2021-09-07 02:00:00,0.0
2021-09-07 03:00:00,0.0
2021-09-07 04:00:00,0.0
2021-09-07 05:00:00,0.0
2021-09-07 06:00:00,0.0
2021-09-07 07:00:00,0.24887
2021-09-07 08:00:00,0.49139
2021-09-07 09:00:00,0.65495
2021-09-07 10:00:00,0.73665
2021-09-07 11:00:00,0.76107
2021-09-07 12:00:00,0.7411599999999999
2021-09-07 13:00:00,0.6672899999999999
2021-09-07 14:00:00,0.54339
2021-09-07 15:00:00,0.36108999999999997
2021-09-07 16:00:00,0.17087
2021-09-07 17:00:00,0.03798
2021-09-07 18:00:00,0.0
2021-09-07 19:00:00,0.0
2021-09-07 20:00:00,0.0
2021-09-07 21:00:00,0.0
2021-09-07 22:00:00,0.0
2021-09-07 23:00:00,0.0
2021-09-08 00:00:00,0.0
2021-09-08 01:00:00,0.0
2021-09-08 02:00:00,0.0
2021-09-08 03:00:00,0.0
2021-09-08 04:00:00,0.0
2021-09-08 05:00:00,0.0
2021-09-08 06:00:00,0.0
2021-09-08 07:00:00,0.19798
2021-09-08 08:00:00,0.45129
2021-09-08 09:00:00,0.63882
2021-09-08 10:00:00,0.7235900000000001
2021-09-08 11:00:00,0.74866
2021-09-08 12:00:00,0.73422
2021-09-08 13:00:00,0.66814
2021-09-08 14:00:00,0.5334800000000001
2021-09-08 15:00:00,0.35328
2021-09-08 16:00:00,0.16127
2021-09-08 17:00:00,0.0077800000000000005
2021-09-08 18:00:00,0.0
2021-09-08 19:00:00,0.0
2021-09-08 20:00:00,0.0
2021-09-08 21:00:00,0.0
2021-09-08 22:00:00,0.0
2021-09-08 23:00:00,0.0
2021-09-09 00:00:00,0.0
2021-09-09 01:00:00,0.0
2021-09-09 02:00:00,0.0
2021-09-09 03:00:00,0.0
2021-09-09 04:00:00,0.0
2021-09-09 05:00:00,0.0
2021-09-09 06:00:00,0.0
2021-09-09 07:00:00,0.23666
2021-09-09 08:00:00,0.39718000000000003
2021-09-09 09:00:00,0.62171
2021-09-09 10:00:00,0.70637
2021-09-09 11:00:00,0.73911
2021-09-09 12:00:00,0.6747799999999999
2021-09-09 13:00:00,0.5652699999999999
2021-09-09 14:00:00,0.32154000000000005
2021-09-09 15:00:00,0.14256
2021-09-09 16:00:00,0.01329
2021-09-09 17:00:00,0.00177
2021-09-09 18:00:00,0.0
2021-09-09 19:00:00,0.0
2021-09-09 20:00:00,0.0
2021-09-09 21:00:00,0.0
2021-09-09 22:00:00,0.0
2021-09-09 23:00:00,0.0
2021-09-10 00:00:00,0.0
2021-09-10 01:00:00,0.0
2021-09-10 02:00:00,0.0
2021-09-10 03:00:00,0.0
2021-09-10 04:00:00,0.0
2021-09-10 05:00:00,0.0
2021-09-10 06:00:00,0.0
2021-09-10 07:00:00,0.0035499999999999998
2021-09-10 08:00:00,0.12504
2021-09-10 09:00:00,0.08558
2021-09-10 10:00:00,0.22736
2021-09-10 11:00:00,0.29142
2021-09-10 12:00:00,0.16476
2021-09-10 13:00:00,0.36776
2021-09-10 14:00:00,0.10019
2021-09-10 15:00:00,0.24902000000000002
2021-09-10 16:00:00,0.15211000000000002
2021-09-10 17:00:00,0.03503
2021-09-10 18:00:00,0.0
2021-09-10 19:00:00,0.0
2021-09-10 20:00:00,0.0
2021-09-10 21:00:00,0.0
2021-09-10 22:00:00,0.0
2021-09-10 23:00:00,0.0
2021-09-11 00:00:00,0.0
2021-09-11 01:00:00,0.0
2021-09-11 02:00:00,0.0
2021-09-11 03:00:00,0.0
2021-09-11 04:00:00,0.0
2021-09-11 05:00:00,0.0
2021-09-11 06:00:00,0.0
2021-09-11 07:00:00,0.06803000000000001
2021-09-11 08:00:00,0.12981
2021-09-11 09:00:00,0.33352
2021-09-11 10:00:00,0.59235
2021-09-11 11:00:00,0.60593
2021-09-11 12:00:00,0.60691
2021-09-11 13:00:00,0.60089
2021-09-11 14:00:00,0.45089
2021-09-11 15:00:00,0.12974000000000002
2021-09-11 16:00:00,0.016829999999999998
2021-09-11 17:00:00,0.00183
2021-09-11 18:00:00,0.0
2021-09-11 19:00:00,0.0
2021-09-11 20:00:00,0.0
2021-09-11 21:00:00,0.0
2021-09-11 22:00:00,0.0
2021-09-11 23:00:00,0.0
2021-09-12 00:00:00,0.0
2021-09-12 01:00:00,0.0
2021-09-12 02:00:00,0.0
2021-09-12 03:00:00,0.0
2021-09-12 04:00:00,0.0
2021-09-12 05:00:00,0.0
2021-09-12 06:00:00,0.0
2021-09-12 07:00:00,0.22723
2021-09-12 08:00:00,0.04611
2021-09-12 09:00:00,0.64416
2021-09-12 10:00:00,0.73021
2021-09-12 11:00:00,0.6968099999999999
2021-09-12 12:00:00,0.67079
2021-09-12 13:00:00,0.65249
2021-09-12 14:00:00,0.494
2021-09-12 15:00:00,0.32393
2021-09-12 16:00:00,0.14177
2021-09-12 17:00:00,0.03713
2021-09-12 18:00:00,0.0
2021-09-12 19:00:00,0.0
2021-09-12 20:00:00,0.0
2021-09-12 21:00:00,0.0
2021-09-12 22:00:00,0.0
2021-09-12 23:00:00,0.0
2021-09-13 00:00:00,0.0
2021-09-13 01:00:00,0.0
2021-09-13 02:00:00,0.0
2021-09-13 03:00:00,0.0
2021-09-13 04:00:00,0.0
2021-09-13 05:00:00,0.0
2021-09-13 06:00:00,0.0
2021-09-13 07:00:00,0.23455
2021-09-13 08:00:00,0.39769
2021-09-13 09:00:00,0.62619
2021-09-13 10:00:00,0.6091799999999999
2021-09-13 11:00:00,0.68225
2021-09-13 12:00:00,0.6649400000000001
2021-09-13 13:00:00,0.59158
2021-09-13 14:00:00,0.37325
2021-09-13 15:00:00,0.29785
2021-09-13 16:00:00,0.16422
2021-09-13 17:00:00,0.03489
2021-09-13 18:00:00,0.0
2021-09-13 19:00:00,0.0
2021-09-13 20:00:00,0.0
2021-09-13 21:00:00,0.0
2021-09-13 22:00:00,0.0
2021-09-13 23:00:00,0.0
2021-09-14 00:00:00,0.0
2021-09-14 01:00:00,0.0
2021-09-14 02:00:00,0.0
2021-09-14 03:00:00,0.0
2021-09-14 04:00:00,0.0
2021-09-14 05:00:00,0.0
2021-09-14 06:00:00,0.0
2021-09-14 07:00:00,0.07556
2021-09-14 08:00:00,0.24275
2021-09-14 09:00:00,0.48429
2021-09-14 10:00:00,0.5730599999999999
2021-09-14 11:00:00,0.58614
2021-09-14 12:00:00,0.5547300000000001
2021-09-14 13:00:00,0.40101
2021-09-14 14:00:00,0.38372
2021-09-14 15:00:00,0.29169
2021-09-14 16:00:00,0.13307
2021-09-14 17:00:00,0.00216
2021-09-14 18:00:00,0.0
2021-09-14 19:00:00,0.0
2021-09-14 20:00:00,0.0
2021-09-14 21:00:00,0.0
2021-09-14 22:00:00,0.0
2021-09-14 23:00:00,0.0
2021-09-15 00:00:00,0.0
2021-09-15 01:00:00,0.0
2021-09-15 02:00:00,0.0
2021-09-15 03:00:00,0.0
2021-09-15 04:00:00,0.0
2021-09-15 05:00:00,0.0
2021-09-15 06:00:00,0.0
2021-09-15 07:00:00,0.06011
2021-09-15 08:00:00,0.12176000000000001
2021-09-15 09:00:00,0.28512
2021-09-15 10:00:00,0.12285
2021-09-15 11:00:00,0.26337
2021-09-15 12:00:00,0.21296
2021-09-15 13:00:00,0.20516
2021-09-15 14:00:00,0.07404000000000001
2021-09-15 15:00:00,0.030690000000000002
2021-09-15 16:00:00,0.01402
2021-09-15 17:00:00,0.00225
2021-09-15 18:00:00,0.0
2021-09-15 19:00:00,0.0
2021-09-15 20:00:00,0.0
2021-09-15 21:00:00,0.0
2021-09-15 22:00:00,0.0
2021-09-15 23:00:00,0.0
2021-09-16 00:00:00,0.0
2021-09-16 01:00:00,0.0
2021-09-16 02:00:00,0.0
2021-09-16 03:00:00,0.0
2021-09-16 04:00:00,0.0
2021-09-16 05:00:00,0.0
2021-09-16 06:00:00,0.0
2021-09-16 07:00:00,0.025070000000000002
2021-09-16 08:00:00,0.14149
2021-09-16 09:00:00,0.60612
2021-09-16 10:00:00,0.7250800000000001
2021-09-16 11:00:00,0.75699
2021-09-16 12:00:00,0.73894
2021-09-16 13:00:00,0.60429
2021-09-16 14:00:00,0.47437999999999997
2021-09-16 15:00:00,0.27061
2021-09-16 16:00:00,0.15582
2021-09-16 17:00:00,0.0
2021-09-16 18:00:00,0.0
2021-09-16 19:00:00,0.0
2021-09-16 20:00:00,0.0
2021-09-16 21:00:00,0.0
2021-09-16 22:00:00,0.0
2021-09-16 23:00:00,0.0
2021-09-17 00:00:00,0.0
2021-09-17 01:00:00,0.0
2021-09-17 02:00:00,0.0
2021-09-17 03:00:00,0.0
2021-09-17 04:00:00,0.0
2021-09-17 05:00:00,0.0
2021-09-17 06:00:00,0.0
2021-09-17 07:00:00,0.17834999999999998
2021-09-17 08:00:00,0.30211
2021-09-17 09:00:00,0.56436
2021-09-17 10:00:00,0.5882200000000001
2021-09-17 11:00:00,0.7320099999999999
2021-09-17 12:00:00,0.69599
2021-09-17 13:00:00,0.6375299999999999
2021-09-17 14:00:00,0.39236
2021-09-17 15:00:00,0.21277000000000001
2021-09-17 16:00:00,0.05111
2021-09-17 17:00:00,0.0063
2021-09-17 18:00:00,0.0
2021-09-17 19:00:00,0.0
2021-09-17 20:00:00,0.0
2021-09-17 21:00:00,0.0
2021-09-17 22:00:00,0.0
2021-09-17 23:00:00,0.0
2021-09-18 00:00:00,0.0
2021-09-18 01:00:00,0.0
2021-09-18 02:00:00,0.0
2021-09-18 03:00:00,0.0
2021-09-18 04:00:00,0.0
2021-09-18 05:00:00,0.0
2021-09-18 06:00:00,0.0
2021-09-18 07:00:00,0.27654
2021-09-18 08:00:00,0.50851
2021-09-18 09:00:00,0.64867
2021-09-18 10:00:00,0.71088
2021-09-18 11:00:00,0.75659
2021-09-18 12:00:00,0.73541
2021-09-18 13:00:00,0.65834
2021-09-18 14:00:00,0.51876
2021-09-18 15:00:00,0.31155
2021-09-18 16:00:00,0.1429
2021-09-18 17:00:00,0.01255
2021-09-18 18:00:00,0.0
2021-09-18 19:00:00,0.0
2021-09-18 20:00:00,0.0
2021-09-18 21:00:00,0.0
2021-09-18 22:00:00,0.0
2021-09-18 23:00:00,0.0
2021-09-19 00:00:00,0.0
2021-09-19 01:00:00,0.0
2021-09-19 02:00:00,0.0
2021-09-19 03:00:00,0.0
2021-09-19 04:00:00,0.0
2021-09-19 05:00:00,0.0
2021-09-19 06:00:00,0.0
2021-09-19 07:00:00,0.20483
2021-09-19 08:00:00,0.45898
2021-09-19 09:00:00,0.59656
2021-09-19 10:00:00,0.70984
2021-09-19 11:00:00,0.74495
2021-09-19 12:00:00,0.71405
2021-09-19 13:00:00,0.35627
2021-09-19 14:00:00,0.43654000000000004
2021-09-19 15:00:00,0.35492
2021-09-19 16:00:00,0.16379
2021-09-19 17:00:00,0.04482
2021-09-19 18:00:00,0.0
2021-09-19 19:00:00,0.0
2021-09-19 20:00:00,0.0
2021-09-19 21:00:00,0.0
2021-09-19 22:00:00,0.0
2021-09-19 23:00:00,0.0
2021-09-20 00:00:00,0.0
2021-09-20 01:00:00,0.0
2021-09-20 02:00:00,0.0
2021-09-20 03:00:00,0.0
2021-09-20 04:00:00,0.0
2021-09-20 05:00:00,0.0
2021-09-20 06:00:00,0.0
2021-09-20 07:00:00,0.28818
2021-09-20 08:00:00,0.496
2021-09-20 09:00:00,0.66322
2021-09-20 10:00:00,0.74236
2021-09-20 11:00:00,0.77762
2021-09-20 12:00:00,0.74502
2021-09-20 13:00:00,0.66847
2021-09-20 14:00:00,0.5365
2021-09-20 15:00:00,0.32281
2021-09-20 16:00:00,0.15127000000000002
2021-09-20 17:00:00,0.0225
2021-09-20 18:00:00,0.0
2021-09-20 19:00:00,0.0
2021-09-20 20:00:00,0.0
2021-09-20 21:00:00,0.0
2021-09-20 22:00:00,0.0
2021-09-20 23:00:00,0.0
2021-09-21 00:00:00,0.0
2021-09-21 01:00:00,0.0
2021-09-21 02:00:00,0.0
2021-09-21 03:00:00,0.0
2021-09-21 04:00:00,0.0
2021-09-21 05:00:00,0.0
2021-09-21 06:00:00,0.0
2021-09-21 07:00:00,0.28564999999999996
2021-09-21 08:00:00,0.49804000000000004
2021-09-21 09:00:00,0.655
2021-09-21 10:00:00,0.72265
2021-09-21 11:00:00,0.09878
2021-09-21 12:00:00,0.45873
2021-09-21 13:00:00,0.64062
2021-09-21 14:00:00,0.51936
2021-09-21 15:00:00,0.13106
2021-09-21 16:00:00,0.16171000000000002
2021-09-21 17:00:00,0.00313
2021-09-21 18:00:00,0.0
2021-09-21 19:00:00,0.0
2021-09-21 20:00:00,0.0
2021-09-21 21:00:00,0.0
2021-09-21 22:00:00,0.0
2021-09-21 23:00:00,0.0
2021-09-22 00:00:00,0.0
2021-09-22 01:00:00,0.0
2021-09-22 02:00:00,0.0
2021-09-22 03:00:00,0.0
2021-09-22 04:00:00,0.0
2021-09-22 05:00:00,0.0
2021-09-22 06:00:00,0.0
2021-09-22 07:00:00,0.30543
2021-09-22 08:00:00,0.53591
2021-09-22 09:00:00,0.71676
2021-09-22 10:00:00,0.79134
2021-09-22 11:00:00,0.64915
2021-09-22 12:00:00,0.71292
2021-09-22 13:00:00,0.66375
2021-09-22 14:00:00,0.51278
2021-09-22 15:00:00,0.30465
2021-09-22 16:00:00,0.15031
2021-09-22 17:00:00,0.03268
2021-09-22 18:00:00,0.0
2021-09-22 19:00:00,0.0
2021-09-22 20:00:00,0.0
2021-09-22 21:00:00,0.0
2021-09-22 22:00:00,0.0
2021-09-22 23:00:00,0.0
2021-09-23 00:00:00,0.0
2021-09-23 01:00:00,0.0
2021-09-23 02:00:00,0.0
2021-09-23 03:00:00,0.0
2021-09-23 04:00:00,0.0
2021-09-23 05:00:00,0.0
2021-09-23 06:00:00,0.0
2021-09-23 07:00:00,0.30829
2021-09-23 08:00:00,0.51452
2021-09-23 09:00:00,0.6980599999999999
2021-09-23 10:00:00,0.7808200000000001
2021-09-23 11:00:00,0.81499
2021-09-23 12:00:00,0.7877799999999999
2021-09-23 13:00:00,0.70874
2021-09-23 14:00:00,0.57589
2021-09-23 15:00:00,0.38427
2021-09-23 16:00:00,0.16913999999999998
2021-09-23 17:00:00,0.04704
2021-09-23 18:00:00,0.0
2021-09-23 19:00:00,0.0
2021-09-23 20:00:00,0.0
2021-09-23 21:00:00,0.0
2021-09-23 22:00:00,0.0
2021-09-23 23:00:00,0.0
2021-09-24 00:00:00,0.0
2021-09-24 01:00:00,0.0
2021-09-24 02:00:00,0.0
2021-09-24 03:00:00,0.0
2021-09-24 04:00:00,0.0
2021-09-24 05:00:00,0.0
2021-09-24 06:00:00,0.0
2021-09-24 07:00:00,0.27163
2021-09-24 08:00:00,0.51391
2021-09-24 09:00:00,0.6841799999999999
2021-09-24 10:00:00,0.7640800000000001
2021-09-24 11:00:00,0.7965599999999999
2021-09-24 12:00:00,0.76288
2021-09-24 13:00:00,0.6827300000000001
2021-09-24 14:00:00,0.54342
2021-09-24 15:00:00,0.35922000000000004
2021-09-24 16:00:00,0.16474
2021-09-24 17:00:00,0.04417
2021-09-24 18:00:00,0.0
2021-09-24 19:00:00,0.0
2021-09-24 20:00:00,0.0
2021-09-24 21:00:00,0.0
2021-09-24 22:00:00,0.0
2021-09-24 23:00:00,0.0
2021-09-25 00:00:00,0.0
2021-09-25 01:00:00,0.0
2021-09-25 02:00:00,0.0
2021-09-25 03:00:00,0.0
2021-09-25 04:00:00,0.0
2021-09-25 05:00:00,0.0
2021-09-25 06:00:00,0.0
2021-09-25 07:00:00,0.19407
2021-09-25 08:00:00,0.50166
2021-09-25 09:00:00,0.62752
2021-09-25 10:00:00,0.69494
2021-09-25 11:00:00,0.17844
2021-09-25 12:00:00,0.6129199999999999
2021-09-25 13:00:00,0.65259
2021-09-25 14:00:00,0.51816
2021-09-25 15:00:00,0.29756
2021-09-25 16:00:00,0.14740999999999999
2021-09-25 17:00:00,0.00277
2021-09-25 18:00:00,0.0
2021-09-25 19:00:00,0.0
2021-09-25 20:00:00,0.0
2021-09-25 21:00:00,0.0
2021-09-25 22:00:00,0.0
2021-09-25 23:00:00,0.0
2021-09-26 00:00:00,0.0
2021-09-26 01:00:00,0.0
2021-09-26 02:00:00,0.0
2021-09-26 03:00:00,0.0
2021-09-26 04:00:00,0.0
2021-09-26 05:00:00,0.0
2021-09-26 06:00:00,0.00066
2021-09-26 07:00:00,0.30788
2021-09-26 08:00:00,0.5343600000000001
2021-09-26 09:00:00,0.6899500000000001
2021-09-26 10:00:00,0.76055
2021-09-26 11:00:00,0.7791399999999999
2021-09-26 12:00:00,0.74391
2021-09-26 13:00:00,0.66586
2021-09-26 14:00:00,0.52247
2021-09-26 15:00:00,0.26031
2021-09-26 16:00:00,0.02212
2021-09-26 17:00:00,0.00271
2021-09-26 18:00:00,0.0
2021-09-26 19:00:00,0.0
2021-09-26 20:00:00,0.0
2021-09-26 21:00:00,0.0
2021-09-26 22:00:00,0.0
2021-09-26 23:00:00,0.0
2021-09-27 00:00:00,0.0
2021-09-27 01:00:00,0.0
2021-09-27 02:00:00,0.0
2021-09-27 03:00:00,0.0
2021-09-27 04:00:00,0.0
2021-09-27 05:00:00,0.0
2021-09-27 06:00:00,0.0010400000000000001
2021-09-27 07:00:00,0.17545
2021-09-27 08:00:00,0.45344999999999996
2021-09-27 09:00:00,0.6399
2021-09-27 10:00:00,0.72681
2021-09-27 11:00:00,0.76267
2021-09-27 12:00:00,0.7380399999999999
2021-09-27 13:00:00,0.62613
2021-09-27 14:00:00,0.42372000000000004
2021-09-27 15:00:00,0.35818
2021-09-27 16:00:00,0.16343000000000002
2021-09-27 17:00:00,0.007980000000000001
2021-09-27 18:00:00,0.0
2021-09-27 19:00:00,0.0
2021-09-27 20:00:00,0.0
2021-09-27 21:00:00,0.0
2021-09-27 22:00:00,0.0
2021-09-27 23:00:00,0.0
2021-09-28 00:00:00,0.0
2021-09-28 01:00:00,0.0
2021-09-28 02:00:00,0.0
2021-09-28 03:00:00,0.0
2021-09-28 04:00:00,0.0
2021-09-28 05:00:00,0.0
2021-09-28 06:00:00,0.0
2021-09-28 07:00:00,0.31857
2021-09-28 08:00:00,0.53869
2021-09-28 09:00:00,0.6746599999999999
2021-09-28 10:00:00,0.75172
2021-09-28 11:00:00,0.73495
2021-09-28 12:00:00,0.6880700000000001
2021-09-28 13:00:00,0.6688999999999999
2021-09-28 14:00:00,0.53553
2021-09-28 15:00:00,0.35799000000000003
2021-09-28 16:00:00,0.16337000000000002
2021-09-28 17:00:00,0.02884
2021-09-28 18:00:00,0.0
2021-09-28 19:00:00,0.0
2021-09-28 20:00:00,0.0
2021-09-28 21:00:00,0.0
2021-09-28 22:00:00,0.0
2021-09-28 23:00:00,0.0
2021-09-29 00:00:00,0.0
2021-09-29 01:00:00,0.0
2021-09-29 02:00:00,0.0
2021-09-29 03:00:00,0.0
2021-09-29 04:00:00,0.0
2021-09-29 05:00:00,0.0
2021-09-29 06:00:00,0.0028599999999999997
2021-09-29 07:00:00,0.08392000000000001
2021-09-29 08:00:00,0.52325
2021-09-29 09:00:00,0.67287
2021-09-29 10:00:00,0.74828
2021-09-29 11:00:00,0.7626499999999999
2021-09-29 12:00:00,0.68324
2021-09-29 13:00:00,0.6294099999999999
2021-09-29 14:00:00,0.26279
2021-09-29 15:00:00,0.02936
2021-09-29 16:00:00,0.16272
2021-09-29 17:00:00,0.0339
2021-09-29 18:00:00,0.0
2021-09-29 19:00:00,0.0
2021-09-29 20:00:00,0.0
2021-09-29 21:00:00,0.0
2021-09-29 22:00:00,0.0
2021-09-29 23:00:00,0.0
2021-09-30 00:00:00,0.0
2021-09-30 01:00:00,0.0
2021-09-30 02:00:00,0.0
2021-09-30 03:00:00,0.0
2021-09-30 04:00:00,0.0
2021-09-30 05:00:00,0.0
2021-09-30 06:00:00,0.00287
2021-09-30 07:00:00,0.30122000000000004
2021-09-30 08:00:00,0.5428200000000001
2021-09-30 09:00:00,0.68052
2021-09-30 10:00:00,0.74891
2021-09-30 11:00:00,0.75578
2021-09-30 12:00:00,0.72051
2021-09-30 13:00:00,0.62073
2021-09-30 14:00:00,0.53931
2021-09-30 15:00:00,0.35791
2021-09-30 16:00:00,0.16244999999999998
2021-09-30 17:00:00,0.04988
2021-09-30 18:00:00,0.0
2021-09-30 19:00:00,0.0
2021-09-30 20:00:00,0.0
2021-09-30 21:00:00,0.0
2021-09-30 22:00:00,0.0
2021-09-30 23:00:00,0.0
2021-10-01 00:00:00,0.0
2021-10-01 01:00:00,0.0
2021-10-01 02:00:00,0.0
2021-10-01 03:00:00,0.0
2021-10-01 04:00:00,0.0
2021-10-01 05:00:00,0.0
2021-10-01 06:00:00,0.00387
2021-10-01 07:00:00,0.28270999999999996
2021-10-01 08:00:00,0.534
2021-10-01 09:00:00,0.68751
2021-10-01 10:00:00,0.76178
2021-10-01 11:00:00,0.63412
2021-10-01 12:00:00,0.7018099999999999
2021-10-01 13:00:00,0.54637
2021-10-01 14:00:00,0.052399999999999995
2021-10-01 15:00:00,0.029920000000000002
2021-10-01 16:00:00,0.016149999999999998
2021-10-01 17:00:00,0.00322
2021-10-01 18:00:00,0.0
2021-10-01 19:00:00,0.0
2021-10-01 20:00:00,0.0
2021-10-01 21:00:00,0.0
2021-10-01 22:00:00,0.0
2021-10-01 23:00:00,0.0
2021-10-02 00:00:00,0.0
2021-10-02 01:00:00,0.0
2021-10-02 02:00:00,0.0
2021-10-02 03:00:00,0.0
2021-10-02 04:00:00,0.0
2021-10-02 05:00:00,0.0
2021-10-02 06:00:00,0.0
2021-10-02 07:00:00,0.18891
2021-10-02 08:00:00,0.53351
2021-10-02 09:00:00,0.64101
2021-10-02 10:00:00,0.46443
2021-10-02 11:00:00,0.46188999999999997
2021-10-02 12:00:00,0.49260000000000004
2021-10-02 13:00:00,0.32981
2021-10-02 14:00:00,0.46476999999999996
2021-10-02 15:00:00,0.28366
2021-10-02 16:00:00,0.07617
2021-10-02 17:00:00,0.00322
2021-10-02 18:00:00,0.0
2021-10-02 19:00:00,0.0
2021-10-02 20:00:00,0.0
2021-10-02 21:00:00,0.0
2021-10-02 22:00:00,0.0
2021-10-02 23:00:00,0.0
2021-10-03 00:00:00,0.0
2021-10-03 01:00:00,0.0
2021-10-03 02:00:00,0.0
2021-10-03 03:00:00,0.0
2021-10-03 04:00:00,0.0
2021-10-03 05:00:00,0.0
2021-10-03 06:00:00,0.0019
2021-10-03 07:00:00,0.14953999999999998
2021-10-03 08:00:00,0.49763999999999997
2021-10-03 09:00:00,0.41768
2021-10-03 10:00:00,0.7144299999999999
2021-10-03 11:00:00,0.7879700000000001
2021-10-03 12:00:00,0.70963
2021-10-03 13:00:00,0.47198
2021-10-03 14:00:00,0.37759
2021-10-03 15:00:00,0.31991
2021-10-03 16:00:00,0.11283
2021-10-03 17:00:00,0.047270000000000006
2021-10-03 18:00:00,0.0
2021-10-03 19:00:00,0.0
2021-10-03 20:00:00,0.0
2021-10-03 21:00:00,0.0
2021-10-03 22:00:00,0.0
2021-10-03 23:00:00,0.0
2021-10-04 00:00:00,0.0
2021-10-04 01:00:00,0.0
2021-10-04 02:00:00,0.0
2021-10-04 03:00:00,0.0
2021-10-04 04:00:00,0.0
2021-10-04 05:00:00,0.0
2021-10-04 06:00:00,0.00063
2021-10-04 07:00:00,0.027010000000000003
2021-10-04 08:00:00,0.08137
2021-10-04 09:00:00,0.09219
2021-10-04 10:00:00,0.58217
2021-10-04 11:00:00,0.75415
2021-10-04 12:00:00,0.6744199999999999
2021-10-04 13:00:00,0.61438
2021-10-04 14:00:00,0.35796
2021-10-04 15:00:00,0.02978
2021-10-04 16:00:00,0.09569
2021-10-04 17:00:00,0.01466
2021-10-04 18:00:00,0.0
2021-10-04 19:00:00,0.0
2021-10-04 20:00:00,0.0
2021-10-04 21:00:00,0.0
2021-10-04 22:00:00,0.0
2021-10-04 23:00:00,0.0
2021-10-05 00:00:00,0.0
2021-10-05 01:00:00,0.0
2021-10-05 02:00:00,0.0
2021-10-05 03:00:00,0.0
2021-10-05 04:00:00,0.0
2021-10-05 05:00:00,0.0
2021-10-05 06:00:00,0.00234
2021-10-05 07:00:00,0.30554000000000003
2021-10-05 08:00:00,0.54547
2021-10-05 09:00:00,0.44739999999999996
2021-10-05 10:00:00,0.51105
2021-10-05 11:00:00,0.48461000000000004
2021-10-05 12:00:00,0.66052
2021-10-05 13:00:00,0.66169
2021-10-05 14:00:00,0.5102300000000001
2021-10-05 15:00:00,0.35414
2021-10-05 16:00:00,0.15694
2021-10-05 17:00:00,0.00327
2021-10-05 18:00:00,0.0
2021-10-05 19:00:00,0.0
2021-10-05 20:00:00,0.0
2021-10-05 21:00:00,0.0
2021-10-05 22:00:00,0.0
2021-10-05 23:00:00,0.0
2021-10-06 00:00:00,0.0
2021-10-06 01:00:00,0.0
2021-10-06 02:00:00,0.0
2021-10-06 03:00:00,0.0
2021-10-06 04:00:00,0.0
2021-10-06 05:00:00,0.0
2021-10-06 06:00:00,0.00718
2021-10-06 07:00:00,0.18981
2021-10-06 08:00:00,0.33068000000000003
2021-10-06 09:00:00,0.64164
2021-10-06 10:00:00,0.73066
2021-10-06 11:00:00,0.68928
2021-10-06 12:00:00,0.60766
2021-10-06 13:00:00,0.60223
2021-10-06 14:00:00,0.51328
2021-10-06 15:00:00,0.34678
2021-10-06 16:00:00,0.15008000000000002
2021-10-06 17:00:00,0.00738
2021-10-06 18:00:00,0.0
2021-10-06 19:00:00,0.0
2021-10-06 20:00:00,0.0
2021-10-06 21:00:00,0.0
2021-10-06 22:00:00,0.0
2021-10-06 23:00:00,0.0
2021-10-07 00:00:00,0.0
2021-10-07 01:00:00,0.0
2021-10-07 02:00:00,0.0
2021-10-07 03:00:00,0.0
2021-10-07 04:00:00,0.0
2021-10-07 05:00:00,0.0
2021-10-07 06:00:00,0.00697
2021-10-07 07:00:00,0.11704
2021-10-07 08:00:00,0.13290000000000002
2021-10-07 09:00:00,0.48976
2021-10-07 10:00:00,0.67353
2021-10-07 11:00:00,0.37960000000000005
2021-10-07 12:00:00,0.45515
2021-10-07 13:00:00,0.13125
2021-10-07 14:00:00,0.07762000000000001
2021-10-07 15:00:00,0.03116
2021-10-07 16:00:00,0.01714
2021-10-07 17:00:00,0.0033
2021-10-07 18:00:00,0.0
2021-10-07 19:00:00,0.0
2021-10-07 20:00:00,0.0
2021-10-07 21:00:00,0.0
2021-10-07 22:00:00,0.0
2021-10-07 23:00:00,0.0
2021-10-08 00:00:00,0.0
2021-10-08 01:00:00,0.0
2021-10-08 02:00:00,0.0
2021-10-08 03:00:00,0.0
2021-10-08 04:00:00,0.0
2021-10-08 05:00:00,0.0
2021-10-08 06:00:00,0.00314
2021-10-08 07:00:00,0.10002
2021-10-08 08:00:00,0.55075
2021-10-08 09:00:00,0.0
2021-10-08 10:00:00,0.7869700000000001
2021-10-08 11:00:00,0.758
2021-10-08 12:00:00,0.68256
2021-10-08 13:00:00,0.59903
2021-10-08 14:00:00,0.27
2021-10-08 15:00:00,0.16206
2021-10-08 16:00:00,0.01702
2021-10-08 17:00:00,0.00376
2021-10-08 18:00:00,0.0
2021-10-08 19:00:00,0.0
2021-10-08 20:00:00,0.0
2021-10-08 21:00:00,0.0
2021-10-08 22:00:00,0.0
2021-10-08 23:00:00,0.0
2021-10-09 00:00:00,0.0
2021-10-09 01:00:00,0.0
2021-10-09 02:00:00,0.0
2021-10-09 03:00:00,0.0
2021-10-09 04:00:00,0.0
2021-10-09 05:00:00,0.0
2021-10-09 06:00:00,0.027280000000000002
2021-10-09 07:00:00,0.08992
2021-10-09 08:00:00,0.11353
2021-10-09 09:00:00,0.0993
2021-10-09 10:00:00,0.32276
2021-10-09 11:00:00,0.42132
2021-10-09 12:00:00,0.34495
2021-10-09 13:00:00,0.55214
2021-10-09 14:00:00,0.40734
2021-10-09 15:00:00,0.21531999999999998
2021-10-09 16:00:00,0.09366
2021-10-09 17:00:00,0.00381
2021-10-09 18:00:00,0.0
2021-10-09 19:00:00,0.0
2021-10-09 20:00:00,0.0
2021-10-09 21:00:00,0.0
2021-10-09 22:00:00,0.0
2021-10-09 23:00:00,0.0
2021-10-10 00:00:00,0.0
2021-10-10 01:00:00,0.0
2021-10-10 02:00:00,0.0
2021-10-10 03:00:00,0.0
2021-10-10 04:00:00,0.0
2021-10-10 05:00:00,0.0
2021-10-10 06:00:00,0.0
2021-10-10 07:00:00,0.01687
2021-10-10 08:00:00,0.08941
2021-10-10 09:00:00,0.10904000000000001
2021-10-10 10:00:00,0.06949
2021-10-10 11:00:00,0.12203
2021-10-10 12:00:00,0.10039000000000001
2021-10-10 13:00:00,0.13587
2021-10-10 14:00:00,0.10869
2021-10-10 15:00:00,0.04003
2021-10-10 16:00:00,0.01737
2021-10-10 17:00:00,0.00385
2021-10-10 18:00:00,0.0
2021-10-10 19:00:00,0.0
2021-10-10 20:00:00,0.0
2021-10-10 21:00:00,0.0
2021-10-10 22:00:00,0.0
2021-10-10 23:00:00,0.0
2021-10-11 00:00:00,0.0
2021-10-11 01:00:00,0.0
2021-10-11 02:00:00,0.0
2021-10-11 03:00:00,0.0
2021-10-11 04:00:00,0.0
2021-10-11 05:00:00,0.0
2021-10-11 06:00:00,0.07205
2021-10-11 07:00:00,0.05682
2021-10-11 08:00:00,0.0
2021-10-11 09:00:00,0.11679
2021-10-11 10:00:00,0.11227
2021-10-11 11:00:00,0.23021
2021-10-11 12:00:00,0.25723
2021-10-11 13:00:00,0.15022
2021-10-11 14:00:00,0.06862
2021-10-11 15:00:00,0.06874
2021-10-11 16:00:00,0.028079999999999997
2021-10-11 17:00:00,0.04059
2021-10-11 18:00:00,0.0
2021-10-11 19:00:00,0.0
2021-10-11 20:00:00,0.0
2021-10-11 21:00:00,0.0
2021-10-11 22:00:00,0.0
2021-10-11 23:00:00,0.0
2021-10-12 00:00:00,0.0
2021-10-12 01:00:00,0.0
2021-10-12 02:00:00,0.0
2021-10-12 03:00:00,0.0
2021-10-12 04:00:00,0.0
2021-10-12 05:00:00,0.0
2021-10-12 06:00:00,0.00261
2021-10-12 07:00:00,0.189
2021-10-12 08:00:00,0.0
2021-10-12 09:00:00,0.16456
2021-10-12 10:00:00,0.46072
2021-10-12 11:00:00,0.14236000000000001
2021-10-12 12:00:00,0.18869
2021-10-12 13:00:00,0.18064
2021-10-12 14:00:00,0.25648000000000004
2021-10-12 15:00:00,0.29343
2021-10-12 16:00:00,0.14804
2021-10-12 17:00:00,0.01182
2021-10-12 18:00:00,0.0
2021-10-12 19:00:00,0.0
2021-10-12 20:00:00,0.0
2021-10-12 21:00:00,0.0
2021-10-12 22:00:00,0.0
2021-10-12 23:00:00,0.0
2021-10-13 00:00:00,0.0
2021-10-13 01:00:00,0.0
2021-10-13 02:00:00,0.0
2021-10-13 03:00:00,0.0
2021-10-13 04:00:00,0.0
2021-10-13 05:00:00,0.0
2021-10-13 06:00:00,0.00213
2021-10-13 07:00:00,0.023899999999999998
2021-10-13 08:00:00,0.14462
2021-10-13 09:00:00,0.11642
2021-10-13 10:00:00,0.6515
2021-10-13 11:00:00,0.5317999999999999
2021-10-13 12:00:00,0.70648
2021-10-13 13:00:00,0.66427
2021-10-13 14:00:00,0.49582
2021-10-13 15:00:00,0.35261000000000003
2021-10-13 16:00:00,0.16246000000000002
2021-10-13 17:00:00,0.04297
2021-10-13 18:00:00,0.0
2021-10-13 19:00:00,0.0
2021-10-13 20:00:00,0.0
2021-10-13 21:00:00,0.0
2021-10-13 22:00:00,0.0
2021-10-13 23:00:00,0.0
2021-10-14 00:00:00,0.0
2021-10-14 01:00:00,0.0
2021-10-14 02:00:00,0.0
2021-10-14 03:00:00,0.0
2021-10-14 04:00:00,0.0
2021-10-14 05:00:00,0.0
2021-10-14 06:00:00,0.06967
2021-10-14 07:00:00,0.32579
2021-10-14 08:00:00,0.57035
2021-10-14 09:00:00,0.3654
2021-10-14 10:00:00,0.41857
2021-10-14 11:00:00,0.55538
2021-10-14 12:00:00,0.43041
2021-10-14 13:00:00,0.36889999999999995
2021-10-14 14:00:00,0.45876999999999996
2021-10-14 15:00:00,0.27913
2021-10-14 16:00:00,0.01798
2021-10-14 17:00:00,0.00417
2021-10-14 18:00:00,0.0
2021-10-14 19:00:00,0.0
2021-10-14 20:00:00,0.0
2021-10-14 21:00:00,0.0
2021-10-14 22:00:00,0.0
2021-10-14 23:00:00,0.0
2021-10-15 00:00:00,0.0
2021-10-15 01:00:00,0.0
2021-10-15 02:00:00,0.0
2021-10-15 03:00:00,0.0
2021-10-15 04:00:00,0.0
2021-10-15 05:00:00,0.0
2021-10-15 06:00:00,0.03909000000000001
2021-10-15 07:00:00,0.3568
2021-10-15 08:00:00,0.5648500000000001
2021-10-15 09:00:00,0.6634099999999999
2021-10-15 10:00:00,0.70355
2021-10-15 11:00:00,0.76578
2021-10-15 12:00:00,0.6252300000000001
2021-10-15 13:00:00,0.44251
2021-10-15 14:00:00,0.36448
2021-10-15 15:00:00,0.34358
2021-10-15 16:00:00,0.01732
2021-10-15 17:00:00,0.00419
2021-10-15 18:00:00,0.0
2021-10-15 19:00:00,0.0
2021-10-15 20:00:00,0.0
2021-10-15 21:00:00,0.0
2021-10-15 22:00:00,0.0
2021-10-15 23:00:00,0.0
2021-10-16 00:00:00,0.0
2021-10-16 01:00:00,0.0
2021-10-16 02:00:00,0.0
2021-10-16 03:00:00,0.0
2021-10-16 04:00:00,0.0
2021-10-16 05:00:00,0.0
2021-10-16 06:00:00,0.00035
2021-10-16 07:00:00,0.03003
2021-10-16 08:00:00,0.20643999999999998
2021-10-16 09:00:00,0.6840700000000001
2021-10-16 10:00:00,0.78079
2021-10-16 11:00:00,0.78918
2021-10-16 12:00:00,0.58097
2021-10-16 13:00:00,0.2535
2021-10-16 14:00:00,0.13515
2021-10-16 15:00:00,0.10388
2021-10-16 16:00:00,0.15915
2021-10-16 17:00:00,0.00421
2021-10-16 18:00:00,0.0
2021-10-16 19:00:00,0.0
2021-10-16 20:00:00,0.0
2021-10-16 21:00:00,0.0
2021-10-16 22:00:00,0.0
2021-10-16 23:00:00,0.0
2021-10-17 00:00:00,0.0
2021-10-17 01:00:00,0.0
2021-10-17 02:00:00,0.0
2021-10-17 03:00:00,0.0
2021-10-17 04:00:00,0.0
2021-10-17 05:00:00,0.0
2021-10-17 06:00:00,0.00698
2021-10-17 07:00:00,0.09498999999999999
2021-10-17 08:00:00,0.35941
2021-10-17 09:00:00,0.7019
2021-10-17 10:00:00,0.54403
2021-10-17 11:00:00,0.66628
2021-10-17 12:00:00,0.42588
2021-10-17 13:00:00,0.6581699999999999
2021-10-17 14:00:00,0.45077
2021-10-17 15:00:00,0.32395999999999997
2021-10-17 16:00:00,0.06393
2021-10-17 17:00:00,0.0043
2021-10-17 18:00:00,0.0
2021-10-17 19:00:00,0.0
2021-10-17 20:00:00,0.0
2021-10-17 21:00:00,0.0
2021-10-17 22:00:00,0.0
2021-10-17 23:00:00,0.0
2021-10-18 00:00:00,0.0
2021-10-18 01:00:00,0.0
2021-10-18 02:00:00,0.0
2021-10-18 03:00:00,0.0
2021-10-18 04:00:00,0.0
2021-10-18 05:00:00,0.0
2021-10-18 06:00:00,0.01774
2021-10-18 07:00:00,0.011949999999999999
2021-10-18 08:00:00,0.04956
2021-10-18 09:00:00,0.11844
2021-10-18 10:00:00,0.16945
2021-10-18 11:00:00,0.14912999999999998
2021-10-18 12:00:00,0.14338
2021-10-18 13:00:00,0.10239
2021-10-18 14:00:00,0.0451
2021-10-18 15:00:00,0.11996
2021-10-18 16:00:00,0.01857
2021-10-18 17:00:00,0.00434
2021-10-18 18:00:00,0.0
2021-10-18 19:00:00,0.0
2021-10-18 20:00:00,0.0
2021-10-18 21:00:00,0.0
2021-10-18 22:00:00,0.0
2021-10-18 23:00:00,0.0
2021-10-19 00:00:00,0.0
2021-10-19 01:00:00,0.0
2021-10-19 02:00:00,0.0
2021-10-19 03:00:00,0.0
2021-10-19 04:00:00,0.0
2021-10-19 05:00:00,0.0
2021-10-19 06:00:00,0.08821
2021-10-19 07:00:00,0.052829999999999995
2021-10-19 08:00:00,0.07972
2021-10-19 09:00:00,0.11483
2021-10-19 10:00:00,0.09509999999999999
2021-10-19 11:00:00,0.08612
2021-10-19 12:00:00,0.12863999999999998
2021-10-19 13:00:00,0.21206999999999998
2021-10-19 14:00:00,0.22901
2021-10-19 15:00:00,0.1034
2021-10-19 16:00:00,0.018789999999999998
2021-10-19 17:00:00,0.00439
2021-10-19 18:00:00,0.0
2021-10-19 19:00:00,0.0
2021-10-19 20:00:00,0.0
2021-10-19 21:00:00,0.0
2021-10-19 22:00:00,0.0
2021-10-19 23:00:00,0.0
2021-10-20 00:00:00,0.0
2021-10-20 01:00:00,0.0
2021-10-20 02:00:00,0.0
2021-10-20 03:00:00,0.0
2021-10-20 04:00:00,0.0
2021-10-20 05:00:00,0.0
2021-10-20 06:00:00,0.09226999999999999
2021-10-20 07:00:00,0.01302
2021-10-20 08:00:00,0.06893
2021-10-20 09:00:00,0.19046000000000002
2021-10-20 10:00:00,0.16201
2021-10-20 11:00:00,0.32872
2021-10-20 12:00:00,0.15608000000000002
2021-10-20 13:00:00,0.34223000000000003
2021-10-20 14:00:00,0.17098
2021-10-20 15:00:00,0.08402
2021-10-20 16:00:00,0.02699
2021-10-20 17:00:00,0.0044599999999999996
2021-10-20 18:00:00,0.0
2021-10-20 19:00:00,0.0
2021-10-20 20:00:00,0.0
2021-10-20 21:00:00,0.0
2021-10-20 22:00:00,0.0
2021-10-20 23:00:00,0.0
2021-10-21 00:00:00,0.0
2021-10-21 01:00:00,0.0
2021-10-21 02:00:00,0.0
2021-10-21 03:00:00,0.0
2021-10-21 04:00:00,0.0
2021-10-21 05:00:00,0.0
2021-10-21 06:00:00,0.0695
2021-10-21 07:00:00,0.35945
2021-10-21 08:00:00,0.5571499999999999
2021-10-21 09:00:00,0.7311599999999999
2021-10-21 10:00:00,0.52183
2021-10-21 11:00:00,0.7401599999999999
2021-10-21 12:00:00,0.71301
2021-10-21 13:00:00,0.68531
2021-10-21 14:00:00,0.54199
2021-10-21 15:00:00,0.36802999999999997
2021-10-21 16:00:00,0.1646
2021-10-21 17:00:00,0.04529
2021-10-21 18:00:00,0.0
2021-10-21 19:00:00,0.0
2021-10-21 20:00:00,0.0
2021-10-21 21:00:00,0.0
2021-10-21 22:00:00,0.0
2021-10-21 23:00:00,0.0
2021-10-22 00:00:00,0.0
2021-10-22 01:00:00,0.0
2021-10-22 02:00:00,0.0
2021-10-22 03:00:00,0.0
2021-10-22 04:00:00,0.0
2021-10-22 05:00:00,0.0
2021-10-22 06:00:00,0.05439
2021-10-22 07:00:00,0.37017
2021-10-22 08:00:00,0.58496
2021-10-22 09:00:00,0.7253099999999999
2021-10-22 10:00:00,0.60548
2021-10-22 11:00:00,0.7268600000000001
2021-10-22 12:00:00,0.71147
2021-10-22 13:00:00,0.6464500000000001
2021-10-22 14:00:00,0.54674
2021-10-22 15:00:00,0.36257
2021-10-22 16:00:00,0.14503
2021-10-22 17:00:00,0.04426
2021-10-22 18:00:00,0.0
2021-10-22 19:00:00,0.0
2021-10-22 20:00:00,0.0
2021-10-22 21:00:00,0.0
2021-10-22 22:00:00,0.0
2021-10-22 23:00:00,0.0
2021-10-23 00:00:00,0.0
2021-10-23 01:00:00,0.0
2021-10-23 02:00:00,0.0
2021-10-23 03:00:00,0.0
2021-10-23 04:00:00,0.0
2021-10-23 05:00:00,0.0
2021-10-23 06:00:00,0.11995
2021-10-23 07:00:00,0.39089999999999997
2021-10-23 08:00:00,0.60454
2021-10-23 09:00:00,0.74719
2021-10-23 10:00:00,0.33588
2021-10-23 11:00:00,0.43147
2021-10-23 12:00:00,0.66264
2021-10-23 13:00:00,0.6504800000000001
2021-10-23 14:00:00,0.50363
2021-10-23 15:00:00,0.36482
2021-10-23 16:00:00,0.16052000000000002
2021-10-23 17:00:00,0.06285
2021-10-23 18:00:00,0.0
2021-10-23 19:00:00,0.0
2021-10-23 20:00:00,0.0
2021-10-23 21:00:00,0.0
2021-10-23 22:00:00,0.0
2021-10-23 23:00:00,0.0
2021-10-24 00:00:00,0.0
2021-10-24 01:00:00,0.0
2021-10-24 02:00:00,0.0
2021-10-24 03:00:00,0.0
2021-10-24 04:00:00,0.0
2021-10-24 05:00:00,0.0
2021-10-24 06:00:00,0.00116
2021-10-24 07:00:00,0.0132
2021-10-24 08:00:00,0.0277
2021-10-24 09:00:00,0.08125
2021-10-24 10:00:00,0.09276000000000001
2021-10-24 11:00:00,0.15677000000000002
2021-10-24 12:00:00,0.19376
2021-10-24 13:00:00,0.40129000000000004
2021-10-24 14:00:00,0.29802
2021-10-24 15:00:00,0.05938
2021-10-24 16:00:00,0.09709000000000001
2021-10-24 17:00:00,0.019010000000000003
2021-10-24 18:00:00,0.0
2021-10-24 19:00:00,0.0
2021-10-24 20:00:00,0.0
2021-10-24 21:00:00,0.0
2021-10-24 22:00:00,0.0
2021-10-24 23:00:00,0.0
2021-10-25 00:00:00,0.0
2021-10-25 01:00:00,0.0
2021-10-25 02:00:00,0.0
2021-10-25 03:00:00,0.0
2021-10-25 04:00:00,0.0
2021-10-25 05:00:00,0.0
2021-10-25 06:00:00,0.00532
2021-10-25 07:00:00,0.27198
2021-10-25 08:00:00,0.08211
2021-10-25 09:00:00,0.13627
2021-10-25 10:00:00,0.57841
2021-10-25 11:00:00,0.55118
2021-10-25 12:00:00,0.77344
2021-10-25 13:00:00,0.5979
2021-10-25 14:00:00,0.30948000000000003
2021-10-25 15:00:00,0.35002999999999995
2021-10-25 16:00:00,0.17041
2021-10-25 17:00:00,0.04933
2021-10-25 18:00:00,0.0
2021-10-25 19:00:00,0.0
2021-10-25 20:00:00,0.0
2021-10-25 21:00:00,0.0
2021-10-25 22:00:00,0.0
2021-10-25 23:00:00,0.0
2021-10-26 00:00:00,0.0
2021-10-26 01:00:00,0.0
2021-10-26 02:00:00,0.0
2021-10-26 03:00:00,0.0
2021-10-26 04:00:00,0.0
2021-10-26 05:00:00,0.0
2021-10-26 06:00:00,0.020989999999999998
2021-10-26 07:00:00,0.15874000000000002
2021-10-26 08:00:00,0.26100999999999996
2021-10-26 09:00:00,0.17643999999999999
2021-10-26 10:00:00,0.2336
2021-10-26 11:00:00,0.45147000000000004
2021-10-26 12:00:00,0.36889999999999995
2021-10-26 13:00:00,0.4184
2021-10-26 14:00:00,0.20825
2021-10-26 15:00:00,0.13243000000000002
2021-10-26 16:00:00,0.07779000000000001
2021-10-26 17:00:00,0.0432
2021-10-26 18:00:00,0.0
2021-10-26 19:00:00,0.0
2021-10-26 20:00:00,0.0
2021-10-26 21:00:00,0.0
2021-10-26 22:00:00,0.0
2021-10-26 23:00:00,0.0
2021-10-27 00:00:00,0.0
2021-10-27 01:00:00,0.0
2021-10-27 02:00:00,0.0
2021-10-27 03:00:00,0.0
2021-10-27 04:00:00,0.0
2021-10-27 05:00:00,0.0
2021-10-27 06:00:00,0.039810000000000005
2021-10-27 07:00:00,0.26297000000000004
2021-10-27 08:00:00,0.56432
2021-10-27 09:00:00,0.65539
2021-10-27 10:00:00,0.59746
2021-10-27 11:00:00,0.418
2021-10-27 12:00:00,0.18538
2021-10-27 13:00:00,0.37822
2021-10-27 14:00:00,0.1461
2021-10-27 15:00:00,0.04739
2021-10-27 16:00:00,0.019039999999999998
2021-10-27 17:00:00,0.0048
2021-10-27 18:00:00,0.0
2021-10-27 19:00:00,0.0
2021-10-27 20:00:00,0.0
2021-10-27 21:00:00,0.0
2021-10-27 22:00:00,0.0
2021-10-27 23:00:00,0.0
2021-10-28 00:00:00,0.0
2021-10-28 01:00:00,0.0
2021-10-28 02:00:00,0.0
2021-10-28 03:00:00,0.0
2021-10-28 04:00:00,0.0
2021-10-28 05:00:00,0.0
2021-10-28 06:00:00,0.0035600000000000002
2021-10-28 07:00:00,0.06756000000000001
2021-10-28 08:00:00,0.23503
2021-10-28 09:00:00,0.39180000000000004
2021-10-28 10:00:00,0.33849
2021-10-28 11:00:00,0.31765
2021-10-28 12:00:00,0.16715
2021-10-28 13:00:00,0.19775
2021-10-28 14:00:00,0.11606999999999999
2021-10-28 15:00:00,0.06071
2021-10-28 16:00:00,0.019129999999999998
2021-10-28 17:00:00,0.00483
2021-10-28 18:00:00,0.0
2021-10-28 19:00:00,0.0
2021-10-28 20:00:00,0.0
2021-10-28 21:00:00,0.0
2021-10-28 22:00:00,0.0
2021-10-28 23:00:00,0.0
2021-10-29 00:00:00,0.0
2021-10-29 01:00:00,0.0
2021-10-29 02:00:00,0.0
2021-10-29 03:00:00,0.0
2021-10-29 04:00:00,0.0
2021-10-29 05:00:00,0.0
2021-10-29 06:00:00,0.08058
2021-10-29 07:00:00,0.25862999999999997
2021-10-29 08:00:00,0.23516
2021-10-29 09:00:00,0.26991000000000004
2021-10-29 10:00:00,0.39091000000000004
2021-10-29 11:00:00,0.45715
2021-10-29 12:00:00,0.4126
2021-10-29 13:00:00,0.44233
2021-10-29 14:00:00,0.37571
2021-10-29 15:00:00,0.3492
2021-10-29 16:00:00,0.046259999999999996
2021-10-29 17:00:00,0.00537
2021-10-29 18:00:00,0.0
2021-10-29 19:00:00,0.0
2021-10-29 20:00:00,0.0
2021-10-29 21:00:00,0.0
2021-10-29 22:00:00,0.0
2021-10-29 23:00:00,0.0
2021-10-30 00:00:00,0.0
2021-10-30 01:00:00,0.0
2021-10-30 02:00:00,0.0
2021-10-30 03:00:00,0.0
2021-10-30 04:00:00,0.0
2021-10-30 05:00:00,0.0
2021-10-30 06:00:00,0.0494
2021-10-30 07:00:00,0.28032
2021-10-30 08:00:00,0.46518
2021-10-30 09:00:00,0.47514999999999996
2021-10-30 10:00:00,0.55186
2021-10-30 11:00:00,0.71938
2021-10-30 12:00:00,0.7464299999999999
2021-10-30 13:00:00,0.65255
2021-10-30 14:00:00,0.54569
2021-10-30 15:00:00,0.22204
2021-10-30 16:00:00,0.07198
2021-10-30 17:00:00,0.00537
2021-10-30 18:00:00,0.0
2021-10-30 19:00:00,0.0
2021-10-30 20:00:00,0.0
2021-10-30 21:00:00,0.0
2021-10-30 22:00:00,0.0
2021-10-30 23:00:00,0.0
2021-10-31 00:00:00,0.0
2021-10-31 01:00:00,0.0
2021-10-31 02:00:00,0.0
2021-10-31 03:00:00,0.0
2021-10-31 04:00:00,0.0
2021-10-31 05:00:00,0.0
2021-10-31 06:00:00,0.0058200000000000005
2021-10-31 07:00:00,0.10796
2021-10-31 08:00:00,0.09416
2021-10-31 09:00:00,0.27588999999999997
2021-10-31 10:00:00,0.15358000000000002
2021-10-31 11:00:00,0.11238
2021-10-31 12:00:00,0.16241999999999998
2021-10-31 13:00:00,0.09534000000000001
2021-10-31 14:00:00,0.0645
2021-10-31 15:00:00,0.03453
2021-10-31 16:00:00,0.020079999999999997
2021-10-31 17:00:00,0.00544
2021-10-31 18:00:00,0.0
2021-10-31 19:00:00,0.0
2021-10-31 20:00:00,0.0
2021-10-31 21:00:00,0.0
2021-10-31 22:00:00,0.0
2021-10-31 23:00:00,0.0
2021-11-01 00:00:00,0.0
2021-11-01 01:00:00,0.0
2021-11-01 02:00:00,0.0
2021-11-01 03:00:00,0.0
2021-11-01 04:00:00,0.0
2021-11-01 05:00:00,0.0
2021-11-01 06:00:00,0.0021000000000000003
2021-11-01 07:00:00,0.03193
2021-11-01 08:00:00,0.03483
2021-11-01 09:00:00,0.11347
2021-11-01 10:00:00,0.22233
2021-11-01 11:00:00,0.07508
2021-11-01 12:00:00,0.15643
2021-11-01 13:00:00,0.09979
2021-11-01 14:00:00,0.12024
2021-11-01 15:00:00,0.11891
2021-11-01 16:00:00,0.02044
2021-11-01 17:00:00,0.005889999999999999
2021-11-01 18:00:00,0.0
2021-11-01 19:00:00,0.0
2021-11-01 20:00:00,0.0
2021-11-01 21:00:00,0.0
2021-11-01 22:00:00,0.0
2021-11-01 23:00:00,0.0
2021-11-02 00:00:00,0.0
2021-11-02 01:00:00,0.0
2021-11-02 02:00:00,0.0
2021-11-02 03:00:00,0.0
2021-11-02 04:00:00,0.0
2021-11-02 05:00:00,0.0
2021-11-02 06:00:00,0.14587
2021-11-02 07:00:00,0.39066
2021-11-02 08:00:00,0.59468
2021-11-02 09:00:00,0.64647
2021-11-02 10:00:00,0.62095
2021-11-02 11:00:00,0.7336699999999999
2021-11-02 12:00:00,0.66442
2021-11-02 13:00:00,0.61979
2021-11-02 14:00:00,0.45668000000000003
2021-11-02 15:00:00,0.31686000000000003
2021-11-02 16:00:00,0.15607
2021-11-02 17:00:00,0.06706999999999999
2021-11-02 18:00:00,0.0
2021-11-02 19:00:00,0.0
2021-11-02 20:00:00,0.0
2021-11-02 21:00:00,0.0
2021-11-02 22:00:00,0.0
2021-11-02 23:00:00,0.0
2021-11-03 00:00:00,0.0
2021-11-03 01:00:00,0.0
2021-11-03 02:00:00,0.0
2021-11-03 03:00:00,0.0
2021-11-03 04:00:00,0.0
2021-11-03 05:00:00,0.0
2021-11-03 06:00:00,0.1472
2021-11-03 07:00:00,0.38894
2021-11-03 08:00:00,0.59074
2021-11-03 09:00:00,0.728
2021-11-03 10:00:00,0.76836
2021-11-03 11:00:00,0.79552
2021-11-03 12:00:00,0.73639
2021-11-03 13:00:00,0.6742999999999999
2021-11-03 14:00:00,0.54637
2021-11-03 15:00:00,0.35464
2021-11-03 16:00:00,0.17690999999999998
2021-11-03 17:00:00,0.03166
2021-11-03 18:00:00,0.0
2021-11-03 19:00:00,0.0
2021-11-03 20:00:00,0.0
2021-11-03 21:00:00,0.0
2021-11-03 22:00:00,0.0
2021-11-03 23:00:00,0.0
2021-11-04 00:00:00,0.0
2021-11-04 01:00:00,0.0
2021-11-04 02:00:00,0.0
2021-11-04 03:00:00,0.0
2021-11-04 04:00:00,0.0
2021-11-04 05:00:00,0.0
2021-11-04 06:00:00,0.14701
2021-11-04 07:00:00,0.37861
2021-11-04 08:00:00,0.57124
2021-11-04 09:00:00,0.70893
2021-11-04 10:00:00,0.7584299999999999
2021-11-04 11:00:00,0.7828200000000001
2021-11-04 12:00:00,0.74453
2021-11-04 13:00:00,0.6834
2021-11-04 14:00:00,0.31744
2021-11-04 15:00:00,0.36456
2021-11-04 16:00:00,0.16876
2021-11-04 17:00:00,0.07219
2021-11-04 18:00:00,0.0
2021-11-04 19:00:00,0.0
2021-11-04 20:00:00,0.0
2021-11-04 21:00:00,0.0
2021-11-04 22:00:00,0.0
2021-11-04 23:00:00,0.0
2021-11-05 00:00:00,0.0
2021-11-05 01:00:00,0.0
2021-11-05 02:00:00,0.0
2021-11-05 03:00:00,0.0
2021-11-05 04:00:00,0.0
2021-11-05 05:00:00,0.0
2021-11-05 06:00:00,0.11972
2021-11-05 07:00:00,0.37844
2021-11-05 08:00:00,0.56367
2021-11-05 09:00:00,0.69666
2021-11-05 10:00:00,0.76318
2021-11-05 11:00:00,0.80472
2021-11-05 12:00:00,0.75775
2021-11-05 13:00:00,0.69849
2021-11-05 14:00:00,0.49912
2021-11-05 15:00:00,0.23778
2021-11-05 16:00:00,0.09145
2021-11-05 17:00:00,0.04408
2021-11-05 18:00:00,0.0
2021-11-05 19:00:00,0.0
2021-11-05 20:00:00,0.0
2021-11-05 21:00:00,0.0
2021-11-05 22:00:00,0.0
2021-11-05 23:00:00,0.0
2021-11-06 00:00:00,0.0
2021-11-06 01:00:00,0.0
2021-11-06 02:00:00,0.0
2021-11-06 03:00:00,0.0
2021-11-06 04:00:00,0.0
2021-11-06 05:00:00,0.0
2021-11-06 06:00:00,0.14578
2021-11-06 07:00:00,0.38012999999999997
2021-11-06 08:00:00,0.56911
2021-11-06 09:00:00,0.69798
2021-11-06 10:00:00,0.74952
2021-11-06 11:00:00,0.7879700000000001
2021-11-06 12:00:00,0.75687
2021-11-06 13:00:00,0.69662
2021-11-06 14:00:00,0.56244
2021-11-06 15:00:00,0.36669999999999997
2021-11-06 16:00:00,0.14108
2021-11-06 17:00:00,0.04313
2021-11-06 18:00:00,0.0
2021-11-06 19:00:00,0.0
2021-11-06 20:00:00,0.0
2021-11-06 21:00:00,0.0
2021-11-06 22:00:00,0.0
2021-11-06 23:00:00,0.0
2021-11-07 00:00:00,0.0
2021-11-07 01:00:00,0.0
2021-11-07 02:00:00,0.0
2021-11-07 03:00:00,0.0
2021-11-07 04:00:00,0.0
2021-11-07 05:00:00,0.0
2021-11-07 06:00:00,0.14395
2021-11-07 07:00:00,0.37782
2021-11-07 08:00:00,0.55929
2021-11-07 09:00:00,0.68221
2021-11-07 10:00:00,0.7427
2021-11-07 11:00:00,0.76871
2021-11-07 12:00:00,0.72688
2021-11-07 13:00:00,0.66434
2021-11-07 14:00:00,0.5330199999999999
2021-11-07 15:00:00,0.34793999999999997
2021-11-07 16:00:00,0.16138999999999998
2021-11-07 17:00:00,0.07259
2021-11-07 18:00:00,0.0
2021-11-07 19:00:00,0.0
2021-11-07 20:00:00,0.0
2021-11-07 21:00:00,0.0
2021-11-07 22:00:00,0.0
2021-11-07 23:00:00,0.0
2021-11-08 00:00:00,0.0
2021-11-08 01:00:00,0.0
2021-11-08 02:00:00,0.0
2021-11-08 03:00:00,0.0
2021-11-08 04:00:00,0.0
2021-11-08 05:00:00,0.0
2021-11-08 06:00:00,0.07592
2021-11-08 07:00:00,0.13379
2021-11-08 08:00:00,0.52128
2021-11-08 09:00:00,0.60739
2021-11-08 10:00:00,0.52309
2021-11-08 11:00:00,0.70808
2021-11-08 12:00:00,0.67823
2021-11-08 13:00:00,0.59369
2021-11-08 14:00:00,0.40526
2021-11-08 15:00:00,0.10621
2021-11-08 16:00:00,0.09092
2021-11-08 17:00:00,0.00638
2021-11-08 18:00:00,0.0
2021-11-08 19:00:00,0.0
2021-11-08 20:00:00,0.0
2021-11-08 21:00:00,0.0
2021-11-08 22:00:00,0.0
2021-11-08 23:00:00,0.0
2021-11-09 00:00:00,0.0
2021-11-09 01:00:00,0.0
2021-11-09 02:00:00,0.0
2021-11-09 03:00:00,0.0
2021-11-09 04:00:00,0.0
2021-11-09 05:00:00,0.0
2021-11-09 06:00:00,0.13677
2021-11-09 07:00:00,0.37548000000000004
2021-11-09 08:00:00,0.55667
2021-11-09 09:00:00,0.49194
2021-11-09 10:00:00,0.49775
2021-11-09 11:00:00,0.6900700000000001
2021-11-09 12:00:00,0.48748
2021-11-09 13:00:00,0.55765
2021-11-09 14:00:00,0.04851
2021-11-09 15:00:00,0.041210000000000004
2021-11-09 16:00:00,0.02111
2021-11-09 17:00:00,0.008150000000000001
2021-11-09 18:00:00,0.0
2021-11-09 19:00:00,0.0
2021-11-09 20:00:00,0.0
2021-11-09 21:00:00,0.0
2021-11-09 22:00:00,0.0
2021-11-09 23:00:00,0.0
2021-11-10 00:00:00,0.0
2021-11-10 01:00:00,0.0
2021-11-10 02:00:00,0.0
2021-11-10 03:00:00,0.0
2021-11-10 04:00:00,0.0
2021-11-10 05:00:00,0.0
2021-11-10 06:00:00,0.11879
2021-11-10 07:00:00,0.36675
2021-11-10 08:00:00,0.5629500000000001
2021-11-10 09:00:00,0.53632
2021-11-10 10:00:00,0.25672
2021-11-10 11:00:00,0.38698
2021-11-10 12:00:00,0.64539
2021-11-10 13:00:00,0.5883700000000001
2021-11-10 14:00:00,0.31022000000000005
2021-11-10 15:00:00,0.3558
2021-11-10 16:00:00,0.15491999999999997
2021-11-10 17:00:00,0.07106
2021-11-10 18:00:00,0.0
2021-11-10 19:00:00,0.0
2021-11-10 20:00:00,0.0
2021-11-10 21:00:00,0.0
2021-11-10 22:00:00,0.0
2021-11-10 23:00:00,0.0
2021-11-11 00:00:00,0.0
2021-11-11 01:00:00,0.0
2021-11-11 02:00:00,0.0
2021-11-11 03:00:00,0.0
2021-11-11 04:00:00,0.0
2021-11-11 05:00:00,0.0
2021-11-11 06:00:00,0.00417
2021-11-11 07:00:00,0.0434
2021-11-11 08:00:00,0.04011
2021-11-11 09:00:00,0.07734
2021-11-11 10:00:00,0.09208
2021-11-11 11:00:00,0.13413
2021-11-11 12:00:00,0.17037
2021-11-11 13:00:00,0.13554
2021-11-11 14:00:00,0.08499
2021-11-11 15:00:00,0.06001
2021-11-11 16:00:00,0.02158
2021-11-11 17:00:00,0.00718
2021-11-11 18:00:00,0.0
2021-11-11 19:00:00,0.0
2021-11-11 20:00:00,0.0
2021-11-11 21:00:00,0.0
2021-11-11 22:00:00,0.0
2021-11-11 23:00:00,0.0
2021-11-12 00:00:00,0.0
2021-11-12 01:00:00,0.0
2021-11-12 02:00:00,0.0
2021-11-12 03:00:00,0.0
2021-11-12 04:00:00,0.0
2021-11-12 05:00:00,0.0
2021-11-12 06:00:00,0.03583
2021-11-12 07:00:00,0.08487
2021-11-12 08:00:00,0.20626
2021-11-12 09:00:00,0.27344
2021-11-12 10:00:00,0.44782
2021-11-12 11:00:00,0.36537000000000003
2021-11-12 12:00:00,0.34692
2021-11-12 13:00:00,0.36995999999999996
2021-11-12 14:00:00,0.32023
2021-11-12 15:00:00,0.26133
2021-11-12 16:00:00,0.16238999999999998
2021-11-12 17:00:00,0.03718
2021-11-12 18:00:00,0.0
2021-11-12 19:00:00,0.0
2021-11-12 20:00:00,0.0
2021-11-12 21:00:00,0.0
2021-11-12 22:00:00,0.0
2021-11-12 23:00:00,0.0
2021-11-13 00:00:00,0.0
2021-11-13 01:00:00,0.0
2021-11-13 02:00:00,0.0
2021-11-13 03:00:00,0.0
2021-11-13 04:00:00,0.0
2021-11-13 05:00:00,0.0
2021-11-13 06:00:00,0.15918000000000002
2021-11-13 07:00:00,0.29123000000000004
2021-11-13 08:00:00,0.5844400000000001
2021-11-13 09:00:00,0.72668
2021-11-13 10:00:00,0.77837
2021-11-13 11:00:00,0.73057
2021-11-13 12:00:00,0.7464
2021-11-13 13:00:00,0.62929
2021-11-13 14:00:00,0.54437
2021-11-13 15:00:00,0.36582
2021-11-13 16:00:00,0.19009
2021-11-13 17:00:00,0.07576000000000001
2021-11-13 18:00:00,0.0
2021-11-13 19:00:00,0.0
2021-11-13 20:00:00,0.0
2021-11-13 21:00:00,0.0
2021-11-13 22:00:00,0.0
2021-11-13 23:00:00,0.0
2021-11-14 00:00:00,0.0
2021-11-14 01:00:00,0.0
2021-11-14 02:00:00,0.0
2021-11-14 03:00:00,0.0
2021-11-14 04:00:00,0.0
2021-11-14 05:00:00,0.0
2021-11-14 06:00:00,0.16606
2021-11-14 07:00:00,0.39737
2021-11-14 08:00:00,0.5894299999999999
2021-11-14 09:00:00,0.71936
2021-11-14 10:00:00,0.77222
2021-11-14 11:00:00,0.72037
2021-11-14 12:00:00,0.74207
2021-11-14 13:00:00,0.66744
2021-11-14 14:00:00,0.5506
2021-11-14 15:00:00,0.36773
2021-11-14 16:00:00,0.15027000000000001
2021-11-14 17:00:00,0.06186
2021-11-14 18:00:00,0.0
2021-11-14 19:00:00,0.0
2021-11-14 20:00:00,0.0
2021-11-14 21:00:00,0.0
2021-11-14 22:00:00,0.0
2021-11-14 23:00:00,0.0
2021-11-15 00:00:00,0.0
2021-11-15 01:00:00,0.0
2021-11-15 02:00:00,0.0
2021-11-15 03:00:00,0.0
2021-11-15 04:00:00,0.0
2021-11-15 05:00:00,0.0
2021-11-15 06:00:00,0.15317
2021-11-15 07:00:00,0.37288
2021-11-15 08:00:00,0.57577
2021-11-15 09:00:00,0.70101
2021-11-15 10:00:00,0.61062
2021-11-15 11:00:00,0.65908
2021-11-15 12:00:00,0.6419600000000001
2021-11-15 13:00:00,0.39327
2021-11-15 14:00:00,0.47652999999999995
2021-11-15 15:00:00,0.30863
2021-11-15 16:00:00,0.06698
2021-11-15 17:00:00,0.02181
2021-11-15 18:00:00,0.0
2021-11-15 19:00:00,0.0
2021-11-15 20:00:00,0.0
2021-11-15 21:00:00,0.0
2021-11-15 22:00:00,0.0
2021-11-15 23:00:00,0.0
2021-11-16 00:00:00,0.0
2021-11-16 01:00:00,0.0
2021-11-16 02:00:00,0.0
2021-11-16 03:00:00,0.0
2021-11-16 04:00:00,0.0
2021-11-16 05:00:00,0.0
2021-11-16 06:00:00,0.13144
2021-11-16 07:00:00,0.38956
2021-11-16 08:00:00,0.57663
2021-11-16 09:00:00,0.69028
2021-11-16 10:00:00,0.71326
2021-11-16 11:00:00,0.67514
2021-11-16 12:00:00,0.66663
2021-11-16 13:00:00,0.6481
2021-11-16 14:00:00,0.51112
2021-11-16 15:00:00,0.33754
2021-11-16 16:00:00,0.16207
2021-11-16 17:00:00,0.07013
2021-11-16 18:00:00,0.0
2021-11-16 19:00:00,0.0
2021-11-16 20:00:00,0.0
2021-11-16 21:00:00,0.0
2021-11-16 22:00:00,0.0
2021-11-16 23:00:00,0.0
2021-11-17 00:00:00,0.0
2021-11-17 01:00:00,0.0
2021-11-17 02:00:00,0.0
2021-11-17 03:00:00,0.0
2021-11-17 04:00:00,0.0
2021-11-17 05:00:00,0.0
2021-11-17 06:00:00,0.11354
2021-11-17 07:00:00,0.36169999999999997
2021-11-17 08:00:00,0.57256
2021-11-17 09:00:00,0.69172
2021-11-17 10:00:00,0.68574
2021-11-17 11:00:00,0.69453
2021-11-17 12:00:00,0.64923
2021-11-17 13:00:00,0.63502
2021-11-17 14:00:00,0.49824
2021-11-17 15:00:00,0.3484
2021-11-17 16:00:00,0.16995
2021-11-17 17:00:00,0.059840000000000004
2021-11-17 18:00:00,0.0057599999999999995
2021-11-17 19:00:00,0.0
2021-11-17 20:00:00,0.0
2021-11-17 21:00:00,0.0
2021-11-17 22:00:00,0.0
2021-11-17 23:00:00,0.0
2021-11-18 00:00:00,0.0
2021-11-18 01:00:00,0.0
2021-11-18 02:00:00,0.0
2021-11-18 03:00:00,0.0
2021-11-18 04:00:00,0.0
2021-11-18 05:00:00,0.0
2021-11-18 06:00:00,0.03707
2021-11-18 07:00:00,0.21215
2021-11-18 08:00:00,0.09309
2021-11-18 09:00:00,0.16421
2021-11-18 10:00:00,0.09409999999999999
2021-11-18 11:00:00,0.22166
2021-11-18 12:00:00,0.13846
2021-11-18 13:00:00,0.31269
2021-11-18 14:00:00,0.09945
2021-11-18 15:00:00,0.07645
2021-11-18 16:00:00,0.02253
2021-11-18 17:00:00,0.0076
2021-11-18 18:00:00,0.0
2021-11-18 19:00:00,0.0
2021-11-18 20:00:00,0.0
2021-11-18 21:00:00,0.0
2021-11-18 22:00:00,0.0
2021-11-18 23:00:00,0.0
2021-11-19 00:00:00,0.0
2021-11-19 01:00:00,0.0
2021-11-19 02:00:00,0.0
2021-11-19 03:00:00,0.0
2021-11-19 04:00:00,0.0
2021-11-19 05:00:00,0.0
2021-11-19 06:00:00,0.04244
2021-11-19 07:00:00,0.07078
2021-11-19 08:00:00,0.08736
2021-11-19 09:00:00,0.11525
2021-11-19 10:00:00,0.119
2021-11-19 11:00:00,0.26116
2021-11-19 12:00:00,0.34439
2021-11-19 13:00:00,0.36042
2021-11-19 14:00:00,0.1711
2021-11-19 15:00:00,0.037
2021-11-19 16:00:00,0.02259
2021-11-19 17:00:00,0.0076
2021-11-19 18:00:00,0.0
2021-11-19 19:00:00,0.0
2021-11-19 20:00:00,0.0
2021-11-19 21:00:00,0.0
2021-11-19 22:00:00,0.0
2021-11-19 23:00:00,0.0
2021-11-20 00:00:00,0.0
2021-11-20 01:00:00,0.0
2021-11-20 02:00:00,0.0
2021-11-20 03:00:00,0.0
2021-11-20 04:00:00,0.0
2021-11-20 05:00:00,0.0
2021-11-20 06:00:00,0.1005
2021-11-20 07:00:00,0.27361
2021-11-20 08:00:00,0.5580700000000001
2021-11-20 09:00:00,0.6981799999999999
2021-11-20 10:00:00,0.67873
2021-11-20 11:00:00,0.77479
2021-11-20 12:00:00,0.7294700000000001
2021-11-20 13:00:00,0.5410900000000001
2021-11-20 14:00:00,0.50112
2021-11-20 15:00:00,0.26962
2021-11-20 16:00:00,0.05713
2021-11-20 17:00:00,0.046060000000000004
2021-11-20 18:00:00,0.00653
2021-11-20 19:00:00,0.0
2021-11-20 20:00:00,0.0
2021-11-20 21:00:00,0.0
2021-11-20 22:00:00,0.0
2021-11-20 23:00:00,0.0
2021-11-21 00:00:00,0.0
2021-11-21 01:00:00,0.0
2021-11-21 02:00:00,0.0
2021-11-21 03:00:00,0.0
2021-11-21 04:00:00,0.0
2021-11-21 05:00:00,0.0
2021-11-21 06:00:00,0.1456
2021-11-21 07:00:00,0.38844999999999996
2021-11-21 08:00:00,0.5735399999999999
2021-11-21 09:00:00,0.6999299999999999
2021-11-21 10:00:00,0.76209
2021-11-21 11:00:00,0.76561
2021-11-21 12:00:00,0.71111
2021-11-21 13:00:00,0.62342
2021-11-21 14:00:00,0.53704
2021-11-21 15:00:00,0.36117
2021-11-21 16:00:00,0.14684999999999998
2021-11-21 17:00:00,0.041729999999999996
2021-11-21 18:00:00,0.0075899999999999995
2021-11-21 19:00:00,0.0
2021-11-21 20:00:00,0.0
2021-11-21 21:00:00,0.0
2021-11-21 22:00:00,0.0
2021-11-21 23:00:00,0.0
2021-11-22 00:00:00,0.0
2021-11-22 01:00:00,0.0
2021-11-22 02:00:00,0.0
2021-11-22 03:00:00,0.0
2021-11-22 04:00:00,0.0
2021-11-22 05:00:00,0.0
2021-11-22 06:00:00,0.0624
2021-11-22 07:00:00,0.17699
2021-11-22 08:00:00,0.5214099999999999
2021-11-22 09:00:00,0.6486799999999999
2021-11-22 10:00:00,0.70869
2021-11-22 11:00:00,0.7673300000000001
2021-11-22 12:00:00,0.7462799999999999
2021-11-22 13:00:00,0.67631
2021-11-22 14:00:00,0.55367
2021-11-22 15:00:00,0.36801
2021-11-22 16:00:00,0.14447
2021-11-22 17:00:00,0.023690000000000003
2021-11-22 18:00:00,0.0
2021-11-22 19:00:00,0.0
2021-11-22 20:00:00,0.0
2021-11-22 21:00:00,0.0
2021-11-22 22:00:00,0.0
2021-11-22 23:00:00,0.0
2021-11-23 00:00:00,0.0
2021-11-23 01:00:00,0.0
2021-11-23 02:00:00,0.0
2021-11-23 03:00:00,0.0
2021-11-23 04:00:00,0.0
2021-11-23 05:00:00,0.0
2021-11-23 06:00:00,0.14479
2021-11-23 07:00:00,0.38362
2021-11-23 08:00:00,0.56747
2021-11-23 09:00:00,0.68751
2021-11-23 10:00:00,0.72077
2021-11-23 11:00:00,0.77701
2021-11-23 12:00:00,0.75042
2021-11-23 13:00:00,0.66418
2021-11-23 14:00:00,0.53901
2021-11-23 15:00:00,0.34495
2021-11-23 16:00:00,0.13131
2021-11-23 17:00:00,0.07823999999999999
2021-11-23 18:00:00,0.00267
2021-11-23 19:00:00,0.0
2021-11-23 20:00:00,0.0
2021-11-23 21:00:00,0.0
2021-11-23 22:00:00,0.0
2021-11-23 23:00:00,0.0
2021-11-24 00:00:00,0.0
2021-11-24 01:00:00,0.0
2021-11-24 02:00:00,0.0
2021-11-24 03:00:00,0.0
2021-11-24 04:00:00,0.0
2021-11-24 05:00:00,0.0
2021-11-24 06:00:00,0.10446
2021-11-24 07:00:00,0.35092
2021-11-24 08:00:00,0.5226799999999999
2021-11-24 09:00:00,0.61087
2021-11-24 10:00:00,0.65119
2021-11-24 11:00:00,0.69786
2021-11-24 12:00:00,0.66574
2021-11-24 13:00:00,0.65608
2021-11-24 14:00:00,0.5393600000000001
2021-11-24 15:00:00,0.3564
2021-11-24 16:00:00,0.15697
2021-11-24 17:00:00,0.01265
2021-11-24 18:00:00,0.0
2021-11-24 19:00:00,0.0
2021-11-24 20:00:00,0.0
2021-11-24 21:00:00,0.0
2021-11-24 22:00:00,0.0
2021-11-24 23:00:00,0.0
2021-11-25 00:00:00,0.0
2021-11-25 01:00:00,0.0
2021-11-25 02:00:00,0.0
2021-11-25 03:00:00,0.0
2021-11-25 04:00:00,0.0
2021-11-25 05:00:00,0.0
2021-11-25 06:00:00,0.13322
2021-11-25 07:00:00,0.36856
2021-11-25 08:00:00,0.54616
2021-11-25 09:00:00,0.64215
2021-11-25 10:00:00,0.74881
2021-11-25 11:00:00,0.7125199999999999
2021-11-25 12:00:00,0.63812
2021-11-25 13:00:00,0.5680499999999999
2021-11-25 14:00:00,0.39461
2021-11-25 15:00:00,0.17126
2021-11-25 16:00:00,0.19156
2021-11-25 17:00:00,0.048420000000000005
2021-11-25 18:00:00,0.0
2021-11-25 19:00:00,0.0
2021-11-25 20:00:00,0.0
2021-11-25 21:00:00,0.0
2021-11-25 22:00:00,0.0
2021-11-25 23:00:00,0.0
2021-11-26 00:00:00,0.0
2021-11-26 01:00:00,0.0
2021-11-26 02:00:00,0.0
2021-11-26 03:00:00,0.0
2021-11-26 04:00:00,0.0
2021-11-26 05:00:00,0.0
2021-11-26 06:00:00,0.01128
2021-11-26 07:00:00,0.12472
2021-11-26 08:00:00,0.06367
2021-11-26 09:00:00,0.25329
2021-11-26 10:00:00,0.07157
2021-11-26 11:00:00,0.10493000000000001
2021-11-26 12:00:00,0.13097999999999999
2021-11-26 13:00:00,0.20113999999999999
2021-11-26 14:00:00,0.09128
2021-11-26 15:00:00,0.10357999999999999
2021-11-26 16:00:00,0.023370000000000002
2021-11-26 17:00:00,0.00881
2021-11-26 18:00:00,0.0
2021-11-26 19:00:00,0.0
2021-11-26 20:00:00,0.0
2021-11-26 21:00:00,0.0
2021-11-26 22:00:00,0.0
2021-11-26 23:00:00,0.0
2021-11-27 00:00:00,0.0
2021-11-27 01:00:00,0.0
2021-11-27 02:00:00,0.0
2021-11-27 03:00:00,0.0
2021-11-27 04:00:00,0.0
2021-11-27 05:00:00,0.0
2021-11-27 06:00:00,0.01397
2021-11-27 07:00:00,0.08516
2021-11-27 08:00:00,0.24614
2021-11-27 09:00:00,0.35101
2021-11-27 10:00:00,0.5824400000000001
2021-11-27 11:00:00,0.72949
2021-11-27 12:00:00,0.67525
2021-11-27 13:00:00,0.65299
2021-11-27 14:00:00,0.51273
2021-11-27 15:00:00,0.36424
2021-11-27 16:00:00,0.15099
2021-11-27 17:00:00,0.08648
2021-11-27 18:00:00,0.01092
2021-11-27 19:00:00,0.0
2021-11-27 20:00:00,0.0
2021-11-27 21:00:00,0.0
2021-11-27 22:00:00,0.0
2021-11-27 23:00:00,0.0
2021-11-28 00:00:00,0.0
2021-11-28 01:00:00,0.0
2021-11-28 02:00:00,0.0
2021-11-28 03:00:00,0.0
2021-11-28 04:00:00,0.0
2021-11-28 05:00:00,0.0
2021-11-28 06:00:00,0.13235
2021-11-28 07:00:00,0.3735
2021-11-28 08:00:00,0.55757
2021-11-28 09:00:00,0.6886
2021-11-28 10:00:00,0.7487999999999999
2021-11-28 11:00:00,0.7439199999999999
2021-11-28 12:00:00,0.73446
2021-11-28 13:00:00,0.65918
2021-11-28 14:00:00,0.35612
2021-11-28 15:00:00,0.3553
2021-11-28 16:00:00,0.19438
2021-11-28 17:00:00,0.06594
2021-11-28 18:00:00,0.01269
2021-11-28 19:00:00,0.0
2021-11-28 20:00:00,0.0
2021-11-28 21:00:00,0.0
2021-11-28 22:00:00,0.0
2021-11-28 23:00:00,0.0
2021-11-29 00:00:00,0.0
2021-11-29 01:00:00,0.0
2021-11-29 02:00:00,0.0
2021-11-29 03:00:00,0.0
2021-11-29 04:00:00,0.0
2021-11-29 05:00:00,0.0
2021-11-29 06:00:00,0.13474
2021-11-29 07:00:00,0.33426
2021-11-29 08:00:00,0.54276
2021-11-29 09:00:00,0.67712
2021-11-29 10:00:00,0.7527699999999999
2021-11-29 11:00:00,0.76575
2021-11-29 12:00:00,0.54925
2021-11-29 13:00:00,0.5805800000000001
2021-11-29 14:00:00,0.52675
2021-11-29 15:00:00,0.30699
2021-11-29 16:00:00,0.18289
2021-11-29 17:00:00,0.0465
2021-11-29 18:00:00,0.0
2021-11-29 19:00:00,0.0
2021-11-29 20:00:00,0.0
2021-11-29 21:00:00,0.0
2021-11-29 22:00:00,0.0
2021-11-29 23:00:00,0.0
2021-11-30 00:00:00,0.0
2021-11-30 01:00:00,0.0
2021-11-30 02:00:00,0.0
2021-11-30 03:00:00,0.0
2021-11-30 04:00:00,0.0
2021-11-30 05:00:00,0.0
2021-11-30 06:00:00,0.05176
2021-11-30 07:00:00,0.21666
2021-11-30 08:00:00,0.19569999999999999
2021-11-30 09:00:00,0.35575999999999997
2021-11-30 10:00:00,0.3797
2021-11-30 11:00:00,0.21635
2021-11-30 12:00:00,0.2444
2021-11-30 13:00:00,0.19704
2021-11-30 14:00:00,0.19924
2021-11-30 15:00:00,0.038520000000000006
2021-11-30 16:00:00,0.02377
2021-11-30 17:00:00,0.00923
2021-11-30 18:00:00,0.0
2021-11-30 19:00:00,0.0
2021-11-30 20:00:00,0.0
2021-11-30 21:00:00,0.0
2021-11-30 22:00:00,0.0
2021-11-30 23:00:00,0.0
2021-12-01 00:00:00,0.0
2021-12-01 01:00:00,0.0
2021-12-01 02:00:00,0.0
2021-12-01 03:00:00,0.0
2021-12-01 04:00:00,0.0
2021-12-01 05:00:00,0.0
2021-12-01 06:00:00,0.0847
2021-12-01 07:00:00,0.27779000000000004
2021-12-01 08:00:00,0.44226
2021-12-01 09:00:00,0.6140399999999999
2021-12-01 10:00:00,0.64832
2021-12-01 11:00:00,0.72042
2021-12-01 12:00:00,0.7034400000000001
2021-12-01 13:00:00,0.64673
2021-12-01 14:00:00,0.53047
2021-12-01 15:00:00,0.36163
2021-12-01 16:00:00,0.17145
2021-12-01 17:00:00,0.09495
2021-12-01 18:00:00,0.01295
2021-12-01 19:00:00,0.0
2021-12-01 20:00:00,0.0
2021-12-01 21:00:00,0.0
2021-12-01 22:00:00,0.0
2021-12-01 23:00:00,0.0
2021-12-02 00:00:00,0.0
2021-12-02 01:00:00,0.0
2021-12-02 02:00:00,0.0
2021-12-02 03:00:00,0.0
2021-12-02 04:00:00,0.0
2021-12-02 05:00:00,0.0
2021-12-02 06:00:00,0.12612
2021-12-02 07:00:00,0.36897
2021-12-02 08:00:00,0.54965
2021-12-02 09:00:00,0.6601
2021-12-02 10:00:00,0.73315
2021-12-02 11:00:00,0.73507
2021-12-02 12:00:00,0.66918
2021-12-02 13:00:00,0.66498
2021-12-02 14:00:00,0.53463
2021-12-02 15:00:00,0.32105
2021-12-02 16:00:00,0.05341
2021-12-02 17:00:00,0.00983
2021-12-02 18:00:00,0.012960000000000001
2021-12-02 19:00:00,0.0
2021-12-02 20:00:00,0.0
2021-12-02 21:00:00,0.0
2021-12-02 22:00:00,0.0
2021-12-02 23:00:00,0.0
2021-12-03 00:00:00,0.0
2021-12-03 01:00:00,0.0
2021-12-03 02:00:00,0.0
2021-12-03 03:00:00,0.0
2021-12-03 04:00:00,0.0
2021-12-03 05:00:00,0.0
2021-12-03 06:00:00,0.13407
2021-12-03 07:00:00,0.36424
2021-12-03 08:00:00,0.53969
2021-12-03 09:00:00,0.39173
2021-12-03 10:00:00,0.625
2021-12-03 11:00:00,0.67831
2021-12-03 12:00:00,0.58869
2021-12-03 13:00:00,0.51351
2021-12-03 14:00:00,0.45409
2021-12-03 15:00:00,0.3496
2021-12-03 16:00:00,0.1389
2021-12-03 17:00:00,0.08476
2021-12-03 18:00:00,0.01246
2021-12-03 19:00:00,0.0
2021-12-03 20:00:00,0.0
2021-12-03 21:00:00,0.0
2021-12-03 22:00:00,0.0
2021-12-03 23:00:00,0.0
2021-12-04 00:00:00,0.0
2021-12-04 01:00:00,0.0
2021-12-04 02:00:00,0.0
2021-12-04 03:00:00,0.0
2021-12-04 04:00:00,0.0
2021-12-04 05:00:00,0.0
2021-12-04 06:00:00,0.13758
2021-12-04 07:00:00,0.37136
2021-12-04 08:00:00,0.5359700000000001
2021-12-04 09:00:00,0.61815
2021-12-04 10:00:00,0.52447
2021-12-04 11:00:00,0.65655
2021-12-04 12:00:00,0.66892
2021-12-04 13:00:00,0.63258
2021-12-04 14:00:00,0.49607
2021-12-04 15:00:00,0.36144
2021-12-04 16:00:00,0.15685
2021-12-04 17:00:00,0.056420000000000005
2021-12-04 18:00:00,0.0
2021-12-04 19:00:00,0.0
2021-12-04 20:00:00,0.0
2021-12-04 21:00:00,0.0
2021-12-04 22:00:00,0.0
2021-12-04 23:00:00,0.0
2021-12-05 00:00:00,0.0
2021-12-05 01:00:00,0.0
2021-12-05 02:00:00,0.0
2021-12-05 03:00:00,0.0
2021-12-05 04:00:00,0.0
2021-12-05 05:00:00,0.0
2021-12-05 06:00:00,0.12533
2021-12-05 07:00:00,0.17162
2021-12-05 08:00:00,0.34896
2021-12-05 09:00:00,0.4651
2021-12-05 10:00:00,0.22453
2021-12-05 11:00:00,0.6669400000000001
2021-12-05 12:00:00,0.40675
2021-12-05 13:00:00,0.59956
2021-12-05 14:00:00,0.47332
2021-12-05 15:00:00,0.36313999999999996
2021-12-05 16:00:00,0.17406
2021-12-05 17:00:00,0.009779999999999999
2021-12-05 18:00:00,0.01675
2021-12-05 19:00:00,0.0
2021-12-05 20:00:00,0.0
2021-12-05 21:00:00,0.0
2021-12-05 22:00:00,0.0
2021-12-05 23:00:00,0.0
2021-12-06 00:00:00,0.0
2021-12-06 01:00:00,0.0
2021-12-06 02:00:00,0.0
2021-12-06 03:00:00,0.0
2021-12-06 04:00:00,0.0
2021-12-06 05:00:00,0.0
2021-12-06 06:00:00,0.02584
2021-12-06 07:00:00,0.33093
2021-12-06 08:00:00,0.49351
2021-12-06 09:00:00,0.6196499999999999
2021-12-06 10:00:00,0.57802
2021-12-06 11:00:00,0.41747
2021-12-06 12:00:00,0.48156
2021-12-06 13:00:00,0.26924000000000003
2021-12-06 14:00:00,0.24955000000000002
2021-12-06 15:00:00,0.28564999999999996
2021-12-06 16:00:00,0.06998
2021-12-06 17:00:00,0.00994
2021-12-06 18:00:00,0.0
2021-12-06 19:00:00,0.0
2021-12-06 20:00:00,0.0
2021-12-06 21:00:00,0.0
2021-12-06 22:00:00,0.0
2021-12-06 23:00:00,0.0
2021-12-07 00:00:00,0.0
2021-12-07 01:00:00,0.0
2021-12-07 02:00:00,0.0
2021-12-07 03:00:00,0.0
2021-12-07 04:00:00,0.0
2021-12-07 05:00:00,0.0
2021-12-07 06:00:00,0.02535
2021-12-07 07:00:00,0.22072
2021-12-07 08:00:00,0.51228
2021-12-07 09:00:00,0.6098600000000001
2021-12-07 10:00:00,0.63283
2021-12-07 11:00:00,0.7962100000000001
2021-12-07 12:00:00,0.34502
2021-12-07 13:00:00,0.08283
2021-12-07 14:00:00,0.08886
2021-12-07 15:00:00,0.19325
2021-12-07 16:00:00,0.02648
2021-12-07 17:00:00,0.01072
2021-12-07 18:00:00,0.0
2021-12-07 19:00:00,0.0
2021-12-07 20:00:00,0.0
2021-12-07 21:00:00,0.0
2021-12-07 22:00:00,0.0
2021-12-07 23:00:00,0.0
2021-12-08 00:00:00,0.0
2021-12-08 01:00:00,0.0
2021-12-08 02:00:00,0.0
2021-12-08 03:00:00,0.0
2021-12-08 04:00:00,0.0
2021-12-08 05:00:00,0.0
2021-12-08 06:00:00,0.12465999999999999
2021-12-08 07:00:00,0.25273
2021-12-08 08:00:00,0.5307000000000001
2021-12-08 09:00:00,0.59896
2021-12-08 10:00:00,0.69223
2021-12-08 11:00:00,0.6910599999999999
2021-12-08 12:00:00,0.73909
2021-12-08 13:00:00,0.17306
2021-12-08 14:00:00,0.06353
2021-12-08 15:00:00,0.048479999999999995
2021-12-08 16:00:00,0.026670000000000003
2021-12-08 17:00:00,0.01079
2021-12-08 18:00:00,0.01661
2021-12-08 19:00:00,0.0
2021-12-08 20:00:00,0.0
2021-12-08 21:00:00,0.0
2021-12-08 22:00:00,0.0
2021-12-08 23:00:00,0.0
2021-12-09 00:00:00,0.0
2021-12-09 01:00:00,0.0
2021-12-09 02:00:00,0.0
2021-12-09 03:00:00,0.0
2021-12-09 04:00:00,0.0
2021-12-09 05:00:00,0.0
2021-12-09 06:00:00,0.13312000000000002
2021-12-09 07:00:00,0.37547
2021-12-09 08:00:00,0.5599299999999999
2021-12-09 09:00:00,0.68316
2021-12-09 10:00:00,0.72145
2021-12-09 11:00:00,0.74253
2021-12-09 12:00:00,0.7373
2021-12-09 13:00:00,0.67799
2021-12-09 14:00:00,0.55372
2021-12-09 15:00:00,0.38782
2021-12-09 16:00:00,0.16434
2021-12-09 17:00:00,0.05127
2021-12-09 18:00:00,0.02087
2021-12-09 19:00:00,0.0
2021-12-09 20:00:00,0.0
2021-12-09 21:00:00,0.0
2021-12-09 22:00:00,0.0
2021-12-09 23:00:00,0.0
2021-12-10 00:00:00,0.0
2021-12-10 01:00:00,0.0
2021-12-10 02:00:00,0.0
2021-12-10 03:00:00,0.0
2021-12-10 04:00:00,0.0
2021-12-10 05:00:00,0.0
2021-12-10 06:00:00,0.12586
2021-12-10 07:00:00,0.36336
2021-12-10 08:00:00,0.55233
2021-12-10 09:00:00,0.67072
2021-12-10 10:00:00,0.74265
2021-12-10 11:00:00,0.7687999999999999
2021-12-10 12:00:00,0.73098
2021-12-10 13:00:00,0.69364
2021-12-10 14:00:00,0.55638
2021-12-10 15:00:00,0.36791
2021-12-10 16:00:00,0.16496
2021-12-10 17:00:00,0.09089
2021-12-10 18:00:00,0.01531
2021-12-10 19:00:00,0.0
2021-12-10 20:00:00,0.0
2021-12-10 21:00:00,0.0
2021-12-10 22:00:00,0.0
2021-12-10 23:00:00,0.0
2021-12-11 00:00:00,0.0
2021-12-11 01:00:00,0.0
2021-12-11 02:00:00,0.0
2021-12-11 03:00:00,0.0
2021-12-11 04:00:00,0.0
2021-12-11 05:00:00,0.0
2021-12-11 06:00:00,0.12414
2021-12-11 07:00:00,0.30866000000000005
2021-12-11 08:00:00,0.52071
2021-12-11 09:00:00,0.45069
2021-12-11 10:00:00,0.4323
2021-12-11 11:00:00,0.63191
2021-12-11 12:00:00,0.64819
2021-12-11 13:00:00,0.65595
2021-12-11 14:00:00,0.53162
2021-12-11 15:00:00,0.37763
2021-12-11 16:00:00,0.18853
2021-12-11 17:00:00,0.09941
2021-12-11 18:00:00,0.00222
2021-12-11 19:00:00,0.0
2021-12-11 20:00:00,0.0
2021-12-11 21:00:00,0.0
2021-12-11 22:00:00,0.0
2021-12-11 23:00:00,0.0
2021-12-12 00:00:00,0.0
2021-12-12 01:00:00,0.0
2021-12-12 02:00:00,0.0
2021-12-12 03:00:00,0.0
2021-12-12 04:00:00,0.0
2021-12-12 05:00:00,0.0
2021-12-12 06:00:00,0.0046500000000000005
2021-12-12 07:00:00,0.14126
2021-12-12 08:00:00,0.23156000000000002
2021-12-12 09:00:00,0.40213
2021-12-12 10:00:00,0.26975
2021-12-12 11:00:00,0.17132
2021-12-12 12:00:00,0.1492
2021-12-12 13:00:00,0.12900999999999999
2021-12-12 14:00:00,0.08154
2021-12-12 15:00:00,0.06797
2021-12-12 16:00:00,0.046259999999999996
2021-12-12 17:00:00,0.026010000000000002
2021-12-12 18:00:00,0.01604
2021-12-12 19:00:00,0.0
2021-12-12 20:00:00,0.0
2021-12-12 21:00:00,0.0
2021-12-12 22:00:00,0.0
2021-12-12 23:00:00,0.0
2021-12-13 00:00:00,0.0
2021-12-13 01:00:00,0.0
2021-12-13 02:00:00,0.0
2021-12-13 03:00:00,0.0
2021-12-13 04:00:00,0.0
2021-12-13 05:00:00,0.0
2021-12-13 06:00:00,0.02282
2021-12-13 07:00:00,0.08541
2021-12-13 08:00:00,0.11073999999999999
2021-12-13 09:00:00,0.20161
2021-12-13 10:00:00,0.23487
2021-12-13 11:00:00,0.26266
2021-12-13 12:00:00,0.27261
2021-12-13 13:00:00,0.19566999999999998
2021-12-13 14:00:00,0.34375
2021-12-13 15:00:00,0.2985
2021-12-13 16:00:00,0.13075
2021-12-13 17:00:00,0.02053
2021-12-13 18:00:00,0.00025
2021-12-13 19:00:00,0.0
2021-12-13 20:00:00,0.0
2021-12-13 21:00:00,0.0
2021-12-13 22:00:00,0.0
2021-12-13 23:00:00,0.0
2021-12-14 00:00:00,0.0
2021-12-14 01:00:00,0.0
2021-12-14 02:00:00,0.0
2021-12-14 03:00:00,0.0
2021-12-14 04:00:00,0.0
2021-12-14 05:00:00,0.0
2021-12-14 06:00:00,0.07870999999999999
2021-12-14 07:00:00,0.10997
2021-12-14 08:00:00,0.12011
2021-12-14 09:00:00,0.33297000000000004
2021-12-14 10:00:00,0.21756
2021-12-14 11:00:00,0.41856
2021-12-14 12:00:00,0.68598
2021-12-14 13:00:00,0.54287
2021-12-14 14:00:00,0.37889
2021-12-14 15:00:00,0.20109
2021-12-14 16:00:00,0.02568
2021-12-14 17:00:00,0.011009999999999999
2021-12-14 18:00:00,0.00023999999999999998
2021-12-14 19:00:00,0.0
2021-12-14 20:00:00,0.0
2021-12-14 21:00:00,0.0
2021-12-14 22:00:00,0.0
2021-12-14 23:00:00,0.0
2021-12-15 00:00:00,0.0
2021-12-15 01:00:00,0.0
2021-12-15 02:00:00,0.0
2021-12-15 03:00:00,0.0
2021-12-15 04:00:00,0.0
2021-12-15 05:00:00,0.0
2021-12-15 06:00:00,0.0087
2021-12-15 07:00:00,0.04336
2021-12-15 08:00:00,0.13527
2021-12-15 09:00:00,0.17412
2021-12-15 10:00:00,0.2324
2021-12-15 11:00:00,0.35277
2021-12-15 12:00:00,0.2534
2021-12-15 13:00:00,0.21168
2021-12-15 14:00:00,0.14831
2021-12-15 15:00:00,0.09653
2021-12-15 16:00:00,0.078
2021-12-15 17:00:00,0.024059999999999998
2021-12-15 18:00:00,0.00025
2021-12-15 19:00:00,0.0
2021-12-15 20:00:00,0.0
2021-12-15 21:00:00,0.0
2021-12-15 22:00:00,0.0
2021-12-15 23:00:00,0.0
2021-12-16 00:00:00,0.0
2021-12-16 01:00:00,0.0
2021-12-16 02:00:00,0.0
2021-12-16 03:00:00,0.0
2021-12-16 04:00:00,0.0
2021-12-16 05:00:00,0.0
2021-12-16 06:00:00,0.04408
2021-12-16 07:00:00,0.05786
2021-12-16 08:00:00,0.14296
2021-12-16 09:00:00,0.183
2021-12-16 10:00:00,0.18858000000000003
2021-12-16 11:00:00,0.41981
2021-12-16 12:00:00,0.50036
2021-12-16 13:00:00,0.38948
2021-12-16 14:00:00,0.44795
2021-12-16 15:00:00,0.32794999999999996
2021-12-16 16:00:00,0.14184
2021-12-16 17:00:00,0.011009999999999999
2021-12-16 18:00:00,0.0006
2021-12-16 19:00:00,0.0
2021-12-16 20:00:00,0.0
2021-12-16 21:00:00,0.0
2021-12-16 22:00:00,0.0
2021-12-16 23:00:00,0.0
2021-12-17 00:00:00,0.0
2021-12-17 01:00:00,0.0
2021-12-17 02:00:00,0.0
2021-12-17 03:00:00,0.0
2021-12-17 04:00:00,0.0
2021-12-17 05:00:00,0.0
2021-12-17 06:00:00,0.01717
2021-12-17 07:00:00,0.0469
2021-12-17 08:00:00,0.06112
2021-12-17 09:00:00,0.12031
2021-12-17 10:00:00,0.43095999999999995
2021-12-17 11:00:00,0.42388
2021-12-17 12:00:00,0.39849
2021-12-17 13:00:00,0.48883
2021-12-17 14:00:00,0.216
2021-12-17 15:00:00,0.28445
2021-12-17 16:00:00,0.0872
2021-12-17 17:00:00,0.0111
2021-12-17 18:00:00,0.02558
2021-12-17 19:00:00,0.0
2021-12-17 20:00:00,0.0
2021-12-17 21:00:00,0.0
2021-12-17 22:00:00,0.0
2021-12-17 23:00:00,0.0
2021-12-18 00:00:00,0.0
2021-12-18 01:00:00,0.0
2021-12-18 02:00:00,0.0
2021-12-18 03:00:00,0.0
2021-12-18 04:00:00,0.0
2021-12-18 05:00:00,0.0
2021-12-18 06:00:00,0.07486
2021-12-18 07:00:00,0.33583999999999997
2021-12-18 08:00:00,0.50544
2021-12-18 09:00:00,0.64002
2021-12-18 10:00:00,0.6762699999999999
2021-12-18 11:00:00,0.6547799999999999
2021-12-18 12:00:00,0.64061
2021-12-18 13:00:00,0.56439
2021-12-18 14:00:00,0.43729
2021-12-18 15:00:00,0.39492
2021-12-18 16:00:00,0.20659
2021-12-18 17:00:00,0.05372
2021-12-18 18:00:00,0.02092
2021-12-18 19:00:00,0.0
2021-12-18 20:00:00,0.0
2021-12-18 21:00:00,0.0
2021-12-18 22:00:00,0.0
2021-12-18 23:00:00,0.0
2021-12-19 00:00:00,0.0
2021-12-19 01:00:00,0.0
2021-12-19 02:00:00,0.0
2021-12-19 03:00:00,0.0
2021-12-19 04:00:00,0.0
2021-12-19 05:00:00,0.0
2021-12-19 06:00:00,0.10944
2021-12-19 07:00:00,0.33136
2021-12-19 08:00:00,0.53554
2021-12-19 09:00:00,0.64574
2021-12-19 10:00:00,0.73454
2021-12-19 11:00:00,0.76737
2021-12-19 12:00:00,0.75581
2021-12-19 13:00:00,0.65807
2021-12-19 14:00:00,0.5444
2021-12-19 15:00:00,0.38933
2021-12-19 16:00:00,0.21466
2021-12-19 17:00:00,0.05582
2021-12-19 18:00:00,0.02025
2021-12-19 19:00:00,0.0
2021-12-19 20:00:00,0.0
2021-12-19 21:00:00,0.0
2021-12-19 22:00:00,0.0
2021-12-19 23:00:00,0.0
2021-12-20 00:00:00,0.0
2021-12-20 01:00:00,0.0
2021-12-20 02:00:00,0.0
2021-12-20 03:00:00,0.0
2021-12-20 04:00:00,0.0
2021-12-20 05:00:00,0.0
2021-12-20 06:00:00,0.11093
2021-12-20 07:00:00,0.33506
2021-12-20 08:00:00,0.53498
2021-12-20 09:00:00,0.66892
2021-12-20 10:00:00,0.7313999999999999
2021-12-20 11:00:00,0.7585299999999999
2021-12-20 12:00:00,0.7394700000000001
2021-12-20 13:00:00,0.67552
2021-12-20 14:00:00,0.53752
2021-12-20 15:00:00,0.33714999999999995
2021-12-20 16:00:00,0.12959
2021-12-20 17:00:00,0.03356
2021-12-20 18:00:00,0.00098
2021-12-20 19:00:00,0.0
2021-12-20 20:00:00,0.0
2021-12-20 21:00:00,0.0
2021-12-20 22:00:00,0.0
2021-12-20 23:00:00,0.0
2021-12-21 00:00:00,0.0
2021-12-21 01:00:00,0.0
2021-12-21 02:00:00,0.0
2021-12-21 03:00:00,0.0
2021-12-21 04:00:00,0.0
2021-12-21 05:00:00,0.0
2021-12-21 06:00:00,0.08409
2021-12-21 07:00:00,0.11585
2021-12-21 08:00:00,0.34614999999999996
2021-12-21 09:00:00,0.35613
2021-12-21 10:00:00,0.55657
2021-12-21 11:00:00,0.74051
2021-12-21 12:00:00,0.6791
2021-12-21 13:00:00,0.6542100000000001
2021-12-21 14:00:00,0.55608
2021-12-21 15:00:00,0.38295999999999997
2021-12-21 16:00:00,0.18151
2021-12-21 17:00:00,0.03334
2021-12-21 18:00:00,0.02308
2021-12-21 19:00:00,0.0
2021-12-21 20:00:00,0.0
2021-12-21 21:00:00,0.0
2021-12-21 22:00:00,0.0
2021-12-21 23:00:00,0.0
2021-12-22 00:00:00,0.0
2021-12-22 01:00:00,0.0
2021-12-22 02:00:00,0.0
2021-12-22 03:00:00,0.0
2021-12-22 04:00:00,0.0
2021-12-22 05:00:00,0.0
2021-12-22 06:00:00,0.10501
2021-12-22 07:00:00,0.27484
2021-12-22 08:00:00,0.19607
2021-12-22 09:00:00,0.53915
2021-12-22 10:00:00,0.62121
2021-12-22 11:00:00,0.72141
2021-12-22 12:00:00,0.71439
2021-12-22 13:00:00,0.62002
2021-12-22 14:00:00,0.40832
2021-12-22 15:00:00,0.26933999999999997
2021-12-22 16:00:00,0.21918
2021-12-22 17:00:00,0.0127
2021-12-22 18:00:00,0.0009599999999999999
2021-12-22 19:00:00,0.0
2021-12-22 20:00:00,0.0
2021-12-22 21:00:00,0.0
2021-12-22 22:00:00,0.0
2021-12-22 23:00:00,0.0
2021-12-23 00:00:00,0.0
2021-12-23 01:00:00,0.0
2021-12-23 02:00:00,0.0
2021-12-23 03:00:00,0.0
2021-12-23 04:00:00,0.0
2021-12-23 05:00:00,0.0
2021-12-23 06:00:00,0.08684
2021-12-23 07:00:00,0.038259999999999995
2021-12-23 08:00:00,0.0493
2021-12-23 09:00:00,0.14879
2021-12-23 10:00:00,0.56175
2021-12-23 11:00:00,0.46776999999999996
2021-12-23 12:00:00,0.46807
2021-12-23 13:00:00,0.57735
2021-12-23 14:00:00,0.48502
2021-12-23 15:00:00,0.38983999999999996
2021-12-23 16:00:00,0.19363999999999998
2021-12-23 17:00:00,0.0308
2021-12-23 18:00:00,0.01183
2021-12-23 19:00:00,0.0
2021-12-23 20:00:00,0.0
2021-12-23 21:00:00,0.0
2021-12-23 22:00:00,0.0
2021-12-23 23:00:00,0.0
2021-12-24 00:00:00,0.0
2021-12-24 01:00:00,0.0
2021-12-24 02:00:00,0.0
2021-12-24 03:00:00,0.0
2021-12-24 04:00:00,0.0
2021-12-24 05:00:00,0.0
2021-12-24 06:00:00,0.10814
2021-12-24 07:00:00,0.32786000000000004
2021-12-24 08:00:00,0.5534600000000001
2021-12-24 09:00:00,0.69096
2021-12-24 10:00:00,0.76707
2021-12-24 11:00:00,0.8333400000000001
2021-12-24 12:00:00,0.8099400000000001
2021-12-24 13:00:00,0.73037
2021-12-24 14:00:00,0.6083200000000001
2021-12-24 15:00:00,0.41986
2021-12-24 16:00:00,0.19316999999999998
2021-12-24 17:00:00,0.02244
2021-12-24 18:00:00,0.021670000000000002
2021-12-24 19:00:00,0.0
2021-12-24 20:00:00,0.0
2021-12-24 21:00:00,0.0
2021-12-24 22:00:00,0.0
2021-12-24 23:00:00,0.0
2021-12-25 00:00:00,0.0
2021-12-25 01:00:00,0.0
2021-12-25 02:00:00,0.0
2021-12-25 03:00:00,0.0
2021-12-25 04:00:00,0.0
2021-12-25 05:00:00,0.0
2021-12-25 06:00:00,0.1095
2021-12-25 07:00:00,0.33544
2021-12-25 08:00:00,0.53261
2021-12-25 09:00:00,0.65596
2021-12-25 10:00:00,0.74456
2021-12-25 11:00:00,0.7767200000000001
2021-12-25 12:00:00,0.71624
2021-12-25 13:00:00,0.64896
2021-12-25 14:00:00,0.57852
2021-12-25 15:00:00,0.40922000000000003
2021-12-25 16:00:00,0.19307
2021-12-25 17:00:00,0.0735
2021-12-25 18:00:00,0.03164
2021-12-25 19:00:00,0.0
2021-12-25 20:00:00,0.0
2021-12-25 21:00:00,0.0
2021-12-25 22:00:00,0.0
2021-12-25 23:00:00,0.0
2021-12-26 00:00:00,0.0
2021-12-26 01:00:00,0.0
2021-12-26 02:00:00,0.0
2021-12-26 03:00:00,0.0
2021-12-26 04:00:00,0.0
2021-12-26 05:00:00,0.0
2021-12-26 06:00:00,0.054560000000000004
2021-12-26 07:00:00,0.31601
2021-12-26 08:00:00,0.18266
2021-12-26 09:00:00,0.51524
2021-12-26 10:00:00,0.47076999999999997
2021-12-26 11:00:00,0.58152
2021-12-26 12:00:00,0.7339199999999999
2021-12-26 13:00:00,0.68738
2021-12-26 14:00:00,0.56735
2021-12-26 15:00:00,0.40142
2021-12-26 16:00:00,0.22038
2021-12-26 17:00:00,0.02596
2021-12-26 18:00:00,0.0013700000000000001
2021-12-26 19:00:00,0.0
2021-12-26 20:00:00,0.0
2021-12-26 21:00:00,0.0
2021-12-26 22:00:00,0.0
2021-12-26 23:00:00,0.0
2021-12-27 00:00:00,0.0
2021-12-27 01:00:00,0.0
2021-12-27 02:00:00,0.0
2021-12-27 03:00:00,0.0
2021-12-27 04:00:00,0.0
2021-12-27 05:00:00,0.0
2021-12-27 06:00:00,0.09819
2021-12-27 07:00:00,0.31837
2021-12-27 08:00:00,0.5181399999999999
2021-12-27 09:00:00,0.6535299999999999
2021-12-27 10:00:00,0.56451
2021-12-27 11:00:00,0.67538
2021-12-27 12:00:00,0.6073200000000001
2021-12-27 13:00:00,0.11306999999999999
2021-12-27 14:00:00,0.08925
2021-12-27 15:00:00,0.16918
2021-12-27 16:00:00,0.22809000000000001
2021-12-27 17:00:00,0.013529999999999999
2021-12-27 18:00:00,0.02892
2021-12-27 19:00:00,0.0
2021-12-27 20:00:00,0.0
2021-12-27 21:00:00,0.0
2021-12-27 22:00:00,0.0
2021-12-27 23:00:00,0.0
2021-12-28 00:00:00,0.0
2021-12-28 01:00:00,0.0
2021-12-28 02:00:00,0.0
2021-12-28 03:00:00,0.0
2021-12-28 04:00:00,0.0
2021-12-28 05:00:00,0.0
2021-12-28 06:00:00,0.04254
2021-12-28 07:00:00,0.16451
2021-12-28 08:00:00,0.50708
2021-12-28 09:00:00,0.63562
2021-12-28 10:00:00,0.6558099999999999
2021-12-28 11:00:00,0.66724
2021-12-28 12:00:00,0.67998
2021-12-28 13:00:00,0.52115
2021-12-28 14:00:00,0.32398000000000005
2021-12-28 15:00:00,0.23818999999999999
2021-12-28 16:00:00,0.0281
2021-12-28 17:00:00,0.01305
2021-12-28 18:00:00,0.0014299999999999998
2021-12-28 19:00:00,0.0
2021-12-28 20:00:00,0.0
2021-12-28 21:00:00,0.0
2021-12-28 22:00:00,0.0
2021-12-28 23:00:00,0.0
2021-12-29 00:00:00,0.0
2021-12-29 01:00:00,0.0
2021-12-29 02:00:00,0.0
2021-12-29 03:00:00,0.0
2021-12-29 04:00:00,0.0
2021-12-29 05:00:00,0.0
2021-12-29 06:00:00,0.038130000000000004
2021-12-29 07:00:00,0.25606
2021-12-29 08:00:00,0.51038
2021-12-29 09:00:00,0.64067
2021-12-29 10:00:00,0.68413
2021-12-29 11:00:00,0.5488
2021-12-29 12:00:00,0.47158999999999995
2021-12-29 13:00:00,0.23902
2021-12-29 14:00:00,0.13402
2021-12-29 15:00:00,0.32167
2021-12-29 16:00:00,0.1011
2021-12-29 17:00:00,0.02467
2021-12-29 18:00:00,0.02436
2021-12-29 19:00:00,0.0
2021-12-29 20:00:00,0.0
2021-12-29 21:00:00,0.0
2021-12-29 22:00:00,0.0
2021-12-29 23:00:00,0.0
2021-12-30 00:00:00,0.0
2021-12-30 01:00:00,0.0
2021-12-30 02:00:00,0.0
2021-12-30 03:00:00,0.0
2021-12-30 04:00:00,0.0
2021-12-30 05:00:00,0.0
2021-12-30 06:00:00,0.05232
2021-12-30 07:00:00,0.08048000000000001
2021-12-30 08:00:00,0.12118000000000001
2021-12-30 09:00:00,0.18791999999999998
2021-12-30 10:00:00,0.17267
2021-12-30 11:00:00,0.27572
2021-12-30 12:00:00,0.27943
2021-12-30 13:00:00,0.24361000000000002
2021-12-30 14:00:00,0.09719
2021-12-30 15:00:00,0.09602
2021-12-30 16:00:00,0.051609999999999996
2021-12-30 17:00:00,0.013810000000000001
2021-12-30 18:00:00,0.0014399999999999999
2021-12-30 19:00:00,0.0
2021-12-30 20:00:00,0.0
2021-12-30 21:00:00,0.0
2021-12-30 22:00:00,0.0
2021-12-30 23:00:00,0.0
2021-12-31 00:00:00,0.0
2021-12-31 01:00:00,0.0
2021-12-31 02:00:00,0.0
2021-12-31 03:00:00,0.0
2021-12-31 04:00:00,0.0
2021-12-31 05:00:00,0.0
2021-12-31 06:00:00,0.01874
2021-12-31 07:00:00,0.03921
2021-12-31 08:00:00,0.10382999999999999
2021-12-31 09:00:00,0.11020999999999999
2021-12-31 10:00:00,0.19124000000000002
2021-12-31 11:00:00,0.20066
2021-12-31 12:00:00,0.25051
2021-12-31 13:00:00,0.21428999999999998
2021-12-31 14:00:00,0.16516999999999998
2021-12-31 15:00:00,0.17817
2021-12-31 16:00:00,0.03875
2021-12-31 17:00:00,0.01385
2021-12-31 18:00:00,0.0014399999999999999
2021-12-31 19:00:00,0.0
2021-12-31 20:00:00,0.0
2021-12-31 21:00:00,0.0
2021-12-31 22:00:00,0.0
2021-12-31 23:00:00,0.0
