timestamp,fator_capacidade
2025-01-01 00:00:00,0.0
2025-01-01 01:00:00,0.0
2025-01-01 02:00:00,0.0
2025-01-01 03:00:00,0.0
2025-01-01 04:00:00,0.0
2025-01-01 05:00:00,0.00111
2025-01-01 06:00:00,0.07732
2025-01-01 07:00:00,0.26406
2025-01-01 08:00:00,0.40996
2025-01-01 09:00:00,0.48585
2025-01-01 10:00:00,0.5612
2025-01-01 11:00:00,0.57099
2025-01-01 12:00:00,0.54972
2025-01-01 13:00:00,0.45642
2025-01-01 14:00:00,0.31054000000000004
2025-01-01 15:00:00,0.26113
2025-01-01 16:00:00,0.12812
2025-01-01 17:00:00,0.03925
2025-01-01 18:00:00,0.005030000000000001
2025-01-01 19:00:00,0.0
2025-01-01 20:00:00,0.0
2025-01-01 21:00:00,0.0
2025-01-01 22:00:00,0.0
2025-01-01 23:00:00,0.0
2025-01-02 00:00:00,0.0
2025-01-02 01:00:00,0.0
2025-01-02 02:00:00,0.0
2025-01-02 03:00:00,0.0
2025-01-02 04:00:00,0.0
2025-01-02 05:00:00,0.00065
2025-01-02 06:00:00,0.060700000000000004
2025-01-02 07:00:00,0.18200999999999998
2025-01-02 08:00:00,0.33506
2025-01-02 09:00:00,0.42412
2025-01-02 10:00:00,0.58469
2025-01-02 11:00:00,0.62327
2025-01-02 12:00:00,0.61825
2025-01-02 13:00:00,0.5115500000000001
2025-01-02 14:00:00,0.47808999999999996
2025-01-02 15:00:00,0.3324
2025-01-02 16:00:00,0.16799
2025-01-02 17:00:00,0.027039999999999998
2025-01-02 18:00:00,0.00109
2025-01-02 19:00:00,0.0
2025-01-02 20:00:00,0.0
2025-01-02 21:00:00,0.0
2025-01-02 22:00:00,0.0
2025-01-02 23:00:00,0.0
2025-01-03 00:00:00,0.0
2025-01-03 01:00:00,0.0
2025-01-03 02:00:00,0.0
2025-01-03 03:00:00,0.0
2025-01-03 04:00:00,0.0
2025-01-03 05:00:00,0.00043
2025-01-03 06:00:00,0.04599
2025-01-03 07:00:00,0.16436
2025-01-03 08:00:00,0.25207
2025-01-03 09:00:00,0.31476
2025-01-03 10:00:00,0.42634
2025-01-03 11:00:00,0.5448099999999999
2025-01-03 12:00:00,0.53786
2025-01-03 13:00:00,0.42562
2025-01-03 14:00:00,0.50914
2025-01-03 15:00:00,0.29585
2025-01-03 16:00:00,0.13552
2025-01-03 17:00:00,0.04225
2025-01-03 18:00:00,0.00261
2025-01-03 19:00:00,0.0
2025-01-03 20:00:00,0.0
2025-01-03 21:00:00,0.0
2025-01-03 22:00:00,0.0
2025-01-03 23:00:00,0.0
2025-01-04 00:00:00,0.0
2025-01-04 01:00:00,0.0
2025-01-04 02:00:00,0.0
2025-01-04 03:00:00,0.0
2025-01-04 04:00:00,0.0
2025-01-04 05:00:00,0.00075
2025-01-04 06:00:00,0.052840000000000005
2025-01-04 07:00:00,0.12816999999999998
2025-01-04 08:00:00,0.16991
2025-01-04 09:00:00,0.23661000000000001
2025-01-04 10:00:00,0.30152999999999996
2025-01-04 11:00:00,0.55569
2025-01-04 12:00:00,0.25394
2025-01-04 13:00:00,0.24125
2025-01-04 14:00:00,0.15522
2025-01-04 15:00:00,0.25839
2025-01-04 16:00:00,0.11892
2025-01-04 17:00:00,0.03412
2025-01-04 18:00:00,8.999999999999999e-05
2025-01-04 19:00:00,0.0
2025-01-04 20:00:00,0.0
2025-01-04 21:00:00,0.0
2025-01-04 22:00:00,0.0
2025-01-04 23:00:00,0.0
2025-01-05 00:00:00,0.0
2025-01-05 01:00:00,0.0
2025-01-05 02:00:00,0.0
2025-01-05 03:00:00,0.0
2025-01-05 04:00:00,0.0
2025-01-05 05:00:00,0.0
2025-01-05 06:00:00,0.00925
2025-01-05 07:00:00,0.040130000000000006
2025-01-05 08:00:00,0.04129
2025-01-05 09:00:00,0.1021
2025-01-05 10:00:00,0.20336
2025-01-05 11:00:00,0.17693
2025-01-05 12:00:00,0.346
2025-01-05 13:00:00,0.22405
2025-01-05 14:00:00,0.06261
2025-01-05 15:00:00,0.08857999999999999
2025-01-05 16:00:00,0.0299
2025-01-05 17:00:00,0.01732
2025-01-05 18:00:00,0.0
2025-01-05 19:00:00,0.0
2025-01-05 20:00:00,0.0
2025-01-05 21:00:00,0.0
2025-01-05 22:00:00,0.0
2025-01-05 23:00:00,0.0
2025-01-06 00:00:00,0.0
2025-01-06 01:00:00,0.0
2025-01-06 02:00:00,0.0
2025-01-06 03:00:00,0.0
2025-01-06 04:00:00,0.0
2025-01-06 05:00:00,0.0
2025-01-06 06:00:00,0.00948
2025-01-06 07:00:00,0.0184
2025-01-06 08:00:00,0.062329999999999997
2025-01-06 09:00:00,0.06333
2025-01-06 10:00:00,0.15619
2025-01-06 11:00:00,0.17123
2025-01-06 12:00:00,0.10111
2025-01-06 13:00:00,0.12423999999999999
2025-01-06 14:00:00,0.04632
2025-01-06 15:00:00,0.05974
2025-01-06 16:00:00,0.05112
2025-01-06 17:00:00,0.01533
2025-01-06 18:00:00,0.00011999999999999999
2025-01-06 19:00:00,0.0
2025-01-06 20:00:00,0.0
2025-01-06 21:00:00,0.0
2025-01-06 22:00:00,0.0
2025-01-06 23:00:00,0.0
2025-01-07 00:00:00,0.0
2025-01-07 01:00:00,0.0
2025-01-07 02:00:00,0.0
2025-01-07 03:00:00,0.0
2025-01-07 04:00:00,0.0
2025-01-07 05:00:00,0.0
2025-01-07 06:00:00,0.0175
2025-01-07 07:00:00,0.0464
2025-01-07 08:00:00,0.09759000000000001
2025-01-07 09:00:00,0.15287
2025-01-07 10:00:00,0.14976
2025-01-07 11:00:00,0.11775
2025-01-07 12:00:00,0.24026
2025-01-07 13:00:00,0.13627
2025-01-07 14:00:00,0.10189
2025-01-07 15:00:00,0.058070000000000004
2025-01-07 16:00:00,0.03673
2025-01-07 17:00:00,0.00982
2025-01-07 18:00:00,0.0
2025-01-07 19:00:00,0.0
2025-01-07 20:00:00,0.0
2025-01-07 21:00:00,0.0
2025-01-07 22:00:00,0.0
2025-01-07 23:00:00,0.0
2025-01-08 00:00:00,0.0
2025-01-08 01:00:00,0.0
2025-01-08 02:00:00,0.0
2025-01-08 03:00:00,0.0
2025-01-08 04:00:00,0.0
2025-01-08 05:00:00,0.0
2025-01-08 06:00:00,0.023190000000000002
2025-01-08 07:00:00,0.10651000000000001
2025-01-08 08:00:00,0.16003
2025-01-08 09:00:00,0.23959
2025-01-08 10:00:00,0.35769999999999996
2025-01-08 11:00:00,0.32914
2025-01-08 12:00:00,0.30843
2025-01-08 13:00:00,0.21152
2025-01-08 14:00:00,0.10625
2025-01-08 15:00:00,0.05285
2025-01-08 16:00:00,0.05357
2025-01-08 17:00:00,0.02477
2025-01-08 18:00:00,0.0
2025-01-08 19:00:00,0.0
2025-01-08 20:00:00,0.0
2025-01-08 21:00:00,0.0
2025-01-08 22:00:00,0.0
2025-01-08 23:00:00,0.0
2025-01-09 00:00:00,0.0
2025-01-09 01:00:00,0.0
2025-01-09 02:00:00,0.0
2025-01-09 03:00:00,0.0
2025-01-09 04:00:00,0.0
2025-01-09 05:00:00,0.0
2025-01-09 06:00:00,0.024329999999999997
2025-01-09 07:00:00,0.06123
2025-01-09 08:00:00,0.08564
2025-01-09 09:00:00,0.07012
2025-01-09 10:00:00,0.08112
2025-01-09 11:00:00,0.14803
2025-01-09 12:00:00,0.13008
2025-01-09 13:00:00,0.13888
2025-01-09 14:00:00,0.22921
2025-01-09 15:00:00,0.13712
2025-01-09 16:00:00,0.057460000000000004
2025-01-09 17:00:00,0.015960000000000002
2025-01-09 18:00:00,0.00163
2025-01-09 19:00:00,0.0
2025-01-09 20:00:00,0.0
2025-01-09 21:00:00,0.0
2025-01-09 22:00:00,0.0
2025-01-09 23:00:00,0.0
2025-01-10 00:00:00,0.0
2025-01-10 01:00:00,0.0
2025-01-10 02:00:00,0.0
2025-01-10 03:00:00,0.0
2025-01-10 04:00:00,0.0
2025-01-10 05:00:00,0.0
2025-01-10 06:00:00,0.01194
2025-01-10 07:00:00,0.038329999999999996
2025-01-10 08:00:00,0.13225
2025-01-10 09:00:00,0.12047
2025-01-10 10:00:00,0.18303999999999998
2025-01-10 11:00:00,0.26218
2025-01-10 12:00:00,0.22490000000000002
2025-01-10 13:00:00,0.19386
2025-01-10 14:00:00,0.21093
2025-01-10 15:00:00,0.2596
2025-01-10 16:00:00,0.14418999999999998
2025-01-10 17:00:00,0.040530000000000004
2025-01-10 18:00:00,0.0035299999999999997
2025-01-10 19:00:00,0.0
2025-01-10 20:00:00,0.0
2025-01-10 21:00:00,0.0
2025-01-10 22:00:00,0.0
2025-01-10 23:00:00,0.0
2025-01-11 00:00:00,0.0
2025-01-11 01:00:00,0.0
2025-01-11 02:00:00,0.0
2025-01-11 03:00:00,0.0
2025-01-11 04:00:00,0.0
2025-01-11 05:00:00,0.0
2025-01-11 06:00:00,0.06627
2025-01-11 07:00:00,0.17851
2025-01-11 08:00:00,0.36315
2025-01-11 09:00:00,0.49787
2025-01-11 10:00:00,0.41308999999999996
2025-01-11 11:00:00,0.40929000000000004
2025-01-11 12:00:00,0.37192000000000003
2025-01-11 13:00:00,0.34884
2025-01-11 14:00:00,0.31588
2025-01-11 15:00:00,0.21585
2025-01-11 16:00:00,0.13658
2025-01-11 17:00:00,0.03879
2025-01-11 18:00:00,0.0030600000000000002
2025-01-11 19:00:00,0.0
2025-01-11 20:00:00,0.0
2025-01-11 21:00:00,0.0
2025-01-11 22:00:00,0.0
2025-01-11 23:00:00,0.0
2025-01-12 00:00:00,0.0
2025-01-12 01:00:00,0.0
2025-01-12 02:00:00,0.0
2025-01-12 03:00:00,0.0
2025-01-12 04:00:00,0.0
2025-01-12 05:00:00,0.0
2025-01-12 06:00:00,0.0105
2025-01-12 07:00:00,0.04643
2025-01-12 08:00:00,0.26023
2025-01-12 09:00:00,0.33652
2025-01-12 10:00:00,0.46545
2025-01-12 11:00:00,0.55422
2025-01-12 12:00:00,0.54332
2025-01-12 13:00:00,0.44566
2025-01-12 14:00:00,0.36512
2025-01-12 15:00:00,0.25706
2025-01-12 16:00:00,0.12375
2025-01-12 17:00:00,0.03885
2025-01-12 18:00:00,0.003
2025-01-12 19:00:00,0.0
2025-01-12 20:00:00,0.0
2025-01-12 21:00:00,0.0
2025-01-12 22:00:00,0.0
2025-01-12 23:00:00,0.0
2025-01-13 00:00:00,0.0
2025-01-13 01:00:00,0.0
2025-01-13 02:00:00,0.0
2025-01-13 03:00:00,0.0
2025-01-13 04:00:00,0.0
2025-01-13 05:00:00,0.0
2025-01-13 06:00:00,0.03947
2025-01-13 07:00:00,0.15680000000000002
2025-01-13 08:00:00,0.25349
2025-01-13 09:00:00,0.24769
2025-01-13 10:00:00,0.25082
2025-01-13 11:00:00,0.402
2025-01-13 12:00:00,0.47137
2025-01-13 13:00:00,0.48314
2025-01-13 14:00:00,0.44745
2025-01-13 15:00:00,0.19941
2025-01-13 16:00:00,0.15653
2025-01-13 17:00:00,0.041030000000000004
2025-01-13 18:00:00,0.00337
2025-01-13 19:00:00,0.0
2025-01-13 20:00:00,0.0
2025-01-13 21:00:00,0.0
2025-01-13 22:00:00,0.0
2025-01-13 23:00:00,0.0
2025-01-14 00:00:00,0.0
2025-01-14 01:00:00,0.0
2025-01-14 02:00:00,0.0
2025-01-14 03:00:00,0.0
2025-01-14 04:00:00,0.0
2025-01-14 05:00:00,0.0
2025-01-14 06:00:00,0.03882
2025-01-14 07:00:00,0.15822999999999998
2025-01-14 08:00:00,0.29355000000000003
2025-01-14 09:00:00,0.47796
2025-01-14 10:00:00,0.6023099999999999
2025-01-14 11:00:00,0.61788
2025-01-14 12:00:00,0.54689
2025-01-14 13:00:00,0.5318200000000001
2025-01-14 14:00:00,0.45233999999999996
2025-01-14 15:00:00,0.34918
2025-01-14 16:00:00,0.16128
2025-01-14 17:00:00,0.05486
2025-01-14 18:00:00,0.00684
2025-01-14 19:00:00,0.0
2025-01-14 20:00:00,0.0
2025-01-14 21:00:00,0.0
2025-01-14 22:00:00,0.0
2025-01-14 23:00:00,0.0
2025-01-15 00:00:00,0.0
2025-01-15 01:00:00,0.0
2025-01-15 02:00:00,0.0
2025-01-15 03:00:00,0.0
2025-01-15 04:00:00,0.0
2025-01-15 05:00:00,0.0
2025-01-15 06:00:00,0.07684
2025-01-15 07:00:00,0.27248
2025-01-15 08:00:00,0.44664
2025-01-15 09:00:00,0.57199
2025-01-15 10:00:00,0.63446
2025-01-15 11:00:00,0.62283
2025-01-15 12:00:00,0.65244
2025-01-15 13:00:00,0.61888
2025-01-15 14:00:00,0.47226
2025-01-15 15:00:00,0.34772000000000003
2025-01-15 16:00:00,0.15719
2025-01-15 17:00:00,0.03701
2025-01-15 18:00:00,0.00249
2025-01-15 19:00:00,0.0
2025-01-15 20:00:00,0.0
2025-01-15 21:00:00,0.0
2025-01-15 22:00:00,0.0
2025-01-15 23:00:00,0.0
2025-01-16 00:00:00,0.0
2025-01-16 01:00:00,0.0
2025-01-16 02:00:00,0.0
2025-01-16 03:00:00,0.0
2025-01-16 04:00:00,0.0
2025-01-16 05:00:00,0.0
2025-01-16 06:00:00,0.046060000000000004
2025-01-16 07:00:00,0.14968
2025-01-16 08:00:00,0.31257
2025-01-16 09:00:00,0.5342100000000001
2025-01-16 10:00:00,0.64297
2025-01-16 11:00:00,0.66999
2025-01-16 12:00:00,0.64752
2025-01-16 13:00:00,0.5395399999999999
2025-01-16 14:00:00,0.46076999999999996
2025-01-16 15:00:00,0.34235000000000004
2025-01-16 16:00:00,0.17752
2025-01-16 17:00:00,0.03724
2025-01-16 18:00:00,0.00387
2025-01-16 19:00:00,0.0
2025-01-16 20:00:00,0.0
2025-01-16 21:00:00,0.0
2025-01-16 22:00:00,0.0
2025-01-16 23:00:00,0.0
2025-01-17 00:00:00,0.0
2025-01-17 01:00:00,0.0
2025-01-17 02:00:00,0.0
2025-01-17 03:00:00,0.0
2025-01-17 04:00:00,0.0
2025-01-17 05:00:00,0.0
2025-01-17 06:00:00,0.05927
2025-01-17 07:00:00,0.26131
2025-01-17 08:00:00,0.46902999999999995
2025-01-17 09:00:00,0.59889
2025-01-17 10:00:00,0.6454
2025-01-17 11:00:00,0.66355
2025-01-17 12:00:00,0.6451
2025-01-17 13:00:00,0.55595
2025-01-17 14:00:00,0.46676
2025-01-17 15:00:00,0.35528
2025-01-17 16:00:00,0.15815
2025-01-17 17:00:00,0.03196
2025-01-17 18:00:00,0.00545
2025-01-17 19:00:00,0.0
2025-01-17 20:00:00,0.0
2025-01-17 21:00:00,0.0
2025-01-17 22:00:00,0.0
2025-01-17 23:00:00,0.0
2025-01-18 00:00:00,0.0
2025-01-18 01:00:00,0.0
2025-01-18 02:00:00,0.0
2025-01-18 03:00:00,0.0
2025-01-18 04:00:00,0.0
2025-01-18 05:00:00,0.0
2025-01-18 06:00:00,0.06716
2025-01-18 07:00:00,0.2525
2025-01-18 08:00:00,0.46558
2025-01-18 09:00:00,0.5363600000000001
2025-01-18 10:00:00,0.59625
2025-01-18 11:00:00,0.61262
2025-01-18 12:00:00,0.65262
2025-01-18 13:00:00,0.5718
2025-01-18 14:00:00,0.4612
2025-01-18 15:00:00,0.31705
2025-01-18 16:00:00,0.14878
2025-01-18 17:00:00,0.033479999999999996
2025-01-18 18:00:00,0.00237
2025-01-18 19:00:00,0.0
2025-01-18 20:00:00,0.0
2025-01-18 21:00:00,0.0
2025-01-18 22:00:00,0.0
2025-01-18 23:00:00,0.0
2025-01-19 00:00:00,0.0
2025-01-19 01:00:00,0.0
2025-01-19 02:00:00,0.0
2025-01-19 03:00:00,0.0
2025-01-19 04:00:00,0.0
2025-01-19 05:00:00,0.0
2025-01-19 06:00:00,0.05898
2025-01-19 07:00:00,0.23717
2025-01-19 08:00:00,0.42710000000000004
2025-01-19 09:00:00,0.4715
2025-01-19 10:00:00,0.60372
2025-01-19 11:00:00,0.652
2025-01-19 12:00:00,0.68177
2025-01-19 13:00:00,0.58994
2025-01-19 14:00:00,0.48006
2025-01-19 15:00:00,0.32074
2025-01-19 16:00:00,0.15993000000000002
2025-01-19 17:00:00,0.03867
2025-01-19 18:00:00,0.00204
2025-01-19 19:00:00,0.0
2025-01-19 20:00:00,0.0
2025-01-19 21:00:00,0.0
2025-01-19 22:00:00,0.0
2025-01-19 23:00:00,0.0
2025-01-20 00:00:00,0.0
2025-01-20 01:00:00,0.0
2025-01-20 02:00:00,0.0
2025-01-20 03:00:00,0.0
2025-01-20 04:00:00,0.0
2025-01-20 05:00:00,0.0
2025-01-20 06:00:00,0.02498
2025-01-20 07:00:00,0.10055
2025-01-20 08:00:00,0.17561000000000002
2025-01-20 09:00:00,0.2816
2025-01-20 10:00:00,0.26683
2025-01-20 11:00:00,0.36185
2025-01-20 12:00:00,0.31951999999999997
2025-01-20 13:00:00,0.23543
2025-01-20 14:00:00,0.24427000000000001
2025-01-20 15:00:00,0.14859999999999998
2025-01-20 16:00:00,0.06659999999999999
2025-01-20 17:00:00,0.02547
2025-01-20 18:00:00,0.00392
2025-01-20 19:00:00,0.0
2025-01-20 20:00:00,0.0
2025-01-20 21:00:00,0.0
2025-01-20 22:00:00,0.0
2025-01-20 23:00:00,0.0
2025-01-21 00:00:00,0.0
2025-01-21 01:00:00,0.0
2025-01-21 02:00:00,0.0
2025-01-21 03:00:00,0.0
2025-01-21 04:00:00,0.0
2025-01-21 05:00:00,0.0
2025-01-21 06:00:00,0.04323
2025-01-21 07:00:00,0.19228
2025-01-21 08:00:00,0.31421
2025-01-21 09:00:00,0.4711
2025-01-21 10:00:00,0.6095900000000001
2025-01-21 11:00:00,0.65431
2025-01-21 12:00:00,0.62736
2025-01-21 13:00:00,0.55001
2025-01-21 14:00:00,0.35995
2025-01-21 15:00:00,0.34997
2025-01-21 16:00:00,0.17312
2025-01-21 17:00:00,0.03283
2025-01-21 18:00:00,0.00312
2025-01-21 19:00:00,0.0
2025-01-21 20:00:00,0.0
2025-01-21 21:00:00,0.0
2025-01-21 22:00:00,0.0
2025-01-21 23:00:00,0.0
2025-01-22 00:00:00,0.0
2025-01-22 01:00:00,0.0
2025-01-22 02:00:00,0.0
2025-01-22 03:00:00,0.0
2025-01-22 04:00:00,0.0
2025-01-22 05:00:00,0.0
2025-01-22 06:00:00,0.06683
2025-01-22 07:00:00,0.26809
2025-01-22 08:00:00,0.4087
2025-01-22 09:00:00,0.5255599999999999
2025-01-22 10:00:00,0.65239
2025-01-22 11:00:00,0.635
2025-01-22 12:00:00,0.57611
2025-01-22 13:00:00,0.60945
2025-01-22 14:00:00,0.50862
2025-01-22 15:00:00,0.3664
2025-01-22 16:00:00,0.18631999999999999
2025-01-22 17:00:00,0.03226
2025-01-22 18:00:00,0.00332
2025-01-22 19:00:00,0.0
2025-01-22 20:00:00,0.0
2025-01-22 21:00:00,0.0
2025-01-22 22:00:00,0.0
2025-01-22 23:00:00,0.0
2025-01-23 00:00:00,0.0
2025-01-23 01:00:00,0.0
2025-01-23 02:00:00,0.0
2025-01-23 03:00:00,0.0
2025-01-23 04:00:00,0.0
2025-01-23 05:00:00,0.0
2025-01-23 06:00:00,0.06061
2025-01-23 07:00:00,0.2377
2025-01-23 08:00:00,0.40851
2025-01-23 09:00:00,0.50917
2025-01-23 10:00:00,0.54564
2025-01-23 11:00:00,0.5475099999999999
2025-01-23 12:00:00,0.48297
2025-01-23 13:00:00,0.3492
2025-01-23 14:00:00,0.30478
2025-01-23 15:00:00,0.31125
2025-01-23 16:00:00,0.08583
2025-01-23 17:00:00,0.03225
2025-01-23 18:00:00,0.0019399999999999999
2025-01-23 19:00:00,0.0
2025-01-23 20:00:00,0.0
2025-01-23 21:00:00,0.0
2025-01-23 22:00:00,0.0
2025-01-23 23:00:00,0.0
2025-01-24 00:00:00,0.0
2025-01-24 01:00:00,0.0
2025-01-24 02:00:00,0.0
2025-01-24 03:00:00,0.0
2025-01-24 04:00:00,0.0
2025-01-24 05:00:00,0.0
2025-01-24 06:00:00,0.01217
2025-01-24 07:00:00,0.04333
2025-01-24 08:00:00,0.08676
2025-01-24 09:00:00,0.25916
2025-01-24 10:00:00,0.3992
2025-01-24 11:00:00,0.36854000000000003
2025-01-24 12:00:00,0.44909
2025-01-24 13:00:00,0.35487
2025-01-24 14:00:00,0.43967
2025-01-24 15:00:00,0.23977
2025-01-24 16:00:00,0.15341
2025-01-24 17:00:00,0.04208
2025-01-24 18:00:00,0.00261
2025-01-24 19:00:00,0.0
2025-01-24 20:00:00,0.0
2025-01-24 21:00:00,0.0
2025-01-24 22:00:00,0.0
2025-01-24 23:00:00,0.0
2025-01-25 00:00:00,0.0
2025-01-25 01:00:00,0.0
2025-01-25 02:00:00,0.0
2025-01-25 03:00:00,0.0
2025-01-25 04:00:00,0.0
2025-01-25 05:00:00,0.0
2025-01-25 06:00:00,0.03598
2025-01-25 07:00:00,0.1769
2025-01-25 08:00:00,0.39976999999999996
2025-01-25 09:00:00,0.52304
2025-01-25 10:00:00,0.64139
2025-01-25 11:00:00,0.61283
2025-01-25 12:00:00,0.58658
2025-01-25 13:00:00,0.60714
2025-01-25 14:00:00,0.50011
2025-01-25 15:00:00,0.30365
2025-01-25 16:00:00,0.16362000000000002
2025-01-25 17:00:00,0.047369999999999995
2025-01-25 18:00:00,0.00256
2025-01-25 19:00:00,0.0
2025-01-25 20:00:00,0.0
2025-01-25 21:00:00,0.0
2025-01-25 22:00:00,0.0
2025-01-25 23:00:00,0.0
2025-01-26 00:00:00,0.0
2025-01-26 01:00:00,0.0
2025-01-26 02:00:00,0.0
2025-01-26 03:00:00,0.0
2025-01-26 04:00:00,0.0
2025-01-26 05:00:00,0.0
2025-01-26 06:00:00,0.06398
2025-01-26 07:00:00,0.28018
2025-01-26 08:00:00,0.49751
2025-01-26 09:00:00,0.64185
2025-01-26 10:00:00,0.72537
2025-01-26 11:00:00,0.76302
2025-01-26 12:00:00,0.7539600000000001
2025-01-26 13:00:00,0.6858200000000001
2025-01-26 14:00:00,0.5512100000000001
2025-01-26 15:00:00,0.37579
2025-01-26 16:00:00,0.1794
2025-01-26 17:00:00,0.04027
2025-01-26 18:00:00,0.004059999999999999
2025-01-26 19:00:00,0.0
2025-01-26 20:00:00,0.0
2025-01-26 21:00:00,0.0
2025-01-26 22:00:00,0.0
2025-01-26 23:00:00,0.0
2025-01-27 00:00:00,0.0
2025-01-27 01:00:00,0.0
2025-01-27 02:00:00,0.0
2025-01-27 03:00:00,0.0
2025-01-27 04:00:00,0.0
2025-01-27 05:00:00,0.0
2025-01-27 06:00:00,0.06388
2025-01-27 07:00:00,0.27265
2025-01-27 08:00:00,0.48025999999999996
2025-01-27 09:00:00,0.58165
2025-01-27 10:00:00,0.65147
2025-01-27 11:00:00,0.70854
2025-01-27 12:00:00,0.49275
2025-01-27 13:00:00,0.49611
2025-01-27 14:00:00,0.38151
2025-01-27 15:00:00,0.25795
2025-01-27 16:00:00,0.13852
2025-01-27 17:00:00,0.02708
2025-01-27 18:00:00,0.00312
2025-01-27 19:00:00,0.0
2025-01-27 20:00:00,0.0
2025-01-27 21:00:00,0.0
2025-01-27 22:00:00,0.0
2025-01-27 23:00:00,0.0
2025-01-28 00:00:00,0.0
2025-01-28 01:00:00,0.0
2025-01-28 02:00:00,0.0
2025-01-28 03:00:00,0.0
2025-01-28 04:00:00,0.0
2025-01-28 05:00:00,0.0
2025-01-28 06:00:00,0.02616
2025-01-28 07:00:00,0.12803
2025-01-28 08:00:00,0.22147999999999998
2025-01-28 09:00:00,0.24665
2025-01-28 10:00:00,0.43011
2025-01-28 11:00:00,0.41675
2025-01-28 12:00:00,0.53435
2025-01-28 13:00:00,0.38791000000000003
2025-01-28 14:00:00,0.46162000000000003
2025-01-28 15:00:00,0.29191
2025-01-28 16:00:00,0.14135
2025-01-28 17:00:00,0.0444
2025-01-28 18:00:00,0.00297
2025-01-28 19:00:00,0.0
2025-01-28 20:00:00,0.0
2025-01-28 21:00:00,0.0
2025-01-28 22:00:00,0.0
2025-01-28 23:00:00,0.0
2025-01-29 00:00:00,0.0
2025-01-29 01:00:00,0.0
2025-01-29 02:00:00,0.0
2025-01-29 03:00:00,0.0
2025-01-29 04:00:00,0.0
2025-01-29 05:00:00,0.0
2025-01-29 06:00:00,0.044340000000000004
2025-01-29 07:00:00,0.17216
2025-01-29 08:00:00,0.31403
2025-01-29 09:00:00,0.49757
2025-01-29 10:00:00,0.5717300000000001
2025-01-29 11:00:00,0.47618
2025-01-29 12:00:00,0.34634
2025-01-29 13:00:00,0.27187
2025-01-29 14:00:00,0.29410000000000003
2025-01-29 15:00:00,0.10701000000000001
2025-01-29 16:00:00,0.03552
2025-01-29 17:00:00,0.03915999999999999
2025-01-29 18:00:00,0.00376
2025-01-29 19:00:00,0.0
2025-01-29 20:00:00,0.0
2025-01-29 21:00:00,0.0
2025-01-29 22:00:00,0.0
2025-01-29 23:00:00,0.0
2025-01-30 00:00:00,0.0
2025-01-30 01:00:00,0.0
2025-01-30 02:00:00,0.0
2025-01-30 03:00:00,0.0
2025-01-30 04:00:00,0.0
2025-01-30 05:00:00,0.0
2025-01-30 06:00:00,0.047939999999999997
2025-01-30 07:00:00,0.21212999999999999
2025-01-30 08:00:00,0.40661
2025-01-30 09:00:00,0.5246900000000001
2025-01-30 10:00:00,0.60239
2025-01-30 11:00:00,0.37299
2025-01-30 12:00:00,0.48442
2025-01-30 13:00:00,0.27636
2025-01-30 14:00:00,0.46144
2025-01-30 15:00:00,0.33819
2025-01-30 16:00:00,0.19109
2025-01-30 17:00:00,0.02945
2025-01-30 18:00:00,0.00173
2025-01-30 19:00:00,0.0
2025-01-30 20:00:00,0.0
2025-01-30 21:00:00,0.0
2025-01-30 22:00:00,0.0
2025-01-30 23:00:00,0.0
2025-01-31 00:00:00,0.0
2025-01-31 01:00:00,0.0
2025-01-31 02:00:00,0.0
2025-01-31 03:00:00,0.0
2025-01-31 04:00:00,0.0
2025-01-31 05:00:00,0.0
2025-01-31 06:00:00,0.010039999999999999
2025-01-31 07:00:00,0.052700000000000004
2025-01-31 08:00:00,0.18786000000000003
2025-01-31 09:00:00,0.19434
2025-01-31 10:00:00,0.26171
2025-01-31 11:00:00,0.2011
2025-01-31 12:00:00,0.35223000000000004
2025-01-31 13:00:00,0.39150999999999997
2025-01-31 14:00:00,0.46396
2025-01-31 15:00:00,0.25264
2025-01-31 16:00:00,0.13727
2025-01-31 17:00:00,0.06747
2025-01-31 18:00:00,0.004730000000000001
2025-01-31 19:00:00,0.0
2025-01-31 20:00:00,0.0
2025-01-31 21:00:00,0.0
2025-01-31 22:00:00,0.0
2025-01-31 23:00:00,0.0
2025-02-01 00:00:00,0.0
2025-02-01 01:00:00,0.0
2025-02-01 02:00:00,0.0
2025-02-01 03:00:00,0.0
2025-02-01 04:00:00,0.0
2025-02-01 05:00:00,0.0
2025-02-01 06:00:00,0.04462
2025-02-01 07:00:00,0.15705000000000002
2025-02-01 08:00:00,0.21398
2025-02-01 09:00:00,0.37193
2025-02-01 10:00:00,0.4105
2025-02-01 11:00:00,0.40387
2025-02-01 12:00:00,0.39117
2025-02-01 13:00:00,0.37403
2025-02-01 14:00:00,0.33651
2025-02-01 15:00:00,0.21625999999999998
2025-02-01 16:00:00,0.09379000000000001
2025-02-01 17:00:00,0.03885
2025-02-01 18:00:00,0.00136
2025-02-01 19:00:00,0.0
2025-02-01 20:00:00,0.0
2025-02-01 21:00:00,0.0
2025-02-01 22:00:00,0.0
2025-02-01 23:00:00,0.0
2025-02-02 00:00:00,0.0
2025-02-02 01:00:00,0.0
2025-02-02 02:00:00,0.0
2025-02-02 03:00:00,0.0
2025-02-02 04:00:00,0.0
2025-02-02 05:00:00,0.0
2025-02-02 06:00:00,0.01651
2025-02-02 07:00:00,0.06247
2025-02-02 08:00:00,0.24208000000000002
2025-02-02 09:00:00,0.29769999999999996
2025-02-02 10:00:00,0.32712
2025-02-02 11:00:00,0.5151
2025-02-02 12:00:00,0.50889
2025-02-02 13:00:00,0.46656
2025-02-02 14:00:00,0.25939
2025-02-02 15:00:00,0.26988
2025-02-02 16:00:00,0.15037999999999999
2025-02-02 17:00:00,0.04771
2025-02-02 18:00:00,0.0019299999999999999
2025-02-02 19:00:00,0.0
2025-02-02 20:00:00,0.0
2025-02-02 21:00:00,0.0
2025-02-02 22:00:00,0.0
2025-02-02 23:00:00,0.0
2025-02-03 00:00:00,0.0
2025-02-03 01:00:00,0.0
2025-02-03 02:00:00,0.0
2025-02-03 03:00:00,0.0
2025-02-03 04:00:00,0.0
2025-02-03 05:00:00,0.0
2025-02-03 06:00:00,0.01065
2025-02-03 07:00:00,0.0549
2025-02-03 08:00:00,0.13131
2025-02-03 09:00:00,0.21955000000000002
2025-02-03 10:00:00,0.29444
2025-02-03 11:00:00,0.18863
2025-02-03 12:00:00,0.24969999999999998
2025-02-03 13:00:00,0.20484
2025-02-03 14:00:00,0.23652
2025-02-03 15:00:00,0.27569
2025-02-03 16:00:00,0.19324000000000002
2025-02-03 17:00:00,0.04473
2025-02-03 18:00:00,0.00421
2025-02-03 19:00:00,0.0
2025-02-03 20:00:00,0.0
2025-02-03 21:00:00,0.0
2025-02-03 22:00:00,0.0
2025-02-03 23:00:00,0.0
2025-02-04 00:00:00,0.0
2025-02-04 01:00:00,0.0
2025-02-04 02:00:00,0.0
2025-02-04 03:00:00,0.0
2025-02-04 04:00:00,0.0
2025-02-04 05:00:00,0.0
2025-02-04 06:00:00,0.059609999999999996
2025-02-04 07:00:00,0.21853
2025-02-04 08:00:00,0.39481
2025-02-04 09:00:00,0.54487
2025-02-04 10:00:00,0.63199
2025-02-04 11:00:00,0.64077
2025-02-04 12:00:00,0.6061599999999999
2025-02-04 13:00:00,0.54013
2025-02-04 14:00:00,0.43876
2025-02-04 15:00:00,0.38512
2025-02-04 16:00:00,0.16721
2025-02-04 17:00:00,0.056
2025-02-04 18:00:00,0.00394
2025-02-04 19:00:00,0.0
2025-02-04 20:00:00,0.0
2025-02-04 21:00:00,0.0
2025-02-04 22:00:00,0.0
2025-02-04 23:00:00,0.0
2025-02-05 00:00:00,0.0
2025-02-05 01:00:00,0.0
2025-02-05 02:00:00,0.0
2025-02-05 03:00:00,0.0
2025-02-05 04:00:00,0.0
2025-02-05 05:00:00,0.0
2025-02-05 06:00:00,0.04249
2025-02-05 07:00:00,0.19755
2025-02-05 08:00:00,0.42043
2025-02-05 09:00:00,0.53769
2025-02-05 10:00:00,0.53691
2025-02-05 11:00:00,0.54674
2025-02-05 12:00:00,0.44938
2025-02-05 13:00:00,0.36094
2025-02-05 14:00:00,0.31845999999999997
2025-02-05 15:00:00,0.36651
2025-02-05 16:00:00,0.16763999999999998
2025-02-05 17:00:00,0.039299999999999995
2025-02-05 18:00:00,0.00231
2025-02-05 19:00:00,0.0
2025-02-05 20:00:00,0.0
2025-02-05 21:00:00,0.0
2025-02-05 22:00:00,0.0
2025-02-05 23:00:00,0.0
2025-02-06 00:00:00,0.0
2025-02-06 01:00:00,0.0
2025-02-06 02:00:00,0.0
2025-02-06 03:00:00,0.0
2025-02-06 04:00:00,0.0
2025-02-06 05:00:00,0.0
2025-02-06 06:00:00,0.045450000000000004
2025-02-06 07:00:00,0.16899
2025-02-06 08:00:00,0.40692
2025-02-06 09:00:00,0.57145
2025-02-06 10:00:00,0.66011
2025-02-06 11:00:00,0.6725599999999999
2025-02-06 12:00:00,0.5722
2025-02-06 13:00:00,0.46926999999999996
2025-02-06 14:00:00,0.27814999999999995
2025-02-06 15:00:00,0.30634
2025-02-06 16:00:00,0.14108
2025-02-06 17:00:00,0.03515
2025-02-06 18:00:00,0.0021000000000000003
2025-02-06 19:00:00,0.0
2025-02-06 20:00:00,0.0
2025-02-06 21:00:00,0.0
2025-02-06 22:00:00,0.0
2025-02-06 23:00:00,0.0
2025-02-07 00:00:00,0.0
2025-02-07 01:00:00,0.0
2025-02-07 02:00:00,0.0
2025-02-07 03:00:00,0.0
2025-02-07 04:00:00,0.0
2025-02-07 05:00:00,0.0
2025-02-07 06:00:00,0.04725
2025-02-07 07:00:00,0.24434999999999998
2025-02-07 08:00:00,0.40246
2025-02-07 09:00:00,0.40051
2025-02-07 10:00:00,0.39951
2025-02-07 11:00:00,0.39617
2025-02-07 12:00:00,0.42932
2025-02-07 13:00:00,0.24643
2025-02-07 14:00:00,0.20927
2025-02-07 15:00:00,0.16165000000000002
2025-02-07 16:00:00,0.09691
2025-02-07 17:00:00,0.024640000000000002
2025-02-07 18:00:00,0.00041
2025-02-07 19:00:00,0.0
2025-02-07 20:00:00,0.0
2025-02-07 21:00:00,0.0
2025-02-07 22:00:00,0.0
2025-02-07 23:00:00,0.0
2025-02-08 00:00:00,0.0
2025-02-08 01:00:00,0.0
2025-02-08 02:00:00,0.0
2025-02-08 03:00:00,0.0
2025-02-08 04:00:00,0.0
2025-02-08 05:00:00,0.0
2025-02-08 06:00:00,0.03469
2025-02-08 07:00:00,0.16827
2025-02-08 08:00:00,0.3379
2025-02-08 09:00:00,0.33893
2025-02-08 10:00:00,0.59504
2025-02-08 11:00:00,0.59697
2025-02-08 12:00:00,0.58301
2025-02-08 13:00:00,0.45529000000000003
2025-02-08 14:00:00,0.25616
2025-02-08 15:00:00,0.25548
2025-02-08 16:00:00,0.14612999999999998
2025-02-08 17:00:00,0.04372
2025-02-08 18:00:00,0.00368
2025-02-08 19:00:00,0.0
2025-02-08 20:00:00,0.0
2025-02-08 21:00:00,0.0
2025-02-08 22:00:00,0.0
2025-02-08 23:00:00,0.0
2025-02-09 00:00:00,0.0
2025-02-09 01:00:00,0.0
2025-02-09 02:00:00,0.0
2025-02-09 03:00:00,0.0
2025-02-09 04:00:00,0.0
2025-02-09 05:00:00,0.0
2025-02-09 06:00:00,0.054020000000000006
2025-02-09 07:00:00,0.19087
2025-02-09 08:00:00,0.39656
2025-02-09 09:00:00,0.55162
2025-02-09 10:00:00,0.69338
2025-02-09 11:00:00,0.56589
2025-02-09 12:00:00,0.59692
2025-02-09 13:00:00,0.58338
2025-02-09 14:00:00,0.43877999999999995
2025-02-09 15:00:00,0.36042
2025-02-09 16:00:00,0.16384
2025-02-09 17:00:00,0.03436
2025-02-09 18:00:00,0.00175
2025-02-09 19:00:00,0.0
2025-02-09 20:00:00,0.0
2025-02-09 21:00:00,0.0
2025-02-09 22:00:00,0.0
2025-02-09 23:00:00,0.0
2025-02-10 00:00:00,0.0
2025-02-10 01:00:00,0.0
2025-02-10 02:00:00,0.0
2025-02-10 03:00:00,0.0
2025-02-10 04:00:00,0.0
2025-02-10 05:00:00,0.0
2025-02-10 06:00:00,0.04693
2025-02-10 07:00:00,0.24683000000000002
2025-02-10 08:00:00,0.4418
2025-02-10 09:00:00,0.53934
2025-02-10 10:00:00,0.60673
2025-02-10 11:00:00,0.63328
2025-02-10 12:00:00,0.5159400000000001
2025-02-10 13:00:00,0.49410000000000004
2025-02-10 14:00:00,0.30715
2025-02-10 15:00:00,0.25531
2025-02-10 16:00:00,0.09697
2025-02-10 17:00:00,0.03642
2025-02-10 18:00:00,0.0002
2025-02-10 19:00:00,0.0
2025-02-10 20:00:00,0.0
2025-02-10 21:00:00,0.0
2025-02-10 22:00:00,0.0
2025-02-10 23:00:00,0.0
2025-02-11 00:00:00,0.0
2025-02-11 01:00:00,0.0
2025-02-11 02:00:00,0.0
2025-02-11 03:00:00,0.0
2025-02-11 04:00:00,0.0
2025-02-11 05:00:00,0.0
2025-02-11 06:00:00,0.03698
2025-02-11 07:00:00,0.16526
2025-02-11 08:00:00,0.23892
2025-02-11 09:00:00,0.33133999999999997
2025-02-11 10:00:00,0.31281
2025-02-11 11:00:00,0.42074
2025-02-11 12:00:00,0.27004
2025-02-11 13:00:00,0.26339999999999997
2025-02-11 14:00:00,0.1442
2025-02-11 15:00:00,0.10193
2025-02-11 16:00:00,0.048530000000000004
2025-02-11 17:00:00,0.01307
2025-02-11 18:00:00,0.00043
2025-02-11 19:00:00,0.0
2025-02-11 20:00:00,0.0
2025-02-11 21:00:00,0.0
2025-02-11 22:00:00,0.0
2025-02-11 23:00:00,0.0
2025-02-12 00:00:00,0.0
2025-02-12 01:00:00,0.0
2025-02-12 02:00:00,0.0
2025-02-12 03:00:00,0.0
2025-02-12 04:00:00,0.0
2025-02-12 05:00:00,0.0
2025-02-12 06:00:00,0.01932
2025-02-12 07:00:00,0.11219
2025-02-12 08:00:00,0.11636
2025-02-12 09:00:00,0.1381
2025-02-12 10:00:00,0.09373000000000001
2025-02-12 11:00:00,0.19635
2025-02-12 12:00:00,0.09845999999999999
2025-02-12 13:00:00,0.11789
2025-02-12 14:00:00,0.21941
2025-02-12 15:00:00,0.20979
2025-02-12 16:00:00,0.12108
2025-02-12 17:00:00,0.05266
2025-02-12 18:00:00,0.0017
2025-02-12 19:00:00,0.0
2025-02-12 20:00:00,0.0
2025-02-12 21:00:00,0.0
2025-02-12 22:00:00,0.0
2025-02-12 23:00:00,0.0
2025-02-13 00:00:00,0.0
2025-02-13 01:00:00,0.0
2025-02-13 02:00:00,0.0
2025-02-13 03:00:00,0.0
2025-02-13 04:00:00,0.0
2025-02-13 05:00:00,0.0
2025-02-13 06:00:00,0.045700000000000005
2025-02-13 07:00:00,0.18346
2025-02-13 08:00:00,0.4131
2025-02-13 09:00:00,0.54487
2025-02-13 10:00:00,0.5298999999999999
2025-02-13 11:00:00,0.54302
2025-02-13 12:00:00,0.50736
2025-02-13 13:00:00,0.37729
2025-02-13 14:00:00,0.2882
2025-02-13 15:00:00,0.16359
2025-02-13 16:00:00,0.08702
2025-02-13 17:00:00,0.044020000000000004
2025-02-13 18:00:00,0.00235
2025-02-13 19:00:00,0.0
2025-02-13 20:00:00,0.0
2025-02-13 21:00:00,0.0
2025-02-13 22:00:00,0.0
2025-02-13 23:00:00,0.0
2025-02-14 00:00:00,0.0
2025-02-14 01:00:00,0.0
2025-02-14 02:00:00,0.0
2025-02-14 03:00:00,0.0
2025-02-14 04:00:00,0.0
2025-02-14 05:00:00,0.0
2025-02-14 06:00:00,0.02926
2025-02-14 07:00:00,0.15933
2025-02-14 08:00:00,0.31513
2025-02-14 09:00:00,0.46875
2025-02-14 10:00:00,0.46287
2025-02-14 11:00:00,0.5829500000000001
2025-02-14 12:00:00,0.50784
2025-02-14 13:00:00,0.27013
2025-02-14 14:00:00,0.37807999999999997
2025-02-14 15:00:00,0.24944999999999998
2025-02-14 16:00:00,0.1276
2025-02-14 17:00:00,0.04912
2025-02-14 18:00:00,0.0008399999999999999
2025-02-14 19:00:00,0.0
2025-02-14 20:00:00,0.0
2025-02-14 21:00:00,0.0
2025-02-14 22:00:00,0.0
2025-02-14 23:00:00,0.0
2025-02-15 00:00:00,0.0
2025-02-15 01:00:00,0.0
2025-02-15 02:00:00,0.0
2025-02-15 03:00:00,0.0
2025-02-15 04:00:00,0.0
2025-02-15 05:00:00,0.0
2025-02-15 06:00:00,0.05027
2025-02-15 07:00:00,0.23251
2025-02-15 08:00:00,0.3527
2025-02-15 09:00:00,0.5204
2025-02-15 10:00:00,0.63026
2025-02-15 11:00:00,0.6732
2025-02-15 12:00:00,0.6934
2025-02-15 13:00:00,0.62564
2025-02-15 14:00:00,0.28391000000000005
2025-02-15 15:00:00,0.32757
2025-02-15 16:00:00,0.18749000000000002
2025-02-15 17:00:00,0.039450000000000006
2025-02-15 18:00:00,0.0007
2025-02-15 19:00:00,0.0
2025-02-15 20:00:00,0.0
2025-02-15 21:00:00,0.0
2025-02-15 22:00:00,0.0
2025-02-15 23:00:00,0.0
2025-02-16 00:00:00,0.0
2025-02-16 01:00:00,0.0
2025-02-16 02:00:00,0.0
2025-02-16 03:00:00,0.0
2025-02-16 04:00:00,0.0
2025-02-16 05:00:00,0.0
2025-02-16 06:00:00,0.012289999999999999
2025-02-16 07:00:00,0.09208
2025-02-16 08:00:00,0.09834999999999999
2025-02-16 09:00:00,0.11859
2025-02-16 10:00:00,0.34043
2025-02-16 11:00:00,0.49927999999999995
2025-02-16 12:00:00,0.5300499999999999
2025-02-16 13:00:00,0.54334
2025-02-16 14:00:00,0.33738
2025-02-16 15:00:00,0.20821
2025-02-16 16:00:00,0.13138
2025-02-16 17:00:00,0.03056
2025-02-16 18:00:00,0.00207
2025-02-16 19:00:00,0.0
2025-02-16 20:00:00,0.0
2025-02-16 21:00:00,0.0
2025-02-16 22:00:00,0.0
2025-02-16 23:00:00,0.0
2025-02-17 00:00:00,0.0
2025-02-17 01:00:00,0.0
2025-02-17 02:00:00,0.0
2025-02-17 03:00:00,0.0
2025-02-17 04:00:00,0.0
2025-02-17 05:00:00,0.0
2025-02-17 06:00:00,0.0166
2025-02-17 07:00:00,0.12017
2025-02-17 08:00:00,0.21528999999999998
2025-02-17 09:00:00,0.37563
2025-02-17 10:00:00,0.46227999999999997
2025-02-17 11:00:00,0.47837
2025-02-17 12:00:00,0.38679
2025-02-17 13:00:00,0.50116
2025-02-17 14:00:00,0.30513
2025-02-17 15:00:00,0.22338999999999998
2025-02-17 16:00:00,0.17668999999999999
2025-02-17 17:00:00,0.052
2025-02-17 18:00:00,0.0023799999999999997
2025-02-17 19:00:00,0.0
2025-02-17 20:00:00,0.0
2025-02-17 21:00:00,0.0
2025-02-17 22:00:00,0.0
2025-02-17 23:00:00,0.0
2025-02-18 00:00:00,0.0
2025-02-18 01:00:00,0.0
2025-02-18 02:00:00,0.0
2025-02-18 03:00:00,0.0
2025-02-18 04:00:00,0.0
2025-02-18 05:00:00,0.0
2025-02-18 06:00:00,0.0034300000000000003
2025-02-18 07:00:00,0.03975
2025-02-18 08:00:00,0.07104
2025-02-18 09:00:00,0.13424
2025-02-18 10:00:00,0.22602
2025-02-18 11:00:00,0.4032
2025-02-18 12:00:00,0.43879
2025-02-18 13:00:00,0.40266
2025-02-18 14:00:00,0.41214999999999996
2025-02-18 15:00:00,0.14902
2025-02-18 16:00:00,0.09506
2025-02-18 17:00:00,0.020120000000000002
2025-02-18 18:00:00,0.0
2025-02-18 19:00:00,0.0
2025-02-18 20:00:00,0.0
2025-02-18 21:00:00,0.0
2025-02-18 22:00:00,0.0
2025-02-18 23:00:00,0.0
2025-02-19 00:00:00,0.0
2025-02-19 01:00:00,0.0
2025-02-19 02:00:00,0.0
2025-02-19 03:00:00,0.0
2025-02-19 04:00:00,0.0
2025-02-19 05:00:00,0.0
2025-02-19 06:00:00,0.01309
2025-02-19 07:00:00,0.09434000000000001
2025-02-19 08:00:00,0.19946
2025-02-19 09:00:00,0.2514
2025-02-19 10:00:00,0.38251
2025-02-19 11:00:00,0.43713
2025-02-19 12:00:00,0.47508999999999996
2025-02-19 13:00:00,0.47931
2025-02-19 14:00:00,0.44731
2025-02-19 15:00:00,0.31037
2025-02-19 16:00:00,0.17027
2025-02-19 17:00:00,0.033460000000000004
2025-02-19 18:00:00,0.00069
2025-02-19 19:00:00,0.0
2025-02-19 20:00:00,0.0
2025-02-19 21:00:00,0.0
2025-02-19 22:00:00,0.0
2025-02-19 23:00:00,0.0
2025-02-20 00:00:00,0.0
2025-02-20 01:00:00,0.0
2025-02-20 02:00:00,0.0
2025-02-20 03:00:00,0.0
2025-02-20 04:00:00,0.0
2025-02-20 05:00:00,0.0
2025-02-20 06:00:00,0.03127
2025-02-20 07:00:00,0.20757
2025-02-20 08:00:00,0.3232
2025-02-20 09:00:00,0.49517
2025-02-20 10:00:00,0.63507
2025-02-20 11:00:00,0.6522
2025-02-20 12:00:00,0.69882
2025-02-20 13:00:00,0.61609
2025-02-20 14:00:00,0.48175
2025-02-20 15:00:00,0.34897
2025-02-20 16:00:00,0.18122
2025-02-20 17:00:00,0.02877
2025-02-20 18:00:00,0.0011
2025-02-20 19:00:00,0.0
2025-02-20 20:00:00,0.0
2025-02-20 21:00:00,0.0
2025-02-20 22:00:00,0.0
2025-02-20 23:00:00,0.0
2025-02-21 00:00:00,0.0
2025-02-21 01:00:00,0.0
2025-02-21 02:00:00,0.0
2025-02-21 03:00:00,0.0
2025-02-21 04:00:00,0.0
2025-02-21 05:00:00,0.0
2025-02-21 06:00:00,0.04876
2025-02-21 07:00:00,0.24906999999999999
2025-02-21 08:00:00,0.43967
2025-02-21 09:00:00,0.57166
2025-02-21 10:00:00,0.65415
2025-02-21 11:00:00,0.7373999999999999
2025-02-21 12:00:00,0.73336
2025-02-21 13:00:00,0.61585
2025-02-21 14:00:00,0.52024
2025-02-21 15:00:00,0.34702999999999995
2025-02-21 16:00:00,0.18888
2025-02-21 17:00:00,0.03646
2025-02-21 18:00:00,0.0
2025-02-21 19:00:00,0.0
2025-02-21 20:00:00,0.0
2025-02-21 21:00:00,0.0
2025-02-21 22:00:00,0.0
2025-02-21 23:00:00,0.0
2025-02-22 00:00:00,0.0
2025-02-22 01:00:00,0.0
2025-02-22 02:00:00,0.0
2025-02-22 03:00:00,0.0
2025-02-22 04:00:00,0.0
2025-02-22 05:00:00,0.0
2025-02-22 06:00:00,0.031670000000000004
2025-02-22 07:00:00,0.17089
2025-02-22 08:00:00,0.2783
2025-02-22 09:00:00,0.36466000000000004
2025-02-22 10:00:00,0.41874
2025-02-22 11:00:00,0.48414999999999997
2025-02-22 12:00:00,0.58077
2025-02-22 13:00:00,0.52623
2025-02-22 14:00:00,0.41555000000000003
2025-02-22 15:00:00,0.26348
2025-02-22 16:00:00,0.13725
2025-02-22 17:00:00,0.02179
2025-02-22 18:00:00,0.0
2025-02-22 19:00:00,0.0
2025-02-22 20:00:00,0.0
2025-02-22 21:00:00,0.0
2025-02-22 22:00:00,0.0
2025-02-22 23:00:00,0.0
2025-02-23 00:00:00,0.0
2025-02-23 01:00:00,0.0
2025-02-23 02:00:00,0.0
2025-02-23 03:00:00,0.0
2025-02-23 04:00:00,0.0
2025-02-23 05:00:00,0.0
2025-02-23 06:00:00,0.05374
2025-02-23 07:00:00,0.24647999999999998
2025-02-23 08:00:00,0.43765
2025-02-23 09:00:00,0.58723
2025-02-23 10:00:00,0.64244
2025-02-23 11:00:00,0.5373300000000001
2025-02-23 12:00:00,0.57421
2025-02-23 13:00:00,0.38012
2025-02-23 14:00:00,0.33711
2025-02-23 15:00:00,0.24449
2025-02-23 16:00:00,0.13415000000000002
2025-02-23 17:00:00,0.03032
2025-02-23 18:00:00,0.0
2025-02-23 19:00:00,0.0
2025-02-23 20:00:00,0.0
2025-02-23 21:00:00,0.0
2025-02-23 22:00:00,0.0
2025-02-23 23:00:00,0.0
2025-02-24 00:00:00,0.0
2025-02-24 01:00:00,0.0
2025-02-24 02:00:00,0.0
2025-02-24 03:00:00,0.0
2025-02-24 04:00:00,0.0
2025-02-24 05:00:00,0.0
2025-02-24 06:00:00,0.03964
2025-02-24 07:00:00,0.1675
2025-02-24 08:00:00,0.38086000000000003
2025-02-24 09:00:00,0.50034
2025-02-24 10:00:00,0.53639
2025-02-24 11:00:00,0.6257
2025-02-24 12:00:00,0.5853700000000001
2025-02-24 13:00:00,0.52137
2025-02-24 14:00:00,0.33984
2025-02-24 15:00:00,0.39106
2025-02-24 16:00:00,0.16019
2025-02-24 17:00:00,0.04291
2025-02-24 18:00:00,0.0007199999999999999
2025-02-24 19:00:00,0.0
2025-02-24 20:00:00,0.0
2025-02-24 21:00:00,0.0
2025-02-24 22:00:00,0.0
2025-02-24 23:00:00,0.0
2025-02-25 00:00:00,0.0
2025-02-25 01:00:00,0.0
2025-02-25 02:00:00,0.0
2025-02-25 03:00:00,0.0
2025-02-25 04:00:00,0.0
2025-02-25 05:00:00,0.0
2025-02-25 06:00:00,0.04887
2025-02-25 07:00:00,0.2221
2025-02-25 08:00:00,0.40866
2025-02-25 09:00:00,0.49951999999999996
2025-02-25 10:00:00,0.61964
2025-02-25 11:00:00,0.6722
2025-02-25 12:00:00,0.70201
2025-02-25 13:00:00,0.52313
2025-02-25 14:00:00,0.49301999999999996
2025-02-25 15:00:00,0.39280000000000004
2025-02-25 16:00:00,0.19391999999999998
2025-02-25 17:00:00,0.02938
2025-02-25 18:00:00,0.0
2025-02-25 19:00:00,0.0
2025-02-25 20:00:00,0.0
2025-02-25 21:00:00,0.0
2025-02-25 22:00:00,0.0
2025-02-25 23:00:00,0.0
2025-02-26 00:00:00,0.0
2025-02-26 01:00:00,0.0
2025-02-26 02:00:00,0.0
2025-02-26 03:00:00,0.0
2025-02-26 04:00:00,0.0
2025-02-26 05:00:00,0.0
2025-02-26 06:00:00,0.04057
2025-02-26 07:00:00,0.24258000000000002
2025-02-26 08:00:00,0.42751
2025-02-26 09:00:00,0.5233300000000001
2025-02-26 10:00:00,0.58215
2025-02-26 11:00:00,0.69875
2025-02-26 12:00:00,0.73425
2025-02-26 13:00:00,0.65524
2025-02-26 14:00:00,0.50776
2025-02-26 15:00:00,0.33486
2025-02-26 16:00:00,0.12618000000000001
2025-02-26 17:00:00,0.03304
2025-02-26 18:00:00,0.0
2025-02-26 19:00:00,0.0
2025-02-26 20:00:00,0.0
2025-02-26 21:00:00,0.0
2025-02-26 22:00:00,0.0
2025-02-26 23:00:00,0.0
2025-02-27 00:00:00,0.0
2025-02-27 01:00:00,0.0
2025-02-27 02:00:00,0.0
2025-02-27 03:00:00,0.0
2025-02-27 04:00:00,0.0
2025-02-27 05:00:00,0.0
2025-02-27 06:00:00,0.04106
2025-02-27 07:00:00,0.19762000000000002
2025-02-27 08:00:00,0.41987
2025-02-27 09:00:00,0.59474
2025-02-27 10:00:00,0.66176
2025-02-27 11:00:00,0.61248
2025-02-27 12:00:00,0.6164
2025-02-27 13:00:00,0.58305
2025-02-27 14:00:00,0.4845
2025-02-27 15:00:00,0.23674
2025-02-27 16:00:00,0.08599
2025-02-27 17:00:00,0.02725
2025-02-27 18:00:00,0.0
2025-02-27 19:00:00,0.0
2025-02-27 20:00:00,0.0
2025-02-27 21:00:00,0.0
2025-02-27 22:00:00,0.0
2025-02-27 23:00:00,0.0
2025-02-28 00:00:00,0.0
2025-02-28 01:00:00,0.0
2025-02-28 02:00:00,0.0
2025-02-28 03:00:00,0.0
2025-02-28 04:00:00,0.0
2025-02-28 05:00:00,0.0
2025-02-28 06:00:00,0.0322
2025-02-28 07:00:00,0.14443
2025-02-28 08:00:00,0.35056
2025-02-28 09:00:00,0.48652999999999996
2025-02-28 10:00:00,0.6223200000000001
2025-02-28 11:00:00,0.65915
2025-02-28 12:00:00,0.6474099999999999
2025-02-28 13:00:00,0.5333300000000001
2025-02-28 14:00:00,0.41552
2025-02-28 15:00:00,0.32325
2025-02-28 16:00:00,0.1663
2025-02-28 17:00:00,0.03413
2025-02-28 18:00:00,0.0
2025-02-28 19:00:00,0.0
2025-02-28 20:00:00,0.0
2025-02-28 21:00:00,0.0
2025-02-28 22:00:00,0.0
2025-02-28 23:00:00,0.0
2025-03-01 00:00:00,0.0
2025-03-01 01:00:00,0.0
2025-03-01 02:00:00,0.0
2025-03-01 03:00:00,0.0
2025-03-01 04:00:00,0.0
2025-03-01 05:00:00,0.0
2025-03-01 06:00:00,0.052719999999999996
2025-03-01 07:00:00,0.25112
2025-03-01 08:00:00,0.45117
2025-03-01 09:00:00,0.6331100000000001
2025-03-01 10:00:00,0.7384700000000001
2025-03-01 11:00:00,0.6666
2025-03-01 12:00:00,0.70253
2025-03-01 13:00:00,0.59919
2025-03-01 14:00:00,0.5177
2025-03-01 15:00:00,0.35833
2025-03-01 16:00:00,0.18286000000000002
2025-03-01 17:00:00,0.03114
2025-03-01 18:00:00,0.0
2025-03-01 19:00:00,0.0
2025-03-01 20:00:00,0.0
2025-03-01 21:00:00,0.0
2025-03-01 22:00:00,0.0
2025-03-01 23:00:00,0.0
2025-03-02 00:00:00,0.0
2025-03-02 01:00:00,0.0
2025-03-02 02:00:00,0.0
2025-03-02 03:00:00,0.0
2025-03-02 04:00:00,0.0
2025-03-02 05:00:00,0.0
2025-03-02 06:00:00,0.053149999999999996
2025-03-02 07:00:00,0.27564
2025-03-02 08:00:00,0.48862
2025-03-02 09:00:00,0.6472100000000001
2025-03-02 10:00:00,0.7146399999999999
2025-03-02 11:00:00,0.7157
2025-03-02 12:00:00,0.7446200000000001
2025-03-02 13:00:00,0.6759400000000001
2025-03-02 14:00:00,0.54225
2025-03-02 15:00:00,0.30408999999999997
2025-03-02 16:00:00,0.15167
2025-03-02 17:00:00,0.03161
2025-03-02 18:00:00,0.0
2025-03-02 19:00:00,0.0
2025-03-02 20:00:00,0.0
2025-03-02 21:00:00,0.0
2025-03-02 22:00:00,0.0
2025-03-02 23:00:00,0.0
2025-03-03 00:00:00,0.0
2025-03-03 01:00:00,0.0
2025-03-03 02:00:00,0.0
2025-03-03 03:00:00,0.0
2025-03-03 04:00:00,0.0
2025-03-03 05:00:00,0.0
2025-03-03 06:00:00,0.02926
2025-03-03 07:00:00,0.18137999999999999
2025-03-03 08:00:00,0.29002
2025-03-03 09:00:00,0.42689
2025-03-03 10:00:00,0.53873
2025-03-03 11:00:00,0.6844600000000001
2025-03-03 12:00:00,0.57941
2025-03-03 13:00:00,0.36915
2025-03-03 14:00:00,0.37301999999999996
2025-03-03 15:00:00,0.31214
2025-03-03 16:00:00,0.13857
2025-03-03 17:00:00,0.03667
2025-03-03 18:00:00,0.0
2025-03-03 19:00:00,0.0
2025-03-03 20:00:00,0.0
2025-03-03 21:00:00,0.0
2025-03-03 22:00:00,0.0
2025-03-03 23:00:00,0.0
2025-03-04 00:00:00,0.0
2025-03-04 01:00:00,0.0
2025-03-04 02:00:00,0.0
2025-03-04 03:00:00,0.0
2025-03-04 04:00:00,0.0
2025-03-04 05:00:00,0.0
2025-03-04 06:00:00,0.05138
2025-03-04 07:00:00,0.2572
2025-03-04 08:00:00,0.45371
2025-03-04 09:00:00,0.60576
2025-03-04 10:00:00,0.653
2025-03-04 11:00:00,0.6934199999999999
2025-03-04 12:00:00,0.67132
2025-03-04 13:00:00,0.46337
2025-03-04 14:00:00,0.33203
2025-03-04 15:00:00,0.15569
2025-03-04 16:00:00,0.13057
2025-03-04 17:00:00,0.032850000000000004
2025-03-04 18:00:00,0.0
2025-03-04 19:00:00,0.0
2025-03-04 20:00:00,0.0
2025-03-04 21:00:00,0.0
2025-03-04 22:00:00,0.0
2025-03-04 23:00:00,0.0
2025-03-05 00:00:00,0.0
2025-03-05 01:00:00,0.0
2025-03-05 02:00:00,0.0
2025-03-05 03:00:00,0.0
2025-03-05 04:00:00,0.0
2025-03-05 05:00:00,0.0
2025-03-05 06:00:00,0.02984
2025-03-05 07:00:00,0.15353
2025-03-05 08:00:00,0.32676
2025-03-05 09:00:00,0.49783
2025-03-05 10:00:00,0.6991799999999999
2025-03-05 11:00:00,0.66311
2025-03-05 12:00:00,0.61552
2025-03-05 13:00:00,0.47822000000000003
2025-03-05 14:00:00,0.25753
2025-03-05 15:00:00,0.16636
2025-03-05 16:00:00,0.1251
2025-03-05 17:00:00,0.0365
2025-03-05 18:00:00,0.0
2025-03-05 19:00:00,0.0
2025-03-05 20:00:00,0.0
2025-03-05 21:00:00,0.0
2025-03-05 22:00:00,0.0
2025-03-05 23:00:00,0.0
2025-03-06 00:00:00,0.0
2025-03-06 01:00:00,0.0
2025-03-06 02:00:00,0.0
2025-03-06 03:00:00,0.0
2025-03-06 04:00:00,0.0
2025-03-06 05:00:00,0.0
2025-03-06 06:00:00,0.02543
2025-03-06 07:00:00,0.13822
2025-03-06 08:00:00,0.34420999999999996
2025-03-06 09:00:00,0.5219199999999999
2025-03-06 10:00:00,0.52689
2025-03-06 11:00:00,0.67113
2025-03-06 12:00:00,0.64862
2025-03-06 13:00:00,0.49887
2025-03-06 14:00:00,0.43367
2025-03-06 15:00:00,0.34226
2025-03-06 16:00:00,0.19325
2025-03-06 17:00:00,0.0318
2025-03-06 18:00:00,0.0
2025-03-06 19:00:00,0.0
2025-03-06 20:00:00,0.0
2025-03-06 21:00:00,0.0
2025-03-06 22:00:00,0.0
2025-03-06 23:00:00,0.0
2025-03-07 00:00:00,0.0
2025-03-07 01:00:00,0.0
2025-03-07 02:00:00,0.0
2025-03-07 03:00:00,0.0
2025-03-07 04:00:00,0.0
2025-03-07 05:00:00,0.0
2025-03-07 06:00:00,0.0505
2025-03-07 07:00:00,0.19034
2025-03-07 08:00:00,0.41248
2025-03-07 09:00:00,0.36924
2025-03-07 10:00:00,0.34870999999999996
2025-03-07 11:00:00,0.37476
2025-03-07 12:00:00,0.32847000000000004
2025-03-07 13:00:00,0.25537
2025-03-07 14:00:00,0.30987
2025-03-07 15:00:00,0.24198
2025-03-07 16:00:00,0.14705000000000001
2025-03-07 17:00:00,0.033049999999999996
2025-03-07 18:00:00,0.0
2025-03-07 19:00:00,0.0
2025-03-07 20:00:00,0.0
2025-03-07 21:00:00,0.0
2025-03-07 22:00:00,0.0
2025-03-07 23:00:00,0.0
2025-03-08 00:00:00,0.0
2025-03-08 01:00:00,0.0
2025-03-08 02:00:00,0.0
2025-03-08 03:00:00,0.0
2025-03-08 04:00:00,0.0
2025-03-08 05:00:00,0.0
2025-03-08 06:00:00,0.02947
2025-03-08 07:00:00,0.12922
2025-03-08 08:00:00,0.19473
2025-03-08 09:00:00,0.34425
2025-03-08 10:00:00,0.42355000000000004
2025-03-08 11:00:00,0.39077
2025-03-08 12:00:00,0.5799500000000001
2025-03-08 13:00:00,0.51791
2025-03-08 14:00:00,0.48248
2025-03-08 15:00:00,0.19676
2025-03-08 16:00:00,0.13286
2025-03-08 17:00:00,0.02162
2025-03-08 18:00:00,0.0
2025-03-08 19:00:00,0.0
2025-03-08 20:00:00,0.0
2025-03-08 21:00:00,0.0
2025-03-08 22:00:00,0.0
2025-03-08 23:00:00,0.0
2025-03-09 00:00:00,0.0
2025-03-09 01:00:00,0.0
2025-03-09 02:00:00,0.0
2025-03-09 03:00:00,0.0
2025-03-09 04:00:00,0.0
2025-03-09 05:00:00,0.0
2025-03-09 06:00:00,0.04114
2025-03-09 07:00:00,0.2539
2025-03-09 08:00:00,0.46767000000000003
2025-03-09 09:00:00,0.60561
2025-03-09 10:00:00,0.7208600000000001
2025-03-09 11:00:00,0.6980700000000001
2025-03-09 12:00:00,0.5718300000000001
2025-03-09 13:00:00,0.50355
2025-03-09 14:00:00,0.41082
2025-03-09 15:00:00,0.19199000000000002
2025-03-09 16:00:00,0.08752
2025-03-09 17:00:00,0.0172
2025-03-09 18:00:00,0.0
2025-03-09 19:00:00,0.0
2025-03-09 20:00:00,0.0
2025-03-09 21:00:00,0.0
2025-03-09 22:00:00,0.0
2025-03-09 23:00:00,0.0
2025-03-10 00:00:00,0.0
2025-03-10 01:00:00,0.0
2025-03-10 02:00:00,0.0
2025-03-10 03:00:00,0.0
2025-03-10 04:00:00,0.0
2025-03-10 05:00:00,0.0
2025-03-10 06:00:00,0.04603
2025-03-10 07:00:00,0.2427
2025-03-10 08:00:00,0.43136
2025-03-10 09:00:00,0.57485
2025-03-10 10:00:00,0.62882
2025-03-10 11:00:00,0.66075
2025-03-10 12:00:00,0.52158
2025-03-10 13:00:00,0.62571
2025-03-10 14:00:00,0.36907
2025-03-10 15:00:00,0.22037
2025-03-10 16:00:00,0.07992
2025-03-10 17:00:00,0.01158
2025-03-10 18:00:00,0.0
2025-03-10 19:00:00,0.0
2025-03-10 20:00:00,0.0
2025-03-10 21:00:00,0.0
2025-03-10 22:00:00,0.0
2025-03-10 23:00:00,0.0
2025-03-11 00:00:00,0.0
2025-03-11 01:00:00,0.0
2025-03-11 02:00:00,0.0
2025-03-11 03:00:00,0.0
2025-03-11 04:00:00,0.0
2025-03-11 05:00:00,0.0
2025-03-11 06:00:00,0.01709
2025-03-11 07:00:00,0.12495
2025-03-11 08:00:00,0.23788
2025-03-11 09:00:00,0.39488
2025-03-11 10:00:00,0.22451
2025-03-11 11:00:00,0.28598
2025-03-11 12:00:00,0.13949
2025-03-11 13:00:00,0.13688
2025-03-11 14:00:00,0.10078
2025-03-11 15:00:00,0.08303
2025-03-11 16:00:00,0.05479
2025-03-11 17:00:00,0.00943
2025-03-11 18:00:00,0.0
2025-03-11 19:00:00,0.0
2025-03-11 20:00:00,0.0
2025-03-11 21:00:00,0.0
2025-03-11 22:00:00,0.0
2025-03-11 23:00:00,0.0
2025-03-12 00:00:00,0.0
2025-03-12 01:00:00,0.0
2025-03-12 02:00:00,0.0
2025-03-12 03:00:00,0.0
2025-03-12 04:00:00,0.0
2025-03-12 05:00:00,0.0
2025-03-12 06:00:00,0.0054800000000000005
2025-03-12 07:00:00,0.033280000000000004
2025-03-12 08:00:00,0.2071
2025-03-12 09:00:00,0.29767
2025-03-12 10:00:00,0.40366
2025-03-12 11:00:00,0.40325
2025-03-12 12:00:00,0.28278
2025-03-12 13:00:00,0.29825999999999997
2025-03-12 14:00:00,0.12794
2025-03-12 15:00:00,0.17307
2025-03-12 16:00:00,0.038880000000000005
2025-03-12 17:00:00,0.01543
2025-03-12 18:00:00,0.0
2025-03-12 19:00:00,0.0
2025-03-12 20:00:00,0.0
2025-03-12 21:00:00,0.0
2025-03-12 22:00:00,0.0
2025-03-12 23:00:00,0.0
2025-03-13 00:00:00,0.0
2025-03-13 01:00:00,0.0
2025-03-13 02:00:00,0.0
2025-03-13 03:00:00,0.0
2025-03-13 04:00:00,0.0
2025-03-13 05:00:00,0.0
2025-03-13 06:00:00,0.015269999999999999
2025-03-13 07:00:00,0.11348
2025-03-13 08:00:00,0.33413
2025-03-13 09:00:00,0.52246
2025-03-13 10:00:00,0.53725
2025-03-13 11:00:00,0.5935499999999999
2025-03-13 12:00:00,0.48460000000000003
2025-03-13 13:00:00,0.45637
2025-03-13 14:00:00,0.25572
2025-03-13 15:00:00,0.18315
2025-03-13 16:00:00,0.07155
2025-03-13 17:00:00,0.013099999999999999
2025-03-13 18:00:00,0.0
2025-03-13 19:00:00,0.0
2025-03-13 20:00:00,0.0
2025-03-13 21:00:00,0.0
2025-03-13 22:00:00,0.0
2025-03-13 23:00:00,0.0
2025-03-14 00:00:00,0.0
2025-03-14 01:00:00,0.0
2025-03-14 02:00:00,0.0
2025-03-14 03:00:00,0.0
2025-03-14 04:00:00,0.0
2025-03-14 05:00:00,0.0
2025-03-14 06:00:00,0.02414
2025-03-14 07:00:00,0.10493000000000001
2025-03-14 08:00:00,0.32387
2025-03-14 09:00:00,0.5127999999999999
2025-03-14 10:00:00,0.6614
2025-03-14 11:00:00,0.6795399999999999
2025-03-14 12:00:00,0.697
2025-03-14 13:00:00,0.59502
2025-03-14 14:00:00,0.44225
2025-03-14 15:00:00,0.19440000000000002
2025-03-14 16:00:00,0.07959000000000001
2025-03-14 17:00:00,0.01656
2025-03-14 18:00:00,0.0
2025-03-14 19:00:00,0.0
2025-03-14 20:00:00,0.0
2025-03-14 21:00:00,0.0
2025-03-14 22:00:00,0.0
2025-03-14 23:00:00,0.0
2025-03-15 00:00:00,0.0
2025-03-15 01:00:00,0.0
2025-03-15 02:00:00,0.0
2025-03-15 03:00:00,0.0
2025-03-15 04:00:00,0.0
2025-03-15 05:00:00,0.0
2025-03-15 06:00:00,0.03718
2025-03-15 07:00:00,0.22477
2025-03-15 08:00:00,0.39876
2025-03-15 09:00:00,0.564
2025-03-15 10:00:00,0.55306
2025-03-15 11:00:00,0.66744
2025-03-15 12:00:00,0.64683
2025-03-15 13:00:00,0.4988
2025-03-15 14:00:00,0.45095999999999997
2025-03-15 15:00:00,0.32530000000000003
2025-03-15 16:00:00,0.17191
2025-03-15 17:00:00,0.02157
2025-03-15 18:00:00,0.0
2025-03-15 19:00:00,0.0
2025-03-15 20:00:00,0.0
2025-03-15 21:00:00,0.0
2025-03-15 22:00:00,0.0
2025-03-15 23:00:00,0.0
2025-03-16 00:00:00,0.0
2025-03-16 01:00:00,0.0
2025-03-16 02:00:00,0.0
2025-03-16 03:00:00,0.0
2025-03-16 04:00:00,0.0
2025-03-16 05:00:00,0.0
2025-03-16 06:00:00,0.04093
2025-03-16 07:00:00,0.24196
2025-03-16 08:00:00,0.43098000000000003
2025-03-16 09:00:00,0.5531699999999999
2025-03-16 10:00:00,0.6624500000000001
2025-03-16 11:00:00,0.72503
2025-03-16 12:00:00,0.72114
2025-03-16 13:00:00,0.67106
2025-03-16 14:00:00,0.53915
2025-03-16 15:00:00,0.36419999999999997
2025-03-16 16:00:00,0.19599
2025-03-16 17:00:00,0.01896
2025-03-16 18:00:00,0.0
2025-03-16 19:00:00,0.0
2025-03-16 20:00:00,0.0
2025-03-16 21:00:00,0.0
2025-03-16 22:00:00,0.0
2025-03-16 23:00:00,0.0
2025-03-17 00:00:00,0.0
2025-03-17 01:00:00,0.0
2025-03-17 02:00:00,0.0
2025-03-17 03:00:00,0.0
2025-03-17 04:00:00,0.0
2025-03-17 05:00:00,0.0
2025-03-17 06:00:00,0.03481
2025-03-17 07:00:00,0.19055000000000002
2025-03-17 08:00:00,0.44486000000000003
2025-03-17 09:00:00,0.64376
2025-03-17 10:00:00,0.7559
2025-03-17 11:00:00,0.78112
2025-03-17 12:00:00,0.77855
2025-03-17 13:00:00,0.66318
2025-03-17 14:00:00,0.52275
2025-03-17 15:00:00,0.35228
2025-03-17 16:00:00,0.19644
2025-03-17 17:00:00,0.02224
2025-03-17 18:00:00,0.0
2025-03-17 19:00:00,0.0
2025-03-17 20:00:00,0.0
2025-03-17 21:00:00,0.0
2025-03-17 22:00:00,0.0
2025-03-17 23:00:00,0.0
2025-03-18 00:00:00,0.0
2025-03-18 01:00:00,0.0
2025-03-18 02:00:00,0.0
2025-03-18 03:00:00,0.0
2025-03-18 04:00:00,0.0
2025-03-18 05:00:00,0.0
2025-03-18 06:00:00,0.056549999999999996
2025-03-18 07:00:00,0.27878
2025-03-18 08:00:00,0.48886
2025-03-18 09:00:00,0.63619
2025-03-18 10:00:00,0.65787
2025-03-18 11:00:00,0.72338
2025-03-18 12:00:00,0.56249
2025-03-18 13:00:00,0.5092300000000001
2025-03-18 14:00:00,0.45054
2025-03-18 15:00:00,0.35199
2025-03-18 16:00:00,0.15894
2025-03-18 17:00:00,0.01723
2025-03-18 18:00:00,0.0
2025-03-18 19:00:00,0.0
2025-03-18 20:00:00,0.0
2025-03-18 21:00:00,0.0
2025-03-18 22:00:00,0.0
2025-03-18 23:00:00,0.0
2025-03-19 00:00:00,0.0
2025-03-19 01:00:00,0.0
2025-03-19 02:00:00,0.0
2025-03-19 03:00:00,0.0
2025-03-19 04:00:00,0.0
2025-03-19 05:00:00,0.0
2025-03-19 06:00:00,0.0375
2025-03-19 07:00:00,0.21046
2025-03-19 08:00:00,0.44689999999999996
2025-03-19 09:00:00,0.6276799999999999
2025-03-19 10:00:00,0.62114
2025-03-19 11:00:00,0.64377
2025-03-19 12:00:00,0.64451
2025-03-19 13:00:00,0.58815
2025-03-19 14:00:00,0.4694
2025-03-19 15:00:00,0.38166
2025-03-19 16:00:00,0.17934999999999998
2025-03-19 17:00:00,0.01595
2025-03-19 18:00:00,0.0
2025-03-19 19:00:00,0.0
2025-03-19 20:00:00,0.0
2025-03-19 21:00:00,0.0
2025-03-19 22:00:00,0.0
2025-03-19 23:00:00,0.0
2025-03-20 00:00:00,0.0
2025-03-20 01:00:00,0.0
2025-03-20 02:00:00,0.0
2025-03-20 03:00:00,0.0
2025-03-20 04:00:00,0.0
2025-03-20 05:00:00,0.0
2025-03-20 06:00:00,0.05697
2025-03-20 07:00:00,0.27873000000000003
2025-03-20 08:00:00,0.47757
2025-03-20 09:00:00,0.6346
2025-03-20 10:00:00,0.70445
2025-03-20 11:00:00,0.7135499999999999
2025-03-20 12:00:00,0.6889299999999999
2025-03-20 13:00:00,0.60637
2025-03-20 14:00:00,0.48464999999999997
2025-03-20 15:00:00,0.35614999999999997
2025-03-20 16:00:00,0.11993000000000001
2025-03-20 17:00:00,0.017
2025-03-20 18:00:00,0.0
2025-03-20 19:00:00,0.0
2025-03-20 20:00:00,0.0
2025-03-20 21:00:00,0.0
2025-03-20 22:00:00,0.0
2025-03-20 23:00:00,0.0
2025-03-21 00:00:00,0.0
2025-03-21 01:00:00,0.0
2025-03-21 02:00:00,0.0
2025-03-21 03:00:00,0.0
2025-03-21 04:00:00,0.0
2025-03-21 05:00:00,0.0
2025-03-21 06:00:00,0.04272
2025-03-21 07:00:00,0.19519999999999998
2025-03-21 08:00:00,0.42892
2025-03-21 09:00:00,0.58329
2025-03-21 10:00:00,0.6814199999999999
2025-03-21 11:00:00,0.69374
2025-03-21 12:00:00,0.68579
2025-03-21 13:00:00,0.64246
2025-03-21 14:00:00,0.42535
2025-03-21 15:00:00,0.29169
2025-03-21 16:00:00,0.18328999999999998
2025-03-21 17:00:00,0.0135
2025-03-21 18:00:00,0.0
2025-03-21 19:00:00,0.0
2025-03-21 20:00:00,0.0
2025-03-21 21:00:00,0.0
2025-03-21 22:00:00,0.0
2025-03-21 23:00:00,0.0
2025-03-22 00:00:00,0.0
2025-03-22 01:00:00,0.0
2025-03-22 02:00:00,0.0
2025-03-22 03:00:00,0.0
2025-03-22 04:00:00,0.0
2025-03-22 05:00:00,0.0
2025-03-22 06:00:00,0.00799
2025-03-22 07:00:00,0.18824000000000002
2025-03-22 08:00:00,0.40620999999999996
2025-03-22 09:00:00,0.58625
2025-03-22 10:00:00,0.73991
2025-03-22 11:00:00,0.76676
2025-03-22 12:00:00,0.7159099999999999
2025-03-22 13:00:00,0.63891
2025-03-22 14:00:00,0.5039100000000001
2025-03-22 15:00:00,0.32523
2025-03-22 16:00:00,0.15575999999999998
2025-03-22 17:00:00,0.01458
2025-03-22 18:00:00,0.0
2025-03-22 19:00:00,0.0
2025-03-22 20:00:00,0.0
2025-03-22 21:00:00,0.0
2025-03-22 22:00:00,0.0
2025-03-22 23:00:00,0.0
2025-03-23 00:00:00,0.0
2025-03-23 01:00:00,0.0
2025-03-23 02:00:00,0.0
2025-03-23 03:00:00,0.0
2025-03-23 04:00:00,0.0
2025-03-23 05:00:00,0.0
2025-03-23 06:00:00,0.0076
2025-03-23 07:00:00,0.24494
2025-03-23 08:00:00,0.49302999999999997
2025-03-23 09:00:00,0.65719
2025-03-23 10:00:00,0.74981
2025-03-23 11:00:00,0.7883
2025-03-23 12:00:00,0.75415
2025-03-23 13:00:00,0.66132
2025-03-23 14:00:00,0.57433
2025-03-23 15:00:00,0.38983
2025-03-23 16:00:00,0.18125
2025-03-23 17:00:00,0.01719
2025-03-23 18:00:00,0.0
2025-03-23 19:00:00,0.0
2025-03-23 20:00:00,0.0
2025-03-23 21:00:00,0.0
2025-03-23 22:00:00,0.0
2025-03-23 23:00:00,0.0
2025-03-24 00:00:00,0.0
2025-03-24 01:00:00,0.0
2025-03-24 02:00:00,0.0
2025-03-24 03:00:00,0.0
2025-03-24 04:00:00,0.0
2025-03-24 05:00:00,0.0
2025-03-24 06:00:00,0.00684
2025-03-24 07:00:00,0.28372
2025-03-24 08:00:00,0.50464
2025-03-24 09:00:00,0.6522
2025-03-24 10:00:00,0.74193
2025-03-24 11:00:00,0.74882
2025-03-24 12:00:00,0.72503
2025-03-24 13:00:00,0.57636
2025-03-24 14:00:00,0.45938
2025-03-24 15:00:00,0.34187
2025-03-24 16:00:00,0.13473
2025-03-24 17:00:00,0.01682
2025-03-24 18:00:00,0.0
2025-03-24 19:00:00,0.0
2025-03-24 20:00:00,0.0
2025-03-24 21:00:00,0.0
2025-03-24 22:00:00,0.0
2025-03-24 23:00:00,0.0
2025-03-25 00:00:00,0.0
2025-03-25 01:00:00,0.0
2025-03-25 02:00:00,0.0
2025-03-25 03:00:00,0.0
2025-03-25 04:00:00,0.0
2025-03-25 05:00:00,0.0
2025-03-25 06:00:00,0.00575
2025-03-25 07:00:00,0.24165
2025-03-25 08:00:00,0.46963
2025-03-25 09:00:00,0.62206
2025-03-25 10:00:00,0.68712
2025-03-25 11:00:00,0.67864
2025-03-25 12:00:00,0.7092999999999999
2025-03-25 13:00:00,0.64187
2025-03-25 14:00:00,0.50371
2025-03-25 15:00:00,0.3743
2025-03-25 16:00:00,0.15599000000000002
2025-03-25 17:00:00,0.01443
2025-03-25 18:00:00,0.0
2025-03-25 19:00:00,0.0
2025-03-25 20:00:00,0.0
2025-03-25 21:00:00,0.0
2025-03-25 22:00:00,0.0
2025-03-25 23:00:00,0.0
2025-03-26 00:00:00,0.0
2025-03-26 01:00:00,0.0
2025-03-26 02:00:00,0.0
2025-03-26 03:00:00,0.0
2025-03-26 04:00:00,0.0
2025-03-26 05:00:00,0.0
2025-03-26 06:00:00,0.00621
2025-03-26 07:00:00,0.28689
2025-03-26 08:00:00,0.49493
2025-03-26 09:00:00,0.64395
2025-03-26 10:00:00,0.73822
2025-03-26 11:00:00,0.73517
2025-03-26 12:00:00,0.59216
2025-03-26 13:00:00,0.58273
2025-03-26 14:00:00,0.5135599999999999
2025-03-26 15:00:00,0.34667000000000003
2025-03-26 16:00:00,0.16344999999999998
2025-03-26 17:00:00,0.012289999999999999
2025-03-26 18:00:00,0.0
2025-03-26 19:00:00,0.0
2025-03-26 20:00:00,0.0
2025-03-26 21:00:00,0.0
2025-03-26 22:00:00,0.0
2025-03-26 23:00:00,0.0
2025-03-27 00:00:00,0.0
2025-03-27 01:00:00,0.0
2025-03-27 02:00:00,0.0
2025-03-27 03:00:00,0.0
2025-03-27 04:00:00,0.0
2025-03-27 05:00:00,0.0
2025-03-27 06:00:00,0.00694
2025-03-27 07:00:00,0.27062
2025-03-27 08:00:00,0.44724
2025-03-27 09:00:00,0.58693
2025-03-27 10:00:00,0.54046
2025-03-27 11:00:00,0.5484
2025-03-27 12:00:00,0.40074
2025-03-27 13:00:00,0.37635
2025-03-27 14:00:00,0.32004000000000005
2025-03-27 15:00:00,0.25476
2025-03-27 16:00:00,0.08837
2025-03-27 17:00:00,0.00966
2025-03-27 18:00:00,0.0
2025-03-27 19:00:00,0.0
2025-03-27 20:00:00,0.0
2025-03-27 21:00:00,0.0
2025-03-27 22:00:00,0.0
2025-03-27 23:00:00,0.0
2025-03-28 00:00:00,0.0
2025-03-28 01:00:00,0.0
2025-03-28 02:00:00,0.0
2025-03-28 03:00:00,0.0
2025-03-28 04:00:00,0.0
2025-03-28 05:00:00,0.0
2025-03-28 06:00:00,0.0028599999999999997
2025-03-28 07:00:00,0.14555
2025-03-28 08:00:00,0.31587
2025-03-28 09:00:00,0.37268
2025-03-28 10:00:00,0.46186
2025-03-28 11:00:00,0.43018
2025-03-28 12:00:00,0.54577
2025-03-28 13:00:00,0.43811
2025-03-28 14:00:00,0.45353
2025-03-28 15:00:00,0.27938
2025-03-28 16:00:00,0.0844
2025-03-28 17:00:00,0.01165
2025-03-28 18:00:00,0.0
2025-03-28 19:00:00,0.0
2025-03-28 20:00:00,0.0
2025-03-28 21:00:00,0.0
2025-03-28 22:00:00,0.0
2025-03-28 23:00:00,0.0
2025-03-29 00:00:00,0.0
2025-03-29 01:00:00,0.0
2025-03-29 02:00:00,0.0
2025-03-29 03:00:00,0.0
2025-03-29 04:00:00,0.0
2025-03-29 05:00:00,0.0
2025-03-29 06:00:00,0.00891
2025-03-29 07:00:00,0.07354000000000001
2025-03-29 08:00:00,0.14173
2025-03-29 09:00:00,0.22904
2025-03-29 10:00:00,0.34263
2025-03-29 11:00:00,0.39130000000000004
2025-03-29 12:00:00,0.42836
2025-03-29 13:00:00,0.39781
2025-03-29 14:00:00,0.4751
2025-03-29 15:00:00,0.27514
2025-03-29 16:00:00,0.08995
2025-03-29 17:00:00,0.01052
2025-03-29 18:00:00,0.0
2025-03-29 19:00:00,0.0
2025-03-29 20:00:00,0.0
2025-03-29 21:00:00,0.0
2025-03-29 22:00:00,0.0
2025-03-29 23:00:00,0.0
2025-03-30 00:00:00,0.0
2025-03-30 01:00:00,0.0
2025-03-30 02:00:00,0.0
2025-03-30 03:00:00,0.0
2025-03-30 04:00:00,0.0
2025-03-30 05:00:00,0.0
2025-03-30 06:00:00,0.00509
2025-03-30 07:00:00,0.16438999999999998
2025-03-30 08:00:00,0.40643
2025-03-30 09:00:00,0.5410499999999999
2025-03-30 10:00:00,0.63246
2025-03-30 11:00:00,0.66947
2025-03-30 12:00:00,0.46624
2025-03-30 13:00:00,0.39702
2025-03-30 14:00:00,0.32561
2025-03-30 15:00:00,0.27564
2025-03-30 16:00:00,0.09745000000000001
2025-03-30 17:00:00,0.00656
2025-03-30 18:00:00,0.0
2025-03-30 19:00:00,0.0
2025-03-30 20:00:00,0.0
2025-03-30 21:00:00,0.0
2025-03-30 22:00:00,0.0
2025-03-30 23:00:00,0.0
2025-03-31 00:00:00,0.0
2025-03-31 01:00:00,0.0
2025-03-31 02:00:00,0.0
2025-03-31 03:00:00,0.0
2025-03-31 04:00:00,0.0
2025-03-31 05:00:00,0.0
2025-03-31 06:00:00,0.00541
2025-03-31 07:00:00,0.27220999999999995
2025-03-31 08:00:00,0.47931
2025-03-31 09:00:00,0.6103
2025-03-31 10:00:00,0.7180599999999999
2025-03-31 11:00:00,0.74438
2025-03-31 12:00:00,0.68722
2025-03-31 13:00:00,0.6025499999999999
2025-03-31 14:00:00,0.38927999999999996
2025-03-31 15:00:00,0.28370999999999996
2025-03-31 16:00:00,0.1062
2025-03-31 17:00:00,0.00867
2025-03-31 18:00:00,0.0
2025-03-31 19:00:00,0.0
2025-03-31 20:00:00,0.0
2025-03-31 21:00:00,0.0
2025-03-31 22:00:00,0.0
2025-03-31 23:00:00,0.0
2025-04-01 00:00:00,0.0
2025-04-01 01:00:00,0.0
2025-04-01 02:00:00,0.0
2025-04-01 03:00:00,0.0
2025-04-01 04:00:00,0.0
2025-04-01 05:00:00,0.0
2025-04-01 06:00:00,0.0071600000000000006
2025-04-01 07:00:00,0.20345
2025-04-01 08:00:00,0.42283
2025-04-01 09:00:00,0.59151
2025-04-01 10:00:00,0.69211
2025-04-01 11:00:00,0.74256
2025-04-01 12:00:00,0.71976
2025-04-01 13:00:00,0.68122
2025-04-01 14:00:00,0.55261
2025-04-01 15:00:00,0.39068
2025-04-01 16:00:00,0.16362000000000002
2025-04-01 17:00:00,0.01011
2025-04-01 18:00:00,0.0
2025-04-01 19:00:00,0.0
2025-04-01 20:00:00,0.0
2025-04-01 21:00:00,0.0
2025-04-01 22:00:00,0.0
2025-04-01 23:00:00,0.0
2025-04-02 00:00:00,0.0
2025-04-02 01:00:00,0.0
2025-04-02 02:00:00,0.0
2025-04-02 03:00:00,0.0
2025-04-02 04:00:00,0.0
2025-04-02 05:00:00,0.0
2025-04-02 06:00:00,0.00092
2025-04-02 07:00:00,0.10351
2025-04-02 08:00:00,0.27207
2025-04-02 09:00:00,0.38867
2025-04-02 10:00:00,0.46737
2025-04-02 11:00:00,0.46449
2025-04-02 12:00:00,0.44908
2025-04-02 13:00:00,0.49079
2025-04-02 14:00:00,0.37735
2025-04-02 15:00:00,0.25251
2025-04-02 16:00:00,0.10195
2025-04-02 17:00:00,0.00787
2025-04-02 18:00:00,0.0
2025-04-02 19:00:00,0.0
2025-04-02 20:00:00,0.0
2025-04-02 21:00:00,0.0
2025-04-02 22:00:00,0.0
2025-04-02 23:00:00,0.0
2025-04-03 00:00:00,0.0
2025-04-03 01:00:00,0.0
2025-04-03 02:00:00,0.0
2025-04-03 03:00:00,0.0
2025-04-03 04:00:00,0.0
2025-04-03 05:00:00,0.0
2025-04-03 06:00:00,0.004940000000000001
2025-04-03 07:00:00,0.18580000000000002
2025-04-03 08:00:00,0.41301
2025-04-03 09:00:00,0.58108
2025-04-03 10:00:00,0.56789
2025-04-03 11:00:00,0.4546
2025-04-03 12:00:00,0.31089999999999995
2025-04-03 13:00:00,0.5174099999999999
2025-04-03 14:00:00,0.47563
2025-04-03 15:00:00,0.29893000000000003
2025-04-03 16:00:00,0.15875999999999998
2025-04-03 17:00:00,0.00884
2025-04-03 18:00:00,0.0
2025-04-03 19:00:00,0.0
2025-04-03 20:00:00,0.0
2025-04-03 21:00:00,0.0
2025-04-03 22:00:00,0.0
2025-04-03 23:00:00,0.0
2025-04-04 00:00:00,0.0
2025-04-04 01:00:00,0.0
2025-04-04 02:00:00,0.0
2025-04-04 03:00:00,0.0
2025-04-04 04:00:00,0.0
2025-04-04 05:00:00,0.0
2025-04-04 06:00:00,0.0051600000000000005
2025-04-04 07:00:00,0.27146
2025-04-04 08:00:00,0.50887
2025-04-04 09:00:00,0.65011
2025-04-04 10:00:00,0.67508
2025-04-04 11:00:00,0.59414
2025-04-04 12:00:00,0.64142
2025-04-04 13:00:00,0.53204
2025-04-04 14:00:00,0.41206
2025-04-04 15:00:00,0.30118
2025-04-04 16:00:00,0.12875999999999999
2025-04-04 17:00:00,0.00636
2025-04-04 18:00:00,0.0
2025-04-04 19:00:00,0.0
2025-04-04 20:00:00,0.0
2025-04-04 21:00:00,0.0
2025-04-04 22:00:00,0.0
2025-04-04 23:00:00,0.0
2025-04-05 00:00:00,0.0
2025-04-05 01:00:00,0.0
2025-04-05 02:00:00,0.0
2025-04-05 03:00:00,0.0
2025-04-05 04:00:00,0.0
2025-04-05 05:00:00,0.0
2025-04-05 06:00:00,0.00466
2025-04-05 07:00:00,0.29311000000000004
2025-04-05 08:00:00,0.49883999999999995
2025-04-05 09:00:00,0.6070599999999999
2025-04-05 10:00:00,0.65516
2025-04-05 11:00:00,0.59489
2025-04-05 12:00:00,0.59826
2025-04-05 13:00:00,0.44499
2025-04-05 14:00:00,0.47070999999999996
2025-04-05 15:00:00,0.32436000000000004
2025-04-05 16:00:00,0.12189
2025-04-05 17:00:00,0.0073
2025-04-05 18:00:00,0.0
2025-04-05 19:00:00,0.0
2025-04-05 20:00:00,0.0
2025-04-05 21:00:00,0.0
2025-04-05 22:00:00,0.0
2025-04-05 23:00:00,0.0
2025-04-06 00:00:00,0.0
2025-04-06 01:00:00,0.0
2025-04-06 02:00:00,0.0
2025-04-06 03:00:00,0.0
2025-04-06 04:00:00,0.0
2025-04-06 05:00:00,0.0
2025-04-06 06:00:00,0.005030000000000001
2025-04-06 07:00:00,0.09877
2025-04-06 08:00:00,0.30005000000000004
2025-04-06 09:00:00,0.48116000000000003
2025-04-06 10:00:00,0.63483
2025-04-06 11:00:00,0.66164
2025-04-06 12:00:00,0.53632
2025-04-06 13:00:00,0.5852999999999999
2025-04-06 14:00:00,0.45552
2025-04-06 15:00:00,0.31216000000000005
2025-04-06 16:00:00,0.13573
2025-04-06 17:00:00,0.0059299999999999995
2025-04-06 18:00:00,0.0
2025-04-06 19:00:00,0.0
2025-04-06 20:00:00,0.0
2025-04-06 21:00:00,0.0
2025-04-06 22:00:00,0.0
2025-04-06 23:00:00,0.0
2025-04-07 00:00:00,0.0
2025-04-07 01:00:00,0.0
2025-04-07 02:00:00,0.0
2025-04-07 03:00:00,0.0
2025-04-07 04:00:00,0.0
2025-04-07 05:00:00,0.0
2025-04-07 06:00:00,0.00282
2025-04-07 07:00:00,0.08043
2025-04-07 08:00:00,0.13622
2025-04-07 09:00:00,0.23908000000000001
2025-04-07 10:00:00,0.23982
2025-04-07 11:00:00,0.28513
2025-04-07 12:00:00,0.22882
2025-04-07 13:00:00,0.21891999999999998
2025-04-07 14:00:00,0.24713
2025-04-07 15:00:00,0.08842
2025-04-07 16:00:00,0.05453
2025-04-07 17:00:00,0.00926
2025-04-07 18:00:00,0.0
2025-04-07 19:00:00,0.0
2025-04-07 20:00:00,0.0
2025-04-07 21:00:00,0.0
2025-04-07 22:00:00,0.0
2025-04-07 23:00:00,0.0
2025-04-08 00:00:00,0.0
2025-04-08 01:00:00,0.0
2025-04-08 02:00:00,0.0
2025-04-08 03:00:00,0.0
2025-04-08 04:00:00,0.0
2025-04-08 05:00:00,0.0
2025-04-08 06:00:00,0.00475
2025-04-08 07:00:00,0.092
2025-04-08 08:00:00,0.23153
2025-04-08 09:00:00,0.2372
2025-04-08 10:00:00,0.23877
2025-04-08 11:00:00,0.30649
2025-04-08 12:00:00,0.50693
2025-04-08 13:00:00,0.22815000000000002
2025-04-08 14:00:00,0.30855
2025-04-08 15:00:00,0.17779
2025-04-08 16:00:00,0.04388
2025-04-08 17:00:00,0.00337
2025-04-08 18:00:00,0.0
2025-04-08 19:00:00,0.0
2025-04-08 20:00:00,0.0
2025-04-08 21:00:00,0.0
2025-04-08 22:00:00,0.0
2025-04-08 23:00:00,0.0
2025-04-09 00:00:00,0.0
2025-04-09 01:00:00,0.0
2025-04-09 02:00:00,0.0
2025-04-09 03:00:00,0.0
2025-04-09 04:00:00,0.0
2025-04-09 05:00:00,0.0
2025-04-09 06:00:00,0.00175
2025-04-09 07:00:00,0.02154
2025-04-09 08:00:00,0.07367
2025-04-09 09:00:00,0.07493000000000001
2025-04-09 10:00:00,0.18284999999999998
2025-04-09 11:00:00,0.23322
2025-04-09 12:00:00,0.12619
2025-04-09 13:00:00,0.23864
2025-04-09 14:00:00,0.09378
2025-04-09 15:00:00,0.024050000000000002
2025-04-09 16:00:00,0.027010000000000003
2025-04-09 17:00:00,0.00525
2025-04-09 18:00:00,0.0
2025-04-09 19:00:00,0.0
2025-04-09 20:00:00,0.0
2025-04-09 21:00:00,0.0
2025-04-09 22:00:00,0.0
2025-04-09 23:00:00,0.0
2025-04-10 00:00:00,0.0
2025-04-10 01:00:00,0.0
2025-04-10 02:00:00,0.0
2025-04-10 03:00:00,0.0
2025-04-10 04:00:00,0.0
2025-04-10 05:00:00,0.0
2025-04-10 06:00:00,0.00504
2025-04-10 07:00:00,0.19887
2025-04-10 08:00:00,0.40531
2025-04-10 09:00:00,0.5495399999999999
2025-04-10 10:00:00,0.7014400000000001
2025-04-10 11:00:00,0.7364299999999999
2025-04-10 12:00:00,0.7335499999999999
2025-04-10 13:00:00,0.62546
2025-04-10 14:00:00,0.42058
2025-04-10 15:00:00,0.15130000000000002
2025-04-10 16:00:00,0.043590000000000004
2025-04-10 17:00:00,0.00492
2025-04-10 18:00:00,0.0
2025-04-10 19:00:00,0.0
2025-04-10 20:00:00,0.0
2025-04-10 21:00:00,0.0
2025-04-10 22:00:00,0.0
2025-04-10 23:00:00,0.0
2025-04-11 00:00:00,0.0
2025-04-11 01:00:00,0.0
2025-04-11 02:00:00,0.0
2025-04-11 03:00:00,0.0
2025-04-11 04:00:00,0.0
2025-04-11 05:00:00,0.0
2025-04-11 06:00:00,0.00391
2025-04-11 07:00:00,0.21597
2025-04-11 08:00:00,0.41819
2025-04-11 09:00:00,0.61813
2025-04-11 10:00:00,0.70508
2025-04-11 11:00:00,0.71178
2025-04-11 12:00:00,0.64832
2025-04-11 13:00:00,0.40881
2025-04-11 14:00:00,0.25986000000000004
2025-04-11 15:00:00,0.16106
2025-04-11 16:00:00,0.09581999999999999
2025-04-11 17:00:00,0.0048200000000000005
2025-04-11 18:00:00,0.0
2025-04-11 19:00:00,0.0
2025-04-11 20:00:00,0.0
2025-04-11 21:00:00,0.0
2025-04-11 22:00:00,0.0
2025-04-11 23:00:00,0.0
2025-04-12 00:00:00,0.0
2025-04-12 01:00:00,0.0
2025-04-12 02:00:00,0.0
2025-04-12 03:00:00,0.0
2025-04-12 04:00:00,0.0
2025-04-12 05:00:00,0.0
2025-04-12 06:00:00,0.00754
2025-04-12 07:00:00,0.21716999999999997
2025-04-12 08:00:00,0.33797000000000005
2025-04-12 09:00:00,0.5150399999999999
2025-04-12 10:00:00,0.6143
2025-04-12 11:00:00,0.6296
2025-04-12 12:00:00,0.51114
2025-04-12 13:00:00,0.57631
2025-04-12 14:00:00,0.31464
2025-04-12 15:00:00,0.19222999999999998
2025-04-12 16:00:00,0.07437
2025-04-12 17:00:00,0.00463
2025-04-12 18:00:00,0.0
2025-04-12 19:00:00,0.0
2025-04-12 20:00:00,0.0
2025-04-12 21:00:00,0.0
2025-04-12 22:00:00,0.0
2025-04-12 23:00:00,0.0
2025-04-13 00:00:00,0.0
2025-04-13 01:00:00,0.0
2025-04-13 02:00:00,0.0
2025-04-13 03:00:00,0.0
2025-04-13 04:00:00,0.0
2025-04-13 05:00:00,0.0
2025-04-13 06:00:00,0.0042699999999999995
2025-04-13 07:00:00,0.24821000000000001
2025-04-13 08:00:00,0.43565
2025-04-13 09:00:00,0.6206900000000001
2025-04-13 10:00:00,0.64644
2025-04-13 11:00:00,0.7051799999999999
2025-04-13 12:00:00,0.68268
2025-04-13 13:00:00,0.5849099999999999
2025-04-13 14:00:00,0.48471
2025-04-13 15:00:00,0.33799
2025-04-13 16:00:00,0.13204
2025-04-13 17:00:00,0.00316
2025-04-13 18:00:00,0.0
2025-04-13 19:00:00,0.0
2025-04-13 20:00:00,0.0
2025-04-13 21:00:00,0.0
2025-04-13 22:00:00,0.0
2025-04-13 23:00:00,0.0
2025-04-14 00:00:00,0.0
2025-04-14 01:00:00,0.0
2025-04-14 02:00:00,0.0
2025-04-14 03:00:00,0.0
2025-04-14 04:00:00,0.0
2025-04-14 05:00:00,0.0
2025-04-14 06:00:00,0.00539
2025-04-14 07:00:00,0.22824
2025-04-14 08:00:00,0.43701
2025-04-14 09:00:00,0.5310499999999999
2025-04-14 10:00:00,0.59386
2025-04-14 11:00:00,0.6607999999999999
2025-04-14 12:00:00,0.55488
2025-04-14 13:00:00,0.44527
2025-04-14 14:00:00,0.25574
2025-04-14 15:00:00,0.08325
2025-04-14 16:00:00,0.01694
2025-04-14 17:00:00,0.00186
2025-04-14 18:00:00,0.0
2025-04-14 19:00:00,0.0
2025-04-14 20:00:00,0.0
2025-04-14 21:00:00,0.0
2025-04-14 22:00:00,0.0
2025-04-14 23:00:00,0.0
2025-04-15 00:00:00,0.0
2025-04-15 01:00:00,0.0
2025-04-15 02:00:00,0.0
2025-04-15 03:00:00,0.0
2025-04-15 04:00:00,0.0
2025-04-15 05:00:00,0.0
2025-04-15 06:00:00,0.0030299999999999997
2025-04-15 07:00:00,0.17849
2025-04-15 08:00:00,0.35634
2025-04-15 09:00:00,0.42598
2025-04-15 10:00:00,0.33770999999999995
2025-04-15 11:00:00,0.42655
2025-04-15 12:00:00,0.58501
2025-04-15 13:00:00,0.54796
2025-04-15 14:00:00,0.38639999999999997
2025-04-15 15:00:00,0.25843
2025-04-15 16:00:00,0.09742
2025-04-15 17:00:00,0.00151
2025-04-15 18:00:00,0.0
2025-04-15 19:00:00,0.0
2025-04-15 20:00:00,0.0
2025-04-15 21:00:00,0.0
2025-04-15 22:00:00,0.0
2025-04-15 23:00:00,0.0
2025-04-16 00:00:00,0.0
2025-04-16 01:00:00,0.0
2025-04-16 02:00:00,0.0
2025-04-16 03:00:00,0.0
2025-04-16 04:00:00,0.0
2025-04-16 05:00:00,0.0
2025-04-16 06:00:00,0.00211
2025-04-16 07:00:00,0.057909999999999996
2025-04-16 08:00:00,0.32445999999999997
2025-04-16 09:00:00,0.44045
2025-04-16 10:00:00,0.536
2025-04-16 11:00:00,0.5621499999999999
2025-04-16 12:00:00,0.54663
2025-04-16 13:00:00,0.48541
2025-04-16 14:00:00,0.38238
2025-04-16 15:00:00,0.29046
2025-04-16 16:00:00,0.11191
2025-04-16 17:00:00,0.0022299999999999998
2025-04-16 18:00:00,0.0
2025-04-16 19:00:00,0.0
2025-04-16 20:00:00,0.0
2025-04-16 21:00:00,0.0
2025-04-16 22:00:00,0.0
2025-04-16 23:00:00,0.0
2025-04-17 00:00:00,0.0
2025-04-17 01:00:00,0.0
2025-04-17 02:00:00,0.0
2025-04-17 03:00:00,0.0
2025-04-17 04:00:00,0.0
2025-04-17 05:00:00,0.0
2025-04-17 06:00:00,0.00354
2025-04-17 07:00:00,0.27466
2025-04-17 08:00:00,0.50064
2025-04-17 09:00:00,0.6474500000000001
2025-04-17 10:00:00,0.73593
2025-04-17 11:00:00,0.66855
2025-04-17 12:00:00,0.66271
2025-04-17 13:00:00,0.58885
2025-04-17 14:00:00,0.4522
2025-04-17 15:00:00,0.32022
2025-04-17 16:00:00,0.12434
2025-04-17 17:00:00,0.0037400000000000003
2025-04-17 18:00:00,0.0
2025-04-17 19:00:00,0.0
2025-04-17 20:00:00,0.0
2025-04-17 21:00:00,0.0
2025-04-17 22:00:00,0.0
2025-04-17 23:00:00,0.0
2025-04-18 00:00:00,0.0
2025-04-18 01:00:00,0.0
2025-04-18 02:00:00,0.0
2025-04-18 03:00:00,0.0
2025-04-18 04:00:00,0.0
2025-04-18 05:00:00,0.0
2025-04-18 06:00:00,0.0035099999999999997
2025-04-18 07:00:00,0.10884
2025-04-18 08:00:00,0.12293000000000001
2025-04-18 09:00:00,0.32018
2025-04-18 10:00:00,0.60646
2025-04-18 11:00:00,0.61399
2025-04-18 12:00:00,0.49005
2025-04-18 13:00:00,0.25839
2025-04-18 14:00:00,0.25383
2025-04-18 15:00:00,0.29748
2025-04-18 16:00:00,0.05985
2025-04-18 17:00:00,0.00103
2025-04-18 18:00:00,0.0
2025-04-18 19:00:00,0.0
2025-04-18 20:00:00,0.0
2025-04-18 21:00:00,0.0
2025-04-18 22:00:00,0.0
2025-04-18 23:00:00,0.0
2025-04-19 00:00:00,0.0
2025-04-19 01:00:00,0.0
2025-04-19 02:00:00,0.0
2025-04-19 03:00:00,0.0
2025-04-19 04:00:00,0.0
2025-04-19 05:00:00,0.0
2025-04-19 06:00:00,0.0
2025-04-19 07:00:00,0.02255
2025-04-19 08:00:00,0.12057
2025-04-19 09:00:00,0.36013
2025-04-19 10:00:00,0.41478
2025-04-19 11:00:00,0.32089999999999996
2025-04-19 12:00:00,0.39293
2025-04-19 13:00:00,0.4403
2025-04-19 14:00:00,0.41051
2025-04-19 15:00:00,0.31168
2025-04-19 16:00:00,0.14043
2025-04-19 17:00:00,0.0027400000000000002
2025-04-19 18:00:00,0.0
2025-04-19 19:00:00,0.0
2025-04-19 20:00:00,0.0
2025-04-19 21:00:00,0.0
2025-04-19 22:00:00,0.0
2025-04-19 23:00:00,0.0
2025-04-20 00:00:00,0.0
2025-04-20 01:00:00,0.0
2025-04-20 02:00:00,0.0
2025-04-20 03:00:00,0.0
2025-04-20 04:00:00,0.0
2025-04-20 05:00:00,0.0
2025-04-20 06:00:00,0.00605
2025-04-20 07:00:00,0.25309
2025-04-20 08:00:00,0.48463999999999996
2025-04-20 09:00:00,0.65879
2025-04-20 10:00:00,0.76478
2025-04-20 11:00:00,0.75649
2025-04-20 12:00:00,0.7222799999999999
2025-04-20 13:00:00,0.6364299999999999
2025-04-20 14:00:00,0.50807
2025-04-20 15:00:00,0.33657
2025-04-20 16:00:00,0.15375999999999998
2025-04-20 17:00:00,0.00273
2025-04-20 18:00:00,0.0
2025-04-20 19:00:00,0.0
2025-04-20 20:00:00,0.0
2025-04-20 21:00:00,0.0
2025-04-20 22:00:00,0.0
2025-04-20 23:00:00,0.0
2025-04-21 00:00:00,0.0
2025-04-21 01:00:00,0.0
2025-04-21 02:00:00,0.0
2025-04-21 03:00:00,0.0
2025-04-21 04:00:00,0.0
2025-04-21 05:00:00,0.0
2025-04-21 06:00:00,0.0035099999999999997
2025-04-21 07:00:00,0.22998
2025-04-21 08:00:00,0.35022000000000003
2025-04-21 09:00:00,0.5729299999999999
2025-04-21 10:00:00,0.69075
2025-04-21 11:00:00,0.75764
2025-04-21 12:00:00,0.7572000000000001
2025-04-21 13:00:00,0.6645599999999999
2025-04-21 14:00:00,0.52325
2025-04-21 15:00:00,0.3197
2025-04-21 16:00:00,0.13939
2025-04-21 17:00:00,0.00226
2025-04-21 18:00:00,0.0
2025-04-21 19:00:00,0.0
2025-04-21 20:00:00,0.0
2025-04-21 21:00:00,0.0
2025-04-21 22:00:00,0.0
2025-04-21 23:00:00,0.0
2025-04-22 00:00:00,0.0
2025-04-22 01:00:00,0.0
2025-04-22 02:00:00,0.0
2025-04-22 03:00:00,0.0
2025-04-22 04:00:00,0.0
2025-04-22 05:00:00,0.0
2025-04-22 06:00:00,0.00318
2025-04-22 07:00:00,0.30961
2025-04-22 08:00:00,0.48794
2025-04-22 09:00:00,0.6555700000000001
2025-04-22 10:00:00,0.72597
2025-04-22 11:00:00,0.7140599999999999
2025-04-22 12:00:00,0.6013999999999999
2025-04-22 13:00:00,0.49507999999999996
2025-04-22 14:00:00,0.44431
2025-04-22 15:00:00,0.31336
2025-04-22 16:00:00,0.11967
2025-04-22 17:00:00,0.00242
2025-04-22 18:00:00,0.0
2025-04-22 19:00:00,0.0
2025-04-22 20:00:00,0.0
2025-04-22 21:00:00,0.0
2025-04-22 22:00:00,0.0
2025-04-22 23:00:00,0.0
2025-04-23 00:00:00,0.0
2025-04-23 01:00:00,0.0
2025-04-23 02:00:00,0.0
2025-04-23 03:00:00,0.0
2025-04-23 04:00:00,0.0
2025-04-23 05:00:00,0.0
2025-04-23 06:00:00,0.0024100000000000002
2025-04-23 07:00:00,0.1988
2025-04-23 08:00:00,0.37018
2025-04-23 09:00:00,0.55068
2025-04-23 10:00:00,0.64493
2025-04-23 11:00:00,0.59196
2025-04-23 12:00:00,0.47052
2025-04-23 13:00:00,0.48427
2025-04-23 14:00:00,0.34978
2025-04-23 15:00:00,0.21443
2025-04-23 16:00:00,0.057409999999999996
2025-04-23 17:00:00,0.00165
2025-04-23 18:00:00,0.0
2025-04-23 19:00:00,0.0
2025-04-23 20:00:00,0.0
2025-04-23 21:00:00,0.0
2025-04-23 22:00:00,0.0
2025-04-23 23:00:00,0.0
2025-04-24 00:00:00,0.0
2025-04-24 01:00:00,0.0
2025-04-24 02:00:00,0.0
2025-04-24 03:00:00,0.0
2025-04-24 04:00:00,0.0
2025-04-24 05:00:00,0.0
2025-04-24 06:00:00,0.00279
2025-04-24 07:00:00,0.2365
2025-04-24 08:00:00,0.47581
2025-04-24 09:00:00,0.6205
2025-04-24 10:00:00,0.71769
2025-04-24 11:00:00,0.74486
2025-04-24 12:00:00,0.67384
2025-04-24 13:00:00,0.5185599999999999
2025-04-24 14:00:00,0.38301999999999997
2025-04-24 15:00:00,0.26517
2025-04-24 16:00:00,0.11376
2025-04-24 17:00:00,0.00221
2025-04-24 18:00:00,0.0
2025-04-24 19:00:00,0.0
2025-04-24 20:00:00,0.0
2025-04-24 21:00:00,0.0
2025-04-24 22:00:00,0.0
2025-04-24 23:00:00,0.0
2025-04-25 00:00:00,0.0
2025-04-25 01:00:00,0.0
2025-04-25 02:00:00,0.0
2025-04-25 03:00:00,0.0
2025-04-25 04:00:00,0.0
2025-04-25 05:00:00,0.0
2025-04-25 06:00:00,0.00277
2025-04-25 07:00:00,0.298
2025-04-25 08:00:00,0.49601
2025-04-25 09:00:00,0.6508999999999999
2025-04-25 10:00:00,0.7327899999999999
2025-04-25 11:00:00,0.7586799999999999
2025-04-25 12:00:00,0.73209
2025-04-25 13:00:00,0.62279
2025-04-25 14:00:00,0.46642
2025-04-25 15:00:00,0.27467
2025-04-25 16:00:00,0.12856
2025-04-25 17:00:00,0.00228
2025-04-25 18:00:00,0.0
2025-04-25 19:00:00,0.0
2025-04-25 20:00:00,0.0
2025-04-25 21:00:00,0.0
2025-04-25 22:00:00,0.0
2025-04-25 23:00:00,0.0
2025-04-26 00:00:00,0.0
2025-04-26 01:00:00,0.0
2025-04-26 02:00:00,0.0
2025-04-26 03:00:00,0.0
2025-04-26 04:00:00,0.0
2025-04-26 05:00:00,0.0
2025-04-26 06:00:00,0.00331
2025-04-26 07:00:00,0.24844
2025-04-26 08:00:00,0.44577
2025-04-26 09:00:00,0.57629
2025-04-26 10:00:00,0.56317
2025-04-26 11:00:00,0.6218400000000001
2025-04-26 12:00:00,0.52707
2025-04-26 13:00:00,0.40382
2025-04-26 14:00:00,0.42389
2025-04-26 15:00:00,0.16496
2025-04-26 16:00:00,0.02917
2025-04-26 17:00:00,0.0
2025-04-26 18:00:00,0.0
2025-04-26 19:00:00,0.0
2025-04-26 20:00:00,0.0
2025-04-26 21:00:00,0.0
2025-04-26 22:00:00,0.0
2025-04-26 23:00:00,0.0
2025-04-27 00:00:00,0.0
2025-04-27 01:00:00,0.0
2025-04-27 02:00:00,0.0
2025-04-27 03:00:00,0.0
2025-04-27 04:00:00,0.0
2025-04-27 05:00:00,0.0
2025-04-27 06:00:00,0.0017900000000000001
2025-04-27 07:00:00,0.13519
2025-04-27 08:00:00,0.29936
2025-04-27 09:00:00,0.54628
2025-04-27 10:00:00,0.5803200000000001
2025-04-27 11:00:00,0.6330800000000001
2025-04-27 12:00:00,0.57578
2025-04-27 13:00:00,0.46957
2025-04-27 14:00:00,0.39929000000000003
2025-04-27 15:00:00,0.26348
2025-04-27 16:00:00,0.08692
2025-04-27 17:00:00,0.00061
2025-04-27 18:00:00,0.0
2025-04-27 19:00:00,0.0
2025-04-27 20:00:00,0.0
2025-04-27 21:00:00,0.0
2025-04-27 22:00:00,0.0
2025-04-27 23:00:00,0.0
2025-04-28 00:00:00,0.0
2025-04-28 01:00:00,0.0
2025-04-28 02:00:00,0.0
2025-04-28 03:00:00,0.0
2025-04-28 04:00:00,0.0
2025-04-28 05:00:00,0.0
2025-04-28 06:00:00,0.0004
2025-04-28 07:00:00,0.09307
2025-04-28 08:00:00,0.17778
2025-04-28 09:00:00,0.34055
2025-04-28 10:00:00,0.47970999999999997
2025-04-28 11:00:00,0.5169
2025-04-28 12:00:00,0.43009
2025-04-28 13:00:00,0.46131
2025-04-28 14:00:00,0.23277
2025-04-28 15:00:00,0.11364
2025-04-28 16:00:00,0.036789999999999996
2025-04-28 17:00:00,0.0
2025-04-28 18:00:00,0.0
2025-04-28 19:00:00,0.0
2025-04-28 20:00:00,0.0
2025-04-28 21:00:00,0.0
2025-04-28 22:00:00,0.0
2025-04-28 23:00:00,0.0
2025-04-29 00:00:00,0.0
2025-04-29 01:00:00,0.0
2025-04-29 02:00:00,0.0
2025-04-29 03:00:00,0.0
2025-04-29 04:00:00,0.0
2025-04-29 05:00:00,0.0
2025-04-29 06:00:00,0.00092
2025-04-29 07:00:00,0.15374000000000002
2025-04-29 08:00:00,0.3354
2025-04-29 09:00:00,0.45882999999999996
2025-04-29 10:00:00,0.41918
2025-04-29 11:00:00,0.27298
2025-04-29 12:00:00,0.37712
2025-04-29 13:00:00,0.51697
2025-04-29 14:00:00,0.33272
2025-04-29 15:00:00,0.21849000000000002
2025-04-29 16:00:00,0.09888
2025-04-29 17:00:00,0.00041
2025-04-29 18:00:00,0.0
2025-04-29 19:00:00,0.0
2025-04-29 20:00:00,0.0
2025-04-29 21:00:00,0.0
2025-04-29 22:00:00,0.0
2025-04-29 23:00:00,0.0
2025-04-30 00:00:00,0.0
2025-04-30 01:00:00,0.0
2025-04-30 02:00:00,0.0
2025-04-30 03:00:00,0.0
2025-04-30 04:00:00,0.0
2025-04-30 05:00:00,0.0
2025-04-30 06:00:00,0.00086
2025-04-30 07:00:00,0.12809
2025-04-30 08:00:00,0.34566
2025-04-30 09:00:00,0.4451
2025-04-30 10:00:00,0.5886699999999999
2025-04-30 11:00:00,0.64949
2025-04-30 12:00:00,0.5581699999999999
2025-04-30 13:00:00,0.49244
2025-04-30 14:00:00,0.44511
2025-04-30 15:00:00,0.24187
2025-04-30 16:00:00,0.09456999999999999
2025-04-30 17:00:00,0.00055
2025-04-30 18:00:00,0.0
2025-04-30 19:00:00,0.0
2025-04-30 20:00:00,0.0
2025-04-30 21:00:00,0.0
2025-04-30 22:00:00,0.0
2025-04-30 23:00:00,0.0
2025-05-01 00:00:00,0.0
2025-05-01 01:00:00,0.0
2025-05-01 02:00:00,0.0
2025-05-01 03:00:00,0.0
2025-05-01 04:00:00,0.0
2025-05-01 05:00:00,0.0
2025-05-01 06:00:00,0.0019
2025-05-01 07:00:00,0.22585
2025-05-01 08:00:00,0.44789
2025-05-01 09:00:00,0.48705000000000004
2025-05-01 10:00:00,0.66702
2025-05-01 11:00:00,0.60021
2025-05-01 12:00:00,0.452
2025-05-01 13:00:00,0.49361
2025-05-01 14:00:00,0.32882
2025-05-01 15:00:00,0.26850999999999997
2025-05-01 16:00:00,0.11386
2025-05-01 17:00:00,0.0010500000000000002
2025-05-01 18:00:00,0.0
2025-05-01 19:00:00,0.0
2025-05-01 20:00:00,0.0
2025-05-01 21:00:00,0.0
2025-05-01 22:00:00,0.0
2025-05-01 23:00:00,0.0
2025-05-02 00:00:00,0.0
2025-05-02 01:00:00,0.0
2025-05-02 02:00:00,0.0
2025-05-02 03:00:00,0.0
2025-05-02 04:00:00,0.0
2025-05-02 05:00:00,0.0
2025-05-02 06:00:00,0.00164
2025-05-02 07:00:00,0.23864
2025-05-02 08:00:00,0.39985000000000004
2025-05-02 09:00:00,0.5992000000000001
2025-05-02 10:00:00,0.69521
2025-05-02 11:00:00,0.68332
2025-05-02 12:00:00,0.61217
2025-05-02 13:00:00,0.53018
2025-05-02 14:00:00,0.40834
2025-05-02 15:00:00,0.2711
2025-05-02 16:00:00,0.11443
2025-05-02 17:00:00,0.00055
2025-05-02 18:00:00,0.0
2025-05-02 19:00:00,0.0
2025-05-02 20:00:00,0.0
2025-05-02 21:00:00,0.0
2025-05-02 22:00:00,0.0
2025-05-02 23:00:00,0.0
2025-05-03 00:00:00,0.0
2025-05-03 01:00:00,0.0
2025-05-03 02:00:00,0.0
2025-05-03 03:00:00,0.0
2025-05-03 04:00:00,0.0
2025-05-03 05:00:00,0.0
2025-05-03 06:00:00,0.00164
2025-05-03 07:00:00,0.22837000000000002
2025-05-03 08:00:00,0.42958999999999997
2025-05-03 09:00:00,0.5719299999999999
2025-05-03 10:00:00,0.60822
2025-05-03 11:00:00,0.54969
2025-05-03 12:00:00,0.58974
2025-05-03 13:00:00,0.5551200000000001
2025-05-03 14:00:00,0.43947
2025-05-03 15:00:00,0.27141000000000004
2025-05-03 16:00:00,0.11531999999999999
2025-05-03 17:00:00,0.0005600000000000001
2025-05-03 18:00:00,0.0
2025-05-03 19:00:00,0.0
2025-05-03 20:00:00,0.0
2025-05-03 21:00:00,0.0
2025-05-03 22:00:00,0.0
2025-05-03 23:00:00,0.0
2025-05-04 00:00:00,0.0
2025-05-04 01:00:00,0.0
2025-05-04 02:00:00,0.0
2025-05-04 03:00:00,0.0
2025-05-04 04:00:00,0.0
2025-05-04 05:00:00,0.0
2025-05-04 06:00:00,0.0015
2025-05-04 07:00:00,0.24886000000000003
2025-05-04 08:00:00,0.46745
2025-05-04 09:00:00,0.61903
2025-05-04 10:00:00,0.69857
2025-05-04 11:00:00,0.7365499999999999
2025-05-04 12:00:00,0.70639
2025-05-04 13:00:00,0.5984299999999999
2025-05-04 14:00:00,0.42693000000000003
2025-05-04 15:00:00,0.24306999999999998
2025-05-04 16:00:00,0.0983
2025-05-04 17:00:00,0.00063
2025-05-04 18:00:00,0.0
2025-05-04 19:00:00,0.0
2025-05-04 20:00:00,0.0
2025-05-04 21:00:00,0.0
2025-05-04 22:00:00,0.0
2025-05-04 23:00:00,0.0
2025-05-05 00:00:00,0.0
2025-05-05 01:00:00,0.0
2025-05-05 02:00:00,0.0
2025-05-05 03:00:00,0.0
2025-05-05 04:00:00,0.0
2025-05-05 05:00:00,0.0
2025-05-05 06:00:00,0.0018
2025-05-05 07:00:00,0.22905
2025-05-05 08:00:00,0.43252999999999997
2025-05-05 09:00:00,0.58627
2025-05-05 10:00:00,0.6867300000000001
2025-05-05 11:00:00,0.6914
2025-05-05 12:00:00,0.6536000000000001
2025-05-05 13:00:00,0.46682
2025-05-05 14:00:00,0.32006
2025-05-05 15:00:00,0.17722
2025-05-05 16:00:00,0.054189999999999995
2025-05-05 17:00:00,0.00023
2025-05-05 18:00:00,0.0
2025-05-05 19:00:00,0.0
2025-05-05 20:00:00,0.0
2025-05-05 21:00:00,0.0
2025-05-05 22:00:00,0.0
2025-05-05 23:00:00,0.0
2025-05-06 00:00:00,0.0
2025-05-06 01:00:00,0.0
2025-05-06 02:00:00,0.0
2025-05-06 03:00:00,0.0
2025-05-06 04:00:00,0.0
2025-05-06 05:00:00,0.0
2025-05-06 06:00:00,0.00078
2025-05-06 07:00:00,0.12865000000000001
2025-05-06 08:00:00,0.3634
2025-05-06 09:00:00,0.49681000000000003
2025-05-06 10:00:00,0.49805
2025-05-06 11:00:00,0.56726
2025-05-06 12:00:00,0.60587
2025-05-06 13:00:00,0.51105
2025-05-06 14:00:00,0.45362
2025-05-06 15:00:00,0.2878
2025-05-06 16:00:00,0.08394
2025-05-06 17:00:00,0.0003
2025-05-06 18:00:00,0.0
2025-05-06 19:00:00,0.0
2025-05-06 20:00:00,0.0
2025-05-06 21:00:00,0.0
2025-05-06 22:00:00,0.0
2025-05-06 23:00:00,0.0
2025-05-07 00:00:00,0.0
2025-05-07 01:00:00,0.0
2025-05-07 02:00:00,0.0
2025-05-07 03:00:00,0.0
2025-05-07 04:00:00,0.0
2025-05-07 05:00:00,0.0
2025-05-07 06:00:00,0.00156
2025-05-07 07:00:00,0.22593000000000002
2025-05-07 08:00:00,0.42554000000000003
2025-05-07 09:00:00,0.56889
2025-05-07 10:00:00,0.6472899999999999
2025-05-07 11:00:00,0.62397
2025-05-07 12:00:00,0.5974299999999999
2025-05-07 13:00:00,0.54357
2025-05-07 14:00:00,0.40408
2025-05-07 15:00:00,0.27892
2025-05-07 16:00:00,0.09669
2025-05-07 17:00:00,0.0
2025-05-07 18:00:00,0.0
2025-05-07 19:00:00,0.0
2025-05-07 20:00:00,0.0
2025-05-07 21:00:00,0.0
2025-05-07 22:00:00,0.0
2025-05-07 23:00:00,0.0
2025-05-08 00:00:00,0.0
2025-05-08 01:00:00,0.0
2025-05-08 02:00:00,0.0
2025-05-08 03:00:00,0.0
2025-05-08 04:00:00,0.0
2025-05-08 05:00:00,0.0
2025-05-08 06:00:00,0.00116
2025-05-08 07:00:00,0.25266
2025-05-08 08:00:00,0.46949
2025-05-08 09:00:00,0.6123099999999999
2025-05-08 10:00:00,0.69349
2025-05-08 11:00:00,0.71821
2025-05-08 12:00:00,0.69239
2025-05-08 13:00:00,0.61424
2025-05-08 14:00:00,0.45776999999999995
2025-05-08 15:00:00,0.26613
2025-05-08 16:00:00,0.09914
2025-05-08 17:00:00,0.0
2025-05-08 18:00:00,0.0
2025-05-08 19:00:00,0.0
2025-05-08 20:00:00,0.0
2025-05-08 21:00:00,0.0
2025-05-08 22:00:00,0.0
2025-05-08 23:00:00,0.0
2025-05-09 00:00:00,0.0
2025-05-09 01:00:00,0.0
2025-05-09 02:00:00,0.0
2025-05-09 03:00:00,0.0
2025-05-09 04:00:00,0.0
2025-05-09 05:00:00,0.0
2025-05-09 06:00:00,0.00117
2025-05-09 07:00:00,0.23793999999999998
2025-05-09 08:00:00,0.40146
2025-05-09 09:00:00,0.44931
2025-05-09 10:00:00,0.53931
2025-05-09 11:00:00,0.60946
2025-05-09 12:00:00,0.55384
2025-05-09 13:00:00,0.46094999999999997
2025-05-09 14:00:00,0.33742
2025-05-09 15:00:00,0.17214
2025-05-09 16:00:00,0.03554
2025-05-09 17:00:00,0.0
2025-05-09 18:00:00,0.0
2025-05-09 19:00:00,0.0
2025-05-09 20:00:00,0.0
2025-05-09 21:00:00,0.0
2025-05-09 22:00:00,0.0
2025-05-09 23:00:00,0.0
2025-05-10 00:00:00,0.0
2025-05-10 01:00:00,0.0
2025-05-10 02:00:00,0.0
2025-05-10 03:00:00,0.0
2025-05-10 04:00:00,0.0
2025-05-10 05:00:00,0.0
2025-05-10 06:00:00,0.00038
2025-05-10 07:00:00,0.08679
2025-05-10 08:00:00,0.16598
2025-05-10 09:00:00,0.33482999999999996
2025-05-10 10:00:00,0.43197
2025-05-10 11:00:00,0.47031
2025-05-10 12:00:00,0.49755
2025-05-10 13:00:00,0.37063999999999997
2025-05-10 14:00:00,0.31166000000000005
2025-05-10 15:00:00,0.121
2025-05-10 16:00:00,0.06074
2025-05-10 17:00:00,0.0
2025-05-10 18:00:00,0.0
2025-05-10 19:00:00,0.0
2025-05-10 20:00:00,0.0
2025-05-10 21:00:00,0.0
2025-05-10 22:00:00,0.0
2025-05-10 23:00:00,0.0
2025-05-11 00:00:00,0.0
2025-05-11 01:00:00,0.0
2025-05-11 02:00:00,0.0
2025-05-11 03:00:00,0.0
2025-05-11 04:00:00,0.0
2025-05-11 05:00:00,0.0
2025-05-11 06:00:00,0.0
2025-05-11 07:00:00,0.14172
2025-05-11 08:00:00,0.37477
2025-05-11 09:00:00,0.44458
2025-05-11 10:00:00,0.5158400000000001
2025-05-11 11:00:00,0.64896
2025-05-11 12:00:00,0.6967300000000001
2025-05-11 13:00:00,0.57309
2025-05-11 14:00:00,0.51601
2025-05-11 15:00:00,0.28951
2025-05-11 16:00:00,0.11734
2025-05-11 17:00:00,0.0
2025-05-11 18:00:00,0.0
2025-05-11 19:00:00,0.0
2025-05-11 20:00:00,0.0
2025-05-11 21:00:00,0.0
2025-05-11 22:00:00,0.0
2025-05-11 23:00:00,0.0
2025-05-12 00:00:00,0.0
2025-05-12 01:00:00,0.0
2025-05-12 02:00:00,0.0
2025-05-12 03:00:00,0.0
2025-05-12 04:00:00,0.0
2025-05-12 05:00:00,0.0
2025-05-12 06:00:00,5e-05
2025-05-12 07:00:00,0.11476
2025-05-12 08:00:00,0.29361000000000004
2025-05-12 09:00:00,0.48955
2025-05-12 10:00:00,0.5272100000000001
2025-05-12 11:00:00,0.6403300000000001
2025-05-12 12:00:00,0.57248
2025-05-12 13:00:00,0.52865
2025-05-12 14:00:00,0.35512
2025-05-12 15:00:00,0.23521
2025-05-12 16:00:00,0.08188
2025-05-12 17:00:00,0.0
2025-05-12 18:00:00,0.0
2025-05-12 19:00:00,0.0
2025-05-12 20:00:00,0.0
2025-05-12 21:00:00,0.0
2025-05-12 22:00:00,0.0
2025-05-12 23:00:00,0.0
2025-05-13 00:00:00,0.0
2025-05-13 01:00:00,0.0
2025-05-13 02:00:00,0.0
2025-05-13 03:00:00,0.0
2025-05-13 04:00:00,0.0
2025-05-13 05:00:00,0.0
2025-05-13 06:00:00,0.00053
2025-05-13 07:00:00,0.13576
2025-05-13 08:00:00,0.3049
2025-05-13 09:00:00,0.42773
2025-05-13 10:00:00,0.32477
2025-05-13 11:00:00,0.34734
2025-05-13 12:00:00,0.39426
2025-05-13 13:00:00,0.43035
2025-05-13 14:00:00,0.44107
2025-05-13 15:00:00,0.21339
2025-05-13 16:00:00,0.10394
2025-05-13 17:00:00,0.0
2025-05-13 18:00:00,0.0
2025-05-13 19:00:00,0.0
2025-05-13 20:00:00,0.0
2025-05-13 21:00:00,0.0
2025-05-13 22:00:00,0.0
2025-05-13 23:00:00,0.0
2025-05-14 00:00:00,0.0
2025-05-14 01:00:00,0.0
2025-05-14 02:00:00,0.0
2025-05-14 03:00:00,0.0
2025-05-14 04:00:00,0.0
2025-05-14 05:00:00,0.0
2025-05-14 06:00:00,0.0
2025-05-14 07:00:00,0.21611000000000002
2025-05-14 08:00:00,0.4496
2025-05-14 09:00:00,0.6237
2025-05-14 10:00:00,0.71216
2025-05-14 11:00:00,0.70584
2025-05-14 12:00:00,0.69932
2025-05-14 13:00:00,0.64042
2025-05-14 14:00:00,0.49783999999999995
2025-05-14 15:00:00,0.3399
2025-05-14 16:00:00,0.12894
2025-05-14 17:00:00,0.0
2025-05-14 18:00:00,0.0
2025-05-14 19:00:00,0.0
2025-05-14 20:00:00,0.0
2025-05-14 21:00:00,0.0
2025-05-14 22:00:00,0.0
2025-05-14 23:00:00,0.0
2025-05-15 00:00:00,0.0
2025-05-15 01:00:00,0.0
2025-05-15 02:00:00,0.0
2025-05-15 03:00:00,0.0
2025-05-15 04:00:00,0.0
2025-05-15 05:00:00,0.0
2025-05-15 06:00:00,0.0
2025-05-15 07:00:00,0.26266
2025-05-15 08:00:00,0.47978
2025-05-15 09:00:00,0.62695
2025-05-15 10:00:00,0.71692
2025-05-15 11:00:00,0.74936
2025-05-15 12:00:00,0.72703
2025-05-15 13:00:00,0.65201
2025-05-15 14:00:00,0.52677
2025-05-15 15:00:00,0.33962
2025-05-15 16:00:00,0.12900999999999999
2025-05-15 17:00:00,0.0
2025-05-15 18:00:00,0.0
2025-05-15 19:00:00,0.0
2025-05-15 20:00:00,0.0
2025-05-15 21:00:00,0.0
2025-05-15 22:00:00,0.0
2025-05-15 23:00:00,0.0
2025-05-16 00:00:00,0.0
2025-05-16 01:00:00,0.0
2025-05-16 02:00:00,0.0
2025-05-16 03:00:00,0.0
2025-05-16 04:00:00,0.0
2025-05-16 05:00:00,0.0
2025-05-16 06:00:00,0.0
2025-05-16 07:00:00,0.29901
2025-05-16 08:00:00,0.5132899999999999
2025-05-16 09:00:00,0.6492899999999999
2025-05-16 10:00:00,0.73385
2025-05-16 11:00:00,0.76413
2025-05-16 12:00:00,0.7406699999999999
2025-05-16 13:00:00,0.66437
2025-05-16 14:00:00,0.53588
2025-05-16 15:00:00,0.35141
2025-05-16 16:00:00,0.13251
2025-05-16 17:00:00,0.0
2025-05-16 18:00:00,0.0
2025-05-16 19:00:00,0.0
2025-05-16 20:00:00,0.0
2025-05-16 21:00:00,0.0
2025-05-16 22:00:00,0.0
2025-05-16 23:00:00,0.0
2025-05-17 00:00:00,0.0
2025-05-17 01:00:00,0.0
2025-05-17 02:00:00,0.0
2025-05-17 03:00:00,0.0
2025-05-17 04:00:00,0.0
2025-05-17 05:00:00,0.0
2025-05-17 06:00:00,0.0
2025-05-17 07:00:00,0.23582
2025-05-17 08:00:00,0.42819
2025-05-17 09:00:00,0.61601
2025-05-17 10:00:00,0.61734
2025-05-17 11:00:00,0.6862699999999999
2025-05-17 12:00:00,0.66323
2025-05-17 13:00:00,0.5962999999999999
2025-05-17 14:00:00,0.52911
2025-05-17 15:00:00,0.30823
2025-05-17 16:00:00,0.12314
2025-05-17 17:00:00,0.0
2025-05-17 18:00:00,0.0
2025-05-17 19:00:00,0.0
2025-05-17 20:00:00,0.0
2025-05-17 21:00:00,0.0
2025-05-17 22:00:00,0.0
2025-05-17 23:00:00,0.0
2025-05-18 00:00:00,0.0
2025-05-18 01:00:00,0.0
2025-05-18 02:00:00,0.0
2025-05-18 03:00:00,0.0
2025-05-18 04:00:00,0.0
2025-05-18 05:00:00,0.0
2025-05-18 06:00:00,0.0
2025-05-18 07:00:00,0.16806000000000001
2025-05-18 08:00:00,0.3428
2025-05-18 09:00:00,0.49757
2025-05-18 10:00:00,0.64367
2025-05-18 11:00:00,0.72358
2025-05-18 12:00:00,0.7097899999999999
2025-05-18 13:00:00,0.6432599999999999
2025-05-18 14:00:00,0.5201699999999999
2025-05-18 15:00:00,0.33088
2025-05-18 16:00:00,0.1164
2025-05-18 17:00:00,0.0
2025-05-18 18:00:00,0.0
2025-05-18 19:00:00,0.0
2025-05-18 20:00:00,0.0
2025-05-18 21:00:00,0.0
2025-05-18 22:00:00,0.0
2025-05-18 23:00:00,0.0
2025-05-19 00:00:00,0.0
2025-05-19 01:00:00,0.0
2025-05-19 02:00:00,0.0
2025-05-19 03:00:00,0.0
2025-05-19 04:00:00,0.0
2025-05-19 05:00:00,0.0
2025-05-19 06:00:00,0.0
2025-05-19 07:00:00,0.23269
2025-05-19 08:00:00,0.4593
2025-05-19 09:00:00,0.59636
2025-05-19 10:00:00,0.7146399999999999
2025-05-19 11:00:00,0.73948
2025-05-19 12:00:00,0.7154400000000001
2025-05-19 13:00:00,0.64548
2025-05-19 14:00:00,0.52174
2025-05-19 15:00:00,0.34058999999999995
2025-05-19 16:00:00,0.12563
2025-05-19 17:00:00,0.0
2025-05-19 18:00:00,0.0
2025-05-19 19:00:00,0.0
2025-05-19 20:00:00,0.0
2025-05-19 21:00:00,0.0
2025-05-19 22:00:00,0.0
2025-05-19 23:00:00,0.0
2025-05-20 00:00:00,0.0
2025-05-20 01:00:00,0.0
2025-05-20 02:00:00,0.0
2025-05-20 03:00:00,0.0
2025-05-20 04:00:00,0.0
2025-05-20 05:00:00,0.0
2025-05-20 06:00:00,0.0
2025-05-20 07:00:00,0.08073999999999999
2025-05-20 08:00:00,0.23019
2025-05-20 09:00:00,0.5281
2025-05-20 10:00:00,0.71421
2025-05-20 11:00:00,0.75434
2025-05-20 12:00:00,0.73402
2025-05-20 13:00:00,0.65563
2025-05-20 14:00:00,0.52713
2025-05-20 15:00:00,0.34414999999999996
2025-05-20 16:00:00,0.12794
2025-05-20 17:00:00,0.0
2025-05-20 18:00:00,0.0
2025-05-20 19:00:00,0.0
2025-05-20 20:00:00,0.0
2025-05-20 21:00:00,0.0
2025-05-20 22:00:00,0.0
2025-05-20 23:00:00,0.0
2025-05-21 00:00:00,0.0
2025-05-21 01:00:00,0.0
2025-05-21 02:00:00,0.0
2025-05-21 03:00:00,0.0
2025-05-21 04:00:00,0.0
2025-05-21 05:00:00,0.0
2025-05-21 06:00:00,0.0
2025-05-21 07:00:00,0.27237
2025-05-21 08:00:00,0.49439999999999995
2025-05-21 09:00:00,0.62752
2025-05-21 10:00:00,0.70837
2025-05-21 11:00:00,0.73277
2025-05-21 12:00:00,0.71734
2025-05-21 13:00:00,0.64246
2025-05-21 14:00:00,0.50218
2025-05-21 15:00:00,0.32376
2025-05-21 16:00:00,0.12265999999999999
2025-05-21 17:00:00,0.0
2025-05-21 18:00:00,0.0
2025-05-21 19:00:00,0.0
2025-05-21 20:00:00,0.0
2025-05-21 21:00:00,0.0
2025-05-21 22:00:00,0.0
2025-05-21 23:00:00,0.0
2025-05-22 00:00:00,0.0
2025-05-22 01:00:00,0.0
2025-05-22 02:00:00,0.0
2025-05-22 03:00:00,0.0
2025-05-22 04:00:00,0.0
2025-05-22 05:00:00,0.0
2025-05-22 06:00:00,0.0
2025-05-22 07:00:00,0.21104
2025-05-22 08:00:00,0.44979
2025-05-22 09:00:00,0.5799
2025-05-22 10:00:00,0.6437
2025-05-22 11:00:00,0.6699400000000001
2025-05-22 12:00:00,0.6288400000000001
2025-05-22 13:00:00,0.53738
2025-05-22 14:00:00,0.41128
2025-05-22 15:00:00,0.28254
2025-05-22 16:00:00,0.09461
2025-05-22 17:00:00,0.0
2025-05-22 18:00:00,0.0
2025-05-22 19:00:00,0.0
2025-05-22 20:00:00,0.0
2025-05-22 21:00:00,0.0
2025-05-22 22:00:00,0.0
2025-05-22 23:00:00,0.0
2025-05-23 00:00:00,0.0
2025-05-23 01:00:00,0.0
2025-05-23 02:00:00,0.0
2025-05-23 03:00:00,0.0
2025-05-23 04:00:00,0.0
2025-05-23 05:00:00,0.0
2025-05-23 06:00:00,0.0
2025-05-23 07:00:00,0.25727
2025-05-23 08:00:00,0.46355
2025-05-23 09:00:00,0.5895900000000001
2025-05-23 10:00:00,0.68884
2025-05-23 11:00:00,0.72246
2025-05-23 12:00:00,0.70105
2025-05-23 13:00:00,0.60409
2025-05-23 14:00:00,0.46351
2025-05-23 15:00:00,0.26413
2025-05-23 16:00:00,0.09853
2025-05-23 17:00:00,0.0
2025-05-23 18:00:00,0.0
2025-05-23 19:00:00,0.0
2025-05-23 20:00:00,0.0
2025-05-23 21:00:00,0.0
2025-05-23 22:00:00,0.0
2025-05-23 23:00:00,0.0
2025-05-24 00:00:00,0.0
2025-05-24 01:00:00,0.0
2025-05-24 02:00:00,0.0
2025-05-24 03:00:00,0.0
2025-05-24 04:00:00,0.0
2025-05-24 05:00:00,0.0
2025-05-24 06:00:00,0.0
2025-05-24 07:00:00,0.22641
2025-05-24 08:00:00,0.38927999999999996
2025-05-24 09:00:00,0.5445099999999999
2025-05-24 10:00:00,0.67057
2025-05-24 11:00:00,0.6615599999999999
2025-05-24 12:00:00,0.62395
2025-05-24 13:00:00,0.50106
2025-05-24 14:00:00,0.36435
2025-05-24 15:00:00,0.20032
2025-05-24 16:00:00,0.08816
2025-05-24 17:00:00,0.0
2025-05-24 18:00:00,0.0
2025-05-24 19:00:00,0.0
2025-05-24 20:00:00,0.0
2025-05-24 21:00:00,0.0
2025-05-24 22:00:00,0.0
2025-05-24 23:00:00,0.0
2025-05-25 00:00:00,0.0
2025-05-25 01:00:00,0.0
2025-05-25 02:00:00,0.0
2025-05-25 03:00:00,0.0
2025-05-25 04:00:00,0.0
2025-05-25 05:00:00,0.0
2025-05-25 06:00:00,0.0
2025-05-25 07:00:00,0.22772
2025-05-25 08:00:00,0.42854000000000003
2025-05-25 09:00:00,0.59702
2025-05-25 10:00:00,0.68611
2025-05-25 11:00:00,0.71546
2025-05-25 12:00:00,0.6948200000000001
2025-05-25 13:00:00,0.61015
2025-05-25 14:00:00,0.48691
2025-05-25 15:00:00,0.27403
2025-05-25 16:00:00,0.08948
2025-05-25 17:00:00,0.0
2025-05-25 18:00:00,0.0
2025-05-25 19:00:00,0.0
2025-05-25 20:00:00,0.0
2025-05-25 21:00:00,0.0
2025-05-25 22:00:00,0.0
2025-05-25 23:00:00,0.0
2025-05-26 00:00:00,0.0
2025-05-26 01:00:00,0.0
2025-05-26 02:00:00,0.0
2025-05-26 03:00:00,0.0
2025-05-26 04:00:00,0.0
2025-05-26 05:00:00,0.0
2025-05-26 06:00:00,0.0
2025-05-26 07:00:00,0.23566
2025-05-26 08:00:00,0.45285000000000003
2025-05-26 09:00:00,0.6116
2025-05-26 10:00:00,0.7104199999999999
2025-05-26 11:00:00,0.74302
2025-05-26 12:00:00,0.7176699999999999
2025-05-26 13:00:00,0.6416900000000001
2025-05-26 14:00:00,0.5130399999999999
2025-05-26 15:00:00,0.31658
2025-05-26 16:00:00,0.10579000000000001
2025-05-26 17:00:00,0.0
2025-05-26 18:00:00,0.0
2025-05-26 19:00:00,0.0
2025-05-26 20:00:00,0.0
2025-05-26 21:00:00,0.0
2025-05-26 22:00:00,0.0
2025-05-26 23:00:00,0.0
2025-05-27 00:00:00,0.0
2025-05-27 01:00:00,0.0
2025-05-27 02:00:00,0.0
2025-05-27 03:00:00,0.0
2025-05-27 04:00:00,0.0
2025-05-27 05:00:00,0.0
2025-05-27 06:00:00,0.0
2025-05-27 07:00:00,0.24911000000000003
2025-05-27 08:00:00,0.45133999999999996
2025-05-27 09:00:00,0.59919
2025-05-27 10:00:00,0.67988
2025-05-27 11:00:00,0.707
2025-05-27 12:00:00,0.65274
2025-05-27 13:00:00,0.57482
2025-05-27 14:00:00,0.44295999999999996
2025-05-27 15:00:00,0.2793
2025-05-27 16:00:00,0.10683
2025-05-27 17:00:00,0.0
2025-05-27 18:00:00,0.0
2025-05-27 19:00:00,0.0
2025-05-27 20:00:00,0.0
2025-05-27 21:00:00,0.0
2025-05-27 22:00:00,0.0
2025-05-27 23:00:00,0.0
2025-05-28 00:00:00,0.0
2025-05-28 01:00:00,0.0
2025-05-28 02:00:00,0.0
2025-05-28 03:00:00,0.0
2025-05-28 04:00:00,0.0
2025-05-28 05:00:00,0.0
2025-05-28 06:00:00,0.0
2025-05-28 07:00:00,0.1976
2025-05-28 08:00:00,0.3748
2025-05-28 09:00:00,0.49225
2025-05-28 10:00:00,0.60598
2025-05-28 11:00:00,0.66561
2025-05-28 12:00:00,0.5521900000000001
2025-05-28 13:00:00,0.41216
2025-05-28 14:00:00,0.25068
2025-05-28 15:00:00,0.18093
2025-05-28 16:00:00,0.04342
2025-05-28 17:00:00,0.0
2025-05-28 18:00:00,0.0
2025-05-28 19:00:00,0.0
2025-05-28 20:00:00,0.0
2025-05-28 21:00:00,0.0
2025-05-28 22:00:00,0.0
2025-05-28 23:00:00,0.0
2025-05-29 00:00:00,0.0
2025-05-29 01:00:00,0.0
2025-05-29 02:00:00,0.0
2025-05-29 03:00:00,0.0
2025-05-29 04:00:00,0.0
2025-05-29 05:00:00,0.0
2025-05-29 06:00:00,0.0
2025-05-29 07:00:00,0.01008
2025-05-29 08:00:00,0.04974
2025-05-29 09:00:00,0.14759
2025-05-29 10:00:00,0.23998
2025-05-29 11:00:00,0.28323000000000004
2025-05-29 12:00:00,0.25736000000000003
2025-05-29 13:00:00,0.19903
2025-05-29 14:00:00,0.12705
2025-05-29 15:00:00,0.08292000000000001
2025-05-29 16:00:00,0.02736
2025-05-29 17:00:00,0.0
2025-05-29 18:00:00,0.0
2025-05-29 19:00:00,0.0
2025-05-29 20:00:00,0.0
2025-05-29 21:00:00,0.0
2025-05-29 22:00:00,0.0
2025-05-29 23:00:00,0.0
2025-05-30 00:00:00,0.0
2025-05-30 01:00:00,0.0
2025-05-30 02:00:00,0.0
2025-05-30 03:00:00,0.0
2025-05-30 04:00:00,0.0
2025-05-30 05:00:00,0.0
2025-05-30 06:00:00,0.0
2025-05-30 07:00:00,0.07334
2025-05-30 08:00:00,0.23847
2025-05-30 09:00:00,0.32162
2025-05-30 10:00:00,0.43271
2025-05-30 11:00:00,0.33038999999999996
2025-05-30 12:00:00,0.22329
2025-05-30 13:00:00,0.20446999999999999
2025-05-30 14:00:00,0.13449
2025-05-30 15:00:00,0.05709
2025-05-30 16:00:00,0.01819
2025-05-30 17:00:00,0.0
2025-05-30 18:00:00,0.0
2025-05-30 19:00:00,0.0
2025-05-30 20:00:00,0.0
2025-05-30 21:00:00,0.0
2025-05-30 22:00:00,0.0
2025-05-30 23:00:00,0.0
2025-05-31 00:00:00,0.0
2025-05-31 01:00:00,0.0
2025-05-31 02:00:00,0.0
2025-05-31 03:00:00,0.0
2025-05-31 04:00:00,0.0
2025-05-31 05:00:00,0.0
2025-05-31 06:00:00,0.0
2025-05-31 07:00:00,0.00292
2025-05-31 08:00:00,0.01142
2025-05-31 09:00:00,0.02534
2025-05-31 10:00:00,0.01632
2025-05-31 11:00:00,0.02605
2025-05-31 12:00:00,0.053399999999999996
2025-05-31 13:00:00,0.08806
2025-05-31 14:00:00,0.03567
2025-05-31 15:00:00,0.02066
2025-05-31 16:00:00,0.0166
2025-05-31 17:00:00,0.0
2025-05-31 18:00:00,0.0
2025-05-31 19:00:00,0.0
2025-05-31 20:00:00,0.0
2025-05-31 21:00:00,0.0
2025-05-31 22:00:00,0.0
2025-05-31 23:00:00,0.0
2025-06-01 00:00:00,0.0
2025-06-01 01:00:00,0.0
2025-06-01 02:00:00,0.0
2025-06-01 03:00:00,0.0
2025-06-01 04:00:00,0.0
2025-06-01 05:00:00,0.0
2025-06-01 06:00:00,0.0
2025-06-01 07:00:00,0.06831999999999999
2025-06-01 08:00:00,0.27172
2025-06-01 09:00:00,0.37967
2025-06-01 10:00:00,0.36294
2025-06-01 11:00:00,0.25504
2025-06-01 12:00:00,0.26480000000000004
2025-06-01 13:00:00,0.19285
2025-06-01 14:00:00,0.24419
2025-06-01 15:00:00,0.16797
2025-06-01 16:00:00,0.05634
2025-06-01 17:00:00,0.0
2025-06-01 18:00:00,0.0
2025-06-01 19:00:00,0.0
2025-06-01 20:00:00,0.0
2025-06-01 21:00:00,0.0
2025-06-01 22:00:00,0.0
2025-06-01 23:00:00,0.0
2025-06-02 00:00:00,0.0
2025-06-02 01:00:00,0.0
2025-06-02 02:00:00,0.0
2025-06-02 03:00:00,0.0
2025-06-02 04:00:00,0.0
2025-06-02 05:00:00,0.0
2025-06-02 06:00:00,0.0
2025-06-02 07:00:00,0.09323999999999999
2025-06-02 08:00:00,0.20685
2025-06-02 09:00:00,0.37842000000000003
2025-06-02 10:00:00,0.58169
2025-06-02 11:00:00,0.60638
2025-06-02 12:00:00,0.6075
2025-06-02 13:00:00,0.5759
2025-06-02 14:00:00,0.48469999999999996
2025-06-02 15:00:00,0.29512
2025-06-02 16:00:00,0.10687999999999999
2025-06-02 17:00:00,0.0
2025-06-02 18:00:00,0.0
2025-06-02 19:00:00,0.0
2025-06-02 20:00:00,0.0
2025-06-02 21:00:00,0.0
2025-06-02 22:00:00,0.0
2025-06-02 23:00:00,0.0
2025-06-03 00:00:00,0.0
2025-06-03 01:00:00,0.0
2025-06-03 02:00:00,0.0
2025-06-03 03:00:00,0.0
2025-06-03 04:00:00,0.0
2025-06-03 05:00:00,0.0
2025-06-03 06:00:00,0.0
2025-06-03 07:00:00,0.14396
2025-06-03 08:00:00,0.32485
2025-06-03 09:00:00,0.49081
2025-06-03 10:00:00,0.69512
2025-06-03 11:00:00,0.7245
2025-06-03 12:00:00,0.70157
2025-06-03 13:00:00,0.6301
2025-06-03 14:00:00,0.50618
2025-06-03 15:00:00,0.33002
2025-06-03 16:00:00,0.12074
2025-06-03 17:00:00,0.0
2025-06-03 18:00:00,0.0
2025-06-03 19:00:00,0.0
2025-06-03 20:00:00,0.0
2025-06-03 21:00:00,0.0
2025-06-03 22:00:00,0.0
2025-06-03 23:00:00,0.0
2025-06-04 00:00:00,0.0
2025-06-04 01:00:00,0.0
2025-06-04 02:00:00,0.0
2025-06-04 03:00:00,0.0
2025-06-04 04:00:00,0.0
2025-06-04 05:00:00,0.0
2025-06-04 06:00:00,0.0
2025-06-04 07:00:00,0.25039
2025-06-04 08:00:00,0.46702
2025-06-04 09:00:00,0.6084400000000001
2025-06-04 10:00:00,0.69204
2025-06-04 11:00:00,0.72064
2025-06-04 12:00:00,0.69643
2025-06-04 13:00:00,0.6232300000000001
2025-06-04 14:00:00,0.49909
2025-06-04 15:00:00,0.32319
2025-06-04 16:00:00,0.11846
2025-06-04 17:00:00,0.0
2025-06-04 18:00:00,0.0
2025-06-04 19:00:00,0.0
2025-06-04 20:00:00,0.0
2025-06-04 21:00:00,0.0
2025-06-04 22:00:00,0.0
2025-06-04 23:00:00,0.0
2025-06-05 00:00:00,0.0
2025-06-05 01:00:00,0.0
2025-06-05 02:00:00,0.0
2025-06-05 03:00:00,0.0
2025-06-05 04:00:00,0.0
2025-06-05 05:00:00,0.0
2025-06-05 06:00:00,0.0
2025-06-05 07:00:00,0.23927
2025-06-05 08:00:00,0.45581
2025-06-05 09:00:00,0.5973099999999999
2025-06-05 10:00:00,0.6831499999999999
2025-06-05 11:00:00,0.7125900000000001
2025-06-05 12:00:00,0.6888200000000001
2025-06-05 13:00:00,0.6185
2025-06-05 14:00:00,0.49789999999999995
2025-06-05 15:00:00,0.31909
2025-06-05 16:00:00,0.11886
2025-06-05 17:00:00,0.0
2025-06-05 18:00:00,0.0
2025-06-05 19:00:00,0.0
2025-06-05 20:00:00,0.0
2025-06-05 21:00:00,0.0
2025-06-05 22:00:00,0.0
2025-06-05 23:00:00,0.0
2025-06-06 00:00:00,0.0
2025-06-06 01:00:00,0.0
2025-06-06 02:00:00,0.0
2025-06-06 03:00:00,0.0
2025-06-06 04:00:00,0.0
2025-06-06 05:00:00,0.0
2025-06-06 06:00:00,0.0
2025-06-06 07:00:00,0.02141
2025-06-06 08:00:00,0.08656
2025-06-06 09:00:00,0.298
2025-06-06 10:00:00,0.5278099999999999
2025-06-06 11:00:00,0.6794
2025-06-06 12:00:00,0.6700900000000001
2025-06-06 13:00:00,0.60437
2025-06-06 14:00:00,0.47137
2025-06-06 15:00:00,0.29428
2025-06-06 16:00:00,0.10676000000000001
2025-06-06 17:00:00,0.0
2025-06-06 18:00:00,0.0
2025-06-06 19:00:00,0.0
2025-06-06 20:00:00,0.0
2025-06-06 21:00:00,0.0
2025-06-06 22:00:00,0.0
2025-06-06 23:00:00,0.0
2025-06-07 00:00:00,0.0
2025-06-07 01:00:00,0.0
2025-06-07 02:00:00,0.0
2025-06-07 03:00:00,0.0
2025-06-07 04:00:00,0.0
2025-06-07 05:00:00,0.0
2025-06-07 06:00:00,0.0
2025-06-07 07:00:00,0.16216
2025-06-07 08:00:00,0.32033
2025-06-07 09:00:00,0.5549299999999999
2025-06-07 10:00:00,0.68116
2025-06-07 11:00:00,0.7221599999999999
2025-06-07 12:00:00,0.70259
2025-06-07 13:00:00,0.63018
2025-06-07 14:00:00,0.5061100000000001
2025-06-07 15:00:00,0.32948
2025-06-07 16:00:00,0.11987
2025-06-07 17:00:00,0.0
2025-06-07 18:00:00,0.0
2025-06-07 19:00:00,0.0
2025-06-07 20:00:00,0.0
2025-06-07 21:00:00,0.0
2025-06-07 22:00:00,0.0
2025-06-07 23:00:00,0.0
2025-06-08 00:00:00,0.0
2025-06-08 01:00:00,0.0
2025-06-08 02:00:00,0.0
2025-06-08 03:00:00,0.0
2025-06-08 04:00:00,0.0
2025-06-08 05:00:00,0.0
2025-06-08 06:00:00,0.0
2025-06-08 07:00:00,0.23401
2025-06-08 08:00:00,0.45039
2025-06-08 09:00:00,0.59189
2025-06-08 10:00:00,0.6782699999999999
2025-06-08 11:00:00,0.71127
2025-06-08 12:00:00,0.68938
2025-06-08 13:00:00,0.61794
2025-06-08 14:00:00,0.49623
2025-06-08 15:00:00,0.32313
2025-06-08 16:00:00,0.11828
2025-06-08 17:00:00,0.0
2025-06-08 18:00:00,0.0
2025-06-08 19:00:00,0.0
2025-06-08 20:00:00,0.0
2025-06-08 21:00:00,0.0
2025-06-08 22:00:00,0.0
2025-06-08 23:00:00,0.0
2025-06-09 00:00:00,0.0
2025-06-09 01:00:00,0.0
2025-06-09 02:00:00,0.0
2025-06-09 03:00:00,0.0
2025-06-09 04:00:00,0.0
2025-06-09 05:00:00,0.0
2025-06-09 06:00:00,0.0
2025-06-09 07:00:00,0.23308
2025-06-09 08:00:00,0.45085000000000003
2025-06-09 09:00:00,0.59509
2025-06-09 10:00:00,0.6851799999999999
2025-06-09 11:00:00,0.71987
2025-06-09 12:00:00,0.6995399999999999
2025-06-09 13:00:00,0.62598
2025-06-09 14:00:00,0.4998
2025-06-09 15:00:00,0.32395999999999997
2025-06-09 16:00:00,0.11729
2025-06-09 17:00:00,0.0
2025-06-09 18:00:00,0.0
2025-06-09 19:00:00,0.0
2025-06-09 20:00:00,0.0
2025-06-09 21:00:00,0.0
2025-06-09 22:00:00,0.0
2025-06-09 23:00:00,0.0
2025-06-10 00:00:00,0.0
2025-06-10 01:00:00,0.0
2025-06-10 02:00:00,0.0
2025-06-10 03:00:00,0.0
2025-06-10 04:00:00,0.0
2025-06-10 05:00:00,0.0
2025-06-10 06:00:00,0.0
2025-06-10 07:00:00,0.22916
2025-06-10 08:00:00,0.44605
2025-06-10 09:00:00,0.58946
2025-06-10 10:00:00,0.67915
2025-06-10 11:00:00,0.71562
2025-06-10 12:00:00,0.6972999999999999
2025-06-10 13:00:00,0.62575
2025-06-10 14:00:00,0.50097
2025-06-10 15:00:00,0.32235
2025-06-10 16:00:00,0.11695
2025-06-10 17:00:00,0.0
2025-06-10 18:00:00,0.0
2025-06-10 19:00:00,0.0
2025-06-10 20:00:00,0.0
2025-06-10 21:00:00,0.0
2025-06-10 22:00:00,0.0
2025-06-10 23:00:00,0.0
2025-06-11 00:00:00,0.0
2025-06-11 01:00:00,0.0
2025-06-11 02:00:00,0.0
2025-06-11 03:00:00,0.0
2025-06-11 04:00:00,0.0
2025-06-11 05:00:00,0.0
2025-06-11 06:00:00,0.0
2025-06-11 07:00:00,0.22426
2025-06-11 08:00:00,0.44001
2025-06-11 09:00:00,0.58456
2025-06-11 10:00:00,0.6748200000000001
2025-06-11 11:00:00,0.71096
2025-06-11 12:00:00,0.6967899999999999
2025-06-11 13:00:00,0.62642
2025-06-11 14:00:00,0.48569
2025-06-11 15:00:00,0.30257999999999996
2025-06-11 16:00:00,0.11354
2025-06-11 17:00:00,0.0
2025-06-11 18:00:00,0.0
2025-06-11 19:00:00,0.0
2025-06-11 20:00:00,0.0
2025-06-11 21:00:00,0.0
2025-06-11 22:00:00,0.0
2025-06-11 23:00:00,0.0
2025-06-12 00:00:00,0.0
2025-06-12 01:00:00,0.0
2025-06-12 02:00:00,0.0
2025-06-12 03:00:00,0.0
2025-06-12 04:00:00,0.0
2025-06-12 05:00:00,0.0
2025-06-12 06:00:00,0.0
2025-06-12 07:00:00,0.2211
2025-06-12 08:00:00,0.42863
2025-06-12 09:00:00,0.5806
2025-06-12 10:00:00,0.67077
2025-06-12 11:00:00,0.70359
2025-06-12 12:00:00,0.68976
2025-06-12 13:00:00,0.62066
2025-06-12 14:00:00,0.49675
2025-06-12 15:00:00,0.25921
2025-06-12 16:00:00,0.07770999999999999
2025-06-12 17:00:00,0.0
2025-06-12 18:00:00,0.0
2025-06-12 19:00:00,0.0
2025-06-12 20:00:00,0.0
2025-06-12 21:00:00,0.0
2025-06-12 22:00:00,0.0
2025-06-12 23:00:00,0.0
2025-06-13 00:00:00,0.0
2025-06-13 01:00:00,0.0
2025-06-13 02:00:00,0.0
2025-06-13 03:00:00,0.0
2025-06-13 04:00:00,0.0
2025-06-13 05:00:00,0.0
2025-06-13 06:00:00,0.0
2025-06-13 07:00:00,0.02274
2025-06-13 08:00:00,0.05425
2025-06-13 09:00:00,0.11841
2025-06-13 10:00:00,0.17075
2025-06-13 11:00:00,0.18634
2025-06-13 12:00:00,0.20057
2025-06-13 13:00:00,0.19925
2025-06-13 14:00:00,0.20467
2025-06-13 15:00:00,0.04967
2025-06-13 16:00:00,0.02141
2025-06-13 17:00:00,0.0
2025-06-13 18:00:00,0.0
2025-06-13 19:00:00,0.0
2025-06-13 20:00:00,0.0
2025-06-13 21:00:00,0.0
2025-06-13 22:00:00,0.0
2025-06-13 23:00:00,0.0
2025-06-14 00:00:00,0.0
2025-06-14 01:00:00,0.0
2025-06-14 02:00:00,0.0
2025-06-14 03:00:00,0.0
2025-06-14 04:00:00,0.0
2025-06-14 05:00:00,0.0
2025-06-14 06:00:00,0.0
2025-06-14 07:00:00,0.026199999999999998
2025-06-14 08:00:00,0.19141
2025-06-14 09:00:00,0.24691
2025-06-14 10:00:00,0.31343
2025-06-14 11:00:00,0.33735000000000004
2025-06-14 12:00:00,0.25353
2025-06-14 13:00:00,0.17604
2025-06-14 14:00:00,0.09961
2025-06-14 15:00:00,0.01183
2025-06-14 16:00:00,0.00447
2025-06-14 17:00:00,0.0
2025-06-14 18:00:00,0.0
2025-06-14 19:00:00,0.0
2025-06-14 20:00:00,0.0
2025-06-14 21:00:00,0.0
2025-06-14 22:00:00,0.0
2025-06-14 23:00:00,0.0
2025-06-15 00:00:00,0.0
2025-06-15 01:00:00,0.0
2025-06-15 02:00:00,0.0
2025-06-15 03:00:00,0.0
2025-06-15 04:00:00,0.0
2025-06-15 05:00:00,0.0
2025-06-15 06:00:00,0.0
2025-06-15 07:00:00,0.01738
2025-06-15 08:00:00,0.08981
2025-06-15 09:00:00,0.1232
2025-06-15 10:00:00,0.18528
2025-06-15 11:00:00,0.11467000000000001
2025-06-15 12:00:00,0.1901
2025-06-15 13:00:00,0.30274
2025-06-15 14:00:00,0.25966
2025-06-15 15:00:00,0.053
2025-06-15 16:00:00,0.0087
2025-06-15 17:00:00,0.0
2025-06-15 18:00:00,0.0
2025-06-15 19:00:00,0.0
2025-06-15 20:00:00,0.0
2025-06-15 21:00:00,0.0
2025-06-15 22:00:00,0.0
2025-06-15 23:00:00,0.0
2025-06-16 00:00:00,0.0
2025-06-16 01:00:00,0.0
2025-06-16 02:00:00,0.0
2025-06-16 03:00:00,0.0
2025-06-16 04:00:00,0.0
2025-06-16 05:00:00,0.0
2025-06-16 06:00:00,0.0
2025-06-16 07:00:00,0.02843
2025-06-16 08:00:00,0.09844
2025-06-16 09:00:00,0.24834
2025-06-16 10:00:00,0.31077999999999995
2025-06-16 11:00:00,0.38121
2025-06-16 12:00:00,0.28644
2025-06-16 13:00:00,0.35274
2025-06-16 14:00:00,0.31213
2025-06-16 15:00:00,0.21581999999999998
2025-06-16 16:00:00,0.07947
2025-06-16 17:00:00,0.0
2025-06-16 18:00:00,0.0
2025-06-16 19:00:00,0.0
2025-06-16 20:00:00,0.0
2025-06-16 21:00:00,0.0
2025-06-16 22:00:00,0.0
2025-06-16 23:00:00,0.0
2025-06-17 00:00:00,0.0
2025-06-17 01:00:00,0.0
2025-06-17 02:00:00,0.0
2025-06-17 03:00:00,0.0
2025-06-17 04:00:00,0.0
2025-06-17 05:00:00,0.0
2025-06-17 06:00:00,0.0
2025-06-17 07:00:00,0.09140000000000001
2025-06-17 08:00:00,0.18508000000000002
2025-06-17 09:00:00,0.37922
2025-06-17 10:00:00,0.5551799999999999
2025-06-17 11:00:00,0.60281
2025-06-17 12:00:00,0.61637
2025-06-17 13:00:00,0.53727
2025-06-17 14:00:00,0.44348000000000004
2025-06-17 15:00:00,0.27294
2025-06-17 16:00:00,0.10882
2025-06-17 17:00:00,0.0
2025-06-17 18:00:00,0.0
2025-06-17 19:00:00,0.0
2025-06-17 20:00:00,0.0
2025-06-17 21:00:00,0.0
2025-06-17 22:00:00,0.0
2025-06-17 23:00:00,0.0
2025-06-18 00:00:00,0.0
2025-06-18 01:00:00,0.0
2025-06-18 02:00:00,0.0
2025-06-18 03:00:00,0.0
2025-06-18 04:00:00,0.0
2025-06-18 05:00:00,0.0
2025-06-18 06:00:00,0.0
2025-06-18 07:00:00,0.16303
2025-06-18 08:00:00,0.37079
2025-06-18 09:00:00,0.50555
2025-06-18 10:00:00,0.62628
2025-06-18 11:00:00,0.68899
2025-06-18 12:00:00,0.67191
2025-06-18 13:00:00,0.60988
2025-06-18 14:00:00,0.48756
2025-06-18 15:00:00,0.32629
2025-06-18 16:00:00,0.12455
2025-06-18 17:00:00,0.0
2025-06-18 18:00:00,0.0
2025-06-18 19:00:00,0.0
2025-06-18 20:00:00,0.0
2025-06-18 21:00:00,0.0
2025-06-18 22:00:00,0.0
2025-06-18 23:00:00,0.0
2025-06-19 00:00:00,0.0
2025-06-19 01:00:00,0.0
2025-06-19 02:00:00,0.0
2025-06-19 03:00:00,0.0
2025-06-19 04:00:00,0.0
2025-06-19 05:00:00,0.0
2025-06-19 06:00:00,0.0
2025-06-19 07:00:00,0.10588
2025-06-19 08:00:00,0.18955000000000002
2025-06-19 09:00:00,0.40606
2025-06-19 10:00:00,0.5427000000000001
2025-06-19 11:00:00,0.6330800000000001
2025-06-19 12:00:00,0.6313
2025-06-19 13:00:00,0.57284
2025-06-19 14:00:00,0.49238
2025-06-19 15:00:00,0.31773
2025-06-19 16:00:00,0.11501
2025-06-19 17:00:00,0.0
2025-06-19 18:00:00,0.0
2025-06-19 19:00:00,0.0
2025-06-19 20:00:00,0.0
2025-06-19 21:00:00,0.0
2025-06-19 22:00:00,0.0
2025-06-19 23:00:00,0.0
2025-06-20 00:00:00,0.0
2025-06-20 01:00:00,0.0
2025-06-20 02:00:00,0.0
2025-06-20 03:00:00,0.0
2025-06-20 04:00:00,0.0
2025-06-20 05:00:00,0.0
2025-06-20 06:00:00,0.0
2025-06-20 07:00:00,0.12358
2025-06-20 08:00:00,0.26838999999999996
2025-06-20 09:00:00,0.52381
2025-06-20 10:00:00,0.66608
2025-06-20 11:00:00,0.7117
2025-06-20 12:00:00,0.6969299999999999
2025-06-20 13:00:00,0.63059
2025-06-20 14:00:00,0.50644
2025-06-20 15:00:00,0.33182
2025-06-20 16:00:00,0.12517
2025-06-20 17:00:00,0.0
2025-06-20 18:00:00,0.0
2025-06-20 19:00:00,0.0
2025-06-20 20:00:00,0.0
2025-06-20 21:00:00,0.0
2025-06-20 22:00:00,0.0
2025-06-20 23:00:00,0.0
2025-06-21 00:00:00,0.0
2025-06-21 01:00:00,0.0
2025-06-21 02:00:00,0.0
2025-06-21 03:00:00,0.0
2025-06-21 04:00:00,0.0
2025-06-21 05:00:00,0.0
2025-06-21 06:00:00,0.0
2025-06-21 07:00:00,0.21586000000000002
2025-06-21 08:00:00,0.43869
2025-06-21 09:00:00,0.58892
2025-06-21 10:00:00,0.684
2025-06-21 11:00:00,0.7221799999999999
2025-06-21 12:00:00,0.69994
2025-06-21 13:00:00,0.62807
2025-06-21 14:00:00,0.50075
2025-06-21 15:00:00,0.33
2025-06-21 16:00:00,0.12395999999999999
2025-06-21 17:00:00,0.0
2025-06-21 18:00:00,0.0
2025-06-21 19:00:00,0.0
2025-06-21 20:00:00,0.0
2025-06-21 21:00:00,0.0
2025-06-21 22:00:00,0.0
2025-06-21 23:00:00,0.0
2025-06-22 00:00:00,0.0
2025-06-22 01:00:00,0.0
2025-06-22 02:00:00,0.0
2025-06-22 03:00:00,0.0
2025-06-22 04:00:00,0.0
2025-06-22 05:00:00,0.0
2025-06-22 06:00:00,0.0
2025-06-22 07:00:00,0.1925
2025-06-22 08:00:00,0.4184
2025-06-22 09:00:00,0.5738300000000001
2025-06-22 10:00:00,0.6648200000000001
2025-06-22 11:00:00,0.70588
2025-06-22 12:00:00,0.68421
2025-06-22 13:00:00,0.6126900000000001
2025-06-22 14:00:00,0.48606
2025-06-22 15:00:00,0.32041000000000003
2025-06-22 16:00:00,0.11957999999999999
2025-06-22 17:00:00,0.0
2025-06-22 18:00:00,0.0
2025-06-22 19:00:00,0.0
2025-06-22 20:00:00,0.0
2025-06-22 21:00:00,0.0
2025-06-22 22:00:00,0.0
2025-06-22 23:00:00,0.0
2025-06-23 00:00:00,0.0
2025-06-23 01:00:00,0.0
2025-06-23 02:00:00,0.0
2025-06-23 03:00:00,0.0
2025-06-23 04:00:00,0.0
2025-06-23 05:00:00,0.0
2025-06-23 06:00:00,0.0
2025-06-23 07:00:00,0.13496
2025-06-23 08:00:00,0.34826999999999997
2025-06-23 09:00:00,0.539
2025-06-23 10:00:00,0.65376
2025-06-23 11:00:00,0.65915
2025-06-23 12:00:00,0.62472
2025-06-23 13:00:00,0.53395
2025-06-23 14:00:00,0.40693
2025-06-23 15:00:00,0.25979
2025-06-23 16:00:00,0.0848
2025-06-23 17:00:00,0.0
2025-06-23 18:00:00,0.0
2025-06-23 19:00:00,0.0
2025-06-23 20:00:00,0.0
2025-06-23 21:00:00,0.0
2025-06-23 22:00:00,0.0
2025-06-23 23:00:00,0.0
2025-06-24 00:00:00,0.0
2025-06-24 01:00:00,0.0
2025-06-24 02:00:00,0.0
2025-06-24 03:00:00,0.0
2025-06-24 04:00:00,0.0
2025-06-24 05:00:00,0.0
2025-06-24 06:00:00,0.0
2025-06-24 07:00:00,0.12419
2025-06-24 08:00:00,0.3449
2025-06-24 09:00:00,0.48524
2025-06-24 10:00:00,0.55828
2025-06-24 11:00:00,0.63612
2025-06-24 12:00:00,0.63273
2025-06-24 13:00:00,0.56096
2025-06-24 14:00:00,0.45027
2025-06-24 15:00:00,0.30539
2025-06-24 16:00:00,0.10811
2025-06-24 17:00:00,0.0
2025-06-24 18:00:00,0.0
2025-06-24 19:00:00,0.0
2025-06-24 20:00:00,0.0
2025-06-24 21:00:00,0.0
2025-06-24 22:00:00,0.0
2025-06-24 23:00:00,0.0
2025-06-25 00:00:00,0.0
2025-06-25 01:00:00,0.0
2025-06-25 02:00:00,0.0
2025-06-25 03:00:00,0.0
2025-06-25 04:00:00,0.0
2025-06-25 05:00:00,0.0
2025-06-25 06:00:00,0.0
2025-06-25 07:00:00,0.19113999999999998
2025-06-25 08:00:00,0.40304
2025-06-25 09:00:00,0.54365
2025-06-25 10:00:00,0.63652
2025-06-25 11:00:00,0.66214
2025-06-25 12:00:00,0.6339
2025-06-25 13:00:00,0.58161
2025-06-25 14:00:00,0.46686
2025-06-25 15:00:00,0.29327
2025-06-25 16:00:00,0.11495999999999999
2025-06-25 17:00:00,0.0
2025-06-25 18:00:00,0.0
2025-06-25 19:00:00,0.0
2025-06-25 20:00:00,0.0
2025-06-25 21:00:00,0.0
2025-06-25 22:00:00,0.0
2025-06-25 23:00:00,0.0
2025-06-26 00:00:00,0.0
2025-06-26 01:00:00,0.0
2025-06-26 02:00:00,0.0
2025-06-26 03:00:00,0.0
2025-06-26 04:00:00,0.0
2025-06-26 05:00:00,0.0
2025-06-26 06:00:00,0.0
2025-06-26 07:00:00,0.20329
2025-06-26 08:00:00,0.41933
2025-06-26 09:00:00,0.5664199999999999
2025-06-26 10:00:00,0.6530199999999999
2025-06-26 11:00:00,0.68444
2025-06-26 12:00:00,0.67218
2025-06-26 13:00:00,0.61111
2025-06-26 14:00:00,0.49632
2025-06-26 15:00:00,0.32733999999999996
2025-06-26 16:00:00,0.12558
2025-06-26 17:00:00,0.0
2025-06-26 18:00:00,0.0
2025-06-26 19:00:00,0.0
2025-06-26 20:00:00,0.0
2025-06-26 21:00:00,0.0
2025-06-26 22:00:00,0.0
2025-06-26 23:00:00,0.0
2025-06-27 00:00:00,0.0
2025-06-27 01:00:00,0.0
2025-06-27 02:00:00,0.0
2025-06-27 03:00:00,0.0
2025-06-27 04:00:00,0.0
2025-06-27 05:00:00,0.0
2025-06-27 06:00:00,0.0
2025-06-27 07:00:00,0.20732
2025-06-27 08:00:00,0.42672000000000004
2025-06-27 09:00:00,0.5754199999999999
2025-06-27 10:00:00,0.67141
2025-06-27 11:00:00,0.70912
2025-06-27 12:00:00,0.69317
2025-06-27 13:00:00,0.62313
2025-06-27 14:00:00,0.50342
2025-06-27 15:00:00,0.33067
2025-06-27 16:00:00,0.12648
2025-06-27 17:00:00,0.0
2025-06-27 18:00:00,0.0
2025-06-27 19:00:00,0.0
2025-06-27 20:00:00,0.0
2025-06-27 21:00:00,0.0
2025-06-27 22:00:00,0.0
2025-06-27 23:00:00,0.0
2025-06-28 00:00:00,0.0
2025-06-28 01:00:00,0.0
2025-06-28 02:00:00,0.0
2025-06-28 03:00:00,0.0
2025-06-28 04:00:00,0.0
2025-06-28 05:00:00,0.0
2025-06-28 06:00:00,0.0
2025-06-28 07:00:00,0.20634
2025-06-28 08:00:00,0.42857
2025-06-28 09:00:00,0.57577
2025-06-28 10:00:00,0.67137
2025-06-28 11:00:00,0.70814
2025-06-28 12:00:00,0.69067
2025-06-28 13:00:00,0.62074
2025-06-28 14:00:00,0.49938
2025-06-28 15:00:00,0.32643
2025-06-28 16:00:00,0.12419
2025-06-28 17:00:00,0.0
2025-06-28 18:00:00,0.0
2025-06-28 19:00:00,0.0
2025-06-28 20:00:00,0.0
2025-06-28 21:00:00,0.0
2025-06-28 22:00:00,0.0
2025-06-28 23:00:00,0.0
2025-06-29 00:00:00,0.0
2025-06-29 01:00:00,0.0
2025-06-29 02:00:00,0.0
2025-06-29 03:00:00,0.0
2025-06-29 04:00:00,0.0
2025-06-29 05:00:00,0.0
2025-06-29 06:00:00,0.0
2025-06-29 07:00:00,0.18409999999999999
2025-06-29 08:00:00,0.35461000000000004
2025-06-29 09:00:00,0.51143
2025-06-29 10:00:00,0.5571499999999999
2025-06-29 11:00:00,0.67535
2025-06-29 12:00:00,0.56347
2025-06-29 13:00:00,0.5524199999999999
2025-06-29 14:00:00,0.45973
2025-06-29 15:00:00,0.2919
2025-06-29 16:00:00,0.09236
2025-06-29 17:00:00,0.0
2025-06-29 18:00:00,0.0
2025-06-29 19:00:00,0.0
2025-06-29 20:00:00,0.0
2025-06-29 21:00:00,0.0
2025-06-29 22:00:00,0.0
2025-06-29 23:00:00,0.0
2025-06-30 00:00:00,0.0
2025-06-30 01:00:00,0.0
2025-06-30 02:00:00,0.0
2025-06-30 03:00:00,0.0
2025-06-30 04:00:00,0.0
2025-06-30 05:00:00,0.0
2025-06-30 06:00:00,0.0
2025-06-30 07:00:00,0.11529
2025-06-30 08:00:00,0.29731
2025-06-30 09:00:00,0.5137
2025-06-30 10:00:00,0.6298400000000001
2025-06-30 11:00:00,0.6442
2025-06-30 12:00:00,0.6496799999999999
2025-06-30 13:00:00,0.55306
2025-06-30 14:00:00,0.44847000000000004
2025-06-30 15:00:00,0.24084999999999998
2025-06-30 16:00:00,0.09401000000000001
2025-06-30 17:00:00,0.0
2025-06-30 18:00:00,0.0
2025-06-30 19:00:00,0.0
2025-06-30 20:00:00,0.0
2025-06-30 21:00:00,0.0
2025-06-30 22:00:00,0.0
2025-06-30 23:00:00,0.0
2025-07-01 00:00:00,0.0
2025-07-01 01:00:00,0.0
2025-07-01 02:00:00,0.0
2025-07-01 03:00:00,0.0
2025-07-01 04:00:00,0.0
2025-07-01 05:00:00,0.0
2025-07-01 06:00:00,0.0
2025-07-01 07:00:00,0.16743
2025-07-01 08:00:00,0.35863999999999996
2025-07-01 09:00:00,0.5340499999999999
2025-07-01 10:00:00,0.65036
2025-07-01 11:00:00,0.68745
2025-07-01 12:00:00,0.65354
2025-07-01 13:00:00,0.57467
2025-07-01 14:00:00,0.44210000000000005
2025-07-01 15:00:00,0.23379
2025-07-01 16:00:00,0.09119
2025-07-01 17:00:00,0.0
2025-07-01 18:00:00,0.0
2025-07-01 19:00:00,0.0
2025-07-01 20:00:00,0.0
2025-07-01 21:00:00,0.0
2025-07-01 22:00:00,0.0
2025-07-01 23:00:00,0.0
2025-07-02 00:00:00,0.0
2025-07-02 01:00:00,0.0
2025-07-02 02:00:00,0.0
2025-07-02 03:00:00,0.0
2025-07-02 04:00:00,0.0
2025-07-02 05:00:00,0.0
2025-07-02 06:00:00,0.0
2025-07-02 07:00:00,0.11292
2025-07-02 08:00:00,0.35933
2025-07-02 09:00:00,0.5416
2025-07-02 10:00:00,0.66108
2025-07-02 11:00:00,0.71041
2025-07-02 12:00:00,0.6815399999999999
2025-07-02 13:00:00,0.6294500000000001
2025-07-02 14:00:00,0.49422000000000005
2025-07-02 15:00:00,0.32848
2025-07-02 16:00:00,0.11921
2025-07-02 17:00:00,0.0
2025-07-02 18:00:00,0.0
2025-07-02 19:00:00,0.0
2025-07-02 20:00:00,0.0
2025-07-02 21:00:00,0.0
2025-07-02 22:00:00,0.0
2025-07-02 23:00:00,0.0
2025-07-03 00:00:00,0.0
2025-07-03 01:00:00,0.0
2025-07-03 02:00:00,0.0
2025-07-03 03:00:00,0.0
2025-07-03 04:00:00,0.0
2025-07-03 05:00:00,0.0
2025-07-03 06:00:00,0.0
2025-07-03 07:00:00,0.02868
2025-07-03 08:00:00,0.11159999999999999
2025-07-03 09:00:00,0.23207
2025-07-03 10:00:00,0.49245
2025-07-03 11:00:00,0.59405
2025-07-03 12:00:00,0.45614
2025-07-03 13:00:00,0.46997000000000005
2025-07-03 14:00:00,0.41558
2025-07-03 15:00:00,0.25094
2025-07-03 16:00:00,0.08957
2025-07-03 17:00:00,0.0
2025-07-03 18:00:00,0.0
2025-07-03 19:00:00,0.0
2025-07-03 20:00:00,0.0
2025-07-03 21:00:00,0.0
2025-07-03 22:00:00,0.0
2025-07-03 23:00:00,0.0
2025-07-04 00:00:00,0.0
2025-07-04 01:00:00,0.0
2025-07-04 02:00:00,0.0
2025-07-04 03:00:00,0.0
2025-07-04 04:00:00,0.0
2025-07-04 05:00:00,0.0
2025-07-04 06:00:00,0.0
2025-07-04 07:00:00,0.10837999999999999
2025-07-04 08:00:00,0.30205
2025-07-04 09:00:00,0.55075
2025-07-04 10:00:00,0.68571
2025-07-04 11:00:00,0.71196
2025-07-04 12:00:00,0.70208
2025-07-04 13:00:00,0.6276499999999999
2025-07-04 14:00:00,0.5186799999999999
2025-07-04 15:00:00,0.33926999999999996
2025-07-04 16:00:00,0.13612
2025-07-04 17:00:00,0.0
2025-07-04 18:00:00,0.0
2025-07-04 19:00:00,0.0
2025-07-04 20:00:00,0.0
2025-07-04 21:00:00,0.0
2025-07-04 22:00:00,0.0
2025-07-04 23:00:00,0.0
2025-07-05 00:00:00,0.0
2025-07-05 01:00:00,0.0
2025-07-05 02:00:00,0.0
2025-07-05 03:00:00,0.0
2025-07-05 04:00:00,0.0
2025-07-05 05:00:00,0.0
2025-07-05 06:00:00,0.0
2025-07-05 07:00:00,0.20451
2025-07-05 08:00:00,0.40902999999999995
2025-07-05 09:00:00,0.59346
2025-07-05 10:00:00,0.68535
2025-07-05 11:00:00,0.7270800000000001
2025-07-05 12:00:00,0.7125900000000001
2025-07-05 13:00:00,0.6426000000000001
2025-07-05 14:00:00,0.51642
2025-07-05 15:00:00,0.34779000000000004
2025-07-05 16:00:00,0.1385
2025-07-05 17:00:00,0.0
2025-07-05 18:00:00,0.0
2025-07-05 19:00:00,0.0
2025-07-05 20:00:00,0.0
2025-07-05 21:00:00,0.0
2025-07-05 22:00:00,0.0
2025-07-05 23:00:00,0.0
2025-07-06 00:00:00,0.0
2025-07-06 01:00:00,0.0
2025-07-06 02:00:00,0.0
2025-07-06 03:00:00,0.0
2025-07-06 04:00:00,0.0
2025-07-06 05:00:00,0.0
2025-07-06 06:00:00,0.0
2025-07-06 07:00:00,0.20999
2025-07-06 08:00:00,0.43613999999999997
2025-07-06 09:00:00,0.5918
2025-07-06 10:00:00,0.69038
2025-07-06 11:00:00,0.72975
2025-07-06 12:00:00,0.7139099999999999
2025-07-06 13:00:00,0.6434500000000001
2025-07-06 14:00:00,0.52148
2025-07-06 15:00:00,0.34718
2025-07-06 16:00:00,0.13829
2025-07-06 17:00:00,0.0
2025-07-06 18:00:00,0.0
2025-07-06 19:00:00,0.0
2025-07-06 20:00:00,0.0
2025-07-06 21:00:00,0.0
2025-07-06 22:00:00,0.0
2025-07-06 23:00:00,0.0
2025-07-07 00:00:00,0.0
2025-07-07 01:00:00,0.0
2025-07-07 02:00:00,0.0
2025-07-07 03:00:00,0.0
2025-07-07 04:00:00,0.0
2025-07-07 05:00:00,0.0
2025-07-07 06:00:00,0.0
2025-07-07 07:00:00,0.20789
2025-07-07 08:00:00,0.43243
2025-07-07 09:00:00,0.5869099999999999
2025-07-07 10:00:00,0.68384
2025-07-07 11:00:00,0.72226
2025-07-07 12:00:00,0.7041799999999999
2025-07-07 13:00:00,0.63474
2025-07-07 14:00:00,0.51271
2025-07-07 15:00:00,0.33822
2025-07-07 16:00:00,0.1361
2025-07-07 17:00:00,0.0
2025-07-07 18:00:00,0.0
2025-07-07 19:00:00,0.0
2025-07-07 20:00:00,0.0
2025-07-07 21:00:00,0.0
2025-07-07 22:00:00,0.0
2025-07-07 23:00:00,0.0
2025-07-08 00:00:00,0.0
2025-07-08 01:00:00,0.0
2025-07-08 02:00:00,0.0
2025-07-08 03:00:00,0.0
2025-07-08 04:00:00,0.0
2025-07-08 05:00:00,0.0
2025-07-08 06:00:00,0.0
2025-07-08 07:00:00,0.19906000000000001
2025-07-08 08:00:00,0.42145
2025-07-08 09:00:00,0.5730299999999999
2025-07-08 10:00:00,0.67145
2025-07-08 11:00:00,0.71313
2025-07-08 12:00:00,0.69705
2025-07-08 13:00:00,0.62991
2025-07-08 14:00:00,0.50727
2025-07-08 15:00:00,0.33257
2025-07-08 16:00:00,0.12275
2025-07-08 17:00:00,0.0
2025-07-08 18:00:00,0.0
2025-07-08 19:00:00,0.0
2025-07-08 20:00:00,0.0
2025-07-08 21:00:00,0.0
2025-07-08 22:00:00,0.0
2025-07-08 23:00:00,0.0
2025-07-09 00:00:00,0.0
2025-07-09 01:00:00,0.0
2025-07-09 02:00:00,0.0
2025-07-09 03:00:00,0.0
2025-07-09 04:00:00,0.0
2025-07-09 05:00:00,0.0
2025-07-09 06:00:00,0.0
2025-07-09 07:00:00,0.0405
2025-07-09 08:00:00,0.09695000000000001
2025-07-09 09:00:00,0.17268
2025-07-09 10:00:00,0.25967
2025-07-09 11:00:00,0.27855
2025-07-09 12:00:00,0.36624
2025-07-09 13:00:00,0.4168
2025-07-09 14:00:00,0.42826
2025-07-09 15:00:00,0.15824000000000002
2025-07-09 16:00:00,0.02989
2025-07-09 17:00:00,0.0
2025-07-09 18:00:00,0.0
2025-07-09 19:00:00,0.0
2025-07-09 20:00:00,0.0
2025-07-09 21:00:00,0.0
2025-07-09 22:00:00,0.0
2025-07-09 23:00:00,0.0
2025-07-10 00:00:00,0.0
2025-07-10 01:00:00,0.0
2025-07-10 02:00:00,0.0
2025-07-10 03:00:00,0.0
2025-07-10 04:00:00,0.0
2025-07-10 05:00:00,0.0
2025-07-10 06:00:00,0.0
2025-07-10 07:00:00,0.08411
2025-07-10 08:00:00,0.22773
2025-07-10 09:00:00,0.42991
2025-07-10 10:00:00,0.60012
2025-07-10 11:00:00,0.61661
2025-07-10 12:00:00,0.55138
2025-07-10 13:00:00,0.55496
2025-07-10 14:00:00,0.37504000000000004
2025-07-10 15:00:00,0.18191
2025-07-10 16:00:00,0.08688
2025-07-10 17:00:00,0.0
2025-07-10 18:00:00,0.0
2025-07-10 19:00:00,0.0
2025-07-10 20:00:00,0.0
2025-07-10 21:00:00,0.0
2025-07-10 22:00:00,0.0
2025-07-10 23:00:00,0.0
2025-07-11 00:00:00,0.0
2025-07-11 01:00:00,0.0
2025-07-11 02:00:00,0.0
2025-07-11 03:00:00,0.0
2025-07-11 04:00:00,0.0
2025-07-11 05:00:00,0.0
2025-07-11 06:00:00,0.0
2025-07-11 07:00:00,0.18459
2025-07-11 08:00:00,0.40243
2025-07-11 09:00:00,0.54452
2025-07-11 10:00:00,0.63809
2025-07-11 11:00:00,0.6775
2025-07-11 12:00:00,0.64744
2025-07-11 13:00:00,0.5987
2025-07-11 14:00:00,0.43642000000000003
2025-07-11 15:00:00,0.29144
2025-07-11 16:00:00,0.10865999999999999
2025-07-11 17:00:00,0.0
2025-07-11 18:00:00,0.0
2025-07-11 19:00:00,0.0
2025-07-11 20:00:00,0.0
2025-07-11 21:00:00,0.0
2025-07-11 22:00:00,0.0
2025-07-11 23:00:00,0.0
2025-07-12 00:00:00,0.0
2025-07-12 01:00:00,0.0
2025-07-12 02:00:00,0.0
2025-07-12 03:00:00,0.0
2025-07-12 04:00:00,0.0
2025-07-12 05:00:00,0.0
2025-07-12 06:00:00,0.0
2025-07-12 07:00:00,0.17381
2025-07-12 08:00:00,0.37505
2025-07-12 09:00:00,0.53246
2025-07-12 10:00:00,0.61694
2025-07-12 11:00:00,0.6854199999999999
2025-07-12 12:00:00,0.66232
2025-07-12 13:00:00,0.60419
2025-07-12 14:00:00,0.48428
2025-07-12 15:00:00,0.27956
2025-07-12 16:00:00,0.09756000000000001
2025-07-12 17:00:00,0.0
2025-07-12 18:00:00,0.0
2025-07-12 19:00:00,0.0
2025-07-12 20:00:00,0.0
2025-07-12 21:00:00,0.0
2025-07-12 22:00:00,0.0
2025-07-12 23:00:00,0.0
2025-07-13 00:00:00,0.0
2025-07-13 01:00:00,0.0
2025-07-13 02:00:00,0.0
2025-07-13 03:00:00,0.0
2025-07-13 04:00:00,0.0
2025-07-13 05:00:00,0.0
2025-07-13 06:00:00,0.0
2025-07-13 07:00:00,0.12173
2025-07-13 08:00:00,0.28949
2025-07-13 09:00:00,0.47001
2025-07-13 10:00:00,0.62741
2025-07-13 11:00:00,0.7128300000000001
2025-07-13 12:00:00,0.71226
2025-07-13 13:00:00,0.56921
2025-07-13 14:00:00,0.45611
2025-07-13 15:00:00,0.32867
2025-07-13 16:00:00,0.11114
2025-07-13 17:00:00,0.0
2025-07-13 18:00:00,0.0
2025-07-13 19:00:00,0.0
2025-07-13 20:00:00,0.0
2025-07-13 21:00:00,0.0
2025-07-13 22:00:00,0.0
2025-07-13 23:00:00,0.0
2025-07-14 00:00:00,0.0
2025-07-14 01:00:00,0.0
2025-07-14 02:00:00,0.0
2025-07-14 03:00:00,0.0
2025-07-14 04:00:00,0.0
2025-07-14 05:00:00,0.0
2025-07-14 06:00:00,0.0
2025-07-14 07:00:00,0.09820999999999999
2025-07-14 08:00:00,0.16801
2025-07-14 09:00:00,0.37868
2025-07-14 10:00:00,0.58172
2025-07-14 11:00:00,0.69099
2025-07-14 12:00:00,0.72275
2025-07-14 13:00:00,0.6589700000000001
2025-07-14 14:00:00,0.52846
2025-07-14 15:00:00,0.35761000000000004
2025-07-14 16:00:00,0.14833000000000002
2025-07-14 17:00:00,0.0
2025-07-14 18:00:00,0.0
2025-07-14 19:00:00,0.0
2025-07-14 20:00:00,0.0
2025-07-14 21:00:00,0.0
2025-07-14 22:00:00,0.0
2025-07-14 23:00:00,0.0
2025-07-15 00:00:00,0.0
2025-07-15 01:00:00,0.0
2025-07-15 02:00:00,0.0
2025-07-15 03:00:00,0.0
2025-07-15 04:00:00,0.0
2025-07-15 05:00:00,0.0
2025-07-15 06:00:00,0.0
2025-07-15 07:00:00,0.16141
2025-07-15 08:00:00,0.31901
2025-07-15 09:00:00,0.56347
2025-07-15 10:00:00,0.66763
2025-07-15 11:00:00,0.73103
2025-07-15 12:00:00,0.72329
2025-07-15 13:00:00,0.65265
2025-07-15 14:00:00,0.5329400000000001
2025-07-15 15:00:00,0.35923
2025-07-15 16:00:00,0.14551
2025-07-15 17:00:00,0.0005899999999999999
2025-07-15 18:00:00,0.0
2025-07-15 19:00:00,0.0
2025-07-15 20:00:00,0.0
2025-07-15 21:00:00,0.0
2025-07-15 22:00:00,0.0
2025-07-15 23:00:00,0.0
2025-07-16 00:00:00,0.0
2025-07-16 01:00:00,0.0
2025-07-16 02:00:00,0.0
2025-07-16 03:00:00,0.0
2025-07-16 04:00:00,0.0
2025-07-16 05:00:00,0.0
2025-07-16 06:00:00,0.0
2025-07-16 07:00:00,0.15452000000000002
2025-07-16 08:00:00,0.35897
2025-07-16 09:00:00,0.54084
2025-07-16 10:00:00,0.63717
2025-07-16 11:00:00,0.65995
2025-07-16 12:00:00,0.64487
2025-07-16 13:00:00,0.6276799999999999
2025-07-16 14:00:00,0.48871
2025-07-16 15:00:00,0.28101
2025-07-16 16:00:00,0.12495
2025-07-16 17:00:00,0.00031
2025-07-16 18:00:00,0.0
2025-07-16 19:00:00,0.0
2025-07-16 20:00:00,0.0
2025-07-16 21:00:00,0.0
2025-07-16 22:00:00,0.0
2025-07-16 23:00:00,0.0
2025-07-17 00:00:00,0.0
2025-07-17 01:00:00,0.0
2025-07-17 02:00:00,0.0
2025-07-17 03:00:00,0.0
2025-07-17 04:00:00,0.0
2025-07-17 05:00:00,0.0
2025-07-17 06:00:00,0.0
2025-07-17 07:00:00,0.18743
2025-07-17 08:00:00,0.36419999999999997
2025-07-17 09:00:00,0.54269
2025-07-17 10:00:00,0.6458200000000001
2025-07-17 11:00:00,0.67116
2025-07-17 12:00:00,0.6402899999999999
2025-07-17 13:00:00,0.30931000000000003
2025-07-17 14:00:00,0.34325
2025-07-17 15:00:00,0.20874
2025-07-17 16:00:00,0.09089
2025-07-17 17:00:00,0.0
2025-07-17 18:00:00,0.0
2025-07-17 19:00:00,0.0
2025-07-17 20:00:00,0.0
2025-07-17 21:00:00,0.0
2025-07-17 22:00:00,0.0
2025-07-17 23:00:00,0.0
2025-07-18 00:00:00,0.0
2025-07-18 01:00:00,0.0
2025-07-18 02:00:00,0.0
2025-07-18 03:00:00,0.0
2025-07-18 04:00:00,0.0
2025-07-18 05:00:00,0.0
2025-07-18 06:00:00,0.0
2025-07-18 07:00:00,0.17077
2025-07-18 08:00:00,0.32202
2025-07-18 09:00:00,0.4998
2025-07-18 10:00:00,0.62489
2025-07-18 11:00:00,0.65614
2025-07-18 12:00:00,0.60009
2025-07-18 13:00:00,0.47726999999999997
2025-07-18 14:00:00,0.31443
2025-07-18 15:00:00,0.16132
2025-07-18 16:00:00,0.0583
2025-07-18 17:00:00,0.0
2025-07-18 18:00:00,0.0
2025-07-18 19:00:00,0.0
2025-07-18 20:00:00,0.0
2025-07-18 21:00:00,0.0
2025-07-18 22:00:00,0.0
2025-07-18 23:00:00,0.0
2025-07-19 00:00:00,0.0
2025-07-19 01:00:00,0.0
2025-07-19 02:00:00,0.0
2025-07-19 03:00:00,0.0
2025-07-19 04:00:00,0.0
2025-07-19 05:00:00,0.0
2025-07-19 06:00:00,0.0
2025-07-19 07:00:00,0.022850000000000002
2025-07-19 08:00:00,0.11783
2025-07-19 09:00:00,0.22344999999999998
2025-07-19 10:00:00,0.27493
2025-07-19 11:00:00,0.35006
2025-07-19 12:00:00,0.32192000000000004
2025-07-19 13:00:00,0.19999
2025-07-19 14:00:00,0.19988999999999998
2025-07-19 15:00:00,0.12282
2025-07-19 16:00:00,0.0335
2025-07-19 17:00:00,0.0
2025-07-19 18:00:00,0.0
2025-07-19 19:00:00,0.0
2025-07-19 20:00:00,0.0
2025-07-19 21:00:00,0.0
2025-07-19 22:00:00,0.0
2025-07-19 23:00:00,0.0
2025-07-20 00:00:00,0.0
2025-07-20 01:00:00,0.0
2025-07-20 02:00:00,0.0
2025-07-20 03:00:00,0.0
2025-07-20 04:00:00,0.0
2025-07-20 05:00:00,0.0
2025-07-20 06:00:00,0.0
2025-07-20 07:00:00,0.05435
2025-07-20 08:00:00,0.15511000000000003
2025-07-20 09:00:00,0.30647
2025-07-20 10:00:00,0.45036000000000004
2025-07-20 11:00:00,0.38855
2025-07-20 12:00:00,0.39602
2025-07-20 13:00:00,0.43569
2025-07-20 14:00:00,0.22368000000000002
2025-07-20 15:00:00,0.13424
2025-07-20 16:00:00,0.06969
2025-07-20 17:00:00,0.0008100000000000001
2025-07-20 18:00:00,0.0
2025-07-20 19:00:00,0.0
2025-07-20 20:00:00,0.0
2025-07-20 21:00:00,0.0
2025-07-20 22:00:00,0.0
2025-07-20 23:00:00,0.0
2025-07-21 00:00:00,0.0
2025-07-21 01:00:00,0.0
2025-07-21 02:00:00,0.0
2025-07-21 03:00:00,0.0
2025-07-21 04:00:00,0.0
2025-07-21 05:00:00,0.0
2025-07-21 06:00:00,0.0
2025-07-21 07:00:00,0.15156999999999998
2025-07-21 08:00:00,0.37757999999999997
2025-07-21 09:00:00,0.54583
2025-07-21 10:00:00,0.63371
2025-07-21 11:00:00,0.6496799999999999
2025-07-21 12:00:00,0.49877999999999995
2025-07-21 13:00:00,0.5197
2025-07-21 14:00:00,0.42591
2025-07-21 15:00:00,0.2716
2025-07-21 16:00:00,0.09864
2025-07-21 17:00:00,0.00091
2025-07-21 18:00:00,0.0
2025-07-21 19:00:00,0.0
2025-07-21 20:00:00,0.0
2025-07-21 21:00:00,0.0
2025-07-21 22:00:00,0.0
2025-07-21 23:00:00,0.0
2025-07-22 00:00:00,0.0
2025-07-22 01:00:00,0.0
2025-07-22 02:00:00,0.0
2025-07-22 03:00:00,0.0
2025-07-22 04:00:00,0.0
2025-07-22 05:00:00,0.0
2025-07-22 06:00:00,0.0
2025-07-22 07:00:00,0.13112000000000001
2025-07-22 08:00:00,0.30361
2025-07-22 09:00:00,0.51056
2025-07-22 10:00:00,0.68771
2025-07-22 11:00:00,0.7035800000000001
2025-07-22 12:00:00,0.69927
2025-07-22 13:00:00,0.6472899999999999
2025-07-22 14:00:00,0.5294800000000001
2025-07-22 15:00:00,0.33182999999999996
2025-07-22 16:00:00,0.14386000000000002
2025-07-22 17:00:00,0.00114
2025-07-22 18:00:00,0.0
2025-07-22 19:00:00,0.0
2025-07-22 20:00:00,0.0
2025-07-22 21:00:00,0.0
2025-07-22 22:00:00,0.0
2025-07-22 23:00:00,0.0
2025-07-23 00:00:00,0.0
2025-07-23 01:00:00,0.0
2025-07-23 02:00:00,0.0
2025-07-23 03:00:00,0.0
2025-07-23 04:00:00,0.0
2025-07-23 05:00:00,0.0
2025-07-23 06:00:00,0.0
2025-07-23 07:00:00,0.21133000000000002
2025-07-23 08:00:00,0.43633999999999995
2025-07-23 09:00:00,0.5867899999999999
2025-07-23 10:00:00,0.6819400000000001
2025-07-23 11:00:00,0.72153
2025-07-23 12:00:00,0.70726
2025-07-23 13:00:00,0.63902
2025-07-23 14:00:00,0.5203300000000001
2025-07-23 15:00:00,0.348
2025-07-23 16:00:00,0.12903
2025-07-23 17:00:00,0.0011
2025-07-23 18:00:00,0.0
2025-07-23 19:00:00,0.0
2025-07-23 20:00:00,0.0
2025-07-23 21:00:00,0.0
2025-07-23 22:00:00,0.0
2025-07-23 23:00:00,0.0
2025-07-24 00:00:00,0.0
2025-07-24 01:00:00,0.0
2025-07-24 02:00:00,0.0
2025-07-24 03:00:00,0.0
2025-07-24 04:00:00,0.0
2025-07-24 05:00:00,0.0
2025-07-24 06:00:00,0.0
2025-07-24 07:00:00,0.2067
2025-07-24 08:00:00,0.4069
2025-07-24 09:00:00,0.56904
2025-07-24 10:00:00,0.65643
2025-07-24 11:00:00,0.68969
2025-07-24 12:00:00,0.6610900000000001
2025-07-24 13:00:00,0.58682
2025-07-24 14:00:00,0.40752999999999995
2025-07-24 15:00:00,0.20261
2025-07-24 16:00:00,0.10306
2025-07-24 17:00:00,0.00122
2025-07-24 18:00:00,0.0
2025-07-24 19:00:00,0.0
2025-07-24 20:00:00,0.0
2025-07-24 21:00:00,0.0
2025-07-24 22:00:00,0.0
2025-07-24 23:00:00,0.0
2025-07-25 00:00:00,0.0
2025-07-25 01:00:00,0.0
2025-07-25 02:00:00,0.0
2025-07-25 03:00:00,0.0
2025-07-25 04:00:00,0.0
2025-07-25 05:00:00,0.0
2025-07-25 06:00:00,0.0
2025-07-25 07:00:00,0.16921
2025-07-25 08:00:00,0.38530000000000003
2025-07-25 09:00:00,0.5109
2025-07-25 10:00:00,0.56684
2025-07-25 11:00:00,0.6076900000000001
2025-07-25 12:00:00,0.5005299999999999
2025-07-25 13:00:00,0.46902
2025-07-25 14:00:00,0.35402999999999996
2025-07-25 15:00:00,0.21196
2025-07-25 16:00:00,0.0868
2025-07-25 17:00:00,0.0
2025-07-25 18:00:00,0.0
2025-07-25 19:00:00,0.0
2025-07-25 20:00:00,0.0
2025-07-25 21:00:00,0.0
2025-07-25 22:00:00,0.0
2025-07-25 23:00:00,0.0
2025-07-26 00:00:00,0.0
2025-07-26 01:00:00,0.0
2025-07-26 02:00:00,0.0
2025-07-26 03:00:00,0.0
2025-07-26 04:00:00,0.0
2025-07-26 05:00:00,0.0
2025-07-26 06:00:00,0.0
2025-07-26 07:00:00,0.21033000000000002
2025-07-26 08:00:00,0.42241
2025-07-26 09:00:00,0.5737000000000001
2025-07-26 10:00:00,0.62982
2025-07-26 11:00:00,0.69701
2025-07-26 12:00:00,0.67383
2025-07-26 13:00:00,0.61711
2025-07-26 14:00:00,0.43224
2025-07-26 15:00:00,0.29033
2025-07-26 16:00:00,0.11475
2025-07-26 17:00:00,0.00075
2025-07-26 18:00:00,0.0
2025-07-26 19:00:00,0.0
2025-07-26 20:00:00,0.0
2025-07-26 21:00:00,0.0
2025-07-26 22:00:00,0.0
2025-07-26 23:00:00,0.0
2025-07-27 00:00:00,0.0
2025-07-27 01:00:00,0.0
2025-07-27 02:00:00,0.0
2025-07-27 03:00:00,0.0
2025-07-27 04:00:00,0.0
2025-07-27 05:00:00,0.0
2025-07-27 06:00:00,0.0
2025-07-27 07:00:00,0.19007
2025-07-27 08:00:00,0.38866
2025-07-27 09:00:00,0.56326
2025-07-27 10:00:00,0.65367
2025-07-27 11:00:00,0.66995
2025-07-27 12:00:00,0.66252
2025-07-27 13:00:00,0.58304
2025-07-27 14:00:00,0.36832
2025-07-27 15:00:00,0.24759
2025-07-27 16:00:00,0.10953
2025-07-27 17:00:00,0.00073
2025-07-27 18:00:00,0.0
2025-07-27 19:00:00,0.0
2025-07-27 20:00:00,0.0
2025-07-27 21:00:00,0.0
2025-07-27 22:00:00,0.0
2025-07-27 23:00:00,0.0
2025-07-28 00:00:00,0.0
2025-07-28 01:00:00,0.0
2025-07-28 02:00:00,0.0
2025-07-28 03:00:00,0.0
2025-07-28 04:00:00,0.0
2025-07-28 05:00:00,0.0
2025-07-28 06:00:00,0.0
2025-07-28 07:00:00,0.15625999999999998
2025-07-28 08:00:00,0.41495
2025-07-28 09:00:00,0.57116
2025-07-28 10:00:00,0.66672
2025-07-28 11:00:00,0.6975399999999999
2025-07-28 12:00:00,0.62229
2025-07-28 13:00:00,0.52235
2025-07-28 14:00:00,0.46622
2025-07-28 15:00:00,0.25877999999999995
2025-07-28 16:00:00,0.10135
2025-07-28 17:00:00,0.00034
2025-07-28 18:00:00,0.0
2025-07-28 19:00:00,0.0
2025-07-28 20:00:00,0.0
2025-07-28 21:00:00,0.0
2025-07-28 22:00:00,0.0
2025-07-28 23:00:00,0.0
2025-07-29 00:00:00,0.0
2025-07-29 01:00:00,0.0
2025-07-29 02:00:00,0.0
2025-07-29 03:00:00,0.0
2025-07-29 04:00:00,0.0
2025-07-29 05:00:00,0.0
2025-07-29 06:00:00,0.0
2025-07-29 07:00:00,0.07765000000000001
2025-07-29 08:00:00,0.17202
2025-07-29 09:00:00,0.23787
2025-07-29 10:00:00,0.37445999999999996
2025-07-29 11:00:00,0.27682999999999996
2025-07-29 12:00:00,0.37912
2025-07-29 13:00:00,0.33934
2025-07-29 14:00:00,0.2283
2025-07-29 15:00:00,0.21403999999999998
2025-07-29 16:00:00,0.05568
2025-07-29 17:00:00,0.0
2025-07-29 18:00:00,0.0
2025-07-29 19:00:00,0.0
2025-07-29 20:00:00,0.0
2025-07-29 21:00:00,0.0
2025-07-29 22:00:00,0.0
2025-07-29 23:00:00,0.0
2025-07-30 00:00:00,0.0
2025-07-30 01:00:00,0.0
2025-07-30 02:00:00,0.0
2025-07-30 03:00:00,0.0
2025-07-30 04:00:00,0.0
2025-07-30 05:00:00,0.0
2025-07-30 06:00:00,0.0
2025-07-30 07:00:00,0.0415
2025-07-30 08:00:00,0.08685
2025-07-30 09:00:00,0.14182
2025-07-30 10:00:00,0.23696
2025-07-30 11:00:00,0.17483
2025-07-30 12:00:00,0.20514
2025-07-30 13:00:00,0.25315
2025-07-30 14:00:00,0.13329
2025-07-30 15:00:00,0.13838999999999999
2025-07-30 16:00:00,0.0727
2025-07-30 17:00:00,0.0020299999999999997
2025-07-30 18:00:00,0.0
2025-07-30 19:00:00,0.0
2025-07-30 20:00:00,0.0
2025-07-30 21:00:00,0.0
2025-07-30 22:00:00,0.0
2025-07-30 23:00:00,0.0
2025-07-31 00:00:00,0.0
2025-07-31 01:00:00,0.0
2025-07-31 02:00:00,0.0
2025-07-31 03:00:00,0.0
2025-07-31 04:00:00,0.0
2025-07-31 05:00:00,0.0
2025-07-31 06:00:00,0.0
2025-07-31 07:00:00,0.12877000000000002
2025-07-31 08:00:00,0.34843999999999997
2025-07-31 09:00:00,0.55033
2025-07-31 10:00:00,0.68775
2025-07-31 11:00:00,0.7305
2025-07-31 12:00:00,0.71028
2025-07-31 13:00:00,0.64364
2025-07-31 14:00:00,0.52711
2025-07-31 15:00:00,0.35402
2025-07-31 16:00:00,0.15563
2025-07-31 17:00:00,0.00207
2025-07-31 18:00:00,0.0
2025-07-31 19:00:00,0.0
2025-07-31 20:00:00,0.0
2025-07-31 21:00:00,0.0
2025-07-31 22:00:00,0.0
2025-07-31 23:00:00,0.0
2025-08-01 00:00:00,0.0
2025-08-01 01:00:00,0.0
2025-08-01 02:00:00,0.0
2025-08-01 03:00:00,0.0
2025-08-01 04:00:00,0.0
2025-08-01 05:00:00,0.0
2025-08-01 06:00:00,0.0
2025-08-01 07:00:00,0.16713999999999998
2025-08-01 08:00:00,0.38368
2025-08-01 09:00:00,0.57521
2025-08-01 10:00:00,0.67686
2025-08-01 11:00:00,0.71439
2025-08-01 12:00:00,0.69825
2025-08-01 13:00:00,0.63473
2025-08-01 14:00:00,0.5229
2025-08-01 15:00:00,0.36052
2025-08-01 16:00:00,0.15712
2025-08-01 17:00:00,0.00214
2025-08-01 18:00:00,0.0
2025-08-01 19:00:00,0.0
2025-08-01 20:00:00,0.0
2025-08-01 21:00:00,0.0
2025-08-01 22:00:00,0.0
2025-08-01 23:00:00,0.0
2025-08-02 00:00:00,0.0
2025-08-02 01:00:00,0.0
2025-08-02 02:00:00,0.0
2025-08-02 03:00:00,0.0
2025-08-02 04:00:00,0.0
2025-08-02 05:00:00,0.0
2025-08-02 06:00:00,0.0
2025-08-02 07:00:00,0.22302000000000002
2025-08-02 08:00:00,0.44353
2025-08-02 09:00:00,0.6032000000000001
2025-08-02 10:00:00,0.68932
2025-08-02 11:00:00,0.7190599999999999
2025-08-02 12:00:00,0.69668
2025-08-02 13:00:00,0.63205
2025-08-02 14:00:00,0.52185
2025-08-02 15:00:00,0.36041
2025-08-02 16:00:00,0.15802000000000002
2025-08-02 17:00:00,0.00228
2025-08-02 18:00:00,0.0
2025-08-02 19:00:00,0.0
2025-08-02 20:00:00,0.0
2025-08-02 21:00:00,0.0
2025-08-02 22:00:00,0.0
2025-08-02 23:00:00,0.0
2025-08-03 00:00:00,0.0
2025-08-03 01:00:00,0.0
2025-08-03 02:00:00,0.0
2025-08-03 03:00:00,0.0
2025-08-03 04:00:00,0.0
2025-08-03 05:00:00,0.0
2025-08-03 06:00:00,0.0
2025-08-03 07:00:00,0.23378
2025-08-03 08:00:00,0.45566
2025-08-03 09:00:00,0.60177
2025-08-03 10:00:00,0.69147
2025-08-03 11:00:00,0.72576
2025-08-03 12:00:00,0.71004
2025-08-03 13:00:00,0.64481
2025-08-03 14:00:00,0.53096
2025-08-03 15:00:00,0.36469
2025-08-03 16:00:00,0.15929
2025-08-03 17:00:00,0.0023599999999999997
2025-08-03 18:00:00,0.0
2025-08-03 19:00:00,0.0
2025-08-03 20:00:00,0.0
2025-08-03 21:00:00,0.0
2025-08-03 22:00:00,0.0
2025-08-03 23:00:00,0.0
2025-08-04 00:00:00,0.0
2025-08-04 01:00:00,0.0
2025-08-04 02:00:00,0.0
2025-08-04 03:00:00,0.0
2025-08-04 04:00:00,0.0
2025-08-04 05:00:00,0.0
2025-08-04 06:00:00,0.0
2025-08-04 07:00:00,0.1479
2025-08-04 08:00:00,0.36889999999999995
2025-08-04 09:00:00,0.51749
2025-08-04 10:00:00,0.68776
2025-08-04 11:00:00,0.71941
2025-08-04 12:00:00,0.70604
2025-08-04 13:00:00,0.63735
2025-08-04 14:00:00,0.5275
2025-08-04 15:00:00,0.36718
2025-08-04 16:00:00,0.15725999999999998
2025-08-04 17:00:00,0.00268
2025-08-04 18:00:00,0.0
2025-08-04 19:00:00,0.0
2025-08-04 20:00:00,0.0
2025-08-04 21:00:00,0.0
2025-08-04 22:00:00,0.0
2025-08-04 23:00:00,0.0
2025-08-05 00:00:00,0.0
2025-08-05 01:00:00,0.0
2025-08-05 02:00:00,0.0
2025-08-05 03:00:00,0.0
2025-08-05 04:00:00,0.0
2025-08-05 05:00:00,0.0
2025-08-05 06:00:00,0.0
2025-08-05 07:00:00,0.1958
2025-08-05 08:00:00,0.43566000000000005
2025-08-05 09:00:00,0.5882000000000001
2025-08-05 10:00:00,0.67048
2025-08-05 11:00:00,0.70569
2025-08-05 12:00:00,0.69197
2025-08-05 13:00:00,0.6343799999999999
2025-08-05 14:00:00,0.52625
2025-08-05 15:00:00,0.36456
2025-08-05 16:00:00,0.16000999999999999
2025-08-05 17:00:00,0.0027400000000000002
2025-08-05 18:00:00,0.0
2025-08-05 19:00:00,0.0
2025-08-05 20:00:00,0.0
2025-08-05 21:00:00,0.0
2025-08-05 22:00:00,0.0
2025-08-05 23:00:00,0.0
2025-08-06 00:00:00,0.0
2025-08-06 01:00:00,0.0
2025-08-06 02:00:00,0.0
2025-08-06 03:00:00,0.0
2025-08-06 04:00:00,0.0
2025-08-06 05:00:00,0.0
2025-08-06 06:00:00,0.0
2025-08-06 07:00:00,0.18053
2025-08-06 08:00:00,0.41561000000000003
2025-08-06 09:00:00,0.58468
2025-08-06 10:00:00,0.69177
2025-08-06 11:00:00,0.73227
2025-08-06 12:00:00,0.71612
2025-08-06 13:00:00,0.64964
2025-08-06 14:00:00,0.53316
2025-08-06 15:00:00,0.3649
2025-08-06 16:00:00,0.15927000000000002
2025-08-06 17:00:00,0.0028399999999999996
2025-08-06 18:00:00,0.0
2025-08-06 19:00:00,0.0
2025-08-06 20:00:00,0.0
2025-08-06 21:00:00,0.0
2025-08-06 22:00:00,0.0
2025-08-06 23:00:00,0.0
2025-08-07 00:00:00,0.0
2025-08-07 01:00:00,0.0
2025-08-07 02:00:00,0.0
2025-08-07 03:00:00,0.0
2025-08-07 04:00:00,0.0
2025-08-07 05:00:00,0.0
2025-08-07 06:00:00,0.0
2025-08-07 07:00:00,0.23779
2025-08-07 08:00:00,0.45893
2025-08-07 09:00:00,0.6123099999999999
2025-08-07 10:00:00,0.7051799999999999
2025-08-07 11:00:00,0.74281
2025-08-07 12:00:00,0.72493
2025-08-07 13:00:00,0.65542
2025-08-07 14:00:00,0.5362
2025-08-07 15:00:00,0.36402999999999996
2025-08-07 16:00:00,0.15761
2025-08-07 17:00:00,0.0029300000000000003
2025-08-07 18:00:00,0.0
2025-08-07 19:00:00,0.0
2025-08-07 20:00:00,0.0
2025-08-07 21:00:00,0.0
2025-08-07 22:00:00,0.0
2025-08-07 23:00:00,0.0
2025-08-08 00:00:00,0.0
2025-08-08 01:00:00,0.0
2025-08-08 02:00:00,0.0
2025-08-08 03:00:00,0.0
2025-08-08 04:00:00,0.0
2025-08-08 05:00:00,0.0
2025-08-08 06:00:00,0.0
2025-08-08 07:00:00,0.16851
2025-08-08 08:00:00,0.31506
2025-08-08 09:00:00,0.5186900000000001
2025-08-08 10:00:00,0.50206
2025-08-08 11:00:00,0.49941
2025-08-08 12:00:00,0.54539
2025-08-08 13:00:00,0.51813
2025-08-08 14:00:00,0.32479
2025-08-08 15:00:00,0.19193000000000002
2025-08-08 16:00:00,0.03393
2025-08-08 17:00:00,0.00172
2025-08-08 18:00:00,0.0
2025-08-08 19:00:00,0.0
2025-08-08 20:00:00,0.0
2025-08-08 21:00:00,0.0
2025-08-08 22:00:00,0.0
2025-08-08 23:00:00,0.0
2025-08-09 00:00:00,0.0
2025-08-09 01:00:00,0.0
2025-08-09 02:00:00,0.0
2025-08-09 03:00:00,0.0
2025-08-09 04:00:00,0.0
2025-08-09 05:00:00,0.0
2025-08-09 06:00:00,0.0
2025-08-09 07:00:00,0.07193000000000001
2025-08-09 08:00:00,0.15261000000000002
2025-08-09 09:00:00,0.28843
2025-08-09 10:00:00,0.35472000000000004
2025-08-09 11:00:00,0.4184
2025-08-09 12:00:00,0.41878
2025-08-09 13:00:00,0.30615
2025-08-09 14:00:00,0.27993
2025-08-09 15:00:00,0.12872999999999998
2025-08-09 16:00:00,0.09244
2025-08-09 17:00:00,0.00265
2025-08-09 18:00:00,0.0
2025-08-09 19:00:00,0.0
2025-08-09 20:00:00,0.0
2025-08-09 21:00:00,0.0
2025-08-09 22:00:00,0.0
2025-08-09 23:00:00,0.0
2025-08-10 00:00:00,0.0
2025-08-10 01:00:00,0.0
2025-08-10 02:00:00,0.0
2025-08-10 03:00:00,0.0
2025-08-10 04:00:00,0.0
2025-08-10 05:00:00,0.0
2025-08-10 06:00:00,0.0
2025-08-10 07:00:00,0.16979
2025-08-10 08:00:00,0.32274
2025-08-10 09:00:00,0.49256
2025-08-10 10:00:00,0.63703
2025-08-10 11:00:00,0.66486
2025-08-10 12:00:00,0.7185900000000001
2025-08-10 13:00:00,0.64827
2025-08-10 14:00:00,0.52863
2025-08-10 15:00:00,0.30681
2025-08-10 16:00:00,0.1293
2025-08-10 17:00:00,0.00532
2025-08-10 18:00:00,0.0
2025-08-10 19:00:00,0.0
2025-08-10 20:00:00,0.0
2025-08-10 21:00:00,0.0
2025-08-10 22:00:00,0.0
2025-08-10 23:00:00,0.0
2025-08-11 00:00:00,0.0
2025-08-11 01:00:00,0.0
2025-08-11 02:00:00,0.0
2025-08-11 03:00:00,0.0
2025-08-11 04:00:00,0.0
2025-08-11 05:00:00,0.0
2025-08-11 06:00:00,0.0
2025-08-11 07:00:00,0.23581
2025-08-11 08:00:00,0.45286000000000004
2025-08-11 09:00:00,0.6090399999999999
2025-08-11 10:00:00,0.70378
2025-08-11 11:00:00,0.73978
2025-08-11 12:00:00,0.72282
2025-08-11 13:00:00,0.65407
2025-08-11 14:00:00,0.5345
2025-08-11 15:00:00,0.36444
2025-08-11 16:00:00,0.15780000000000002
2025-08-11 17:00:00,0.00551
2025-08-11 18:00:00,0.0
2025-08-11 19:00:00,0.0
2025-08-11 20:00:00,0.0
2025-08-11 21:00:00,0.0
2025-08-11 22:00:00,0.0
2025-08-11 23:00:00,0.0
2025-08-12 00:00:00,0.0
2025-08-12 01:00:00,0.0
2025-08-12 02:00:00,0.0
2025-08-12 03:00:00,0.0
2025-08-12 04:00:00,0.0
2025-08-12 05:00:00,0.0
2025-08-12 06:00:00,0.0
2025-08-12 07:00:00,0.23054
2025-08-12 08:00:00,0.44298000000000004
2025-08-12 09:00:00,0.5843200000000001
2025-08-12 10:00:00,0.67538
2025-08-12 11:00:00,0.70029
2025-08-12 12:00:00,0.64558
2025-08-12 13:00:00,0.5796399999999999
2025-08-12 14:00:00,0.42897
2025-08-12 15:00:00,0.20344
2025-08-12 16:00:00,0.0855
2025-08-12 17:00:00,0.0037099999999999998
2025-08-12 18:00:00,0.0
2025-08-12 19:00:00,0.0
2025-08-12 20:00:00,0.0
2025-08-12 21:00:00,0.0
2025-08-12 22:00:00,0.0
2025-08-12 23:00:00,0.0
2025-08-13 00:00:00,0.0
2025-08-13 01:00:00,0.0
2025-08-13 02:00:00,0.0
2025-08-13 03:00:00,0.0
2025-08-13 04:00:00,0.0
2025-08-13 05:00:00,0.0
2025-08-13 06:00:00,0.0
2025-08-13 07:00:00,0.13803
2025-08-13 08:00:00,0.33067
2025-08-13 09:00:00,0.48312
2025-08-13 10:00:00,0.42522000000000004
2025-08-13 11:00:00,0.45213
2025-08-13 12:00:00,0.37723
2025-08-13 13:00:00,0.28563
2025-08-13 14:00:00,0.20905
2025-08-13 15:00:00,0.12847
2025-08-13 16:00:00,0.04308
2025-08-13 17:00:00,0.00196
2025-08-13 18:00:00,0.0
2025-08-13 19:00:00,0.0
2025-08-13 20:00:00,0.0
2025-08-13 21:00:00,0.0
2025-08-13 22:00:00,0.0
2025-08-13 23:00:00,0.0
2025-08-14 00:00:00,0.0
2025-08-14 01:00:00,0.0
2025-08-14 02:00:00,0.0
2025-08-14 03:00:00,0.0
2025-08-14 04:00:00,0.0
2025-08-14 05:00:00,0.0
2025-08-14 06:00:00,0.0
2025-08-14 07:00:00,0.07004
2025-08-14 08:00:00,0.15930000000000002
2025-08-14 09:00:00,0.25032
2025-08-14 10:00:00,0.36424
2025-08-14 11:00:00,0.28320999999999996
2025-08-14 12:00:00,0.21324
2025-08-14 13:00:00,0.29947
2025-08-14 14:00:00,0.25562
2025-08-14 15:00:00,0.1355
2025-08-14 16:00:00,0.059539999999999996
2025-08-14 17:00:00,0.00408
2025-08-14 18:00:00,0.0
2025-08-14 19:00:00,0.0
2025-08-14 20:00:00,0.0
2025-08-14 21:00:00,0.0
2025-08-14 22:00:00,0.0
2025-08-14 23:00:00,0.0
2025-08-15 00:00:00,0.0
2025-08-15 01:00:00,0.0
2025-08-15 02:00:00,0.0
2025-08-15 03:00:00,0.0
2025-08-15 04:00:00,0.0
2025-08-15 05:00:00,0.0
2025-08-15 06:00:00,0.0
2025-08-15 07:00:00,0.10124
2025-08-15 08:00:00,0.35396
2025-08-15 09:00:00,0.43262
2025-08-15 10:00:00,0.54479
2025-08-15 11:00:00,0.54269
2025-08-15 12:00:00,0.53573
2025-08-15 13:00:00,0.46602
2025-08-15 14:00:00,0.40551
2025-08-15 15:00:00,0.32101999999999997
2025-08-15 16:00:00,0.11782
2025-08-15 17:00:00,0.00654
2025-08-15 18:00:00,0.0
2025-08-15 19:00:00,0.0
2025-08-15 20:00:00,0.0
2025-08-15 21:00:00,0.0
2025-08-15 22:00:00,0.0
2025-08-15 23:00:00,0.0
2025-08-16 00:00:00,0.0
2025-08-16 01:00:00,0.0
2025-08-16 02:00:00,0.0
2025-08-16 03:00:00,0.0
2025-08-16 04:00:00,0.0
2025-08-16 05:00:00,0.0
2025-08-16 06:00:00,0.00131
2025-08-16 07:00:00,0.06443
2025-08-16 08:00:00,0.22297999999999998
2025-08-16 09:00:00,0.42584
2025-08-16 10:00:00,0.51824
2025-08-16 11:00:00,0.41564
2025-08-16 12:00:00,0.55257
2025-08-16 13:00:00,0.45609
2025-08-16 14:00:00,0.39243
2025-08-16 15:00:00,0.25772
2025-08-16 16:00:00,0.10597
2025-08-16 17:00:00,0.00583
2025-08-16 18:00:00,0.0
2025-08-16 19:00:00,0.0
2025-08-16 20:00:00,0.0
2025-08-16 21:00:00,0.0
2025-08-16 22:00:00,0.0
2025-08-16 23:00:00,0.0
2025-08-17 00:00:00,0.0
2025-08-17 01:00:00,0.0
2025-08-17 02:00:00,0.0
2025-08-17 03:00:00,0.0
2025-08-17 04:00:00,0.0
2025-08-17 05:00:00,0.0
2025-08-17 06:00:00,0.00085
2025-08-17 07:00:00,0.19377
2025-08-17 08:00:00,0.40838
2025-08-17 09:00:00,0.52188
2025-08-17 10:00:00,0.64383
2025-08-17 11:00:00,0.55622
2025-08-17 12:00:00,0.46291000000000004
2025-08-17 13:00:00,0.27285000000000004
2025-08-17 14:00:00,0.25768
2025-08-17 15:00:00,0.238
2025-08-17 16:00:00,0.09206
2025-08-17 17:00:00,0.00322
2025-08-17 18:00:00,0.0
2025-08-17 19:00:00,0.0
2025-08-17 20:00:00,0.0
2025-08-17 21:00:00,0.0
2025-08-17 22:00:00,0.0
2025-08-17 23:00:00,0.0
2025-08-18 00:00:00,0.0
2025-08-18 01:00:00,0.0
2025-08-18 02:00:00,0.0
2025-08-18 03:00:00,0.0
2025-08-18 04:00:00,0.0
2025-08-18 05:00:00,0.0
2025-08-18 06:00:00,0.00133
2025-08-18 07:00:00,0.23944
2025-08-18 08:00:00,0.45517
2025-08-18 09:00:00,0.60814
2025-08-18 10:00:00,0.6992999999999999
2025-08-18 11:00:00,0.7485700000000001
2025-08-18 12:00:00,0.69072
2025-08-18 13:00:00,0.57885
2025-08-18 14:00:00,0.43662
2025-08-18 15:00:00,0.2893
2025-08-18 16:00:00,0.1301
2025-08-18 17:00:00,0.00537
2025-08-18 18:00:00,0.0
2025-08-18 19:00:00,0.0
2025-08-18 20:00:00,0.0
2025-08-18 21:00:00,0.0
2025-08-18 22:00:00,0.0
2025-08-18 23:00:00,0.0
2025-08-19 00:00:00,0.0
2025-08-19 01:00:00,0.0
2025-08-19 02:00:00,0.0
2025-08-19 03:00:00,0.0
2025-08-19 04:00:00,0.0
2025-08-19 05:00:00,0.0
2025-08-19 06:00:00,0.00138
2025-08-19 07:00:00,0.22056
2025-08-19 08:00:00,0.4102
2025-08-19 09:00:00,0.55543
2025-08-19 10:00:00,0.6503
2025-08-19 11:00:00,0.63444
2025-08-19 12:00:00,0.44954
2025-08-19 13:00:00,0.43506
2025-08-19 14:00:00,0.18374000000000001
2025-08-19 15:00:00,0.22221000000000002
2025-08-19 16:00:00,0.09915
2025-08-19 17:00:00,0.00327
2025-08-19 18:00:00,0.0
2025-08-19 19:00:00,0.0
2025-08-19 20:00:00,0.0
2025-08-19 21:00:00,0.0
2025-08-19 22:00:00,0.0
2025-08-19 23:00:00,0.0
2025-08-20 00:00:00,0.0
2025-08-20 01:00:00,0.0
2025-08-20 02:00:00,0.0
2025-08-20 03:00:00,0.0
2025-08-20 04:00:00,0.0
2025-08-20 05:00:00,0.0
2025-08-20 06:00:00,0.00157
2025-08-20 07:00:00,0.15938999999999998
2025-08-20 08:00:00,0.28458
2025-08-20 09:00:00,0.32844999999999996
2025-08-20 10:00:00,0.28491000000000005
2025-08-20 11:00:00,0.52703
2025-08-20 12:00:00,0.5270499999999999
2025-08-20 13:00:00,0.5351699999999999
2025-08-20 14:00:00,0.50513
2025-08-20 15:00:00,0.18766
2025-08-20 16:00:00,0.0862
2025-08-20 17:00:00,0.0068200000000000005
2025-08-20 18:00:00,0.0
2025-08-20 19:00:00,0.0
2025-08-20 20:00:00,0.0
2025-08-20 21:00:00,0.0
2025-08-20 22:00:00,0.0
2025-08-20 23:00:00,0.0
2025-08-21 00:00:00,0.0
2025-08-21 01:00:00,0.0
2025-08-21 02:00:00,0.0
2025-08-21 03:00:00,0.0
2025-08-21 04:00:00,0.0
2025-08-21 05:00:00,0.0
2025-08-21 06:00:00,0.00328
2025-08-21 07:00:00,0.17421
2025-08-21 08:00:00,0.45873
2025-08-21 09:00:00,0.6264400000000001
2025-08-21 10:00:00,0.7179
2025-08-21 11:00:00,0.75362
2025-08-21 12:00:00,0.73812
2025-08-21 13:00:00,0.5389400000000001
2025-08-21 14:00:00,0.46908999999999995
2025-08-21 15:00:00,0.30598000000000003
2025-08-21 16:00:00,0.10862000000000001
2025-08-21 17:00:00,0.0044
2025-08-21 18:00:00,0.0
2025-08-21 19:00:00,0.0
2025-08-21 20:00:00,0.0
2025-08-21 21:00:00,0.0
2025-08-21 22:00:00,0.0
2025-08-21 23:00:00,0.0
2025-08-22 00:00:00,0.0
2025-08-22 01:00:00,0.0
2025-08-22 02:00:00,0.0
2025-08-22 03:00:00,0.0
2025-08-22 04:00:00,0.0
2025-08-22 05:00:00,0.0
2025-08-22 06:00:00,0.00232
2025-08-22 07:00:00,0.27203
2025-08-22 08:00:00,0.48442
2025-08-22 09:00:00,0.6356900000000001
2025-08-22 10:00:00,0.72961
2025-08-22 11:00:00,0.76397
2025-08-22 12:00:00,0.74337
2025-08-22 13:00:00,0.6724600000000001
2025-08-22 14:00:00,0.5504199999999999
2025-08-22 15:00:00,0.37667
2025-08-22 16:00:00,0.16472
2025-08-22 17:00:00,0.00517
2025-08-22 18:00:00,0.0
2025-08-22 19:00:00,0.0
2025-08-22 20:00:00,0.0
2025-08-22 21:00:00,0.0
2025-08-22 22:00:00,0.0
2025-08-22 23:00:00,0.0
2025-08-23 00:00:00,0.0
2025-08-23 01:00:00,0.0
2025-08-23 02:00:00,0.0
2025-08-23 03:00:00,0.0
2025-08-23 04:00:00,0.0
2025-08-23 05:00:00,0.0
2025-08-23 06:00:00,0.00252
2025-08-23 07:00:00,0.27468
2025-08-23 08:00:00,0.4849
2025-08-23 09:00:00,0.62988
2025-08-23 10:00:00,0.72003
2025-08-23 11:00:00,0.75662
2025-08-23 12:00:00,0.74288
2025-08-23 13:00:00,0.6705
2025-08-23 14:00:00,0.5515
2025-08-23 15:00:00,0.37151
2025-08-23 16:00:00,0.15575
2025-08-23 17:00:00,0.0048
2025-08-23 18:00:00,0.0
2025-08-23 19:00:00,0.0
2025-08-23 20:00:00,0.0
2025-08-23 21:00:00,0.0
2025-08-23 22:00:00,0.0
2025-08-23 23:00:00,0.0
2025-08-24 00:00:00,0.0
2025-08-24 01:00:00,0.0
2025-08-24 02:00:00,0.0
2025-08-24 03:00:00,0.0
2025-08-24 04:00:00,0.0
2025-08-24 05:00:00,0.0
2025-08-24 06:00:00,0.00249
2025-08-24 07:00:00,0.26236000000000004
2025-08-24 08:00:00,0.45416
2025-08-24 09:00:00,0.6007899999999999
2025-08-24 10:00:00,0.67576
2025-08-24 11:00:00,0.66835
2025-08-24 12:00:00,0.62998
2025-08-24 13:00:00,0.6064700000000001
2025-08-24 14:00:00,0.48501
2025-08-24 15:00:00,0.32822
2025-08-24 16:00:00,0.12627
2025-08-24 17:00:00,0.00471
2025-08-24 18:00:00,0.0
2025-08-24 19:00:00,0.0
2025-08-24 20:00:00,0.0
2025-08-24 21:00:00,0.0
2025-08-24 22:00:00,0.0
2025-08-24 23:00:00,0.0
2025-08-25 00:00:00,0.0
2025-08-25 01:00:00,0.0
2025-08-25 02:00:00,0.0
2025-08-25 03:00:00,0.0
2025-08-25 04:00:00,0.0
2025-08-25 05:00:00,0.0
2025-08-25 06:00:00,0.0030800000000000003
2025-08-25 07:00:00,0.23526
2025-08-25 08:00:00,0.37855
2025-08-25 09:00:00,0.5699500000000001
2025-08-25 10:00:00,0.67696
2025-08-25 11:00:00,0.71333
2025-08-25 12:00:00,0.70584
2025-08-25 13:00:00,0.59793
2025-08-25 14:00:00,0.39884
2025-08-25 15:00:00,0.26866
2025-08-25 16:00:00,0.12498999999999999
2025-08-25 17:00:00,0.00314
2025-08-25 18:00:00,0.0
2025-08-25 19:00:00,0.0
2025-08-25 20:00:00,0.0
2025-08-25 21:00:00,0.0
2025-08-25 22:00:00,0.0
2025-08-25 23:00:00,0.0
2025-08-26 00:00:00,0.0
2025-08-26 01:00:00,0.0
2025-08-26 02:00:00,0.0
2025-08-26 03:00:00,0.0
2025-08-26 04:00:00,0.0
2025-08-26 05:00:00,0.0
2025-08-26 06:00:00,0.0
2025-08-26 07:00:00,0.04586
2025-08-26 08:00:00,0.09637000000000001
2025-08-26 09:00:00,0.23704
2025-08-26 10:00:00,0.27320999999999995
2025-08-26 11:00:00,0.36651
2025-08-26 12:00:00,0.31686000000000003
2025-08-26 13:00:00,0.10502
2025-08-26 14:00:00,0.07911
2025-08-26 15:00:00,0.01425
2025-08-26 16:00:00,0.016730000000000002
2025-08-26 17:00:00,0.0
2025-08-26 18:00:00,0.0
2025-08-26 19:00:00,0.0
2025-08-26 20:00:00,0.0
2025-08-26 21:00:00,0.0
2025-08-26 22:00:00,0.0
2025-08-26 23:00:00,0.0
2025-08-27 00:00:00,0.0
2025-08-27 01:00:00,0.0
2025-08-27 02:00:00,0.0
2025-08-27 03:00:00,0.0
2025-08-27 04:00:00,0.0
2025-08-27 05:00:00,0.0
2025-08-27 06:00:00,0.0
2025-08-27 07:00:00,0.02402
2025-08-27 08:00:00,0.09325
2025-08-27 09:00:00,0.10412
2025-08-27 10:00:00,0.1143
2025-08-27 11:00:00,0.1123
2025-08-27 12:00:00,0.10706
2025-08-27 13:00:00,0.061369999999999994
2025-08-27 14:00:00,0.05866
2025-08-27 15:00:00,0.02655
2025-08-27 16:00:00,0.01278
2025-08-27 17:00:00,0.0
2025-08-27 18:00:00,0.0
2025-08-27 19:00:00,0.0
2025-08-27 20:00:00,0.0
2025-08-27 21:00:00,0.0
2025-08-27 22:00:00,0.0
2025-08-27 23:00:00,0.0
2025-08-28 00:00:00,0.0
2025-08-28 01:00:00,0.0
2025-08-28 02:00:00,0.0
2025-08-28 03:00:00,0.0
2025-08-28 04:00:00,0.0
2025-08-28 05:00:00,0.0
2025-08-28 06:00:00,0.0
2025-08-28 07:00:00,0.009800000000000001
2025-08-28 08:00:00,0.04582
2025-08-28 09:00:00,0.07621
2025-08-28 10:00:00,0.11062999999999999
2025-08-28 11:00:00,0.16191
2025-08-28 12:00:00,0.13363
2025-08-28 13:00:00,0.09964
2025-08-28 14:00:00,0.08605
2025-08-28 15:00:00,0.08751
2025-08-28 16:00:00,0.02684
2025-08-28 17:00:00,0.0
2025-08-28 18:00:00,0.0
2025-08-28 19:00:00,0.0
2025-08-28 20:00:00,0.0
2025-08-28 21:00:00,0.0
2025-08-28 22:00:00,0.0
2025-08-28 23:00:00,0.0
2025-08-29 00:00:00,0.0
2025-08-29 01:00:00,0.0
2025-08-29 02:00:00,0.0
2025-08-29 03:00:00,0.0
2025-08-29 04:00:00,0.0
2025-08-29 05:00:00,0.0
2025-08-29 06:00:00,0.00020999999999999998
2025-08-29 07:00:00,0.02932
2025-08-29 08:00:00,0.05059
2025-08-29 09:00:00,0.12249
2025-08-29 10:00:00,0.23818999999999999
2025-08-29 11:00:00,0.28541000000000005
2025-08-29 12:00:00,0.30809
2025-08-29 13:00:00,0.28129000000000004
2025-08-29 14:00:00,0.26819
2025-08-29 15:00:00,0.0994
2025-08-29 16:00:00,0.05577
2025-08-29 17:00:00,0.0031
2025-08-29 18:00:00,0.0
2025-08-29 19:00:00,0.0
2025-08-29 20:00:00,0.0
2025-08-29 21:00:00,0.0
2025-08-29 22:00:00,0.0
2025-08-29 23:00:00,0.0
2025-08-30 00:00:00,0.0
2025-08-30 01:00:00,0.0
2025-08-30 02:00:00,0.0
2025-08-30 03:00:00,0.0
2025-08-30 04:00:00,0.0
2025-08-30 05:00:00,0.0
2025-08-30 06:00:00,0.00395
2025-08-30 07:00:00,0.11935
2025-08-30 08:00:00,0.3055
2025-08-30 09:00:00,0.39400999999999997
2025-08-30 10:00:00,0.55144
2025-08-30 11:00:00,0.66844
2025-08-30 12:00:00,0.5157200000000001
2025-08-30 13:00:00,0.40442
2025-08-30 14:00:00,0.40744
2025-08-30 15:00:00,0.27291000000000004
2025-08-30 16:00:00,0.15017
2025-08-30 17:00:00,0.0048
2025-08-30 18:00:00,0.0
2025-08-30 19:00:00,0.0
2025-08-30 20:00:00,0.0
2025-08-30 21:00:00,0.0
2025-08-30 22:00:00,0.0
2025-08-30 23:00:00,0.0
2025-08-31 00:00:00,0.0
2025-08-31 01:00:00,0.0
2025-08-31 02:00:00,0.0
2025-08-31 03:00:00,0.0
2025-08-31 04:00:00,0.0
2025-08-31 05:00:00,0.0
2025-08-31 06:00:00,0.00468
2025-08-31 07:00:00,0.14482
2025-08-31 08:00:00,0.36835
2025-08-31 09:00:00,0.59822
2025-08-31 10:00:00,0.7081900000000001
2025-08-31 11:00:00,0.74105
2025-08-31 12:00:00,0.7383500000000001
2025-08-31 13:00:00,0.5388200000000001
2025-08-31 14:00:00,0.44931
2025-08-31 15:00:00,0.23791
2025-08-31 16:00:00,0.11677
2025-08-31 17:00:00,0.00428
2025-08-31 18:00:00,0.0
2025-08-31 19:00:00,0.0
2025-08-31 20:00:00,0.0
2025-08-31 21:00:00,0.0
2025-08-31 22:00:00,0.0
2025-08-31 23:00:00,0.0
2025-09-01 00:00:00,0.0
2025-09-01 01:00:00,0.0
2025-09-01 02:00:00,0.0
2025-09-01 03:00:00,0.0
2025-09-01 04:00:00,0.0
2025-09-01 05:00:00,0.0
2025-09-01 06:00:00,0.00387
2025-09-01 07:00:00,0.17637
2025-09-01 08:00:00,0.4199
2025-09-01 09:00:00,0.63228
2025-09-01 10:00:00,0.69886
2025-09-01 11:00:00,0.70787
2025-09-01 12:00:00,0.6143099999999999
2025-09-01 13:00:00,0.49204000000000003
2025-09-01 14:00:00,0.40134
2025-09-01 15:00:00,0.30336
2025-09-01 16:00:00,0.14577
2025-09-01 17:00:00,0.00408
2025-09-01 18:00:00,0.0
2025-09-01 19:00:00,0.0
2025-09-01 20:00:00,0.0
2025-09-01 21:00:00,0.0
2025-09-01 22:00:00,0.0
2025-09-01 23:00:00,0.0
2025-09-02 00:00:00,0.0
2025-09-02 01:00:00,0.0
2025-09-02 02:00:00,0.0
2025-09-02 03:00:00,0.0
2025-09-02 04:00:00,0.0
2025-09-02 05:00:00,0.0
2025-09-02 06:00:00,0.00661
2025-09-02 07:00:00,0.1705
2025-09-02 08:00:00,0.29133
2025-09-02 09:00:00,0.51173
2025-09-02 10:00:00,0.64819
2025-09-02 11:00:00,0.58053
2025-09-02 12:00:00,0.52003
2025-09-02 13:00:00,0.51744
2025-09-02 14:00:00,0.43157
2025-09-02 15:00:00,0.20815999999999998
2025-09-02 16:00:00,0.11243
2025-09-02 17:00:00,0.00684
2025-09-02 18:00:00,0.0
2025-09-02 19:00:00,0.0
2025-09-02 20:00:00,0.0
2025-09-02 21:00:00,0.0
2025-09-02 22:00:00,0.0
2025-09-02 23:00:00,0.0
2025-09-03 00:00:00,0.0
2025-09-03 01:00:00,0.0
2025-09-03 02:00:00,0.0
2025-09-03 03:00:00,0.0
2025-09-03 04:00:00,0.0
2025-09-03 05:00:00,0.0
2025-09-03 06:00:00,0.0035499999999999998
2025-09-03 07:00:00,0.10662999999999999
2025-09-03 08:00:00,0.37585
2025-09-03 09:00:00,0.54075
2025-09-03 10:00:00,0.66367
2025-09-03 11:00:00,0.70071
2025-09-03 12:00:00,0.71433
2025-09-03 13:00:00,0.61536
2025-09-03 14:00:00,0.5021100000000001
2025-09-03 15:00:00,0.31176
2025-09-03 16:00:00,0.12907
2025-09-03 17:00:00,0.00346
2025-09-03 18:00:00,0.0
2025-09-03 19:00:00,0.0
2025-09-03 20:00:00,0.0
2025-09-03 21:00:00,0.0
2025-09-03 22:00:00,0.0
2025-09-03 23:00:00,0.0
2025-09-04 00:00:00,0.0
2025-09-04 01:00:00,0.0
2025-09-04 02:00:00,0.0
2025-09-04 03:00:00,0.0
2025-09-04 04:00:00,0.0
2025-09-04 05:00:00,0.0
2025-09-04 06:00:00,0.00595
2025-09-04 07:00:00,0.27588
2025-09-04 08:00:00,0.47268
2025-09-04 09:00:00,0.62033
2025-09-04 10:00:00,0.7092999999999999
2025-09-04 11:00:00,0.74201
2025-09-04 12:00:00,0.7132200000000001
2025-09-04 13:00:00,0.64022
2025-09-04 14:00:00,0.43501
2025-09-04 15:00:00,0.32517
2025-09-04 16:00:00,0.12713
2025-09-04 17:00:00,0.00366
2025-09-04 18:00:00,0.0
2025-09-04 19:00:00,0.0
2025-09-04 20:00:00,0.0
2025-09-04 21:00:00,0.0
2025-09-04 22:00:00,0.0
2025-09-04 23:00:00,0.0
2025-09-05 00:00:00,0.0
2025-09-05 01:00:00,0.0
2025-09-05 02:00:00,0.0
2025-09-05 03:00:00,0.0
2025-09-05 04:00:00,0.0
2025-09-05 05:00:00,0.0
2025-09-05 06:00:00,0.00787
2025-09-05 07:00:00,0.23388
2025-09-05 08:00:00,0.40937
2025-09-05 09:00:00,0.50743
2025-09-05 10:00:00,0.62974
2025-09-05 11:00:00,0.5875199999999999
2025-09-05 12:00:00,0.5157999999999999
2025-09-05 13:00:00,0.40899
2025-09-05 14:00:00,0.29436
2025-09-05 15:00:00,0.12487999999999999
2025-09-05 16:00:00,0.07137
2025-09-05 17:00:00,0.0038399999999999997
2025-09-05 18:00:00,0.0
2025-09-05 19:00:00,0.0
2025-09-05 20:00:00,0.0
2025-09-05 21:00:00,0.0
2025-09-05 22:00:00,0.0
2025-09-05 23:00:00,0.0
2025-09-06 00:00:00,0.0
2025-09-06 01:00:00,0.0
2025-09-06 02:00:00,0.0
2025-09-06 03:00:00,0.0
2025-09-06 04:00:00,0.0
2025-09-06 05:00:00,0.0
2025-09-06 06:00:00,0.00312
2025-09-06 07:00:00,0.08841
2025-09-06 08:00:00,0.21655000000000002
2025-09-06 09:00:00,0.29894
2025-09-06 10:00:00,0.46741000000000005
2025-09-06 11:00:00,0.44843
2025-09-06 12:00:00,0.37198000000000003
2025-09-06 13:00:00,0.29302999999999996
2025-09-06 14:00:00,0.21825
2025-09-06 15:00:00,0.13012
2025-09-06 16:00:00,0.08646
2025-09-06 17:00:00,0.0046
2025-09-06 18:00:00,0.0
2025-09-06 19:00:00,0.0
2025-09-06 20:00:00,0.0
2025-09-06 21:00:00,0.0
2025-09-06 22:00:00,0.0
2025-09-06 23:00:00,0.0
2025-09-07 00:00:00,0.0
2025-09-07 01:00:00,0.0
2025-09-07 02:00:00,0.0
2025-09-07 03:00:00,0.0
2025-09-07 04:00:00,0.0
2025-09-07 05:00:00,0.0
2025-09-07 06:00:00,0.036469999999999995
2025-09-07 07:00:00,0.15162
2025-09-07 08:00:00,0.36754000000000003
2025-09-07 09:00:00,0.5526599999999999
2025-09-07 10:00:00,0.5468099999999999
2025-09-07 11:00:00,0.5761000000000001
2025-09-07 12:00:00,0.51075
2025-09-07 13:00:00,0.45605
2025-09-07 14:00:00,0.35584
2025-09-07 15:00:00,0.24334
2025-09-07 16:00:00,0.11069
2025-09-07 17:00:00,0.01033
2025-09-07 18:00:00,0.0
2025-09-07 19:00:00,0.0
2025-09-07 20:00:00,0.0
2025-09-07 21:00:00,0.0
2025-09-07 22:00:00,0.0
2025-09-07 23:00:00,0.0
2025-09-08 00:00:00,0.0
2025-09-08 01:00:00,0.0
2025-09-08 02:00:00,0.0
2025-09-08 03:00:00,0.0
2025-09-08 04:00:00,0.0
2025-09-08 05:00:00,0.0
2025-09-08 06:00:00,0.06114
2025-09-08 07:00:00,0.25569
2025-09-08 08:00:00,0.43538
2025-09-08 09:00:00,0.6072799999999999
2025-09-08 10:00:00,0.68361
2025-09-08 11:00:00,0.78318
2025-09-08 12:00:00,0.76758
2025-09-08 13:00:00,0.69178
2025-09-08 14:00:00,0.5625800000000001
2025-09-08 15:00:00,0.37838
2025-09-08 16:00:00,0.15865
2025-09-08 17:00:00,0.0030499999999999998
2025-09-08 18:00:00,0.0
2025-09-08 19:00:00,0.0
2025-09-08 20:00:00,0.0
2025-09-08 21:00:00,0.0
2025-09-08 22:00:00,0.0
2025-09-08 23:00:00,0.0
2025-09-09 00:00:00,0.0
2025-09-09 01:00:00,0.0
2025-09-09 02:00:00,0.0
2025-09-09 03:00:00,0.0
2025-09-09 04:00:00,0.0
2025-09-09 05:00:00,0.0
2025-09-09 06:00:00,0.07232999999999999
2025-09-09 07:00:00,0.31297
2025-09-09 08:00:00,0.50371
2025-09-09 09:00:00,0.65658
2025-09-09 10:00:00,0.74333
2025-09-09 11:00:00,0.777
2025-09-09 12:00:00,0.75179
2025-09-09 13:00:00,0.67547
2025-09-09 14:00:00,0.55131
2025-09-09 15:00:00,0.33931
2025-09-09 16:00:00,0.13811
2025-09-09 17:00:00,0.00393
2025-09-09 18:00:00,0.0
2025-09-09 19:00:00,0.0
2025-09-09 20:00:00,0.0
2025-09-09 21:00:00,0.0
2025-09-09 22:00:00,0.0
2025-09-09 23:00:00,0.0
2025-09-10 00:00:00,0.0
2025-09-10 01:00:00,0.0
2025-09-10 02:00:00,0.0
2025-09-10 03:00:00,0.0
2025-09-10 04:00:00,0.0
2025-09-10 05:00:00,0.0
2025-09-10 06:00:00,0.04747
2025-09-10 07:00:00,0.20564
2025-09-10 08:00:00,0.32638
2025-09-10 09:00:00,0.45092000000000004
2025-09-10 10:00:00,0.54126
2025-09-10 11:00:00,0.6502899999999999
2025-09-10 12:00:00,0.54662
2025-09-10 13:00:00,0.45013
2025-09-10 14:00:00,0.28413
2025-09-10 15:00:00,0.18009
2025-09-10 16:00:00,0.09011
2025-09-10 17:00:00,0.009470000000000001
2025-09-10 18:00:00,0.0
2025-09-10 19:00:00,0.0
2025-09-10 20:00:00,0.0
2025-09-10 21:00:00,0.0
2025-09-10 22:00:00,0.0
2025-09-10 23:00:00,0.0
2025-09-11 00:00:00,0.0
2025-09-11 01:00:00,0.0
2025-09-11 02:00:00,0.0
2025-09-11 03:00:00,0.0
2025-09-11 04:00:00,0.0
2025-09-11 05:00:00,0.0
2025-09-11 06:00:00,0.06196
2025-09-11 07:00:00,0.2714
2025-09-11 08:00:00,0.47993
2025-09-11 09:00:00,0.6771699999999999
2025-09-11 10:00:00,0.7632599999999999
2025-09-11 11:00:00,0.79037
2025-09-11 12:00:00,0.76501
2025-09-11 13:00:00,0.68584
2025-09-11 14:00:00,0.5586
2025-09-11 15:00:00,0.37909
2025-09-11 16:00:00,0.15888999999999998
2025-09-11 17:00:00,0.0025499999999999997
2025-09-11 18:00:00,0.0
2025-09-11 19:00:00,0.0
2025-09-11 20:00:00,0.0
2025-09-11 21:00:00,0.0
2025-09-11 22:00:00,0.0
2025-09-11 23:00:00,0.0
2025-09-12 00:00:00,0.0
2025-09-12 01:00:00,0.0
2025-09-12 02:00:00,0.0
2025-09-12 03:00:00,0.0
2025-09-12 04:00:00,0.0
2025-09-12 05:00:00,0.0
2025-09-12 06:00:00,0.09309999999999999
2025-09-12 07:00:00,0.33183999999999997
2025-09-12 08:00:00,0.5353300000000001
2025-09-12 09:00:00,0.68172
2025-09-12 10:00:00,0.76816
2025-09-12 11:00:00,0.7972899999999999
2025-09-12 12:00:00,0.77107
2025-09-12 13:00:00,0.69302
2025-09-12 14:00:00,0.5615
2025-09-12 15:00:00,0.37861
2025-09-12 16:00:00,0.15722
2025-09-12 17:00:00,0.0024500000000000004
2025-09-12 18:00:00,0.0
2025-09-12 19:00:00,0.0
2025-09-12 20:00:00,0.0
2025-09-12 21:00:00,0.0
2025-09-12 22:00:00,0.0
2025-09-12 23:00:00,0.0
2025-09-13 00:00:00,0.0
2025-09-13 01:00:00,0.0
2025-09-13 02:00:00,0.0
2025-09-13 03:00:00,0.0
2025-09-13 04:00:00,0.0
2025-09-13 05:00:00,0.0
2025-09-13 06:00:00,0.09472
2025-09-13 07:00:00,0.3326
2025-09-13 08:00:00,0.52946
2025-09-13 09:00:00,0.67375
2025-09-13 10:00:00,0.7607200000000001
2025-09-13 11:00:00,0.79457
2025-09-13 12:00:00,0.7681
2025-09-13 13:00:00,0.68686
2025-09-13 14:00:00,0.55411
2025-09-13 15:00:00,0.37047
2025-09-13 16:00:00,0.15097
2025-09-13 17:00:00,0.00239
2025-09-13 18:00:00,0.0
2025-09-13 19:00:00,0.0
2025-09-13 20:00:00,0.0
2025-09-13 21:00:00,0.0
2025-09-13 22:00:00,0.0
2025-09-13 23:00:00,0.0
2025-09-14 00:00:00,0.0
2025-09-14 01:00:00,0.0
2025-09-14 02:00:00,0.0
2025-09-14 03:00:00,0.0
2025-09-14 04:00:00,0.0
2025-09-14 05:00:00,0.0
2025-09-14 06:00:00,0.06508
2025-09-14 07:00:00,0.21297
2025-09-14 08:00:00,0.32900999999999997
2025-09-14 09:00:00,0.55536
2025-09-14 10:00:00,0.6322000000000001
2025-09-14 11:00:00,0.61497
2025-09-14 12:00:00,0.51988
2025-09-14 13:00:00,0.36882
2025-09-14 14:00:00,0.30386
2025-09-14 15:00:00,0.15378999999999998
2025-09-14 16:00:00,0.04445
2025-09-14 17:00:00,0.00322
2025-09-14 18:00:00,0.0
2025-09-14 19:00:00,0.0
2025-09-14 20:00:00,0.0
2025-09-14 21:00:00,0.0
2025-09-14 22:00:00,0.0
2025-09-14 23:00:00,0.0
2025-09-15 00:00:00,0.0
2025-09-15 01:00:00,0.0
2025-09-15 02:00:00,0.0
2025-09-15 03:00:00,0.0
2025-09-15 04:00:00,0.0
2025-09-15 05:00:00,0.0
2025-09-15 06:00:00,0.05048
2025-09-15 07:00:00,0.19682
2025-09-15 08:00:00,0.26456
2025-09-15 09:00:00,0.22082
2025-09-15 10:00:00,0.32411
2025-09-15 11:00:00,0.40873000000000004
2025-09-15 12:00:00,0.46901
2025-09-15 13:00:00,0.34667000000000003
2025-09-15 14:00:00,0.37901
2025-09-15 15:00:00,0.20984999999999998
2025-09-15 16:00:00,0.1169
2025-09-15 17:00:00,0.0034500000000000004
2025-09-15 18:00:00,0.0
2025-09-15 19:00:00,0.0
2025-09-15 20:00:00,0.0
2025-09-15 21:00:00,0.0
2025-09-15 22:00:00,0.0
2025-09-15 23:00:00,0.0
2025-09-16 00:00:00,0.0
2025-09-16 01:00:00,0.0
2025-09-16 02:00:00,0.0
2025-09-16 03:00:00,0.0
2025-09-16 04:00:00,0.0
2025-09-16 05:00:00,0.0
2025-09-16 06:00:00,0.07726999999999999
2025-09-16 07:00:00,0.28343
2025-09-16 08:00:00,0.47495
2025-09-16 09:00:00,0.63171
2025-09-16 10:00:00,0.69739
2025-09-16 11:00:00,0.69797
2025-09-16 12:00:00,0.6197699999999999
2025-09-16 13:00:00,0.5711
2025-09-16 14:00:00,0.49001
2025-09-16 15:00:00,0.28349
2025-09-16 16:00:00,0.13983
2025-09-16 17:00:00,0.00333
2025-09-16 18:00:00,0.0
2025-09-16 19:00:00,0.0
2025-09-16 20:00:00,0.0
2025-09-16 21:00:00,0.0
2025-09-16 22:00:00,0.0
2025-09-16 23:00:00,0.0
2025-09-17 00:00:00,0.0
2025-09-17 01:00:00,0.0
2025-09-17 02:00:00,0.0
2025-09-17 03:00:00,0.0
2025-09-17 04:00:00,0.0
2025-09-17 05:00:00,0.0
2025-09-17 06:00:00,0.09586
2025-09-17 07:00:00,0.32599
2025-09-17 08:00:00,0.52085
2025-09-17 09:00:00,0.65837
2025-09-17 10:00:00,0.73848
2025-09-17 11:00:00,0.75251
2025-09-17 12:00:00,0.66998
2025-09-17 13:00:00,0.5598
2025-09-17 14:00:00,0.50586
2025-09-17 15:00:00,0.30284
2025-09-17 16:00:00,0.1235
2025-09-17 17:00:00,0.00196
2025-09-17 18:00:00,0.0
2025-09-17 19:00:00,0.0
2025-09-17 20:00:00,0.0
2025-09-17 21:00:00,0.0
2025-09-17 22:00:00,0.0
2025-09-17 23:00:00,0.0
2025-09-18 00:00:00,0.0
2025-09-18 01:00:00,0.0
2025-09-18 02:00:00,0.0
2025-09-18 03:00:00,0.0
2025-09-18 04:00:00,0.0
2025-09-18 05:00:00,0.0
2025-09-18 06:00:00,0.10022
2025-09-18 07:00:00,0.32899
2025-09-18 08:00:00,0.52976
2025-09-18 09:00:00,0.6662899999999999
2025-09-18 10:00:00,0.73972
2025-09-18 11:00:00,0.77155
2025-09-18 12:00:00,0.73273
2025-09-18 13:00:00,0.66785
2025-09-18 14:00:00,0.52812
2025-09-18 15:00:00,0.36099000000000003
2025-09-18 16:00:00,0.14742
2025-09-18 17:00:00,0.00185
2025-09-18 18:00:00,0.0
2025-09-18 19:00:00,0.0
2025-09-18 20:00:00,0.0
2025-09-18 21:00:00,0.0
2025-09-18 22:00:00,0.0
2025-09-18 23:00:00,0.0
2025-09-19 00:00:00,0.0
2025-09-19 01:00:00,0.0
2025-09-19 02:00:00,0.0
2025-09-19 03:00:00,0.0
2025-09-19 04:00:00,0.0
2025-09-19 05:00:00,0.0
2025-09-19 06:00:00,0.08056
2025-09-19 07:00:00,0.30557999999999996
2025-09-19 08:00:00,0.5307999999999999
2025-09-19 09:00:00,0.65985
2025-09-19 10:00:00,0.72646
2025-09-19 11:00:00,0.7407100000000001
2025-09-19 12:00:00,0.72868
2025-09-19 13:00:00,0.66116
2025-09-19 14:00:00,0.53873
2025-09-19 15:00:00,0.36608999999999997
2025-09-19 16:00:00,0.14873
2025-09-19 17:00:00,0.00751
2025-09-19 18:00:00,0.0
2025-09-19 19:00:00,0.0
2025-09-19 20:00:00,0.0
2025-09-19 21:00:00,0.0
2025-09-19 22:00:00,0.0
2025-09-19 23:00:00,0.0
2025-09-20 00:00:00,0.0
2025-09-20 01:00:00,0.0
2025-09-20 02:00:00,0.0
2025-09-20 03:00:00,0.0
2025-09-20 04:00:00,0.0
2025-09-20 05:00:00,0.0
2025-09-20 06:00:00,0.08609
2025-09-20 07:00:00,0.30634
2025-09-20 08:00:00,0.49662
2025-09-20 09:00:00,0.6484099999999999
2025-09-20 10:00:00,0.71727
2025-09-20 11:00:00,0.7352799999999999
2025-09-20 12:00:00,0.7061499999999999
2025-09-20 13:00:00,0.61897
2025-09-20 14:00:00,0.50649
2025-09-20 15:00:00,0.28908
2025-09-20 16:00:00,0.11846999999999999
2025-09-20 17:00:00,0.00738
2025-09-20 18:00:00,0.0
2025-09-20 19:00:00,0.0
2025-09-20 20:00:00,0.0
2025-09-20 21:00:00,0.0
2025-09-20 22:00:00,0.0
2025-09-20 23:00:00,0.0
2025-09-21 00:00:00,0.0
2025-09-21 01:00:00,0.0
2025-09-21 02:00:00,0.0
2025-09-21 03:00:00,0.0
2025-09-21 04:00:00,0.0
2025-09-21 05:00:00,0.0
2025-09-21 06:00:00,0.08075
2025-09-21 07:00:00,0.27969
2025-09-21 08:00:00,0.51834
2025-09-21 09:00:00,0.6615
2025-09-21 10:00:00,0.74241
2025-09-21 11:00:00,0.76758
2025-09-21 12:00:00,0.7054
2025-09-21 13:00:00,0.60862
2025-09-21 14:00:00,0.50682
2025-09-21 15:00:00,0.2975
2025-09-21 16:00:00,0.12668000000000001
2025-09-21 17:00:00,0.00743
2025-09-21 18:00:00,0.0
2025-09-21 19:00:00,0.0
2025-09-21 20:00:00,0.0
2025-09-21 21:00:00,0.0
2025-09-21 22:00:00,0.0
2025-09-21 23:00:00,0.0
2025-09-22 00:00:00,0.0
2025-09-22 01:00:00,0.0
2025-09-22 02:00:00,0.0
2025-09-22 03:00:00,0.0
2025-09-22 04:00:00,0.0
2025-09-22 05:00:00,0.0
2025-09-22 06:00:00,0.10834
2025-09-22 07:00:00,0.34282999999999997
2025-09-22 08:00:00,0.5391900000000001
2025-09-22 09:00:00,0.67461
2025-09-22 10:00:00,0.75186
2025-09-22 11:00:00,0.7725700000000001
2025-09-22 12:00:00,0.73907
2025-09-22 13:00:00,0.65828
2025-09-22 14:00:00,0.52762
2025-09-22 15:00:00,0.34908999999999996
2025-09-22 16:00:00,0.12436
2025-09-22 17:00:00,0.006059999999999999
2025-09-22 18:00:00,0.0
2025-09-22 19:00:00,0.0
2025-09-22 20:00:00,0.0
2025-09-22 21:00:00,0.0
2025-09-22 22:00:00,0.0
2025-09-22 23:00:00,0.0
2025-09-23 00:00:00,0.0
2025-09-23 01:00:00,0.0
2025-09-23 02:00:00,0.0
2025-09-23 03:00:00,0.0
2025-09-23 04:00:00,0.0
2025-09-23 05:00:00,0.0
2025-09-23 06:00:00,0.09983
2025-09-23 07:00:00,0.32042000000000004
2025-09-23 08:00:00,0.51057
2025-09-23 09:00:00,0.63773
2025-09-23 10:00:00,0.70262
2025-09-23 11:00:00,0.72487
2025-09-23 12:00:00,0.71114
2025-09-23 13:00:00,0.57836
2025-09-23 14:00:00,0.46501
2025-09-23 15:00:00,0.29893000000000003
2025-09-23 16:00:00,0.12997999999999998
2025-09-23 17:00:00,0.005889999999999999
2025-09-23 18:00:00,0.0
2025-09-23 19:00:00,0.0
2025-09-23 20:00:00,0.0
2025-09-23 21:00:00,0.0
2025-09-23 22:00:00,0.0
2025-09-23 23:00:00,0.0
2025-09-24 00:00:00,0.0
2025-09-24 01:00:00,0.0
2025-09-24 02:00:00,0.0
2025-09-24 03:00:00,0.0
2025-09-24 04:00:00,0.0
2025-09-24 05:00:00,0.0
2025-09-24 06:00:00,0.10565000000000001
2025-09-24 07:00:00,0.33938
2025-09-24 08:00:00,0.52507
2025-09-24 09:00:00,0.6560199999999999
2025-09-24 10:00:00,0.73136
2025-09-24 11:00:00,0.71727
2025-09-24 12:00:00,0.70235
2025-09-24 13:00:00,0.57889
2025-09-24 14:00:00,0.48152999999999996
2025-09-24 15:00:00,0.29856
2025-09-24 16:00:00,0.09193000000000001
2025-09-24 17:00:00,0.00517
2025-09-24 18:00:00,0.0
2025-09-24 19:00:00,0.0
2025-09-24 20:00:00,0.0
2025-09-24 21:00:00,0.0
2025-09-24 22:00:00,0.0
2025-09-24 23:00:00,0.0
2025-09-25 00:00:00,0.0
2025-09-25 01:00:00,0.0
2025-09-25 02:00:00,0.0
2025-09-25 03:00:00,0.0
2025-09-25 04:00:00,0.0
2025-09-25 05:00:00,0.0
2025-09-25 06:00:00,0.10234
2025-09-25 07:00:00,0.32768
2025-09-25 08:00:00,0.5096700000000001
2025-09-25 09:00:00,0.6272000000000001
2025-09-25 10:00:00,0.70225
2025-09-25 11:00:00,0.68088
2025-09-25 12:00:00,0.67328
2025-09-25 13:00:00,0.58905
2025-09-25 14:00:00,0.42029
2025-09-25 15:00:00,0.31632
2025-09-25 16:00:00,0.09117
2025-09-25 17:00:00,0.00544
2025-09-25 18:00:00,0.0
2025-09-25 19:00:00,0.0
2025-09-25 20:00:00,0.0
2025-09-25 21:00:00,0.0
2025-09-25 22:00:00,0.0
2025-09-25 23:00:00,0.0
2025-09-26 00:00:00,0.0
2025-09-26 01:00:00,0.0
2025-09-26 02:00:00,0.0
2025-09-26 03:00:00,0.0
2025-09-26 04:00:00,0.0
2025-09-26 05:00:00,0.0
2025-09-26 06:00:00,0.06767000000000001
2025-09-26 07:00:00,0.21977000000000002
2025-09-26 08:00:00,0.43383
2025-09-26 09:00:00,0.62807
2025-09-26 10:00:00,0.70814
2025-09-26 11:00:00,0.71872
2025-09-26 12:00:00,0.70688
2025-09-26 13:00:00,0.44738
2025-09-26 14:00:00,0.36451
2025-09-26 15:00:00,0.22513
2025-09-26 16:00:00,0.10003000000000001
2025-09-26 17:00:00,0.0024
2025-09-26 18:00:00,0.0
2025-09-26 19:00:00,0.0
2025-09-26 20:00:00,0.0
2025-09-26 21:00:00,0.0
2025-09-26 22:00:00,0.0
2025-09-26 23:00:00,0.0
2025-09-27 00:00:00,0.0
2025-09-27 01:00:00,0.0
2025-09-27 02:00:00,0.0
2025-09-27 03:00:00,0.0
2025-09-27 04:00:00,0.0
2025-09-27 05:00:00,0.0
2025-09-27 06:00:00,0.09137999999999999
2025-09-27 07:00:00,0.29206
2025-09-27 08:00:00,0.41618
2025-09-27 09:00:00,0.5200199999999999
2025-09-27 10:00:00,0.58965
2025-09-27 11:00:00,0.6742
2025-09-27 12:00:00,0.6495
2025-09-27 13:00:00,0.43494
2025-09-27 14:00:00,0.36854000000000003
2025-09-27 15:00:00,0.20748
2025-09-27 16:00:00,0.10073
2025-09-27 17:00:00,0.014410000000000001
2025-09-27 18:00:00,0.0
2025-09-27 19:00:00,0.0
2025-09-27 20:00:00,0.0
2025-09-27 21:00:00,0.0
2025-09-27 22:00:00,0.0
2025-09-27 23:00:00,0.0
2025-09-28 00:00:00,0.0
2025-09-28 01:00:00,0.0
2025-09-28 02:00:00,0.0
2025-09-28 03:00:00,0.0
2025-09-28 04:00:00,0.0
2025-09-28 05:00:00,0.0
2025-09-28 06:00:00,0.00456
2025-09-28 07:00:00,0.02419
2025-09-28 08:00:00,0.06678
2025-09-28 09:00:00,0.16682
2025-09-28 10:00:00,0.24600999999999998
2025-09-28 11:00:00,0.23209
2025-09-28 12:00:00,0.27176
2025-09-28 13:00:00,0.26364
2025-09-28 14:00:00,0.21994
2025-09-28 15:00:00,0.05522
2025-09-28 16:00:00,0.04783
2025-09-28 17:00:00,0.00462
2025-09-28 18:00:00,0.0
2025-09-28 19:00:00,0.0
2025-09-28 20:00:00,0.0
2025-09-28 21:00:00,0.0
2025-09-28 22:00:00,0.0
2025-09-28 23:00:00,0.0
2025-09-29 00:00:00,0.0
2025-09-29 01:00:00,0.0
2025-09-29 02:00:00,0.0
2025-09-29 03:00:00,0.0
2025-09-29 04:00:00,0.0
2025-09-29 05:00:00,0.0
2025-09-29 06:00:00,0.07504999999999999
2025-09-29 07:00:00,0.26121
2025-09-29 08:00:00,0.38087
2025-09-29 09:00:00,0.4481
2025-09-29 10:00:00,0.53349
2025-09-29 11:00:00,0.40273000000000003
2025-09-29 12:00:00,0.34119
2025-09-29 13:00:00,0.32337
2025-09-29 14:00:00,0.29638
2025-09-29 15:00:00,0.09974
2025-09-29 16:00:00,0.05328
2025-09-29 17:00:00,0.00471
2025-09-29 18:00:00,0.0
2025-09-29 19:00:00,0.0
2025-09-29 20:00:00,0.0
2025-09-29 21:00:00,0.0
2025-09-29 22:00:00,0.0
2025-09-29 23:00:00,0.0
2025-09-30 00:00:00,0.0
2025-09-30 01:00:00,0.0
2025-09-30 02:00:00,0.0
2025-09-30 03:00:00,0.0
2025-09-30 04:00:00,0.0
2025-09-30 05:00:00,0.0
2025-09-30 06:00:00,0.07891
2025-09-30 07:00:00,0.29357
2025-09-30 08:00:00,0.5013299999999999
2025-09-30 09:00:00,0.5644
2025-09-30 10:00:00,0.67496
2025-09-30 11:00:00,0.65695
2025-09-30 12:00:00,0.6486900000000001
2025-09-30 13:00:00,0.60737
2025-09-30 14:00:00,0.46726
2025-09-30 15:00:00,0.20519
2025-09-30 16:00:00,0.08389
2025-09-30 17:00:00,0.00592
2025-09-30 18:00:00,0.0
2025-09-30 19:00:00,0.0
2025-09-30 20:00:00,0.0
2025-09-30 21:00:00,0.0
2025-09-30 22:00:00,0.0
2025-09-30 23:00:00,0.0
2025-10-01 00:00:00,0.0
2025-10-01 01:00:00,0.0
2025-10-01 02:00:00,0.0
2025-10-01 03:00:00,0.0
2025-10-01 04:00:00,0.0
2025-10-01 05:00:00,0.0
2025-10-01 06:00:00,0.02993
2025-10-01 07:00:00,0.09312000000000001
2025-10-01 08:00:00,0.3025
2025-10-01 09:00:00,0.29907
2025-10-01 10:00:00,0.30135
2025-10-01 11:00:00,0.356
2025-10-01 12:00:00,0.45004
2025-10-01 13:00:00,0.46175
2025-10-01 14:00:00,0.36214999999999997
2025-10-01 15:00:00,0.041100000000000005
2025-10-01 16:00:00,0.04464
2025-10-01 17:00:00,0.00426
2025-10-01 18:00:00,0.0
2025-10-01 19:00:00,0.0
2025-10-01 20:00:00,0.0
2025-10-01 21:00:00,0.0
2025-10-01 22:00:00,0.0
2025-10-01 23:00:00,0.0
2025-10-02 00:00:00,0.0
2025-10-02 01:00:00,0.0
2025-10-02 02:00:00,0.0
2025-10-02 03:00:00,0.0
2025-10-02 04:00:00,0.0
2025-10-02 05:00:00,0.0
2025-10-02 06:00:00,0.012199999999999999
2025-10-02 07:00:00,0.04993
2025-10-02 08:00:00,0.10424
2025-10-02 09:00:00,0.10131
2025-10-02 10:00:00,0.16054
2025-10-02 11:00:00,0.20349
2025-10-02 12:00:00,0.46197000000000005
2025-10-02 13:00:00,0.36207
2025-10-02 14:00:00,0.33848
2025-10-02 15:00:00,0.16186
2025-10-02 16:00:00,0.06703
2025-10-02 17:00:00,0.00843
2025-10-02 18:00:00,0.0
2025-10-02 19:00:00,0.0
2025-10-02 20:00:00,0.0
2025-10-02 21:00:00,0.0
2025-10-02 22:00:00,0.0
2025-10-02 23:00:00,0.0
2025-10-03 00:00:00,0.0
2025-10-03 01:00:00,0.0
2025-10-03 02:00:00,0.0
2025-10-03 03:00:00,0.0
2025-10-03 04:00:00,0.0
2025-10-03 05:00:00,0.0
2025-10-03 06:00:00,0.07439
2025-10-03 07:00:00,0.19536
2025-10-03 08:00:00,0.31936000000000003
2025-10-03 09:00:00,0.45464
2025-10-03 10:00:00,0.42025999999999997
2025-10-03 11:00:00,0.5097
2025-10-03 12:00:00,0.5781000000000001
2025-10-03 13:00:00,0.53398
2025-10-03 14:00:00,0.38169
2025-10-03 15:00:00,0.29436
2025-10-03 16:00:00,0.10936
2025-10-03 17:00:00,0.00644
2025-10-03 18:00:00,0.0
2025-10-03 19:00:00,0.0
2025-10-03 20:00:00,0.0
2025-10-03 21:00:00,0.0
2025-10-03 22:00:00,0.0
2025-10-03 23:00:00,0.0
2025-10-04 00:00:00,0.0
2025-10-04 01:00:00,0.0
2025-10-04 02:00:00,0.0
2025-10-04 03:00:00,0.0
2025-10-04 04:00:00,0.0
2025-10-04 05:00:00,0.0
2025-10-04 06:00:00,0.0906
2025-10-04 07:00:00,0.29116000000000003
2025-10-04 08:00:00,0.47814
2025-10-04 09:00:00,0.60776
2025-10-04 10:00:00,0.6445599999999999
2025-10-04 11:00:00,0.66465
2025-10-04 12:00:00,0.6443
2025-10-04 13:00:00,0.48604
2025-10-04 14:00:00,0.485
2025-10-04 15:00:00,0.19607
2025-10-04 16:00:00,0.08192
2025-10-04 17:00:00,0.011619999999999998
2025-10-04 18:00:00,0.0
2025-10-04 19:00:00,0.0
2025-10-04 20:00:00,0.0
2025-10-04 21:00:00,0.0
2025-10-04 22:00:00,0.0
2025-10-04 23:00:00,0.0
2025-10-05 00:00:00,0.0
2025-10-05 01:00:00,0.0
2025-10-05 02:00:00,0.0
2025-10-05 03:00:00,0.0
2025-10-05 04:00:00,0.0
2025-10-05 05:00:00,0.0
2025-10-05 06:00:00,0.0516
2025-10-05 07:00:00,0.1951
2025-10-05 08:00:00,0.33512000000000003
2025-10-05 09:00:00,0.48295
2025-10-05 10:00:00,0.59814
2025-10-05 11:00:00,0.5797899999999999
2025-10-05 12:00:00,0.67908
2025-10-05 13:00:00,0.38956
2025-10-05 14:00:00,0.35596
2025-10-05 15:00:00,0.23885
2025-10-05 16:00:00,0.08938
2025-10-05 17:00:00,0.00936
2025-10-05 18:00:00,0.0
2025-10-05 19:00:00,0.0
2025-10-05 20:00:00,0.0
2025-10-05 21:00:00,0.0
2025-10-05 22:00:00,0.0
2025-10-05 23:00:00,0.0
2025-10-06 00:00:00,0.0
2025-10-06 01:00:00,0.0
2025-10-06 02:00:00,0.0
2025-10-06 03:00:00,0.0
2025-10-06 04:00:00,0.0
2025-10-06 05:00:00,0.0
2025-10-06 06:00:00,0.081
2025-10-06 07:00:00,0.22687000000000002
2025-10-06 08:00:00,0.42748
2025-10-06 09:00:00,0.5374500000000001
2025-10-06 10:00:00,0.61397
2025-10-06 11:00:00,0.6492899999999999
2025-10-06 12:00:00,0.70488
2025-10-06 13:00:00,0.63351
2025-10-06 14:00:00,0.46291000000000004
2025-10-06 15:00:00,0.27393
2025-10-06 16:00:00,0.09697
2025-10-06 17:00:00,0.01214
2025-10-06 18:00:00,0.0
2025-10-06 19:00:00,0.0
2025-10-06 20:00:00,0.0
2025-10-06 21:00:00,0.0
2025-10-06 22:00:00,0.0
2025-10-06 23:00:00,0.0
2025-10-07 00:00:00,0.0
2025-10-07 01:00:00,0.0
2025-10-07 02:00:00,0.0
2025-10-07 03:00:00,0.0
2025-10-07 04:00:00,0.0
2025-10-07 05:00:00,0.0
2025-10-07 06:00:00,0.12251000000000001
2025-10-07 07:00:00,0.3338
2025-10-07 08:00:00,0.51081
2025-10-07 09:00:00,0.59012
2025-10-07 10:00:00,0.6343300000000001
2025-10-07 11:00:00,0.69365
2025-10-07 12:00:00,0.64943
2025-10-07 13:00:00,0.46475
2025-10-07 14:00:00,0.32264
2025-10-07 15:00:00,0.13316999999999998
2025-10-07 16:00:00,0.04987
2025-10-07 17:00:00,0.00496
2025-10-07 18:00:00,0.0
2025-10-07 19:00:00,0.0
2025-10-07 20:00:00,0.0
2025-10-07 21:00:00,0.0
2025-10-07 22:00:00,0.0
2025-10-07 23:00:00,0.0
2025-10-08 00:00:00,0.0
2025-10-08 01:00:00,0.0
2025-10-08 02:00:00,0.0
2025-10-08 03:00:00,0.0
2025-10-08 04:00:00,0.0
2025-10-08 05:00:00,0.0
2025-10-08 06:00:00,0.05073
2025-10-08 07:00:00,0.20508
2025-10-08 08:00:00,0.30652999999999997
2025-10-08 09:00:00,0.42134
2025-10-08 10:00:00,0.60049
2025-10-08 11:00:00,0.60388
2025-10-08 12:00:00,0.49372000000000005
2025-10-08 13:00:00,0.50329
2025-10-08 14:00:00,0.35331
2025-10-08 15:00:00,0.29943000000000003
2025-10-08 16:00:00,0.1123
2025-10-08 17:00:00,0.00818
2025-10-08 18:00:00,0.0
2025-10-08 19:00:00,0.0
2025-10-08 20:00:00,0.0
2025-10-08 21:00:00,0.0
2025-10-08 22:00:00,0.0
2025-10-08 23:00:00,0.0
2025-10-09 00:00:00,0.0
2025-10-09 01:00:00,0.0
2025-10-09 02:00:00,0.0
2025-10-09 03:00:00,0.0
2025-10-09 04:00:00,0.0
2025-10-09 05:00:00,0.0
2025-10-09 06:00:00,0.01284
2025-10-09 07:00:00,0.06283
2025-10-09 08:00:00,0.20075
2025-10-09 09:00:00,0.38737
2025-10-09 10:00:00,0.36277
2025-10-09 11:00:00,0.5518099999999999
2025-10-09 12:00:00,0.49759
2025-10-09 13:00:00,0.36164999999999997
2025-10-09 14:00:00,0.31289
2025-10-09 15:00:00,0.08083
2025-10-09 16:00:00,0.07097
2025-10-09 17:00:00,0.00564
2025-10-09 18:00:00,0.0
2025-10-09 19:00:00,0.0
2025-10-09 20:00:00,0.0
2025-10-09 21:00:00,0.0
2025-10-09 22:00:00,0.0
2025-10-09 23:00:00,0.0
2025-10-10 00:00:00,0.0
2025-10-10 01:00:00,0.0
2025-10-10 02:00:00,0.0
2025-10-10 03:00:00,0.0
2025-10-10 04:00:00,0.0
2025-10-10 05:00:00,0.0
2025-10-10 06:00:00,0.07720999999999999
2025-10-10 07:00:00,0.21696000000000001
2025-10-10 08:00:00,0.33593
2025-10-10 09:00:00,0.43631
2025-10-10 10:00:00,0.48205000000000003
2025-10-10 11:00:00,0.50644
2025-10-10 12:00:00,0.49033
2025-10-10 13:00:00,0.47202
2025-10-10 14:00:00,0.46596
2025-10-10 15:00:00,0.21615
2025-10-10 16:00:00,0.09663
2025-10-10 17:00:00,0.00884
2025-10-10 18:00:00,0.0
2025-10-10 19:00:00,0.0
2025-10-10 20:00:00,0.0
2025-10-10 21:00:00,0.0
2025-10-10 22:00:00,0.0
2025-10-10 23:00:00,0.0
2025-10-11 00:00:00,0.0
2025-10-11 01:00:00,0.0
2025-10-11 02:00:00,0.0
2025-10-11 03:00:00,0.0
2025-10-11 04:00:00,0.0
2025-10-11 05:00:00,0.0
2025-10-11 06:00:00,0.12009
2025-10-11 07:00:00,0.35708
2025-10-11 08:00:00,0.53869
2025-10-11 09:00:00,0.6714600000000001
2025-10-11 10:00:00,0.73246
2025-10-11 11:00:00,0.7039500000000001
2025-10-11 12:00:00,0.7267
2025-10-11 13:00:00,0.67284
2025-10-11 14:00:00,0.5387799999999999
2025-10-11 15:00:00,0.34869
2025-10-11 16:00:00,0.12825999999999999
2025-10-11 17:00:00,0.01024
2025-10-11 18:00:00,0.0
2025-10-11 19:00:00,0.0
2025-10-11 20:00:00,0.0
2025-10-11 21:00:00,0.0
2025-10-11 22:00:00,0.0
2025-10-11 23:00:00,0.0
2025-10-12 00:00:00,0.0
2025-10-12 01:00:00,0.0
2025-10-12 02:00:00,0.0
2025-10-12 03:00:00,0.0
2025-10-12 04:00:00,0.0
2025-10-12 05:00:00,0.0
2025-10-12 06:00:00,0.12127
2025-10-12 07:00:00,0.31904000000000005
2025-10-12 08:00:00,0.494
2025-10-12 09:00:00,0.61517
2025-10-12 10:00:00,0.64359
2025-10-12 11:00:00,0.61991
2025-10-12 12:00:00,0.60261
2025-10-12 13:00:00,0.53527
2025-10-12 14:00:00,0.46634
2025-10-12 15:00:00,0.08089
2025-10-12 16:00:00,0.07099
2025-10-12 17:00:00,0.01243
2025-10-12 18:00:00,0.0
2025-10-12 19:00:00,0.0
2025-10-12 20:00:00,0.0
2025-10-12 21:00:00,0.0
2025-10-12 22:00:00,0.0
2025-10-12 23:00:00,0.0
2025-10-13 00:00:00,0.0
2025-10-13 01:00:00,0.0
2025-10-13 02:00:00,0.0
2025-10-13 03:00:00,0.0
2025-10-13 04:00:00,0.0
2025-10-13 05:00:00,0.0
2025-10-13 06:00:00,0.033049999999999996
2025-10-13 07:00:00,0.09498999999999999
2025-10-13 08:00:00,0.20498
2025-10-13 09:00:00,0.22563
2025-10-13 10:00:00,0.28735000000000005
2025-10-13 11:00:00,0.19435
2025-10-13 12:00:00,0.285
2025-10-13 13:00:00,0.2519
2025-10-13 14:00:00,0.13179
2025-10-13 15:00:00,0.08095999999999999
2025-10-13 16:00:00,0.032229999999999995
2025-10-13 17:00:00,0.00441
2025-10-13 18:00:00,0.0
2025-10-13 19:00:00,0.0
2025-10-13 20:00:00,0.0
2025-10-13 21:00:00,0.0
2025-10-13 22:00:00,0.0
2025-10-13 23:00:00,0.0
2025-10-14 00:00:00,0.0
2025-10-14 01:00:00,0.0
2025-10-14 02:00:00,0.0
2025-10-14 03:00:00,0.0
2025-10-14 04:00:00,0.0
2025-10-14 05:00:00,0.0
2025-10-14 06:00:00,0.01345
2025-10-14 07:00:00,0.04111
2025-10-14 08:00:00,0.08229
2025-10-14 09:00:00,0.08169
2025-10-14 10:00:00,0.12244
2025-10-14 11:00:00,0.16318000000000002
2025-10-14 12:00:00,0.15356999999999998
2025-10-14 13:00:00,0.11841
2025-10-14 14:00:00,0.10826999999999999
2025-10-14 15:00:00,0.08349
2025-10-14 16:00:00,0.020640000000000002
2025-10-14 17:00:00,0.0016699999999999998
2025-10-14 18:00:00,0.0
2025-10-14 19:00:00,0.0
2025-10-14 20:00:00,0.0
2025-10-14 21:00:00,0.0
2025-10-14 22:00:00,0.0
2025-10-14 23:00:00,0.0
2025-10-15 00:00:00,0.0
2025-10-15 01:00:00,0.0
2025-10-15 02:00:00,0.0
2025-10-15 03:00:00,0.0
2025-10-15 04:00:00,0.0
2025-10-15 05:00:00,0.0
2025-10-15 06:00:00,0.06352000000000001
2025-10-15 07:00:00,0.17601
2025-10-15 08:00:00,0.38649
2025-10-15 09:00:00,0.44622
2025-10-15 10:00:00,0.43791
2025-10-15 11:00:00,0.39804
2025-10-15 12:00:00,0.44044
2025-10-15 13:00:00,0.41866000000000003
2025-10-15 14:00:00,0.33852
2025-10-15 15:00:00,0.19212
2025-10-15 16:00:00,0.07767
2025-10-15 17:00:00,0.008060000000000001
2025-10-15 18:00:00,0.0
2025-10-15 19:00:00,0.0
2025-10-15 20:00:00,0.0
2025-10-15 21:00:00,0.0
2025-10-15 22:00:00,0.0
2025-10-15 23:00:00,0.0
2025-10-16 00:00:00,0.0
2025-10-16 01:00:00,0.0
2025-10-16 02:00:00,0.0
2025-10-16 03:00:00,0.0
2025-10-16 04:00:00,0.0
2025-10-16 05:00:00,0.0
2025-10-16 06:00:00,0.10945999999999999
2025-10-16 07:00:00,0.28478
2025-10-16 08:00:00,0.5194099999999999
2025-10-16 09:00:00,0.5826
2025-10-16 10:00:00,0.67613
2025-10-16 11:00:00,0.70654
2025-10-16 12:00:00,0.65076
2025-10-16 13:00:00,0.56245
2025-10-16 14:00:00,0.47146
2025-10-16 15:00:00,0.2706
2025-10-16 16:00:00,0.11052
2025-10-16 17:00:00,0.01238
2025-10-16 18:00:00,0.0
2025-10-16 19:00:00,0.0
2025-10-16 20:00:00,0.0
2025-10-16 21:00:00,0.0
2025-10-16 22:00:00,0.0
2025-10-16 23:00:00,0.0
2025-10-17 00:00:00,0.0
2025-10-17 01:00:00,0.0
2025-10-17 02:00:00,0.0
2025-10-17 03:00:00,0.0
2025-10-17 04:00:00,0.0
2025-10-17 05:00:00,0.0
2025-10-17 06:00:00,0.02662
2025-10-17 07:00:00,0.12368000000000001
2025-10-17 08:00:00,0.24780000000000002
2025-10-17 09:00:00,0.41606
2025-10-17 10:00:00,0.54052
2025-10-17 11:00:00,0.6832
2025-10-17 12:00:00,0.6449400000000001
2025-10-17 13:00:00,0.57255
2025-10-17 14:00:00,0.44532
2025-10-17 15:00:00,0.11583
2025-10-17 16:00:00,0.05263
2025-10-17 17:00:00,0.01089
2025-10-17 18:00:00,0.0
2025-10-17 19:00:00,0.0
2025-10-17 20:00:00,0.0
2025-10-17 21:00:00,0.0
2025-10-17 22:00:00,0.0
2025-10-17 23:00:00,0.0
2025-10-18 00:00:00,0.0
2025-10-18 01:00:00,0.0
2025-10-18 02:00:00,0.0
2025-10-18 03:00:00,0.0
2025-10-18 04:00:00,0.0
2025-10-18 05:00:00,0.0
2025-10-18 06:00:00,0.11022
2025-10-18 07:00:00,0.27591000000000004
2025-10-18 08:00:00,0.43919
2025-10-18 09:00:00,0.46343
2025-10-18 10:00:00,0.54338
2025-10-18 11:00:00,0.65401
2025-10-18 12:00:00,0.51261
2025-10-18 13:00:00,0.29147
2025-10-18 14:00:00,0.26425
2025-10-18 15:00:00,0.23965999999999998
2025-10-18 16:00:00,0.07173
2025-10-18 17:00:00,0.00757
2025-10-18 18:00:00,0.0
2025-10-18 19:00:00,0.0
2025-10-18 20:00:00,0.0
2025-10-18 21:00:00,0.0
2025-10-18 22:00:00,0.0
2025-10-18 23:00:00,0.0
2025-10-19 00:00:00,0.0
2025-10-19 01:00:00,0.0
2025-10-19 02:00:00,0.0
2025-10-19 03:00:00,0.0
2025-10-19 04:00:00,0.0
2025-10-19 05:00:00,0.00055
2025-10-19 06:00:00,0.09081
2025-10-19 07:00:00,0.25864
2025-10-19 08:00:00,0.38892000000000004
2025-10-19 09:00:00,0.35819
2025-10-19 10:00:00,0.26167
2025-10-19 11:00:00,0.31505
2025-10-19 12:00:00,0.28737999999999997
2025-10-19 13:00:00,0.26873
2025-10-19 14:00:00,0.25610000000000005
2025-10-19 15:00:00,0.09056
2025-10-19 16:00:00,0.07293999999999999
2025-10-19 17:00:00,0.00643
2025-10-19 18:00:00,0.0
2025-10-19 19:00:00,0.0
2025-10-19 20:00:00,0.0
2025-10-19 21:00:00,0.0
2025-10-19 22:00:00,0.0
2025-10-19 23:00:00,0.0
2025-10-20 00:00:00,0.0
2025-10-20 01:00:00,0.0
2025-10-20 02:00:00,0.0
2025-10-20 03:00:00,0.0
2025-10-20 04:00:00,0.0
2025-10-20 05:00:00,0.0
2025-10-20 06:00:00,0.07266
2025-10-20 07:00:00,0.20387
2025-10-20 08:00:00,0.23871
2025-10-20 09:00:00,0.30539
2025-10-20 10:00:00,0.28902999999999995
2025-10-20 11:00:00,0.18874000000000002
2025-10-20 12:00:00,0.31577
2025-10-20 13:00:00,0.25113
2025-10-20 14:00:00,0.22186
2025-10-20 15:00:00,0.12292
2025-10-20 16:00:00,0.046310000000000004
2025-10-20 17:00:00,0.00663
2025-10-20 18:00:00,0.0
2025-10-20 19:00:00,0.0
2025-10-20 20:00:00,0.0
2025-10-20 21:00:00,0.0
2025-10-20 22:00:00,0.0
2025-10-20 23:00:00,0.0
2025-10-21 00:00:00,0.0
2025-10-21 01:00:00,0.0
2025-10-21 02:00:00,0.0
2025-10-21 03:00:00,0.0
2025-10-21 04:00:00,0.0
2025-10-21 05:00:00,0.0
2025-10-21 06:00:00,0.03118
2025-10-21 07:00:00,0.11087999999999999
2025-10-21 08:00:00,0.18281
2025-10-21 09:00:00,0.26732
2025-10-21 10:00:00,0.26852
2025-10-21 11:00:00,0.38339999999999996
2025-10-21 12:00:00,0.40416
2025-10-21 13:00:00,0.26817
2025-10-21 14:00:00,0.26252
2025-10-21 15:00:00,0.16625
2025-10-21 16:00:00,0.09656
2025-10-21 17:00:00,0.01448
2025-10-21 18:00:00,0.0
2025-10-21 19:00:00,0.0
2025-10-21 20:00:00,0.0
2025-10-21 21:00:00,0.0
2025-10-21 22:00:00,0.0
2025-10-21 23:00:00,0.0
2025-10-22 00:00:00,0.0
2025-10-22 01:00:00,0.0
2025-10-22 02:00:00,0.0
2025-10-22 03:00:00,0.0
2025-10-22 04:00:00,0.0
2025-10-22 05:00:00,0.0007700000000000001
2025-10-22 06:00:00,0.1395
2025-10-22 07:00:00,0.30251
2025-10-22 08:00:00,0.47191000000000005
2025-10-22 09:00:00,0.63876
2025-10-22 10:00:00,0.75487
2025-10-22 11:00:00,0.77489
2025-10-22 12:00:00,0.75091
2025-10-22 13:00:00,0.65777
2025-10-22 14:00:00,0.51455
2025-10-22 15:00:00,0.34019
2025-10-22 16:00:00,0.11298
2025-10-22 17:00:00,0.01824
2025-10-22 18:00:00,0.0
2025-10-22 19:00:00,0.0
2025-10-22 20:00:00,0.0
2025-10-22 21:00:00,0.0
2025-10-22 22:00:00,0.0
2025-10-22 23:00:00,0.0
2025-10-23 00:00:00,0.0
2025-10-23 01:00:00,0.0
2025-10-23 02:00:00,0.0
2025-10-23 03:00:00,0.0
2025-10-23 04:00:00,0.0
2025-10-23 05:00:00,0.00131
2025-10-23 06:00:00,0.12639
2025-10-23 07:00:00,0.35402
2025-10-23 08:00:00,0.55506
2025-10-23 09:00:00,0.6895800000000001
2025-10-23 10:00:00,0.75167
2025-10-23 11:00:00,0.7882100000000001
2025-10-23 12:00:00,0.7487699999999999
2025-10-23 13:00:00,0.67091
2025-10-23 14:00:00,0.53118
2025-10-23 15:00:00,0.33832
2025-10-23 16:00:00,0.11611
2025-10-23 17:00:00,0.011269999999999999
2025-10-23 18:00:00,0.0
2025-10-23 19:00:00,0.0
2025-10-23 20:00:00,0.0
2025-10-23 21:00:00,0.0
2025-10-23 22:00:00,0.0
2025-10-23 23:00:00,0.0
2025-10-24 00:00:00,0.0
2025-10-24 01:00:00,0.0
2025-10-24 02:00:00,0.0
2025-10-24 03:00:00,0.0
2025-10-24 04:00:00,0.0
2025-10-24 05:00:00,0.00327
2025-10-24 06:00:00,0.14991
2025-10-24 07:00:00,0.38182
2025-10-24 08:00:00,0.5570700000000001
2025-10-24 09:00:00,0.68656
2025-10-24 10:00:00,0.7469600000000001
2025-10-24 11:00:00,0.69997
2025-10-24 12:00:00,0.63871
2025-10-24 13:00:00,0.5149900000000001
2025-10-24 14:00:00,0.29806
2025-10-24 15:00:00,0.26632
2025-10-24 16:00:00,0.09481999999999999
2025-10-24 17:00:00,0.0095
2025-10-24 18:00:00,0.0
2025-10-24 19:00:00,0.0
2025-10-24 20:00:00,0.0
2025-10-24 21:00:00,0.0
2025-10-24 22:00:00,0.0
2025-10-24 23:00:00,0.0
2025-10-25 00:00:00,0.0
2025-10-25 01:00:00,0.0
2025-10-25 02:00:00,0.0
2025-10-25 03:00:00,0.0
2025-10-25 04:00:00,0.0
2025-10-25 05:00:00,0.0
2025-10-25 06:00:00,0.023510000000000003
2025-10-25 07:00:00,0.05747
2025-10-25 08:00:00,0.12347
2025-10-25 09:00:00,0.52019
2025-10-25 10:00:00,0.5837100000000001
2025-10-25 11:00:00,0.47752
2025-10-25 12:00:00,0.50726
2025-10-25 13:00:00,0.32669
2025-10-25 14:00:00,0.2367
2025-10-25 15:00:00,0.14367
2025-10-25 16:00:00,0.08616
2025-10-25 17:00:00,0.013210000000000001
2025-10-25 18:00:00,0.0
2025-10-25 19:00:00,0.0
2025-10-25 20:00:00,0.0
2025-10-25 21:00:00,0.0
2025-10-25 22:00:00,0.0
2025-10-25 23:00:00,0.0
2025-10-26 00:00:00,0.0
2025-10-26 01:00:00,0.0
2025-10-26 02:00:00,0.0
2025-10-26 03:00:00,0.0
2025-10-26 04:00:00,0.0
2025-10-26 05:00:00,0.00101
2025-10-26 06:00:00,0.11929000000000001
2025-10-26 07:00:00,0.32191000000000003
2025-10-26 08:00:00,0.39759
2025-10-26 09:00:00,0.47589
2025-10-26 10:00:00,0.62173
2025-10-26 11:00:00,0.52511
2025-10-26 12:00:00,0.53915
2025-10-26 13:00:00,0.43677999999999995
2025-10-26 14:00:00,0.35386
2025-10-26 15:00:00,0.20823
2025-10-26 16:00:00,0.07584
2025-10-26 17:00:00,0.0126
2025-10-26 18:00:00,0.0
2025-10-26 19:00:00,0.0
2025-10-26 20:00:00,0.0
2025-10-26 21:00:00,0.0
2025-10-26 22:00:00,0.0
2025-10-26 23:00:00,0.0
2025-10-27 00:00:00,0.0
2025-10-27 01:00:00,0.0
2025-10-27 02:00:00,0.0
2025-10-27 03:00:00,0.0
2025-10-27 04:00:00,0.0
2025-10-27 05:00:00,0.00026000000000000003
2025-10-27 06:00:00,0.07309
2025-10-27 07:00:00,0.17031
2025-10-27 08:00:00,0.27129000000000003
2025-10-27 09:00:00,0.39374000000000003
2025-10-27 10:00:00,0.40362
2025-10-27 11:00:00,0.43387
2025-10-27 12:00:00,0.43489999999999995
2025-10-27 13:00:00,0.4532
2025-10-27 14:00:00,0.40989
2025-10-27 15:00:00,0.24137999999999998
2025-10-27 16:00:00,0.08954000000000001
2025-10-27 17:00:00,0.0167
2025-10-27 18:00:00,0.0
2025-10-27 19:00:00,0.0
2025-10-27 20:00:00,0.0
2025-10-27 21:00:00,0.0
2025-10-27 22:00:00,0.0
2025-10-27 23:00:00,0.0
2025-10-28 00:00:00,0.0
2025-10-28 01:00:00,0.0
2025-10-28 02:00:00,0.0
2025-10-28 03:00:00,0.0
2025-10-28 04:00:00,0.0
2025-10-28 05:00:00,0.00087
2025-10-28 06:00:00,0.03485
2025-10-28 07:00:00,0.10243000000000001
2025-10-28 08:00:00,0.13927
2025-10-28 09:00:00,0.16108
2025-10-28 10:00:00,0.24680000000000002
2025-10-28 11:00:00,0.21871000000000002
2025-10-28 12:00:00,0.25749
2025-10-28 13:00:00,0.20243
2025-10-28 14:00:00,0.21822999999999998
2025-10-28 15:00:00,0.19716999999999998
2025-10-28 16:00:00,0.07675
2025-10-28 17:00:00,0.019350000000000003
2025-10-28 18:00:00,0.0
2025-10-28 19:00:00,0.0
2025-10-28 20:00:00,0.0
2025-10-28 21:00:00,0.0
2025-10-28 22:00:00,0.0
2025-10-28 23:00:00,0.0
2025-10-29 00:00:00,0.0
2025-10-29 01:00:00,0.0
2025-10-29 02:00:00,0.0
2025-10-29 03:00:00,0.0
2025-10-29 04:00:00,0.0
2025-10-29 05:00:00,0.00474
2025-10-29 06:00:00,0.10371999999999999
2025-10-29 07:00:00,0.27166
2025-10-29 08:00:00,0.38233
2025-10-29 09:00:00,0.4413
2025-10-29 10:00:00,0.6214299999999999
2025-10-29 11:00:00,0.57647
2025-10-29 12:00:00,0.49661
2025-10-29 13:00:00,0.386
2025-10-29 14:00:00,0.28034
2025-10-29 15:00:00,0.08954999999999999
2025-10-29 16:00:00,0.05937
2025-10-29 17:00:00,0.00687
2025-10-29 18:00:00,0.0
2025-10-29 19:00:00,0.0
2025-10-29 20:00:00,0.0
2025-10-29 21:00:00,0.0
2025-10-29 22:00:00,0.0
2025-10-29 23:00:00,0.0
2025-10-30 00:00:00,0.0
2025-10-30 01:00:00,0.0
2025-10-30 02:00:00,0.0
2025-10-30 03:00:00,0.0
2025-10-30 04:00:00,0.0
2025-10-30 05:00:00,0.0019399999999999999
2025-10-30 06:00:00,0.08563
2025-10-30 07:00:00,0.21722
2025-10-30 08:00:00,0.36113999999999996
2025-10-30 09:00:00,0.39011
2025-10-30 10:00:00,0.42196
2025-10-30 11:00:00,0.40764
2025-10-30 12:00:00,0.44430000000000003
2025-10-30 13:00:00,0.35764999999999997
2025-10-30 14:00:00,0.22769999999999999
2025-10-30 15:00:00,0.21166
2025-10-30 16:00:00,0.0927
2025-10-30 17:00:00,0.01194
2025-10-30 18:00:00,0.0
2025-10-30 19:00:00,0.0
2025-10-30 20:00:00,0.0
2025-10-30 21:00:00,0.0
2025-10-30 22:00:00,0.0
2025-10-30 23:00:00,0.0
2025-10-31 00:00:00,0.0
2025-10-31 01:00:00,0.0
2025-10-31 02:00:00,0.0
2025-10-31 03:00:00,0.0
2025-10-31 04:00:00,0.0
2025-10-31 05:00:00,0.0024100000000000002
2025-10-31 06:00:00,0.15405000000000002
2025-10-31 07:00:00,0.37127
2025-10-31 08:00:00,0.53185
2025-10-31 09:00:00,0.60376
2025-10-31 10:00:00,0.64854
2025-10-31 11:00:00,0.62406
2025-10-31 12:00:00,0.45406
2025-10-31 13:00:00,0.34867000000000004
2025-10-31 14:00:00,0.22911
2025-10-31 15:00:00,0.15881
2025-10-31 16:00:00,0.07628
2025-10-31 17:00:00,0.01008
2025-10-31 18:00:00,0.0
2025-10-31 19:00:00,0.0
2025-10-31 20:00:00,0.0
2025-10-31 21:00:00,0.0
2025-10-31 22:00:00,0.0
2025-10-31 23:00:00,0.0
2025-11-01 00:00:00,0.0
2025-11-01 01:00:00,0.0
2025-11-01 02:00:00,0.0
2025-11-01 03:00:00,0.0
2025-11-01 04:00:00,0.0
2025-11-01 05:00:00,0.00285
2025-11-01 06:00:00,0.0653
2025-11-01 07:00:00,0.15113
2025-11-01 08:00:00,0.2322
2025-11-01 09:00:00,0.36061
2025-11-01 10:00:00,0.27252
2025-11-01 11:00:00,0.30828
2025-11-01 12:00:00,0.34643
2025-11-01 13:00:00,0.25767
2025-11-01 14:00:00,0.20715999999999998
2025-11-01 15:00:00,0.16499
2025-11-01 16:00:00,0.059539999999999996
2025-11-01 17:00:00,0.0068
2025-11-01 18:00:00,0.0
2025-11-01 19:00:00,0.0
2025-11-01 20:00:00,0.0
2025-11-01 21:00:00,0.0
2025-11-01 22:00:00,0.0
2025-11-01 23:00:00,0.0
2025-11-02 00:00:00,0.0
2025-11-02 01:00:00,0.0
2025-11-02 02:00:00,0.0
2025-11-02 03:00:00,0.0
2025-11-02 04:00:00,0.0
2025-11-02 05:00:00,0.0018700000000000001
2025-11-02 06:00:00,0.04264
2025-11-02 07:00:00,0.09692
2025-11-02 08:00:00,0.24706999999999998
2025-11-02 09:00:00,0.27420999999999995
2025-11-02 10:00:00,0.324
2025-11-02 11:00:00,0.31629
2025-11-02 12:00:00,0.47241000000000005
2025-11-02 13:00:00,0.5189199999999999
2025-11-02 14:00:00,0.31548000000000004
2025-11-02 15:00:00,0.11365
2025-11-02 16:00:00,0.06899
2025-11-02 17:00:00,0.01797
2025-11-02 18:00:00,0.0
2025-11-02 19:00:00,0.0
2025-11-02 20:00:00,0.0
2025-11-02 21:00:00,0.0
2025-11-02 22:00:00,0.0
2025-11-02 23:00:00,0.0
2025-11-03 00:00:00,0.0
2025-11-03 01:00:00,0.0
2025-11-03 02:00:00,0.0
2025-11-03 03:00:00,0.0
2025-11-03 04:00:00,0.0
2025-11-03 05:00:00,0.0019399999999999999
2025-11-03 06:00:00,0.1019
2025-11-03 07:00:00,0.24080000000000001
2025-11-03 08:00:00,0.40456
2025-11-03 09:00:00,0.53783
2025-11-03 10:00:00,0.58078
2025-11-03 11:00:00,0.7021499999999999
2025-11-03 12:00:00,0.6504099999999999
2025-11-03 13:00:00,0.6039800000000001
2025-11-03 14:00:00,0.49523
2025-11-03 15:00:00,0.25047
2025-11-03 16:00:00,0.10435
2025-11-03 17:00:00,0.01569
2025-11-03 18:00:00,0.0
2025-11-03 19:00:00,0.0
2025-11-03 20:00:00,0.0
2025-11-03 21:00:00,0.0
2025-11-03 22:00:00,0.0
2025-11-03 23:00:00,0.0
2025-11-04 00:00:00,0.0
2025-11-04 01:00:00,0.0
2025-11-04 02:00:00,0.0
2025-11-04 03:00:00,0.0
2025-11-04 04:00:00,0.0
2025-11-04 05:00:00,0.0
2025-11-04 06:00:00,0.02481
2025-11-04 07:00:00,0.07043
2025-11-04 08:00:00,0.10461
2025-11-04 09:00:00,0.19474
2025-11-04 10:00:00,0.29564
2025-11-04 11:00:00,0.53889
2025-11-04 12:00:00,0.5062099999999999
2025-11-04 13:00:00,0.46192
2025-11-04 14:00:00,0.45558
2025-11-04 15:00:00,0.2751
2025-11-04 16:00:00,0.10943000000000001
2025-11-04 17:00:00,0.018449999999999998
2025-11-04 18:00:00,0.0
2025-11-04 19:00:00,0.0
2025-11-04 20:00:00,0.0
2025-11-04 21:00:00,0.0
2025-11-04 22:00:00,0.0
2025-11-04 23:00:00,0.0
2025-11-05 00:00:00,0.0
2025-11-05 01:00:00,0.0
2025-11-05 02:00:00,0.0
2025-11-05 03:00:00,0.0
2025-11-05 04:00:00,0.0
2025-11-05 05:00:00,0.00385
2025-11-05 06:00:00,0.17084
2025-11-05 07:00:00,0.40122
2025-11-05 08:00:00,0.5828300000000001
2025-11-05 09:00:00,0.71059
2025-11-05 10:00:00,0.77995
2025-11-05 11:00:00,0.77279
2025-11-05 12:00:00,0.75718
2025-11-05 13:00:00,0.66806
2025-11-05 14:00:00,0.53901
2025-11-05 15:00:00,0.35191
2025-11-05 16:00:00,0.12423000000000001
2025-11-05 17:00:00,0.01718
2025-11-05 18:00:00,0.0
2025-11-05 19:00:00,0.0
2025-11-05 20:00:00,0.0
2025-11-05 21:00:00,0.0
2025-11-05 22:00:00,0.0
2025-11-05 23:00:00,0.0
2025-11-06 00:00:00,0.0
2025-11-06 01:00:00,0.0
2025-11-06 02:00:00,0.0
2025-11-06 03:00:00,0.0
2025-11-06 04:00:00,0.0
2025-11-06 05:00:00,0.0035499999999999998
2025-11-06 06:00:00,0.15538999999999997
2025-11-06 07:00:00,0.36978
2025-11-06 08:00:00,0.53727
2025-11-06 09:00:00,0.70837
2025-11-06 10:00:00,0.77953
2025-11-06 11:00:00,0.79692
2025-11-06 12:00:00,0.75818
2025-11-06 13:00:00,0.67174
2025-11-06 14:00:00,0.53718
2025-11-06 15:00:00,0.34754
2025-11-06 16:00:00,0.12122
2025-11-06 17:00:00,0.01736
2025-11-06 18:00:00,0.0
2025-11-06 19:00:00,0.0
2025-11-06 20:00:00,0.0
2025-11-06 21:00:00,0.0
2025-11-06 22:00:00,0.0
2025-11-06 23:00:00,0.0
2025-11-07 00:00:00,0.0
2025-11-07 01:00:00,0.0
2025-11-07 02:00:00,0.0
2025-11-07 03:00:00,0.0
2025-11-07 04:00:00,0.0
2025-11-07 05:00:00,0.0036
2025-11-07 06:00:00,0.15019
2025-11-07 07:00:00,0.32563
2025-11-07 08:00:00,0.55212
2025-11-07 09:00:00,0.7004900000000001
2025-11-07 10:00:00,0.77036
2025-11-07 11:00:00,0.77718
2025-11-07 12:00:00,0.7463099999999999
2025-11-07 13:00:00,0.6621699999999999
2025-11-07 14:00:00,0.5275
2025-11-07 15:00:00,0.34231
2025-11-07 16:00:00,0.12108
2025-11-07 17:00:00,0.01725
2025-11-07 18:00:00,0.0
2025-11-07 19:00:00,0.0
2025-11-07 20:00:00,0.0
2025-11-07 21:00:00,0.0
2025-11-07 22:00:00,0.0
2025-11-07 23:00:00,0.0
2025-11-08 00:00:00,0.0
2025-11-08 01:00:00,0.0
2025-11-08 02:00:00,0.0
2025-11-08 03:00:00,0.0
2025-11-08 04:00:00,0.0
2025-11-08 05:00:00,0.00429
2025-11-08 06:00:00,0.1809
2025-11-08 07:00:00,0.39497000000000004
2025-11-08 08:00:00,0.59578
2025-11-08 09:00:00,0.71705
2025-11-08 10:00:00,0.77992
2025-11-08 11:00:00,0.78923
2025-11-08 12:00:00,0.7485599999999999
2025-11-08 13:00:00,0.66164
2025-11-08 14:00:00,0.52607
2025-11-08 15:00:00,0.3403
2025-11-08 16:00:00,0.11991
2025-11-08 17:00:00,0.01693
2025-11-08 18:00:00,0.0
2025-11-08 19:00:00,0.0
2025-11-08 20:00:00,0.0
2025-11-08 21:00:00,0.0
2025-11-08 22:00:00,0.0
2025-11-08 23:00:00,0.0
2025-11-09 00:00:00,0.0
2025-11-09 01:00:00,0.0
2025-11-09 02:00:00,0.0
2025-11-09 03:00:00,0.0
2025-11-09 04:00:00,0.0
2025-11-09 05:00:00,0.004200000000000001
2025-11-09 06:00:00,0.17359
2025-11-09 07:00:00,0.39657
2025-11-09 08:00:00,0.5750599999999999
2025-11-09 09:00:00,0.69743
2025-11-09 10:00:00,0.75964
2025-11-09 11:00:00,0.76801
2025-11-09 12:00:00,0.7296900000000001
2025-11-09 13:00:00,0.5945199999999999
2025-11-09 14:00:00,0.45975
2025-11-09 15:00:00,0.23401
2025-11-09 16:00:00,0.10665999999999999
2025-11-09 17:00:00,0.01374
2025-11-09 18:00:00,0.0
2025-11-09 19:00:00,0.0
2025-11-09 20:00:00,0.0
2025-11-09 21:00:00,0.0
2025-11-09 22:00:00,0.0
2025-11-09 23:00:00,0.0
2025-11-10 00:00:00,0.0
2025-11-10 01:00:00,0.0
2025-11-10 02:00:00,0.0
2025-11-10 03:00:00,0.0
2025-11-10 04:00:00,0.0
2025-11-10 05:00:00,0.00413
2025-11-10 06:00:00,0.13843
2025-11-10 07:00:00,0.35202
2025-11-10 08:00:00,0.54711
2025-11-10 09:00:00,0.6624
2025-11-10 10:00:00,0.68359
2025-11-10 11:00:00,0.6851
2025-11-10 12:00:00,0.6151
2025-11-10 13:00:00,0.58984
2025-11-10 14:00:00,0.45181
2025-11-10 15:00:00,0.30119
2025-11-10 16:00:00,0.09892000000000001
2025-11-10 17:00:00,0.01436
2025-11-10 18:00:00,0.0
2025-11-10 19:00:00,0.0
2025-11-10 20:00:00,0.0
2025-11-10 21:00:00,0.0
2025-11-10 22:00:00,0.0
2025-11-10 23:00:00,0.0
2025-11-11 00:00:00,0.0
2025-11-11 01:00:00,0.0
2025-11-11 02:00:00,0.0
2025-11-11 03:00:00,0.0
2025-11-11 04:00:00,0.0
2025-11-11 05:00:00,0.004900000000000001
2025-11-11 06:00:00,0.14582
2025-11-11 07:00:00,0.36869999999999997
2025-11-11 08:00:00,0.52847
2025-11-11 09:00:00,0.67215
2025-11-11 10:00:00,0.74179
2025-11-11 11:00:00,0.72614
2025-11-11 12:00:00,0.71063
2025-11-11 13:00:00,0.63648
2025-11-11 14:00:00,0.48088
2025-11-11 15:00:00,0.28908999999999996
2025-11-11 16:00:00,0.09858
2025-11-11 17:00:00,0.01718
2025-11-11 18:00:00,0.0
2025-11-11 19:00:00,0.0
2025-11-11 20:00:00,0.0
2025-11-11 21:00:00,0.0
2025-11-11 22:00:00,0.0
2025-11-11 23:00:00,0.0
2025-11-12 00:00:00,0.0
2025-11-12 01:00:00,0.0
2025-11-12 02:00:00,0.0
2025-11-12 03:00:00,0.0
2025-11-12 04:00:00,0.0
2025-11-12 05:00:00,0.00666
2025-11-12 06:00:00,0.15797
2025-11-12 07:00:00,0.37083
2025-11-12 08:00:00,0.54171
2025-11-12 09:00:00,0.64593
2025-11-12 10:00:00,0.72227
2025-11-12 11:00:00,0.73768
2025-11-12 12:00:00,0.64627
2025-11-12 13:00:00,0.58286
2025-11-12 14:00:00,0.40274
2025-11-12 15:00:00,0.26613
2025-11-12 16:00:00,0.08270999999999999
2025-11-12 17:00:00,0.01184
2025-11-12 18:00:00,0.0
2025-11-12 19:00:00,0.0
2025-11-12 20:00:00,0.0
2025-11-12 21:00:00,0.0
2025-11-12 22:00:00,0.0
2025-11-12 23:00:00,0.0
2025-11-13 00:00:00,0.0
2025-11-13 01:00:00,0.0
2025-11-13 02:00:00,0.0
2025-11-13 03:00:00,0.0
2025-11-13 04:00:00,0.0
2025-11-13 05:00:00,0.00434
2025-11-13 06:00:00,0.15266
2025-11-13 07:00:00,0.36771
2025-11-13 08:00:00,0.53616
2025-11-13 09:00:00,0.64761
2025-11-13 10:00:00,0.646
2025-11-13 11:00:00,0.64251
2025-11-13 12:00:00,0.6577000000000001
2025-11-13 13:00:00,0.53927
2025-11-13 14:00:00,0.42658999999999997
2025-11-13 15:00:00,0.30094
2025-11-13 16:00:00,0.09651
2025-11-13 17:00:00,0.01643
2025-11-13 18:00:00,0.0
2025-11-13 19:00:00,0.0
2025-11-13 20:00:00,0.0
2025-11-13 21:00:00,0.0
2025-11-13 22:00:00,0.0
2025-11-13 23:00:00,0.0
2025-11-14 00:00:00,0.0
2025-11-14 01:00:00,0.0
2025-11-14 02:00:00,0.0
2025-11-14 03:00:00,0.0
2025-11-14 04:00:00,0.0
2025-11-14 05:00:00,0.00439
2025-11-14 06:00:00,0.15802000000000002
2025-11-14 07:00:00,0.37078
2025-11-14 08:00:00,0.54153
2025-11-14 09:00:00,0.66232
2025-11-14 10:00:00,0.6567999999999999
2025-11-14 11:00:00,0.64761
2025-11-14 12:00:00,0.56778
2025-11-14 13:00:00,0.46314999999999995
2025-11-14 14:00:00,0.43662
2025-11-14 15:00:00,0.24541
2025-11-14 16:00:00,0.09779
2025-11-14 17:00:00,0.0177
2025-11-14 18:00:00,0.0
2025-11-14 19:00:00,0.0
2025-11-14 20:00:00,0.0
2025-11-14 21:00:00,0.0
2025-11-14 22:00:00,0.0
2025-11-14 23:00:00,0.0
2025-11-15 00:00:00,0.0
2025-11-15 01:00:00,0.0
2025-11-15 02:00:00,0.0
2025-11-15 03:00:00,0.0
2025-11-15 04:00:00,0.0
2025-11-15 05:00:00,0.00519
2025-11-15 06:00:00,0.1449
2025-11-15 07:00:00,0.33761
2025-11-15 08:00:00,0.53218
2025-11-15 09:00:00,0.64862
2025-11-15 10:00:00,0.6926
2025-11-15 11:00:00,0.7149099999999999
2025-11-15 12:00:00,0.62312
2025-11-15 13:00:00,0.51832
2025-11-15 14:00:00,0.34584
2025-11-15 15:00:00,0.27657
2025-11-15 16:00:00,0.09552
2025-11-15 17:00:00,0.02425
2025-11-15 18:00:00,0.0
2025-11-15 19:00:00,0.0
2025-11-15 20:00:00,0.0
2025-11-15 21:00:00,0.0
2025-11-15 22:00:00,0.0
2025-11-15 23:00:00,0.0
2025-11-16 00:00:00,0.0
2025-11-16 01:00:00,0.0
2025-11-16 02:00:00,0.0
2025-11-16 03:00:00,0.0
2025-11-16 04:00:00,0.0
2025-11-16 05:00:00,0.00906
2025-11-16 06:00:00,0.09547
2025-11-16 07:00:00,0.28968
2025-11-16 08:00:00,0.51192
2025-11-16 09:00:00,0.6416900000000001
2025-11-16 10:00:00,0.69229
2025-11-16 11:00:00,0.59792
2025-11-16 12:00:00,0.47914999999999996
2025-11-16 13:00:00,0.45937
2025-11-16 14:00:00,0.34319
2025-11-16 15:00:00,0.2856
2025-11-16 16:00:00,0.09778
2025-11-16 17:00:00,0.02802
2025-11-16 18:00:00,0.0
2025-11-16 19:00:00,0.0
2025-11-16 20:00:00,0.0
2025-11-16 21:00:00,0.0
2025-11-16 22:00:00,0.0
2025-11-16 23:00:00,0.0
2025-11-17 00:00:00,0.0
2025-11-17 01:00:00,0.0
2025-11-17 02:00:00,0.0
2025-11-17 03:00:00,0.0
2025-11-17 04:00:00,0.0
2025-11-17 05:00:00,0.0106
2025-11-17 06:00:00,0.13028
2025-11-17 07:00:00,0.31775
2025-11-17 08:00:00,0.5050899999999999
2025-11-17 09:00:00,0.62944
2025-11-17 10:00:00,0.69002
2025-11-17 11:00:00,0.5208400000000001
2025-11-17 12:00:00,0.63002
2025-11-17 13:00:00,0.54365
2025-11-17 14:00:00,0.41275
2025-11-17 15:00:00,0.28514
2025-11-17 16:00:00,0.10317
2025-11-17 17:00:00,0.01781
2025-11-17 18:00:00,0.0
2025-11-17 19:00:00,0.0
2025-11-17 20:00:00,0.0
2025-11-17 21:00:00,0.0
2025-11-17 22:00:00,0.0
2025-11-17 23:00:00,0.0
2025-11-18 00:00:00,0.0
2025-11-18 01:00:00,0.0
2025-11-18 02:00:00,0.0
2025-11-18 03:00:00,0.0
2025-11-18 04:00:00,0.0
2025-11-18 05:00:00,0.0042699999999999995
2025-11-18 06:00:00,0.14492
2025-11-18 07:00:00,0.34202999999999995
2025-11-18 08:00:00,0.5131100000000001
2025-11-18 09:00:00,0.62179
2025-11-18 10:00:00,0.54114
2025-11-18 11:00:00,0.73015
2025-11-18 12:00:00,0.669
2025-11-18 13:00:00,0.58525
2025-11-18 14:00:00,0.49887
2025-11-18 15:00:00,0.25151
2025-11-18 16:00:00,0.11356000000000001
2025-11-18 17:00:00,0.0288
2025-11-18 18:00:00,0.0
2025-11-18 19:00:00,0.0
2025-11-18 20:00:00,0.0
2025-11-18 21:00:00,0.0
2025-11-18 22:00:00,0.0
2025-11-18 23:00:00,0.0
2025-11-19 00:00:00,0.0
2025-11-19 01:00:00,0.0
2025-11-19 02:00:00,0.0
2025-11-19 03:00:00,0.0
2025-11-19 04:00:00,0.0
2025-11-19 05:00:00,0.00908
2025-11-19 06:00:00,0.13059
2025-11-19 07:00:00,0.27331
2025-11-19 08:00:00,0.37823
2025-11-19 09:00:00,0.35392
2025-11-19 10:00:00,0.49133
2025-11-19 11:00:00,0.46508999999999995
2025-11-19 12:00:00,0.29208999999999996
2025-11-19 13:00:00,0.18781
2025-11-19 14:00:00,0.094
2025-11-19 15:00:00,0.04118
2025-11-19 16:00:00,0.013890000000000001
2025-11-19 17:00:00,0.00513
2025-11-19 18:00:00,0.0
2025-11-19 19:00:00,0.0
2025-11-19 20:00:00,0.0
2025-11-19 21:00:00,0.0
2025-11-19 22:00:00,0.0
2025-11-19 23:00:00,0.0
2025-11-20 00:00:00,0.0
2025-11-20 01:00:00,0.0
2025-11-20 02:00:00,0.0
2025-11-20 03:00:00,0.0
2025-11-20 04:00:00,0.0
2025-11-20 05:00:00,0.0037099999999999998
2025-11-20 06:00:00,0.04994
2025-11-20 07:00:00,0.12261
2025-11-20 08:00:00,0.28158999999999995
2025-11-20 09:00:00,0.40886
2025-11-20 10:00:00,0.44086000000000003
2025-11-20 11:00:00,0.46978
2025-11-20 12:00:00,0.5338099999999999
2025-11-20 13:00:00,0.34502999999999995
2025-11-20 14:00:00,0.26205
2025-11-20 15:00:00,0.14025
2025-11-20 16:00:00,0.08216
2025-11-20 17:00:00,0.01671
2025-11-20 18:00:00,0.0
2025-11-20 19:00:00,0.0
2025-11-20 20:00:00,0.0
2025-11-20 21:00:00,0.0
2025-11-20 22:00:00,0.0
2025-11-20 23:00:00,0.0
2025-11-21 00:00:00,0.0
2025-11-21 01:00:00,0.0
2025-11-21 02:00:00,0.0
2025-11-21 03:00:00,0.0
2025-11-21 04:00:00,0.0
2025-11-21 05:00:00,0.00361
2025-11-21 06:00:00,0.11738
2025-11-21 07:00:00,0.27679000000000004
2025-11-21 08:00:00,0.36052
2025-11-21 09:00:00,0.54465
2025-11-21 10:00:00,0.63287
2025-11-21 11:00:00,0.60084
2025-11-21 12:00:00,0.44787
2025-11-21 13:00:00,0.4162
2025-11-21 14:00:00,0.33453
2025-11-21 15:00:00,0.27176999999999996
2025-11-21 16:00:00,0.09214
2025-11-21 17:00:00,0.02105
2025-11-21 18:00:00,0.0
2025-11-21 19:00:00,0.0
2025-11-21 20:00:00,0.0
2025-11-21 21:00:00,0.0
2025-11-21 22:00:00,0.0
2025-11-21 23:00:00,0.0
2025-11-22 00:00:00,0.0
2025-11-22 01:00:00,0.0
2025-11-22 02:00:00,0.0
2025-11-22 03:00:00,0.0
2025-11-22 04:00:00,0.0
2025-11-22 05:00:00,0.0039900000000000005
2025-11-22 06:00:00,0.11519
2025-11-22 07:00:00,0.29334
2025-11-22 08:00:00,0.46726
2025-11-22 09:00:00,0.59209
2025-11-22 10:00:00,0.69647
2025-11-22 11:00:00,0.6664
2025-11-22 12:00:00,0.65024
2025-11-22 13:00:00,0.52027
2025-11-22 14:00:00,0.38879
2025-11-22 15:00:00,0.26683
2025-11-22 16:00:00,0.11173000000000001
2025-11-22 17:00:00,0.02976
2025-11-22 18:00:00,0.0
2025-11-22 19:00:00,0.0
2025-11-22 20:00:00,0.0
2025-11-22 21:00:00,0.0
2025-11-22 22:00:00,0.0
2025-11-22 23:00:00,0.0
2025-11-23 00:00:00,0.0
2025-11-23 01:00:00,0.0
2025-11-23 02:00:00,0.0
2025-11-23 03:00:00,0.0
2025-11-23 04:00:00,0.0
2025-11-23 05:00:00,0.00866
2025-11-23 06:00:00,0.07529000000000001
2025-11-23 07:00:00,0.20798
2025-11-23 08:00:00,0.29283
2025-11-23 09:00:00,0.3513
2025-11-23 10:00:00,0.54146
2025-11-23 11:00:00,0.52442
2025-11-23 12:00:00,0.5355800000000001
2025-11-23 13:00:00,0.1688
2025-11-23 14:00:00,0.20394
2025-11-23 15:00:00,0.15647999999999998
2025-11-23 16:00:00,0.06518
2025-11-23 17:00:00,0.03155
2025-11-23 18:00:00,0.0
2025-11-23 19:00:00,0.0
2025-11-23 20:00:00,0.0
2025-11-23 21:00:00,0.0
2025-11-23 22:00:00,0.0
2025-11-23 23:00:00,0.0
2025-11-24 00:00:00,0.0
2025-11-24 01:00:00,0.0
2025-11-24 02:00:00,0.0
2025-11-24 03:00:00,0.0
2025-11-24 04:00:00,0.0
2025-11-24 05:00:00,0.0
2025-11-24 06:00:00,0.00359
2025-11-24 07:00:00,0.02184
2025-11-24 08:00:00,0.05403
2025-11-24 09:00:00,0.04887
2025-11-24 10:00:00,0.10003000000000001
2025-11-24 11:00:00,0.24193
2025-11-24 12:00:00,0.34269
2025-11-24 13:00:00,0.2927
2025-11-24 14:00:00,0.22105000000000002
2025-11-24 15:00:00,0.13179
2025-11-24 16:00:00,0.05863
2025-11-24 17:00:00,0.00874
2025-11-24 18:00:00,0.0
2025-11-24 19:00:00,0.0
2025-11-24 20:00:00,0.0
2025-11-24 21:00:00,0.0
2025-11-24 22:00:00,0.0
2025-11-24 23:00:00,0.0
2025-11-25 00:00:00,0.0
2025-11-25 01:00:00,0.0
2025-11-25 02:00:00,0.0
2025-11-25 03:00:00,0.0
2025-11-25 04:00:00,0.0
2025-11-25 05:00:00,0.00211
2025-11-25 06:00:00,0.08376
2025-11-25 07:00:00,0.21475999999999998
2025-11-25 08:00:00,0.28024
2025-11-25 09:00:00,0.32962
2025-11-25 10:00:00,0.43629
2025-11-25 11:00:00,0.31989999999999996
2025-11-25 12:00:00,0.33835000000000004
2025-11-25 13:00:00,0.23915
2025-11-25 14:00:00,0.15009999999999998
2025-11-25 15:00:00,0.04759
2025-11-25 16:00:00,0.02071
2025-11-25 17:00:00,0.009439999999999999
2025-11-25 18:00:00,0.0
2025-11-25 19:00:00,0.0
2025-11-25 20:00:00,0.0
2025-11-25 21:00:00,0.0
2025-11-25 22:00:00,0.0
2025-11-25 23:00:00,0.0
2025-11-26 00:00:00,0.0
2025-11-26 01:00:00,0.0
2025-11-26 02:00:00,0.0
2025-11-26 03:00:00,0.0
2025-11-26 04:00:00,0.0
2025-11-26 05:00:00,0.00098
2025-11-26 06:00:00,0.046560000000000004
2025-11-26 07:00:00,0.1075
2025-11-26 08:00:00,0.22044999999999998
2025-11-26 09:00:00,0.29145
2025-11-26 10:00:00,0.32453
2025-11-26 11:00:00,0.29767
2025-11-26 12:00:00,0.33877999999999997
2025-11-26 13:00:00,0.37894
2025-11-26 14:00:00,0.31245
2025-11-26 15:00:00,0.17926
2025-11-26 16:00:00,0.09598999999999999
2025-11-26 17:00:00,0.02656
2025-11-26 18:00:00,0.0
2025-11-26 19:00:00,0.0
2025-11-26 20:00:00,0.0
2025-11-26 21:00:00,0.0
2025-11-26 22:00:00,0.0
2025-11-26 23:00:00,0.0
2025-11-27 00:00:00,0.0
2025-11-27 01:00:00,0.0
2025-11-27 02:00:00,0.0
2025-11-27 03:00:00,0.0
2025-11-27 04:00:00,0.0
2025-11-27 05:00:00,0.005889999999999999
2025-11-27 06:00:00,0.12796
2025-11-27 07:00:00,0.33858
2025-11-27 08:00:00,0.48581
2025-11-27 09:00:00,0.49457999999999996
2025-11-27 10:00:00,0.46061
2025-11-27 11:00:00,0.6172799999999999
2025-11-27 12:00:00,0.47462
2025-11-27 13:00:00,0.38850999999999997
2025-11-27 14:00:00,0.26230000000000003
2025-11-27 15:00:00,0.16146000000000002
2025-11-27 16:00:00,0.08248
2025-11-27 17:00:00,0.02063
2025-11-27 18:00:00,0.0
2025-11-27 19:00:00,0.0
2025-11-27 20:00:00,0.0
2025-11-27 21:00:00,0.0
2025-11-27 22:00:00,0.0
2025-11-27 23:00:00,0.0
2025-11-28 00:00:00,0.0
2025-11-28 01:00:00,0.0
2025-11-28 02:00:00,0.0
2025-11-28 03:00:00,0.0
2025-11-28 04:00:00,0.0
2025-11-28 05:00:00,0.00592
2025-11-28 06:00:00,0.13693
2025-11-28 07:00:00,0.34687
2025-11-28 08:00:00,0.49036
2025-11-28 09:00:00,0.5852200000000001
2025-11-28 10:00:00,0.67568
2025-11-28 11:00:00,0.50588
2025-11-28 12:00:00,0.48169999999999996
2025-11-28 13:00:00,0.40238999999999997
2025-11-28 14:00:00,0.29197
2025-11-28 15:00:00,0.12109
2025-11-28 16:00:00,0.04757
2025-11-28 17:00:00,0.03701
2025-11-28 18:00:00,0.0
2025-11-28 19:00:00,0.0
2025-11-28 20:00:00,0.0
2025-11-28 21:00:00,0.0
2025-11-28 22:00:00,0.0
2025-11-28 23:00:00,0.0
2025-11-29 00:00:00,0.0
2025-11-29 01:00:00,0.0
2025-11-29 02:00:00,0.0
2025-11-29 03:00:00,0.0
2025-11-29 04:00:00,0.0
2025-11-29 05:00:00,0.0
2025-11-29 06:00:00,0.02129
2025-11-29 07:00:00,0.07378
2025-11-29 08:00:00,0.16893
2025-11-29 09:00:00,0.23008
2025-11-29 10:00:00,0.22613
2025-11-29 11:00:00,0.29566000000000003
2025-11-29 12:00:00,0.36513
2025-11-29 13:00:00,0.29725
2025-11-29 14:00:00,0.31598000000000004
2025-11-29 15:00:00,0.21622
2025-11-29 16:00:00,0.07765999999999999
2025-11-29 17:00:00,0.0386
2025-11-29 18:00:00,0.0
2025-11-29 19:00:00,0.0
2025-11-29 20:00:00,0.0
2025-11-29 21:00:00,0.0
2025-11-29 22:00:00,0.0
2025-11-29 23:00:00,0.0
2025-11-30 00:00:00,0.0
2025-11-30 01:00:00,0.0
2025-11-30 02:00:00,0.0
2025-11-30 03:00:00,0.0
2025-11-30 04:00:00,0.0
2025-11-30 05:00:00,0.00461
2025-11-30 06:00:00,0.10403
2025-11-30 07:00:00,0.25238
2025-11-30 08:00:00,0.38148000000000004
2025-11-30 09:00:00,0.50697
2025-11-30 10:00:00,0.53095
2025-11-30 11:00:00,0.46161
2025-11-30 12:00:00,0.45838
2025-11-30 13:00:00,0.40978
2025-11-30 14:00:00,0.29198
2025-11-30 15:00:00,0.21642
2025-11-30 16:00:00,0.08642
2025-11-30 17:00:00,0.00984
2025-11-30 18:00:00,0.0
2025-11-30 19:00:00,0.0
2025-11-30 20:00:00,0.0
2025-11-30 21:00:00,0.0
2025-11-30 22:00:00,0.0
2025-11-30 23:00:00,0.0
2025-12-01 00:00:00,0.0
2025-12-01 01:00:00,0.0
2025-12-01 02:00:00,0.0
2025-12-01 03:00:00,0.0
2025-12-01 04:00:00,0.0
2025-12-01 05:00:00,0.00654
2025-12-01 06:00:00,0.13404
2025-12-01 07:00:00,0.27531
2025-12-01 08:00:00,0.48574
2025-12-01 09:00:00,0.60093
2025-12-01 10:00:00,0.6809299999999999
2025-12-01 11:00:00,0.6615
2025-12-01 12:00:00,0.64565
2025-12-01 13:00:00,0.57852
2025-12-01 14:00:00,0.46032
2025-12-01 15:00:00,0.30074
2025-12-01 16:00:00,0.12675
2025-12-01 17:00:00,0.02103
2025-12-01 18:00:00,0.0
2025-12-01 19:00:00,0.0
2025-12-01 20:00:00,0.0
2025-12-01 21:00:00,0.0
2025-12-01 22:00:00,0.0
2025-12-01 23:00:00,0.0
2025-12-02 00:00:00,0.0
2025-12-02 01:00:00,0.0
2025-12-02 02:00:00,0.0
2025-12-02 03:00:00,0.0
2025-12-02 04:00:00,0.0
2025-12-02 05:00:00,0.00529
2025-12-02 06:00:00,0.14292
2025-12-02 07:00:00,0.35319
2025-12-02 08:00:00,0.52943
2025-12-02 09:00:00,0.63664
2025-12-02 10:00:00,0.7006100000000001
2025-12-02 11:00:00,0.6837799999999999
2025-12-02 12:00:00,0.64137
2025-12-02 13:00:00,0.55623
2025-12-02 14:00:00,0.43595
2025-12-02 15:00:00,0.29555000000000003
2025-12-02 16:00:00,0.11439
2025-12-02 17:00:00,0.02299
2025-12-02 18:00:00,0.0
2025-12-02 19:00:00,0.0
2025-12-02 20:00:00,0.0
2025-12-02 21:00:00,0.0
2025-12-02 22:00:00,0.0
2025-12-02 23:00:00,0.0
2025-12-03 00:00:00,0.0
2025-12-03 01:00:00,0.0
2025-12-03 02:00:00,0.0
2025-12-03 03:00:00,0.0
2025-12-03 04:00:00,0.0
2025-12-03 05:00:00,0.0052699999999999995
2025-12-03 06:00:00,0.14401
2025-12-03 07:00:00,0.35668
2025-12-03 08:00:00,0.53549
2025-12-03 09:00:00,0.64485
2025-12-03 10:00:00,0.71254
2025-12-03 11:00:00,0.71851
2025-12-03 12:00:00,0.63366
2025-12-03 13:00:00,0.56183
2025-12-03 14:00:00,0.3975
2025-12-03 15:00:00,0.31081
2025-12-03 16:00:00,0.11179
2025-12-03 17:00:00,0.022850000000000002
2025-12-03 18:00:00,0.00013000000000000002
2025-12-03 19:00:00,0.0
2025-12-03 20:00:00,0.0
2025-12-03 21:00:00,0.0
2025-12-03 22:00:00,0.0
2025-12-03 23:00:00,0.0
2025-12-04 00:00:00,0.0
2025-12-04 01:00:00,0.0
2025-12-04 02:00:00,0.0
2025-12-04 03:00:00,0.0
2025-12-04 04:00:00,0.0
2025-12-04 05:00:00,0.0038599999999999997
2025-12-04 06:00:00,0.12465999999999999
2025-12-04 07:00:00,0.3372
2025-12-04 08:00:00,0.51763
2025-12-04 09:00:00,0.629
2025-12-04 10:00:00,0.7003400000000001
2025-12-04 11:00:00,0.6757000000000001
2025-12-04 12:00:00,0.6448200000000001
2025-12-04 13:00:00,0.5381699999999999
2025-12-04 14:00:00,0.37825
2025-12-04 15:00:00,0.23596
2025-12-04 16:00:00,0.11617
2025-12-04 17:00:00,0.02943
2025-12-04 18:00:00,0.0
2025-12-04 19:00:00,0.0
2025-12-04 20:00:00,0.0
2025-12-04 21:00:00,0.0
2025-12-04 22:00:00,0.0
2025-12-04 23:00:00,0.0
2025-12-05 00:00:00,0.0
2025-12-05 01:00:00,0.0
2025-12-05 02:00:00,0.0
2025-12-05 03:00:00,0.0
2025-12-05 04:00:00,0.0
2025-12-05 05:00:00,0.0038900000000000002
2025-12-05 06:00:00,0.10021
2025-12-05 07:00:00,0.27162000000000003
2025-12-05 08:00:00,0.46444
2025-12-05 09:00:00,0.48998
2025-12-05 10:00:00,0.5333600000000001
2025-12-05 11:00:00,0.58889
2025-12-05 12:00:00,0.49855
2025-12-05 13:00:00,0.42957
2025-12-05 14:00:00,0.36318
2025-12-05 15:00:00,0.21313
2025-12-05 16:00:00,0.09125
2025-12-05 17:00:00,0.02696
2025-12-05 18:00:00,0.0
2025-12-05 19:00:00,0.0
2025-12-05 20:00:00,0.0
2025-12-05 21:00:00,0.0
2025-12-05 22:00:00,0.0
2025-12-05 23:00:00,0.0
2025-12-06 00:00:00,0.0
2025-12-06 01:00:00,0.0
2025-12-06 02:00:00,0.0
2025-12-06 03:00:00,0.0
2025-12-06 04:00:00,0.0
2025-12-06 05:00:00,0.004070000000000001
2025-12-06 06:00:00,0.03543
2025-12-06 07:00:00,0.15497
2025-12-06 08:00:00,0.29735
2025-12-06 09:00:00,0.38458
2025-12-06 10:00:00,0.41834
2025-12-06 11:00:00,0.44214
2025-12-06 12:00:00,0.5548200000000001
2025-12-06 13:00:00,0.54116
2025-12-06 14:00:00,0.40519
2025-12-06 15:00:00,0.29852
2025-12-06 16:00:00,0.13657
2025-12-06 17:00:00,0.03504
2025-12-06 18:00:00,0.0008100000000000001
2025-12-06 19:00:00,0.0
2025-12-06 20:00:00,0.0
2025-12-06 21:00:00,0.0
2025-12-06 22:00:00,0.0
2025-12-06 23:00:00,0.0
2025-12-07 00:00:00,0.0
2025-12-07 01:00:00,0.0
2025-12-07 02:00:00,0.0
2025-12-07 03:00:00,0.0
2025-12-07 04:00:00,0.0
2025-12-07 05:00:00,0.00461
2025-12-07 06:00:00,0.09895999999999999
2025-12-07 07:00:00,0.27857
2025-12-07 08:00:00,0.45744999999999997
2025-12-07 09:00:00,0.5876699999999999
2025-12-07 10:00:00,0.65647
2025-12-07 11:00:00,0.64709
2025-12-07 12:00:00,0.59825
2025-12-07 13:00:00,0.5438500000000001
2025-12-07 14:00:00,0.37945
2025-12-07 15:00:00,0.27714999999999995
2025-12-07 16:00:00,0.12329999999999999
2025-12-07 17:00:00,0.02252
2025-12-07 18:00:00,0.0
2025-12-07 19:00:00,0.0
2025-12-07 20:00:00,0.0
2025-12-07 21:00:00,0.0
2025-12-07 22:00:00,0.0
2025-12-07 23:00:00,0.0
2025-12-08 00:00:00,0.0
2025-12-08 01:00:00,0.0
2025-12-08 02:00:00,0.0
2025-12-08 03:00:00,0.0
2025-12-08 04:00:00,0.0
2025-12-08 05:00:00,0.00368
2025-12-08 06:00:00,0.06751
2025-12-08 07:00:00,0.15783000000000003
2025-12-08 08:00:00,0.33835000000000004
2025-12-08 09:00:00,0.4264
2025-12-08 10:00:00,0.5512400000000001
2025-12-08 11:00:00,0.5502100000000001
2025-12-08 12:00:00,0.50928
2025-12-08 13:00:00,0.35176999999999997
2025-12-08 14:00:00,0.29222000000000004
2025-12-08 15:00:00,0.18303999999999998
2025-12-08 16:00:00,0.06713
2025-12-08 17:00:00,0.01459
2025-12-08 18:00:00,0.0006
2025-12-08 19:00:00,0.0
2025-12-08 20:00:00,0.0
2025-12-08 21:00:00,0.0
2025-12-08 22:00:00,0.0
2025-12-08 23:00:00,0.0
2025-12-09 00:00:00,0.0
2025-12-09 01:00:00,0.0
2025-12-09 02:00:00,0.0
2025-12-09 03:00:00,0.0
2025-12-09 04:00:00,0.0
2025-12-09 05:00:00,0.00206
2025-12-09 06:00:00,0.04975
2025-12-09 07:00:00,0.15522999999999998
2025-12-09 08:00:00,0.31059
2025-12-09 09:00:00,0.3337
2025-12-09 10:00:00,0.44145999999999996
2025-12-09 11:00:00,0.47611000000000003
2025-12-09 12:00:00,0.45083
2025-12-09 13:00:00,0.32626
2025-12-09 14:00:00,0.25414
2025-12-09 15:00:00,0.17155
2025-12-09 16:00:00,0.07973999999999999
2025-12-09 17:00:00,0.01436
2025-12-09 18:00:00,2e-05
2025-12-09 19:00:00,0.0
2025-12-09 20:00:00,0.0
2025-12-09 21:00:00,0.0
2025-12-09 22:00:00,0.0
2025-12-09 23:00:00,0.0
2025-12-10 00:00:00,0.0
2025-12-10 01:00:00,0.0
2025-12-10 02:00:00,0.0
2025-12-10 03:00:00,0.0
2025-12-10 04:00:00,0.0
2025-12-10 05:00:00,0.00333
2025-12-10 06:00:00,0.10956
2025-12-10 07:00:00,0.24719
2025-12-10 08:00:00,0.37967
2025-12-10 09:00:00,0.31112
2025-12-10 10:00:00,0.30952999999999997
2025-12-10 11:00:00,0.41181
2025-12-10 12:00:00,0.55133
2025-12-10 13:00:00,0.44089999999999996
2025-12-10 14:00:00,0.36986
2025-12-10 15:00:00,0.2171
2025-12-10 16:00:00,0.10735
2025-12-10 17:00:00,0.031149999999999997
2025-12-10 18:00:00,0.00073
2025-12-10 19:00:00,0.0
2025-12-10 20:00:00,0.0
2025-12-10 21:00:00,0.0
2025-12-10 22:00:00,0.0
2025-12-10 23:00:00,0.0
2025-12-11 00:00:00,0.0
2025-12-11 01:00:00,0.0
2025-12-11 02:00:00,0.0
2025-12-11 03:00:00,0.0
2025-12-11 04:00:00,0.0
2025-12-11 05:00:00,0.00123
2025-12-11 06:00:00,0.02004
2025-12-11 07:00:00,0.06287
2025-12-11 08:00:00,0.05
2025-12-11 09:00:00,0.07583
2025-12-11 10:00:00,0.08957999999999999
2025-12-11 11:00:00,0.17761000000000002
2025-12-11 12:00:00,0.31848000000000004
2025-12-11 13:00:00,0.3996
2025-12-11 14:00:00,0.38567
2025-12-11 15:00:00,0.14154
2025-12-11 16:00:00,0.0947
2025-12-11 17:00:00,0.02564
2025-12-11 18:00:00,0.0
2025-12-11 19:00:00,0.0
2025-12-11 20:00:00,0.0
2025-12-11 21:00:00,0.0
2025-12-11 22:00:00,0.0
2025-12-11 23:00:00,0.0
2025-12-12 00:00:00,0.0
2025-12-12 01:00:00,0.0
2025-12-12 02:00:00,0.0
2025-12-12 03:00:00,0.0
2025-12-12 04:00:00,0.0
2025-12-12 05:00:00,0.00453
2025-12-12 06:00:00,0.08288
2025-12-12 07:00:00,0.26074
2025-12-12 08:00:00,0.31808
2025-12-12 09:00:00,0.35131999999999997
2025-12-12 10:00:00,0.39016
2025-12-12 11:00:00,0.57116
2025-12-12 12:00:00,0.52879
2025-12-12 13:00:00,0.52939
2025-12-12 14:00:00,0.40899
2025-12-12 15:00:00,0.25825
2025-12-12 16:00:00,0.12464
2025-12-12 17:00:00,0.023170000000000003
2025-12-12 18:00:00,0.00037
2025-12-12 19:00:00,0.0
2025-12-12 20:00:00,0.0
2025-12-12 21:00:00,0.0
2025-12-12 22:00:00,0.0
2025-12-12 23:00:00,0.0
2025-12-13 00:00:00,0.0
2025-12-13 01:00:00,0.0
2025-12-13 02:00:00,0.0
2025-12-13 03:00:00,0.0
2025-12-13 04:00:00,0.0
2025-12-13 05:00:00,0.00474
2025-12-13 06:00:00,0.11012999999999999
2025-12-13 07:00:00,0.25683
2025-12-13 08:00:00,0.42264999999999997
2025-12-13 09:00:00,0.52596
2025-12-13 10:00:00,0.43107
2025-12-13 11:00:00,0.50228
2025-12-13 12:00:00,0.45265
2025-12-13 13:00:00,0.46135000000000004
2025-12-13 14:00:00,0.45268
2025-12-13 15:00:00,0.32953
2025-12-13 16:00:00,0.14438
2025-12-13 17:00:00,0.02972
2025-12-13 18:00:00,0.00184
2025-12-13 19:00:00,0.0
2025-12-13 20:00:00,0.0
2025-12-13 21:00:00,0.0
2025-12-13 22:00:00,0.0
2025-12-13 23:00:00,0.0
2025-12-14 00:00:00,0.0
2025-12-14 01:00:00,0.0
2025-12-14 02:00:00,0.0
2025-12-14 03:00:00,0.0
2025-12-14 04:00:00,0.0
2025-12-14 05:00:00,0.0037400000000000003
2025-12-14 06:00:00,0.11326
2025-12-14 07:00:00,0.34885000000000005
2025-12-14 08:00:00,0.5161699999999999
2025-12-14 09:00:00,0.6457999999999999
2025-12-14 10:00:00,0.66289
2025-12-14 11:00:00,0.71835
2025-12-14 12:00:00,0.70455
2025-12-14 13:00:00,0.64861
2025-12-14 14:00:00,0.50766
2025-12-14 15:00:00,0.34648
2025-12-14 16:00:00,0.13862
2025-12-14 17:00:00,0.02519
2025-12-14 18:00:00,0.0009699999999999999
2025-12-14 19:00:00,0.0
2025-12-14 20:00:00,0.0
2025-12-14 21:00:00,0.0
2025-12-14 22:00:00,0.0
2025-12-14 23:00:00,0.0
2025-12-15 00:00:00,0.0
2025-12-15 01:00:00,0.0
2025-12-15 02:00:00,0.0
2025-12-15 03:00:00,0.0
2025-12-15 04:00:00,0.0
2025-12-15 05:00:00,0.004030000000000001
2025-12-15 06:00:00,0.12074
2025-12-15 07:00:00,0.32915
2025-12-15 08:00:00,0.51374
2025-12-15 09:00:00,0.63101
2025-12-15 10:00:00,0.66254
2025-12-15 11:00:00,0.71411
2025-12-15 12:00:00,0.6732
2025-12-15 13:00:00,0.53503
2025-12-15 14:00:00,0.47288
2025-12-15 15:00:00,0.32542000000000004
2025-12-15 16:00:00,0.13237000000000002
2025-12-15 17:00:00,0.022609999999999998
2025-12-15 18:00:00,0.00152
2025-12-15 19:00:00,0.0
2025-12-15 20:00:00,0.0
2025-12-15 21:00:00,0.0
2025-12-15 22:00:00,0.0
2025-12-15 23:00:00,0.0
2025-12-16 00:00:00,0.0
2025-12-16 01:00:00,0.0
2025-12-16 02:00:00,0.0
2025-12-16 03:00:00,0.0
2025-12-16 04:00:00,0.0
2025-12-16 05:00:00,0.0033599999999999997
2025-12-16 06:00:00,0.11320999999999999
2025-12-16 07:00:00,0.27097000000000004
2025-12-16 08:00:00,0.47351
2025-12-16 09:00:00,0.58535
2025-12-16 10:00:00,0.62825
2025-12-16 11:00:00,0.67157
2025-12-16 12:00:00,0.55522
2025-12-16 13:00:00,0.5452100000000001
2025-12-16 14:00:00,0.38803
2025-12-16 15:00:00,0.3165
2025-12-16 16:00:00,0.13302
2025-12-16 17:00:00,0.02671
2025-12-16 18:00:00,0.00123
2025-12-16 19:00:00,0.0
2025-12-16 20:00:00,0.0
2025-12-16 21:00:00,0.0
2025-12-16 22:00:00,0.0
2025-12-16 23:00:00,0.0
2025-12-17 00:00:00,0.0
2025-12-17 01:00:00,0.0
2025-12-17 02:00:00,0.0
2025-12-17 03:00:00,0.0
2025-12-17 04:00:00,0.0
2025-12-17 05:00:00,0.0035099999999999997
2025-12-17 06:00:00,0.10376
2025-12-17 07:00:00,0.32004000000000005
2025-12-17 08:00:00,0.49402999999999997
2025-12-17 09:00:00,0.6414500000000001
2025-12-17 10:00:00,0.7185199999999999
2025-12-17 11:00:00,0.64413
2025-12-17 12:00:00,0.59169
2025-12-17 13:00:00,0.49351
2025-12-17 14:00:00,0.36261
2025-12-17 15:00:00,0.242
2025-12-17 16:00:00,0.12795
2025-12-17 17:00:00,0.02515
2025-12-17 18:00:00,0.0018
2025-12-17 19:00:00,0.0
2025-12-17 20:00:00,0.0
2025-12-17 21:00:00,0.0
2025-12-17 22:00:00,0.0
2025-12-17 23:00:00,0.0
2025-12-18 00:00:00,0.0
2025-12-18 01:00:00,0.0
2025-12-18 02:00:00,0.0
2025-12-18 03:00:00,0.0
2025-12-18 04:00:00,0.0
2025-12-18 05:00:00,0.0028399999999999996
2025-12-18 06:00:00,0.08612
2025-12-18 07:00:00,0.30295
2025-12-18 08:00:00,0.49662
2025-12-18 09:00:00,0.6049800000000001
2025-12-18 10:00:00,0.6299199999999999
2025-12-18 11:00:00,0.61076
2025-12-18 12:00:00,0.55621
2025-12-18 13:00:00,0.53532
2025-12-18 14:00:00,0.38217
2025-12-18 15:00:00,0.25232
2025-12-18 16:00:00,0.11334999999999999
2025-12-18 17:00:00,0.02647
2025-12-18 18:00:00,0.0014199999999999998
2025-12-18 19:00:00,0.0
2025-12-18 20:00:00,0.0
2025-12-18 21:00:00,0.0
2025-12-18 22:00:00,0.0
2025-12-18 23:00:00,0.0
2025-12-19 00:00:00,0.0
2025-12-19 01:00:00,0.0
2025-12-19 02:00:00,0.0
2025-12-19 03:00:00,0.0
2025-12-19 04:00:00,0.0
2025-12-19 05:00:00,0.00289
2025-12-19 06:00:00,0.10092
2025-12-19 07:00:00,0.30415
2025-12-19 08:00:00,0.43801
2025-12-19 09:00:00,0.58168
2025-12-19 10:00:00,0.6271599999999999
2025-12-19 11:00:00,0.65364
2025-12-19 12:00:00,0.65815
2025-12-19 13:00:00,0.57696
2025-12-19 14:00:00,0.48758999999999997
2025-12-19 15:00:00,0.31979
2025-12-19 16:00:00,0.13941
2025-12-19 17:00:00,0.011630000000000001
2025-12-19 18:00:00,0.0019299999999999999
2025-12-19 19:00:00,0.0
2025-12-19 20:00:00,0.0
2025-12-19 21:00:00,0.0
2025-12-19 22:00:00,0.0
2025-12-19 23:00:00,0.0
2025-12-20 00:00:00,0.0
2025-12-20 01:00:00,0.0
2025-12-20 02:00:00,0.0
2025-12-20 03:00:00,0.0
2025-12-20 04:00:00,0.0
2025-12-20 05:00:00,0.00377
2025-12-20 06:00:00,0.11323
2025-12-20 07:00:00,0.31853
2025-12-20 08:00:00,0.52249
2025-12-20 09:00:00,0.65552
2025-12-20 10:00:00,0.68931
2025-12-20 11:00:00,0.72517
2025-12-20 12:00:00,0.7100299999999999
2025-12-20 13:00:00,0.6178400000000001
2025-12-20 14:00:00,0.44595999999999997
2025-12-20 15:00:00,0.30798000000000003
2025-12-20 16:00:00,0.14234
2025-12-20 17:00:00,0.022510000000000002
2025-12-20 18:00:00,0.00261
2025-12-20 19:00:00,0.0
2025-12-20 20:00:00,0.0
2025-12-20 21:00:00,0.0
2025-12-20 22:00:00,0.0
2025-12-20 23:00:00,0.0
2025-12-21 00:00:00,0.0
2025-12-21 01:00:00,0.0
2025-12-21 02:00:00,0.0
2025-12-21 03:00:00,0.0
2025-12-21 04:00:00,0.0
2025-12-21 05:00:00,0.0032
2025-12-21 06:00:00,0.11411
2025-12-21 07:00:00,0.32430000000000003
2025-12-21 08:00:00,0.51577
2025-12-21 09:00:00,0.61756
2025-12-21 10:00:00,0.6046900000000001
2025-12-21 11:00:00,0.61185
2025-12-21 12:00:00,0.62491
2025-12-21 13:00:00,0.49063999999999997
2025-12-21 14:00:00,0.42613999999999996
2025-12-21 15:00:00,0.28852999999999995
2025-12-21 16:00:00,0.15156999999999998
2025-12-21 17:00:00,0.02222
2025-12-21 18:00:00,0.0011799999999999998
2025-12-21 19:00:00,0.0
2025-12-21 20:00:00,0.0
2025-12-21 21:00:00,0.0
2025-12-21 22:00:00,0.0
2025-12-21 23:00:00,0.0
2025-12-22 00:00:00,0.0
2025-12-22 01:00:00,0.0
2025-12-22 02:00:00,0.0
2025-12-22 03:00:00,0.0
2025-12-22 04:00:00,0.0
2025-12-22 05:00:00,0.00231
2025-12-22 06:00:00,0.09034
2025-12-22 07:00:00,0.27858
2025-12-22 08:00:00,0.41076
2025-12-22 09:00:00,0.48378
2025-12-22 10:00:00,0.57874
2025-12-22 11:00:00,0.67187
2025-12-22 12:00:00,0.69079
2025-12-22 13:00:00,0.5154500000000001
2025-12-22 14:00:00,0.38886000000000004
2025-12-22 15:00:00,0.26245999999999997
2025-12-22 16:00:00,0.1328
2025-12-22 17:00:00,0.04015
2025-12-22 18:00:00,0.00252
2025-12-22 19:00:00,0.0
2025-12-22 20:00:00,0.0
2025-12-22 21:00:00,0.0
2025-12-22 22:00:00,0.0
2025-12-22 23:00:00,0.0
2025-12-23 00:00:00,0.0
2025-12-23 01:00:00,0.0
2025-12-23 02:00:00,0.0
2025-12-23 03:00:00,0.0
2025-12-23 04:00:00,0.0
2025-12-23 05:00:00,0.0036
2025-12-23 06:00:00,0.07442
2025-12-23 07:00:00,0.20521999999999999
2025-12-23 08:00:00,0.3793
2025-12-23 09:00:00,0.52351
2025-12-23 10:00:00,0.5744400000000001
2025-12-23 11:00:00,0.5826399999999999
2025-12-23 12:00:00,0.43914
2025-12-23 13:00:00,0.38656
2025-12-23 14:00:00,0.24331
2025-12-23 15:00:00,0.26858
2025-12-23 16:00:00,0.09691
2025-12-23 17:00:00,0.04238
2025-12-23 18:00:00,0.00289
2025-12-23 19:00:00,0.0
2025-12-23 20:00:00,0.0
2025-12-23 21:00:00,0.0
2025-12-23 22:00:00,0.0
2025-12-23 23:00:00,0.0
2025-12-24 00:00:00,0.0
2025-12-24 01:00:00,0.0
2025-12-24 02:00:00,0.0
2025-12-24 03:00:00,0.0
2025-12-24 04:00:00,0.0
2025-12-24 05:00:00,0.0036
2025-12-24 06:00:00,0.08458
2025-12-24 07:00:00,0.22444999999999998
2025-12-24 08:00:00,0.42643000000000003
2025-12-24 09:00:00,0.46504
2025-12-24 10:00:00,0.65913
2025-12-24 11:00:00,0.63691
2025-12-24 12:00:00,0.52235
2025-12-24 13:00:00,0.47431
2025-12-24 14:00:00,0.33646
2025-12-24 15:00:00,0.29425999999999997
2025-12-24 16:00:00,0.14969
2025-12-24 17:00:00,0.0256
2025-12-24 18:00:00,0.00235
2025-12-24 19:00:00,0.0
2025-12-24 20:00:00,0.0
2025-12-24 21:00:00,0.0
2025-12-24 22:00:00,0.0
2025-12-24 23:00:00,0.0
2025-12-25 00:00:00,0.0
2025-12-25 01:00:00,0.0
2025-12-25 02:00:00,0.0
2025-12-25 03:00:00,0.0
2025-12-25 04:00:00,0.0
2025-12-25 05:00:00,0.0038900000000000002
2025-12-25 06:00:00,0.10509
2025-12-25 07:00:00,0.30462
2025-12-25 08:00:00,0.4461
2025-12-25 09:00:00,0.5525800000000001
2025-12-25 10:00:00,0.62674
2025-12-25 11:00:00,0.63916
2025-12-25 12:00:00,0.58923
2025-12-25 13:00:00,0.59109
2025-12-25 14:00:00,0.37318
2025-12-25 15:00:00,0.31233
2025-12-25 16:00:00,0.12566
2025-12-25 17:00:00,0.02016
2025-12-25 18:00:00,0.00463
2025-12-25 19:00:00,0.0
2025-12-25 20:00:00,0.0
2025-12-25 21:00:00,0.0
2025-12-25 22:00:00,0.0
2025-12-25 23:00:00,0.0
2025-12-26 00:00:00,0.0
2025-12-26 01:00:00,0.0
2025-12-26 02:00:00,0.0
2025-12-26 03:00:00,0.0
2025-12-26 04:00:00,0.0
2025-12-26 05:00:00,0.00484
2025-12-26 06:00:00,0.09815
2025-12-26 07:00:00,0.30489
2025-12-26 08:00:00,0.45367
2025-12-26 09:00:00,0.53415
2025-12-26 10:00:00,0.67049
2025-12-26 11:00:00,0.60966
2025-12-26 12:00:00,0.43998000000000004
2025-12-26 13:00:00,0.35091
2025-12-26 14:00:00,0.20952
2025-12-26 15:00:00,0.12373
2025-12-26 16:00:00,0.07795
2025-12-26 17:00:00,0.03153
2025-12-26 18:00:00,0.0005200000000000001
2025-12-26 19:00:00,0.0
2025-12-26 20:00:00,0.0
2025-12-26 21:00:00,0.0
2025-12-26 22:00:00,0.0
2025-12-26 23:00:00,0.0
2025-12-27 00:00:00,0.0
2025-12-27 01:00:00,0.0
2025-12-27 02:00:00,0.0
2025-12-27 03:00:00,0.0
2025-12-27 04:00:00,0.0
2025-12-27 05:00:00,0.00041
2025-12-27 06:00:00,0.03177
2025-12-27 07:00:00,0.19544
2025-12-27 08:00:00,0.25515
2025-12-27 09:00:00,0.33843
2025-12-27 10:00:00,0.45232
2025-12-27 11:00:00,0.47204
2025-12-27 12:00:00,0.50661
2025-12-27 13:00:00,0.42466000000000004
2025-12-27 14:00:00,0.40181
2025-12-27 15:00:00,0.29301
2025-12-27 16:00:00,0.12975
2025-12-27 17:00:00,0.02869
2025-12-27 18:00:00,0.0028799999999999997
2025-12-27 19:00:00,0.0
2025-12-27 20:00:00,0.0
2025-12-27 21:00:00,0.0
2025-12-27 22:00:00,0.0
2025-12-27 23:00:00,0.0
2025-12-28 00:00:00,0.0
2025-12-28 01:00:00,0.0
2025-12-28 02:00:00,0.0
2025-12-28 03:00:00,0.0
2025-12-28 04:00:00,0.0
2025-12-28 05:00:00,0.002
2025-12-28 06:00:00,0.07884000000000001
2025-12-28 07:00:00,0.26094
2025-12-28 08:00:00,0.45933999999999997
2025-12-28 09:00:00,0.58447
2025-12-28 10:00:00,0.5210499999999999
2025-12-28 11:00:00,0.67988
2025-12-28 12:00:00,0.64874
2025-12-28 13:00:00,0.6056699999999999
2025-12-28 14:00:00,0.45803
2025-12-28 15:00:00,0.31706
2025-12-28 16:00:00,0.14257
2025-12-28 17:00:00,0.036340000000000004
2025-12-28 18:00:00,0.0040999999999999995
2025-12-28 19:00:00,0.0
2025-12-28 20:00:00,0.0
2025-12-28 21:00:00,0.0
2025-12-28 22:00:00,0.0
2025-12-28 23:00:00,0.0
2025-12-29 00:00:00,0.0
2025-12-29 01:00:00,0.0
2025-12-29 02:00:00,0.0
2025-12-29 03:00:00,0.0
2025-12-29 04:00:00,0.0
2025-12-29 05:00:00,0.0018
2025-12-29 06:00:00,0.08759
2025-12-29 07:00:00,0.27597000000000005
2025-12-29 08:00:00,0.44929
2025-12-29 09:00:00,0.5018
2025-12-29 10:00:00,0.5698300000000001
2025-12-29 11:00:00,0.6509400000000001
2025-12-29 12:00:00,0.65267
2025-12-29 13:00:00,0.61125
2025-12-29 14:00:00,0.46785000000000004
2025-12-29 15:00:00,0.31022000000000005
2025-12-29 16:00:00,0.15830000000000002
2025-12-29 17:00:00,0.05677
2025-12-29 18:00:00,0.00726
2025-12-29 19:00:00,0.0
2025-12-29 20:00:00,0.0
2025-12-29 21:00:00,0.0
2025-12-29 22:00:00,0.0
2025-12-29 23:00:00,0.0
2025-12-30 00:00:00,0.0
2025-12-30 01:00:00,0.0
2025-12-30 02:00:00,0.0
2025-12-30 03:00:00,0.0
2025-12-30 04:00:00,0.0
2025-12-30 05:00:00,0.0020299999999999997
2025-12-30 06:00:00,0.09448999999999999
2025-12-30 07:00:00,0.29511000000000004
2025-12-30 08:00:00,0.45276
2025-12-30 09:00:00,0.48193
2025-12-30 10:00:00,0.5427799999999999
2025-12-30 11:00:00,0.56443
2025-12-30 12:00:00,0.5719
2025-12-30 13:00:00,0.5880599999999999
2025-12-30 14:00:00,0.43317
2025-12-30 15:00:00,0.08798
2025-12-30 16:00:00,0.040619999999999996
2025-12-30 17:00:00,0.02111
2025-12-30 18:00:00,0.0014399999999999999
2025-12-30 19:00:00,0.0
2025-12-30 20:00:00,0.0
2025-12-30 21:00:00,0.0
2025-12-30 22:00:00,0.0
2025-12-30 23:00:00,0.0
2025-12-31 00:00:00,0.0
2025-12-31 01:00:00,0.0
2025-12-31 02:00:00,0.0
2025-12-31 03:00:00,0.0
2025-12-31 04:00:00,0.0
2025-12-31 05:00:00,0.0008100000000000001
2025-12-31 06:00:00,0.053079999999999995
2025-12-31 07:00:00,0.13819
2025-12-31 08:00:00,0.2696
2025-12-31 09:00:00,0.33564
2025-12-31 10:00:00,0.28362
2025-12-31 11:00:00,0.26709
2025-12-31 12:00:00,0.29875
2025-12-31 13:00:00,0.29557
2025-12-31 14:00:00,0.27576
2025-12-31 15:00:00,0.19011
2025-12-31 16:00:00,0.11261
2025-12-31 17:00:00,0.02843
2025-12-31 18:00:00,0.0008399999999999999
2025-12-31 19:00:00,0.0
2025-12-31 20:00:00,0.0
2025-12-31 21:00:00,0.0
2025-12-31 22:00:00,0.0
2025-12-31 23:00:00,0.0
