timestamp,fator_capacidade
2025-01-01 00:00:00,0.0
2025-01-01 01:00:00,0.0
2025-01-01 02:00:00,0.0
2025-01-01 03:00:00,0.0
2025-01-01 04:00:00,0.0
2025-01-01 05:00:00,0.0
2025-01-01 06:00:00,0.05226000000000001
2025-01-01 07:00:00,0.220004
2025-01-01 08:00:00,0.367258
2025-01-01 09:00:00,0.46056400000000003
2025-01-01 10:00:00,0.471838
2025-01-01 11:00:00,0.5552339999999999
2025-01-01 12:00:00,0.60343
2025-01-01 13:00:00,0.5707120000000001
2025-01-01 14:00:00,0.126724
2025-01-01 15:00:00,0.2540699999999999
2025-01-01 16:00:00,0.08609999999999998
2025-01-01 17:00:00,0.038034
2025-01-01 18:00:00,0.0014099999999999798
2025-01-01 19:00:00,0.0
2025-01-01 20:00:00,0.0
2025-01-01 21:00:00,0.0
2025-01-01 22:00:00,0.0
2025-01-01 23:00:00,0.0
2025-01-02 00:00:00,0.0
2025-01-02 01:00:00,0.0
2025-01-02 02:00:00,0.0
2025-01-02 03:00:00,0.0
2025-01-02 04:00:00,0.0
2025-01-02 05:00:00,0.0
2025-01-02 06:00:00,0.074346
2025-01-02 07:00:00,0.13415400000000002
2025-01-02 08:00:00,0.36087400000000003
2025-01-02 09:00:00,0.29776400000000003
2025-01-02 10:00:00,0.341336
2025-01-02 11:00:00,0.49867999999999996
2025-01-02 12:00:00,0.544954
2025-01-02 13:00:00,0.5603459999999999
2025-01-02 14:00:00,0.42803399999999997
2025-01-02 15:00:00,0.254502
2025-01-02 16:00:00,0.148792
2025-01-02 17:00:00,0.029914000000000003
2025-01-02 18:00:00,0.01141399999999998
2025-01-02 19:00:00,0.0
2025-01-02 20:00:00,0.0
2025-01-02 21:00:00,0.0
2025-01-02 22:00:00,0.0
2025-01-02 23:00:00,0.0
2025-01-03 00:00:00,0.0
2025-01-03 01:00:00,0.0
2025-01-03 02:00:00,0.0
2025-01-03 03:00:00,0.0
2025-01-03 04:00:00,0.0
2025-01-03 05:00:00,0.0
2025-01-03 06:00:00,0.03318
2025-01-03 07:00:00,0.11324599999999999
2025-01-03 08:00:00,0.195606
2025-01-03 09:00:00,0.21570399999999998
2025-01-03 10:00:00,0.30859200000000003
2025-01-03 11:00:00,0.282254
2025-01-03 12:00:00,0.343884
2025-01-03 13:00:00,0.34560599999999997
2025-01-03 14:00:00,0.2533359999999999
2025-01-03 15:00:00,0.177924
2025-01-03 16:00:00,0.09314199999999999
2025-01-03 17:00:00,0.06468799999999998
2025-01-03 18:00:00,0.00795199999999998
2025-01-03 19:00:00,0.0
2025-01-03 20:00:00,0.0
2025-01-03 21:00:00,0.0
2025-01-03 22:00:00,0.0
2025-01-03 23:00:00,0.0
2025-01-04 00:00:00,0.0
2025-01-04 01:00:00,0.0
2025-01-04 02:00:00,0.0
2025-01-04 03:00:00,0.0
2025-01-04 04:00:00,0.0
2025-01-04 05:00:00,0.0
2025-01-04 06:00:00,0.024491999999999996
2025-01-04 07:00:00,0.086954
2025-01-04 08:00:00,0.17001200000000002
2025-01-04 09:00:00,0.268126
2025-01-04 10:00:00,0.33472
2025-01-04 11:00:00,0.41278000000000004
2025-01-04 12:00:00,0.3401399999999999
2025-01-04 13:00:00,0.323154
2025-01-04 14:00:00,0.46366199999999996
2025-01-04 15:00:00,0.3963939999999999
2025-01-04 16:00:00,0.106788
2025-01-04 17:00:00,0.03070199999999994
2025-01-04 18:00:00,0.0049879999999999204
2025-01-04 19:00:00,0.0
2025-01-04 20:00:00,0.0
2025-01-04 21:00:00,0.0
2025-01-04 22:00:00,0.0
2025-01-04 23:00:00,0.0
2025-01-05 00:00:00,0.0
2025-01-05 01:00:00,0.0
2025-01-05 02:00:00,0.0
2025-01-05 03:00:00,0.0
2025-01-05 04:00:00,0.0
2025-01-05 05:00:00,0.0
2025-01-05 06:00:00,0.021328000000000003
2025-01-05 07:00:00,0.106128
2025-01-05 08:00:00,0.195856
2025-01-05 09:00:00,0.26694999999999997
2025-01-05 10:00:00,0.246836
2025-01-05 11:00:00,0.482296
2025-01-05 12:00:00,0.34155199999999997
2025-01-05 13:00:00,0.553034
2025-01-05 14:00:00,0.231256
2025-01-05 15:00:00,0.11832000000000001
2025-01-05 16:00:00,0.07071000000000002
2025-01-05 17:00:00,0.02984799999999994
2025-01-05 18:00:00,0.00208599999999994
2025-01-05 19:00:00,0.0
2025-01-05 20:00:00,0.0
2025-01-05 21:00:00,0.0
2025-01-05 22:00:00,0.0
2025-01-05 23:00:00,0.0
2025-01-06 00:00:00,0.0
2025-01-06 01:00:00,0.0
2025-01-06 02:00:00,0.0
2025-01-06 03:00:00,0.0
2025-01-06 04:00:00,0.0
2025-01-06 05:00:00,0.0
2025-01-06 06:00:00,0.02275
2025-01-06 07:00:00,0.10844400000000001
2025-01-06 08:00:00,0.273768
2025-01-06 09:00:00,0.332402
2025-01-06 10:00:00,0.3236260000000001
2025-01-06 11:00:00,0.48751000000000005
2025-01-06 12:00:00,0.522704
2025-01-06 13:00:00,0.51172
2025-01-06 14:00:00,0.367284
2025-01-06 15:00:00,0.21634800000000004
2025-01-06 16:00:00,0.04744999999999999
2025-01-06 17:00:00,0.01379
2025-01-06 18:00:00,0.001434
2025-01-06 19:00:00,0.0
2025-01-06 20:00:00,0.0
2025-01-06 21:00:00,0.0
2025-01-06 22:00:00,0.0
2025-01-06 23:00:00,0.0
2025-01-07 00:00:00,0.0
2025-01-07 01:00:00,0.0
2025-01-07 02:00:00,0.0
2025-01-07 03:00:00,0.0
2025-01-07 04:00:00,0.0
2025-01-07 05:00:00,0.0
2025-01-07 06:00:00,0.018126
2025-01-07 07:00:00,0.11770999999999994
2025-01-07 08:00:00,0.18058800000000003
2025-01-07 09:00:00,0.220214
2025-01-07 10:00:00,0.40510599999999997
2025-01-07 11:00:00,0.476984
2025-01-07 12:00:00,0.456206
2025-01-07 13:00:00,0.37339
2025-01-07 14:00:00,0.38267400000000007
2025-01-07 15:00:00,0.166398
2025-01-07 16:00:00,0.07146
2025-01-07 17:00:00,0.015896
2025-01-07 18:00:00,0.0014419999999999798
2025-01-07 19:00:00,0.0
2025-01-07 20:00:00,0.0
2025-01-07 21:00:00,0.0
2025-01-07 22:00:00,0.0
2025-01-07 23:00:00,0.0
2025-01-08 00:00:00,0.0
2025-01-08 01:00:00,0.0
2025-01-08 02:00:00,0.0
2025-01-08 03:00:00,0.0
2025-01-08 04:00:00,0.0
2025-01-08 05:00:00,0.0
2025-01-08 06:00:00,0.033468
2025-01-08 07:00:00,0.07714799999999997
2025-01-08 08:00:00,0.134538
2025-01-08 09:00:00,0.246922
2025-01-08 10:00:00,0.23918199999999995
2025-01-08 11:00:00,0.29301199999999994
2025-01-08 12:00:00,0.302228
2025-01-08 13:00:00,0.385786
2025-01-08 14:00:00,0.330082
2025-01-08 15:00:00,0.19437999999999997
2025-01-08 16:00:00,0.11635
2025-01-08 17:00:00,0.02497199999999998
2025-01-08 18:00:00,0.00178
2025-01-08 19:00:00,0.0
2025-01-08 20:00:00,0.0
2025-01-08 21:00:00,0.0
2025-01-08 22:00:00,0.0
2025-01-08 23:00:00,0.0
2025-01-09 00:00:00,0.0
2025-01-09 01:00:00,0.0
2025-01-09 02:00:00,0.0
2025-01-09 03:00:00,0.0
2025-01-09 04:00:00,0.0
2025-01-09 05:00:00,0.0
2025-01-09 06:00:00,0.028393999999999996
2025-01-09 07:00:00,0.20217400000000002
2025-01-09 08:00:00,0.168396
2025-01-09 09:00:00,0.250918
2025-01-09 10:00:00,0.34857400000000005
2025-01-09 11:00:00,0.339248
2025-01-09 12:00:00,0.42972599999999994
2025-01-09 13:00:00,0.297028
2025-01-09 14:00:00,0.19942
2025-01-09 15:00:00,0.06973799999999997
2025-01-09 16:00:00,0.07131799999999999
2025-01-09 17:00:00,0.026740000000000003
2025-01-09 18:00:00,0.015416
2025-01-09 19:00:00,0.0
2025-01-09 20:00:00,0.0
2025-01-09 21:00:00,0.0
2025-01-09 22:00:00,0.0
2025-01-09 23:00:00,0.0
2025-01-10 00:00:00,0.0
2025-01-10 01:00:00,0.0
2025-01-10 02:00:00,0.0
2025-01-10 03:00:00,0.0
2025-01-10 04:00:00,0.0
2025-01-10 05:00:00,0.0
2025-01-10 06:00:00,0.020226
2025-01-10 07:00:00,0.04757399999999999
2025-01-10 08:00:00,0.12331599999999998
2025-01-10 09:00:00,0.348988
2025-01-10 10:00:00,0.27916799999999997
2025-01-10 11:00:00,0.33328199999999997
2025-01-10 12:00:00,0.4003979999999999
2025-01-10 13:00:00,0.38549
2025-01-10 14:00:00,0.257858
2025-01-10 15:00:00,0.207888
2025-01-10 16:00:00,0.16482599999999997
2025-01-10 17:00:00,0.073828
2025-01-10 18:00:00,0.0018419999999999999
2025-01-10 19:00:00,0.0
2025-01-10 20:00:00,0.0
2025-01-10 21:00:00,0.0
2025-01-10 22:00:00,0.0
2025-01-10 23:00:00,0.0
2025-01-11 00:00:00,0.0
2025-01-11 01:00:00,0.0
2025-01-11 02:00:00,0.0
2025-01-11 03:00:00,0.0
2025-01-11 04:00:00,0.0
2025-01-11 05:00:00,0.0
2025-01-11 06:00:00,0.020897999999999996
2025-01-11 07:00:00,0.07142199999999993
2025-01-11 08:00:00,0.222428
2025-01-11 09:00:00,0.21271
2025-01-11 10:00:00,0.27454199999999995
2025-01-11 11:00:00,0.3804339999999999
2025-01-11 12:00:00,0.32577799999999996
2025-01-11 13:00:00,0.25461999999999996
2025-01-11 14:00:00,0.166848
2025-01-11 15:00:00,0.117088
2025-01-11 16:00:00,0.08899199999999999
2025-01-11 17:00:00,0.058392
2025-01-11 18:00:00,0.010108
2025-01-11 19:00:00,0.0
2025-01-11 20:00:00,0.0
2025-01-11 21:00:00,0.0
2025-01-11 22:00:00,0.0
2025-01-11 23:00:00,0.0
2025-01-12 00:00:00,0.0
2025-01-12 01:00:00,0.0
2025-01-12 02:00:00,0.0
2025-01-12 03:00:00,0.0
2025-01-12 04:00:00,0.0
2025-01-12 05:00:00,0.0
2025-01-12 06:00:00,0.028484000000000002
2025-01-12 07:00:00,0.05997000000000001
2025-01-12 08:00:00,0.199666
2025-01-12 09:00:00,0.266054
2025-01-12 10:00:00,0.40180999999999994
2025-01-12 11:00:00,0.44997799999999993
2025-01-12 12:00:00,0.4913139999999999
2025-01-12 13:00:00,0.5521240000000001
2025-01-12 14:00:00,0.425162
2025-01-12 15:00:00,0.25449599999999994
2025-01-12 16:00:00,0.19649199999999997
2025-01-12 17:00:00,0.02414799999999994
2025-01-12 18:00:00,0.001822
2025-01-12 19:00:00,0.0
2025-01-12 20:00:00,0.0
2025-01-12 21:00:00,0.0
2025-01-12 22:00:00,0.0
2025-01-12 23:00:00,0.0
2025-01-13 00:00:00,0.0
2025-01-13 01:00:00,0.0
2025-01-13 02:00:00,0.0
2025-01-13 03:00:00,0.0
2025-01-13 04:00:00,0.0
2025-01-13 05:00:00,0.0
2025-01-13 06:00:00,0.028076
2025-01-13 07:00:00,0.16738199999999998
2025-01-13 08:00:00,0.362618
2025-01-13 09:00:00,0.3156199999999999
2025-01-13 10:00:00,0.456994
2025-01-13 11:00:00,0.601166
2025-01-13 12:00:00,0.548432
2025-01-13 13:00:00,0.494004
2025-01-13 14:00:00,0.447366
2025-01-13 15:00:00,0.08852399999999998
2025-01-13 16:00:00,0.061826000000000006
2025-01-13 17:00:00,0.032191999999999985
2025-01-13 18:00:00,0.0018440000000000002
2025-01-13 19:00:00,0.0
2025-01-13 20:00:00,0.0
2025-01-13 21:00:00,0.0
2025-01-13 22:00:00,0.0
2025-01-13 23:00:00,0.0
2025-01-14 00:00:00,0.0
2025-01-14 01:00:00,0.0
2025-01-14 02:00:00,0.0
2025-01-14 03:00:00,0.0
2025-01-14 04:00:00,0.0
2025-01-14 05:00:00,0.0
2025-01-14 06:00:00,0.02898399999999992
2025-01-14 07:00:00,0.153238
2025-01-14 08:00:00,0.312782
2025-01-14 09:00:00,0.44383799999999995
2025-01-14 10:00:00,0.532674
2025-01-14 11:00:00,0.7242620000000001
2025-01-14 12:00:00,0.681192
2025-01-14 13:00:00,0.6049359999999999
2025-01-14 14:00:00,0.48453599999999997
2025-01-14 15:00:00,0.338062
2025-01-14 16:00:00,0.198996
2025-01-14 17:00:00,0.04228799999999998
2025-01-14 18:00:00,0.024773999999999942
2025-01-14 19:00:00,0.0
2025-01-14 20:00:00,0.0
2025-01-14 21:00:00,0.0
2025-01-14 22:00:00,0.0
2025-01-14 23:00:00,0.0
2025-01-15 00:00:00,0.0
2025-01-15 01:00:00,0.0
2025-01-15 02:00:00,0.0
2025-01-15 03:00:00,0.0
2025-01-15 04:00:00,0.0
2025-01-15 05:00:00,0.0
2025-01-15 06:00:00,0.04556600000000001
2025-01-15 07:00:00,0.232558
2025-01-15 08:00:00,0.45695199999999997
2025-01-15 09:00:00,0.5621120000000002
2025-01-15 10:00:00,0.668828
2025-01-15 11:00:00,0.707282
2025-01-15 12:00:00,0.621274
2025-01-15 13:00:00,0.48069999999999996
2025-01-15 14:00:00,0.326614
2025-01-15 15:00:00,0.29621
2025-01-15 16:00:00,0.05934599999999999
2025-01-15 17:00:00,0.022268
2025-01-15 18:00:00,0.001814
2025-01-15 19:00:00,0.0
2025-01-15 20:00:00,0.0
2025-01-15 21:00:00,0.0
2025-01-15 22:00:00,0.0
2025-01-15 23:00:00,0.0
2025-01-16 00:00:00,0.0
2025-01-16 01:00:00,0.0
2025-01-16 02:00:00,0.0
2025-01-16 03:00:00,0.0
2025-01-16 04:00:00,0.0
2025-01-16 05:00:00,0.0
2025-01-16 06:00:00,0.049131999999999995
2025-01-16 07:00:00,0.285646
2025-01-16 08:00:00,0.4780239999999999
2025-01-16 09:00:00,0.604776
2025-01-16 10:00:00,0.704798
2025-01-16 11:00:00,0.7328819999999999
2025-01-16 12:00:00,0.602704
2025-01-16 13:00:00,0.559186
2025-01-16 14:00:00,0.397356
2025-01-16 15:00:00,0.24080200000000002
2025-01-16 16:00:00,0.157056
2025-01-16 17:00:00,0.05823199999999999
2025-01-16 18:00:00,0.016982
2025-01-16 19:00:00,0.0
2025-01-16 20:00:00,0.0
2025-01-16 21:00:00,0.0
2025-01-16 22:00:00,0.0
2025-01-16 23:00:00,0.0
2025-01-17 00:00:00,0.0
2025-01-17 01:00:00,0.0
2025-01-17 02:00:00,0.0
2025-01-17 03:00:00,0.0
2025-01-17 04:00:00,0.0
2025-01-17 05:00:00,0.0
2025-01-17 06:00:00,0.04367599999999998
2025-01-17 07:00:00,0.18924199999999997
2025-01-17 08:00:00,0.334602
2025-01-17 09:00:00,0.4815500000000001
2025-01-17 10:00:00,0.615912
2025-01-17 11:00:00,0.590634
2025-01-17 12:00:00,0.694346
2025-01-17 13:00:00,0.610038
2025-01-17 14:00:00,0.46919000000000005
2025-01-17 15:00:00,0.336892
2025-01-17 16:00:00,0.2253459999999999
2025-01-17 17:00:00,0.044925999999999966
2025-01-17 18:00:00,0.01634799999999998
2025-01-17 19:00:00,0.0
2025-01-17 20:00:00,0.0
2025-01-17 21:00:00,0.0
2025-01-17 22:00:00,0.0
2025-01-17 23:00:00,0.0
2025-01-18 00:00:00,0.0
2025-01-18 01:00:00,0.0
2025-01-18 02:00:00,0.0
2025-01-18 03:00:00,0.0
2025-01-18 04:00:00,0.0
2025-01-18 05:00:00,0.0
2025-01-18 06:00:00,0.017396
2025-01-18 07:00:00,0.23380199999999998
2025-01-18 08:00:00,0.398956
2025-01-18 09:00:00,0.5587679999999999
2025-01-18 10:00:00,0.6632640000000001
2025-01-18 11:00:00,0.627736
2025-01-18 12:00:00,0.553878
2025-01-18 13:00:00,0.37454600000000005
2025-01-18 14:00:00,0.4169820000000001
2025-01-18 15:00:00,0.311334
2025-01-18 16:00:00,0.11714399999999998
2025-01-18 17:00:00,0.050682000000000005
2025-01-18 18:00:00,0.030328
2025-01-18 19:00:00,0.0
2025-01-18 20:00:00,0.0
2025-01-18 21:00:00,0.0
2025-01-18 22:00:00,0.0
2025-01-18 23:00:00,0.0
2025-01-19 00:00:00,0.0
2025-01-19 01:00:00,0.0
2025-01-19 02:00:00,0.0
2025-01-19 03:00:00,0.0
2025-01-19 04:00:00,0.0
2025-01-19 05:00:00,0.0
2025-01-19 06:00:00,0.012844
2025-01-19 07:00:00,0.238302
2025-01-19 08:00:00,0.423818
2025-01-19 09:00:00,0.564296
2025-01-19 10:00:00,0.57478
2025-01-19 11:00:00,0.6749919999999999
2025-01-19 12:00:00,0.6890399999999999
2025-01-19 13:00:00,0.6003799999999999
2025-01-19 14:00:00,0.27462200000000003
2025-01-19 15:00:00,0.15510800000000002
2025-01-19 16:00:00,0.105882
2025-01-19 17:00:00,0.038992
2025-01-19 18:00:00,0.007991999999999999
2025-01-19 19:00:00,0.0
2025-01-19 20:00:00,0.0
2025-01-19 21:00:00,0.0
2025-01-19 22:00:00,0.0
2025-01-19 23:00:00,0.0
2025-01-20 00:00:00,0.0
2025-01-20 01:00:00,0.0
2025-01-20 02:00:00,0.0
2025-01-20 03:00:00,0.0
2025-01-20 04:00:00,0.0
2025-01-20 05:00:00,0.0
2025-01-20 06:00:00,0.009179999999999999
2025-01-20 07:00:00,0.13698599999999997
2025-01-20 08:00:00,0.22120800000000002
2025-01-20 09:00:00,0.331592
2025-01-20 10:00:00,0.361714
2025-01-20 11:00:00,0.37579399999999996
2025-01-20 12:00:00,0.396978
2025-01-20 13:00:00,0.36589000000000005
2025-01-20 14:00:00,0.2949260000000001
2025-01-20 15:00:00,0.20975000000000002
2025-01-20 16:00:00,0.07789599999999999
2025-01-20 17:00:00,0.035524
2025-01-20 18:00:00,0.012621999999999998
2025-01-20 19:00:00,0.0
2025-01-20 20:00:00,0.0
2025-01-20 21:00:00,0.0
2025-01-20 22:00:00,0.0
2025-01-20 23:00:00,0.0
2025-01-21 00:00:00,0.0
2025-01-21 01:00:00,0.0
2025-01-21 02:00:00,0.0
2025-01-21 03:00:00,0.0
2025-01-21 04:00:00,0.0
2025-01-21 05:00:00,0.0
2025-01-21 06:00:00,0.007048000000000001
2025-01-21 07:00:00,0.206802
2025-01-21 08:00:00,0.26600999999999997
2025-01-21 09:00:00,0.4381419999999999
2025-01-21 10:00:00,0.49511400000000005
2025-01-21 11:00:00,0.696028
2025-01-21 12:00:00,0.605442
2025-01-21 13:00:00,0.586896
2025-01-21 14:00:00,0.592938
2025-01-21 15:00:00,0.39524800000000004
2025-01-21 16:00:00,0.216976
2025-01-21 17:00:00,0.11230599999999999
2025-01-21 18:00:00,0.01775
2025-01-21 19:00:00,0.0
2025-01-21 20:00:00,0.0
2025-01-21 21:00:00,0.0
2025-01-21 22:00:00,0.0
2025-01-21 23:00:00,0.0
2025-01-22 00:00:00,0.0
2025-01-22 01:00:00,0.0
2025-01-22 02:00:00,0.0
2025-01-22 03:00:00,0.0
2025-01-22 04:00:00,0.0
2025-01-22 05:00:00,0.0
2025-01-22 06:00:00,0.012008
2025-01-22 07:00:00,0.13766400000000004
2025-01-22 08:00:00,0.3247379999999999
2025-01-22 09:00:00,0.468766
2025-01-22 10:00:00,0.571588
2025-01-22 11:00:00,0.63658
2025-01-22 12:00:00,0.6585840000000001
2025-01-22 13:00:00,0.6840980000000001
2025-01-22 14:00:00,0.5752140000000001
2025-01-22 15:00:00,0.42291599999999996
2025-01-22 16:00:00,0.23365599999999995
2025-01-22 17:00:00,0.068738
2025-01-22 18:00:00,0.013011999999999978
2025-01-22 19:00:00,0.0
2025-01-22 20:00:00,0.0
2025-01-22 21:00:00,0.0
2025-01-22 22:00:00,0.0
2025-01-22 23:00:00,0.0
2025-01-23 00:00:00,0.0
2025-01-23 01:00:00,0.0
2025-01-23 02:00:00,0.0
2025-01-23 03:00:00,0.0
2025-01-23 04:00:00,0.0
2025-01-23 05:00:00,0.0
2025-01-23 06:00:00,0.013362000000000002
2025-01-23 07:00:00,0.15734999999999993
2025-01-23 08:00:00,0.33860999999999997
2025-01-23 09:00:00,0.473958
2025-01-23 10:00:00,0.5165979999999999
2025-01-23 11:00:00,0.5213859999999999
2025-01-23 12:00:00,0.595978
2025-01-23 13:00:00,0.6240640000000001
2025-01-23 14:00:00,0.574264
2025-01-23 15:00:00,0.42340800000000006
2025-01-23 16:00:00,0.111432
2025-01-23 17:00:00,0.032338
2025-01-23 18:00:00,0.00805399999999994
2025-01-23 19:00:00,0.0
2025-01-23 20:00:00,0.0
2025-01-23 21:00:00,0.0
2025-01-23 22:00:00,0.0
2025-01-23 23:00:00,0.0
2025-01-24 00:00:00,0.0
2025-01-24 01:00:00,0.0
2025-01-24 02:00:00,0.0
2025-01-24 03:00:00,0.0
2025-01-24 04:00:00,0.0
2025-01-24 05:00:00,0.0
2025-01-24 06:00:00,0.008398
2025-01-24 07:00:00,0.11337600000000003
2025-01-24 08:00:00,0.20888199999999993
2025-01-24 09:00:00,0.369552
2025-01-24 10:00:00,0.407646
2025-01-24 11:00:00,0.49909800000000004
2025-01-24 12:00:00,0.49057199999999995
2025-01-24 13:00:00,0.492722
2025-01-24 14:00:00,0.3448
2025-01-24 15:00:00,0.32793799999999995
2025-01-24 16:00:00,0.20673400000000003
2025-01-24 17:00:00,0.05493
2025-01-24 18:00:00,0.013537999999999939
2025-01-24 19:00:00,0.0
2025-01-24 20:00:00,0.0
2025-01-24 21:00:00,0.0
2025-01-24 22:00:00,0.0
2025-01-24 23:00:00,0.0
2025-01-25 00:00:00,0.0
2025-01-25 01:00:00,0.0
2025-01-25 02:00:00,0.0
2025-01-25 03:00:00,0.0
2025-01-25 04:00:00,0.0
2025-01-25 05:00:00,0.0
2025-01-25 06:00:00,0.013375999999999999
2025-01-25 07:00:00,0.18234199999999992
2025-01-25 08:00:00,0.356772
2025-01-25 09:00:00,0.577156
2025-01-25 10:00:00,0.611614
2025-01-25 11:00:00,0.741316
2025-01-25 12:00:00,0.7028120000000001
2025-01-25 13:00:00,0.718344
2025-01-25 14:00:00,0.5930580000000001
2025-01-25 15:00:00,0.430598
2025-01-25 16:00:00,0.18487
2025-01-25 17:00:00,0.05710799999999998
2025-01-25 18:00:00,0.025702000000000003
2025-01-25 19:00:00,0.0
2025-01-25 20:00:00,0.0
2025-01-25 21:00:00,0.0
2025-01-25 22:00:00,0.0
2025-01-25 23:00:00,0.0
2025-01-26 00:00:00,0.0
2025-01-26 01:00:00,0.0
2025-01-26 02:00:00,0.0
2025-01-26 03:00:00,0.0
2025-01-26 04:00:00,0.0
2025-01-26 05:00:00,0.0
2025-01-26 06:00:00,0.012389999999999981
2025-01-26 07:00:00,0.20379999999999998
2025-01-26 08:00:00,0.37073799999999996
2025-01-26 09:00:00,0.563038
2025-01-26 10:00:00,0.6704159999999999
2025-01-26 11:00:00,0.701122
2025-01-26 12:00:00,0.734634
2025-01-26 13:00:00,0.623954
2025-01-26 14:00:00,0.5459299999999999
2025-01-26 15:00:00,0.395242
2025-01-26 16:00:00,0.24386599999999997
2025-01-26 17:00:00,0.09475199999999998
2025-01-26 18:00:00,0.010165999999999998
2025-01-26 19:00:00,0.0
2025-01-26 20:00:00,0.0
2025-01-26 21:00:00,0.0
2025-01-26 22:00:00,0.0
2025-01-26 23:00:00,0.0
2025-01-27 00:00:00,0.0
2025-01-27 01:00:00,0.0
2025-01-27 02:00:00,0.0
2025-01-27 03:00:00,0.0
2025-01-27 04:00:00,0.0
2025-01-27 05:00:00,0.0
2025-01-27 06:00:00,0.01152199999999998
2025-01-27 07:00:00,0.27297199999999994
2025-01-27 08:00:00,0.455098
2025-01-27 09:00:00,0.60651
2025-01-27 10:00:00,0.648846
2025-01-27 11:00:00,0.71146
2025-01-27 12:00:00,0.734228
2025-01-27 13:00:00,0.658754
2025-01-27 14:00:00,0.557438
2025-01-27 15:00:00,0.3715260000000001
2025-01-27 16:00:00,0.24870400000000004
2025-01-27 17:00:00,0.08375599999999996
2025-01-27 18:00:00,0.029828000000000004
2025-01-27 19:00:00,0.0
2025-01-27 20:00:00,0.0
2025-01-27 21:00:00,0.0
2025-01-27 22:00:00,0.0
2025-01-27 23:00:00,0.0
2025-01-28 00:00:00,0.0
2025-01-28 01:00:00,0.0
2025-01-28 02:00:00,0.0
2025-01-28 03:00:00,0.0
2025-01-28 04:00:00,0.0
2025-01-28 05:00:00,0.0
2025-01-28 06:00:00,0.010444
2025-01-28 07:00:00,0.13190799999999997
2025-01-28 08:00:00,0.21637399999999993
2025-01-28 09:00:00,0.321168
2025-01-28 10:00:00,0.26000799999999996
2025-01-28 11:00:00,0.44661599999999996
2025-01-28 12:00:00,0.546144
2025-01-28 13:00:00,0.47075199999999995
2025-01-28 14:00:00,0.398834
2025-01-28 15:00:00,0.19446000000000002
2025-01-28 16:00:00,0.18899999999999997
2025-01-28 17:00:00,0.017478
2025-01-28 18:00:00,0.001816
2025-01-28 19:00:00,0.0
2025-01-28 20:00:00,0.0
2025-01-28 21:00:00,0.0
2025-01-28 22:00:00,0.0
2025-01-28 23:00:00,0.0
2025-01-29 00:00:00,0.0
2025-01-29 01:00:00,0.0
2025-01-29 02:00:00,0.0
2025-01-29 03:00:00,0.0
2025-01-29 04:00:00,0.0
2025-01-29 05:00:00,0.0
2025-01-29 06:00:00,0.00456599999999994
2025-01-29 07:00:00,0.140944
2025-01-29 08:00:00,0.35718400000000006
2025-01-29 09:00:00,0.512014
2025-01-29 10:00:00,0.3447739999999999
2025-01-29 11:00:00,0.5254040000000001
2025-01-29 12:00:00,0.5037240000000001
2025-01-29 13:00:00,0.40395799999999993
2025-01-29 14:00:00,0.43503600000000003
2025-01-29 15:00:00,0.17721800000000001
2025-01-29 16:00:00,0.24593600000000002
2025-01-29 17:00:00,0.07761399999999996
2025-01-29 18:00:00,0.00674999999999998
2025-01-29 19:00:00,0.0
2025-01-29 20:00:00,0.0
2025-01-29 21:00:00,0.0
2025-01-29 22:00:00,0.0
2025-01-29 23:00:00,0.0
2025-01-30 00:00:00,0.0
2025-01-30 01:00:00,0.0
2025-01-30 02:00:00,0.0
2025-01-30 03:00:00,0.0
2025-01-30 04:00:00,0.0
2025-01-30 05:00:00,0.0
2025-01-30 06:00:00,0.006236
2025-01-30 07:00:00,0.143152
2025-01-30 08:00:00,0.332148
2025-01-30 09:00:00,0.4697220000000001
2025-01-30 10:00:00,0.43451199999999995
2025-01-30 11:00:00,0.48473
2025-01-30 12:00:00,0.5336040000000001
2025-01-30 13:00:00,0.5802240000000001
2025-01-30 14:00:00,0.415056
2025-01-30 15:00:00,0.35798399999999997
2025-01-30 16:00:00,0.10742999999999998
2025-01-30 17:00:00,0.08432999999999999
2025-01-30 18:00:00,0.0076799999999999785
2025-01-30 19:00:00,0.0
2025-01-30 20:00:00,0.0
2025-01-30 21:00:00,0.0
2025-01-30 22:00:00,0.0
2025-01-30 23:00:00,0.0
2025-01-31 00:00:00,0.0
2025-01-31 01:00:00,0.0
2025-01-31 02:00:00,0.0
2025-01-31 03:00:00,0.0
2025-01-31 04:00:00,0.0
2025-01-31 05:00:00,0.0
2025-01-31 06:00:00,0.0027739999999999796
2025-01-31 07:00:00,0.18611400000000003
2025-01-31 08:00:00,0.24880999999999998
2025-01-31 09:00:00,0.43752399999999997
2025-01-31 10:00:00,0.45937400000000006
2025-01-31 11:00:00,0.53839
2025-01-31 12:00:00,0.48692599999999997
2025-01-31 13:00:00,0.550896
2025-01-31 14:00:00,0.5441819999999999
2025-01-31 15:00:00,0.3785760000000001
2025-01-31 16:00:00,0.175468
2025-01-31 17:00:00,0.04788799999999992
2025-01-31 18:00:00,0.001454
2025-01-31 19:00:00,0.0
2025-01-31 20:00:00,0.0
2025-01-31 21:00:00,0.0
2025-01-31 22:00:00,0.0
2025-01-31 23:00:00,0.0
2025-02-01 00:00:00,0.0
2025-02-01 01:00:00,0.0
2025-02-01 02:00:00,0.0
2025-02-01 03:00:00,0.0
2025-02-01 04:00:00,0.0
2025-02-01 05:00:00,0.0
2025-02-01 06:00:00,0.0063560000000000005
2025-02-01 07:00:00,0.04404200000000001
2025-02-01 08:00:00,0.088918
2025-02-01 09:00:00,0.18529600000000002
2025-02-01 10:00:00,0.522104
2025-02-01 11:00:00,0.5466719999999999
2025-02-01 12:00:00,0.673934
2025-02-01 13:00:00,0.626362
2025-02-01 14:00:00,0.27231999999999995
2025-02-01 15:00:00,0.10892399999999998
2025-02-01 16:00:00,0.052152
2025-02-01 17:00:00,0.019325999999999944
2025-02-01 18:00:00,0.0014
2025-02-01 19:00:00,0.0
2025-02-01 20:00:00,0.0
2025-02-01 21:00:00,0.0
2025-02-01 22:00:00,0.0
2025-02-01 23:00:00,0.0
2025-02-02 00:00:00,0.0
2025-02-02 01:00:00,0.0
2025-02-02 02:00:00,0.0
2025-02-02 03:00:00,0.0
2025-02-02 04:00:00,0.0
2025-02-02 05:00:00,0.0
2025-02-02 06:00:00,0.0027779999999999797
2025-02-02 07:00:00,0.11670200000000001
2025-02-02 08:00:00,0.24442199999999997
2025-02-02 09:00:00,0.430934
2025-02-02 10:00:00,0.569778
2025-02-02 11:00:00,0.525632
2025-02-02 12:00:00,0.583424
2025-02-02 13:00:00,0.504606
2025-02-02 14:00:00,0.48868600000000006
2025-02-02 15:00:00,0.34501
2025-02-02 16:00:00,0.17879599999999998
2025-02-02 17:00:00,0.072394
2025-02-02 18:00:00,0.00139599999999998
2025-02-02 19:00:00,0.0
2025-02-02 20:00:00,0.0
2025-02-02 21:00:00,0.0
2025-02-02 22:00:00,0.0
2025-02-02 23:00:00,0.0
2025-02-03 00:00:00,0.0
2025-02-03 01:00:00,0.0
2025-02-03 02:00:00,0.0
2025-02-03 03:00:00,0.0
2025-02-03 04:00:00,0.0
2025-02-03 05:00:00,0.0
2025-02-03 06:00:00,0.002306
2025-02-03 07:00:00,0.20272
2025-02-03 08:00:00,0.262476
2025-02-03 09:00:00,0.25695999999999997
2025-02-03 10:00:00,0.26913399999999993
2025-02-03 11:00:00,0.26490199999999997
2025-02-03 12:00:00,0.326184
2025-02-03 13:00:00,0.471388
2025-02-03 14:00:00,0.48358999999999996
2025-02-03 15:00:00,0.437322
2025-02-03 16:00:00,0.23873799999999998
2025-02-03 17:00:00,0.05287399999999994
2025-02-03 18:00:00,0.020086
2025-02-03 19:00:00,0.0
2025-02-03 20:00:00,0.0
2025-02-03 21:00:00,0.0
2025-02-03 22:00:00,0.0
2025-02-03 23:00:00,0.0
2025-02-04 00:00:00,0.0
2025-02-04 01:00:00,0.0
2025-02-04 02:00:00,0.0
2025-02-04 03:00:00,0.0
2025-02-04 04:00:00,0.0
2025-02-04 05:00:00,0.0
2025-02-04 06:00:00,0.002182
2025-02-04 07:00:00,0.090864
2025-02-04 08:00:00,0.143022
2025-02-04 09:00:00,0.266748
2025-02-04 10:00:00,0.3898259999999999
2025-02-04 11:00:00,0.5716620000000001
2025-02-04 12:00:00,0.688914
2025-02-04 13:00:00,0.596876
2025-02-04 14:00:00,0.455398
2025-02-04 15:00:00,0.26246
2025-02-04 16:00:00,0.24597199999999994
2025-02-04 17:00:00,0.05989399999999999
2025-02-04 18:00:00,0.0062439999999999996
2025-02-04 19:00:00,0.0
2025-02-04 20:00:00,0.0
2025-02-04 21:00:00,0.0
2025-02-04 22:00:00,0.0
2025-02-04 23:00:00,0.0
2025-02-05 00:00:00,0.0
2025-02-05 01:00:00,0.0
2025-02-05 02:00:00,0.0
2025-02-05 03:00:00,0.0
2025-02-05 04:00:00,0.0
2025-02-05 05:00:00,0.0
2025-02-05 06:00:00,0.00554
2025-02-05 07:00:00,0.13797599999999996
2025-02-05 08:00:00,0.23312
2025-02-05 09:00:00,0.396152
2025-02-05 10:00:00,0.5068159999999999
2025-02-05 11:00:00,0.42262400000000006
2025-02-05 12:00:00,0.5949139999999999
2025-02-05 13:00:00,0.45217
2025-02-05 14:00:00,0.43383000000000005
2025-02-05 15:00:00,0.336194
2025-02-05 16:00:00,0.158568
2025-02-05 17:00:00,0.026795999999999976
2025-02-05 18:00:00,0.001384
2025-02-05 19:00:00,0.0
2025-02-05 20:00:00,0.0
2025-02-05 21:00:00,0.0
2025-02-05 22:00:00,0.0
2025-02-05 23:00:00,0.0
2025-02-06 00:00:00,0.0
2025-02-06 01:00:00,0.0
2025-02-06 02:00:00,0.0
2025-02-06 03:00:00,0.0
2025-02-06 04:00:00,0.0
2025-02-06 05:00:00,0.0
2025-02-06 06:00:00,0.0033160000000000004
2025-02-06 07:00:00,0.15390399999999999
2025-02-06 08:00:00,0.32021999999999995
2025-02-06 09:00:00,0.402628
2025-02-06 10:00:00,0.51198
2025-02-06 11:00:00,0.6041380000000001
2025-02-06 12:00:00,0.6794020000000001
2025-02-06 13:00:00,0.48848400000000003
2025-02-06 14:00:00,0.364626
2025-02-06 15:00:00,0.21567799999999998
2025-02-06 16:00:00,0.11292200000000001
2025-02-06 17:00:00,0.042775999999999995
2025-02-06 18:00:00,0.007625999999999982
2025-02-06 19:00:00,0.0
2025-02-06 20:00:00,0.0
2025-02-06 21:00:00,0.0
2025-02-06 22:00:00,0.0
2025-02-06 23:00:00,0.0
2025-02-07 00:00:00,0.0
2025-02-07 01:00:00,0.0
2025-02-07 02:00:00,0.0
2025-02-07 03:00:00,0.0
2025-02-07 04:00:00,0.0
2025-02-07 05:00:00,0.0
2025-02-07 06:00:00,0.00287399999999998
2025-02-07 07:00:00,0.181624
2025-02-07 08:00:00,0.260368
2025-02-07 09:00:00,0.45271799999999995
2025-02-07 10:00:00,0.594532
2025-02-07 11:00:00,0.6420239999999999
2025-02-07 12:00:00,0.27512799999999993
2025-02-07 13:00:00,0.494364
2025-02-07 14:00:00,0.265342
2025-02-07 15:00:00,0.17368199999999998
2025-02-07 16:00:00,0.07997599999999996
2025-02-07 17:00:00,0.02443
2025-02-07 18:00:00,0.020589999999999976
2025-02-07 19:00:00,0.0
2025-02-07 20:00:00,0.0
2025-02-07 21:00:00,0.0
2025-02-07 22:00:00,0.0
2025-02-07 23:00:00,0.0
2025-02-08 00:00:00,0.0
2025-02-08 01:00:00,0.0
2025-02-08 02:00:00,0.0
2025-02-08 03:00:00,0.0
2025-02-08 04:00:00,0.0
2025-02-08 05:00:00,0.0
2025-02-08 06:00:00,0.0038499999999999394
2025-02-08 07:00:00,0.17207599999999998
2025-02-08 08:00:00,0.36802399999999996
2025-02-08 09:00:00,0.490638
2025-02-08 10:00:00,0.5414000000000001
2025-02-08 11:00:00,0.5903539999999999
2025-02-08 12:00:00,0.66466
2025-02-08 13:00:00,0.564632
2025-02-08 14:00:00,0.45232799999999995
2025-02-08 15:00:00,0.14808400000000002
2025-02-08 16:00:00,0.08858
2025-02-08 17:00:00,0.086684
2025-02-08 18:00:00,0.014373999999999939
2025-02-08 19:00:00,0.0
2025-02-08 20:00:00,0.0
2025-02-08 21:00:00,0.0
2025-02-08 22:00:00,0.0
2025-02-08 23:00:00,0.0
2025-02-09 00:00:00,0.0
2025-02-09 01:00:00,0.0
2025-02-09 02:00:00,0.0
2025-02-09 03:00:00,0.0
2025-02-09 04:00:00,0.0
2025-02-09 05:00:00,0.0
2025-02-09 06:00:00,0.0035739999999999396
2025-02-09 07:00:00,0.24644999999999997
2025-02-09 08:00:00,0.442164
2025-02-09 09:00:00,0.6051880000000001
2025-02-09 10:00:00,0.678418
2025-02-09 11:00:00,0.628984
2025-02-09 12:00:00,0.590204
2025-02-09 13:00:00,0.5459419999999999
2025-02-09 14:00:00,0.40853199999999995
2025-02-09 15:00:00,0.386358
2025-02-09 16:00:00,0.21634000000000003
2025-02-09 17:00:00,0.08844399999999998
2025-02-09 18:00:00,0.00178399999999998
2025-02-09 19:00:00,0.0
2025-02-09 20:00:00,0.0
2025-02-09 21:00:00,0.0
2025-02-09 22:00:00,0.0
2025-02-09 23:00:00,0.0
2025-02-10 00:00:00,0.0
2025-02-10 01:00:00,0.0
2025-02-10 02:00:00,0.0
2025-02-10 03:00:00,0.0
2025-02-10 04:00:00,0.0
2025-02-10 05:00:00,0.0
2025-02-10 06:00:00,0.00051599999999998
2025-02-10 07:00:00,0.171668
2025-02-10 08:00:00,0.37986400000000003
2025-02-10 09:00:00,0.598662
2025-02-10 10:00:00,0.5691799999999999
2025-02-10 11:00:00,0.39281600000000005
2025-02-10 12:00:00,0.520278
2025-02-10 13:00:00,0.60418
2025-02-10 14:00:00,0.505162
2025-02-10 15:00:00,0.32107399999999997
2025-02-10 16:00:00,0.15994599999999995
2025-02-10 17:00:00,0.03454999999999998
2025-02-10 18:00:00,0.006090000000000001
2025-02-10 19:00:00,0.0
2025-02-10 20:00:00,0.0
2025-02-10 21:00:00,0.0
2025-02-10 22:00:00,0.0
2025-02-10 23:00:00,0.0
2025-02-11 00:00:00,0.0
2025-02-11 01:00:00,0.0
2025-02-11 02:00:00,0.0
2025-02-11 03:00:00,0.0
2025-02-11 04:00:00,0.0
2025-02-11 05:00:00,0.0
2025-02-11 06:00:00,0.0
2025-02-11 07:00:00,0.10986599999999999
2025-02-11 08:00:00,0.30252799999999996
2025-02-11 09:00:00,0.35635
2025-02-11 10:00:00,0.48146199999999995
2025-02-11 11:00:00,0.4923539999999999
2025-02-11 12:00:00,0.49470000000000003
2025-02-11 13:00:00,0.2904059999999999
2025-02-11 14:00:00,0.4332540000000001
2025-02-11 15:00:00,0.145366
2025-02-11 16:00:00,0.08568
2025-02-11 17:00:00,0.03293399999999994
2025-02-11 18:00:00,0.0056560000000000004
2025-02-11 19:00:00,0.0
2025-02-11 20:00:00,0.0
2025-02-11 21:00:00,0.0
2025-02-11 22:00:00,0.0
2025-02-11 23:00:00,0.0
2025-02-12 00:00:00,0.0
2025-02-12 01:00:00,0.0
2025-02-12 02:00:00,0.0
2025-02-12 03:00:00,0.0
2025-02-12 04:00:00,0.0
2025-02-12 05:00:00,0.0
2025-02-12 06:00:00,0.001382
2025-02-12 07:00:00,0.12734600000000001
2025-02-12 08:00:00,0.23277199999999998
2025-02-12 09:00:00,0.290836
2025-02-12 10:00:00,0.40537600000000007
2025-02-12 11:00:00,0.43326200000000004
2025-02-12 12:00:00,0.47053200000000006
2025-02-12 13:00:00,0.27512400000000004
2025-02-12 14:00:00,0.167276
2025-02-12 15:00:00,0.12195199999999999
2025-02-12 16:00:00,0.12822399999999998
2025-02-12 17:00:00,0.07980200000000001
2025-02-12 18:00:00,0.001256
2025-02-12 19:00:00,0.0
2025-02-12 20:00:00,0.0
2025-02-12 21:00:00,0.0
2025-02-12 22:00:00,0.0
2025-02-12 23:00:00,0.0
2025-02-13 00:00:00,0.0
2025-02-13 01:00:00,0.0
2025-02-13 02:00:00,0.0
2025-02-13 03:00:00,0.0
2025-02-13 04:00:00,0.0
2025-02-13 05:00:00,0.0
2025-02-13 06:00:00,0.00114
2025-02-13 07:00:00,0.154638
2025-02-13 08:00:00,0.274038
2025-02-13 09:00:00,0.4920999999999999
2025-02-13 10:00:00,0.545772
2025-02-13 11:00:00,0.5731120000000001
2025-02-13 12:00:00,0.6308800000000001
2025-02-13 13:00:00,0.5509899999999999
2025-02-13 14:00:00,0.41769
2025-02-13 15:00:00,0.16254200000000002
2025-02-13 16:00:00,0.08005200000000001
2025-02-13 17:00:00,0.018729999999999976
2025-02-13 18:00:00,0.005836000000000001
2025-02-13 19:00:00,0.0
2025-02-13 20:00:00,0.0
2025-02-13 21:00:00,0.0
2025-02-13 22:00:00,0.0
2025-02-13 23:00:00,0.0
2025-02-14 00:00:00,0.0
2025-02-14 01:00:00,0.0
2025-02-14 02:00:00,0.0
2025-02-14 03:00:00,0.0
2025-02-14 04:00:00,0.0
2025-02-14 05:00:00,0.0
2025-02-14 06:00:00,0.0
2025-02-14 07:00:00,0.17191199999999998
2025-02-14 08:00:00,0.36830599999999997
2025-02-14 09:00:00,0.330418
2025-02-14 10:00:00,0.5099360000000001
2025-02-14 11:00:00,0.7128279999999998
2025-02-14 12:00:00,0.715606
2025-02-14 13:00:00,0.6730980000000001
2025-02-14 14:00:00,0.368336
2025-02-14 15:00:00,0.17221999999999998
2025-02-14 16:00:00,0.23482399999999998
2025-02-14 17:00:00,0.053564
2025-02-14 18:00:00,0.013385999999999981
2025-02-14 19:00:00,0.0
2025-02-14 20:00:00,0.0
2025-02-14 21:00:00,0.0
2025-02-14 22:00:00,0.0
2025-02-14 23:00:00,0.0
2025-02-15 00:00:00,0.0
2025-02-15 01:00:00,0.0
2025-02-15 02:00:00,0.0
2025-02-15 03:00:00,0.0
2025-02-15 04:00:00,0.0
2025-02-15 05:00:00,0.0
2025-02-15 06:00:00,0.00051
2025-02-15 07:00:00,0.22817199999999999
2025-02-15 08:00:00,0.36143000000000003
2025-02-15 09:00:00,0.599042
2025-02-15 10:00:00,0.684872
2025-02-15 11:00:00,0.6838660000000001
2025-02-15 12:00:00,0.659156
2025-02-15 13:00:00,0.700448
2025-02-15 14:00:00,0.4662240000000001
2025-02-15 15:00:00,0.3286879999999999
2025-02-15 16:00:00,0.07569000000000001
2025-02-15 17:00:00,0.020151999999999996
2025-02-15 18:00:00,0.00466799999999994
2025-02-15 19:00:00,0.0
2025-02-15 20:00:00,0.0
2025-02-15 21:00:00,0.0
2025-02-15 22:00:00,0.0
2025-02-15 23:00:00,0.0
2025-02-16 00:00:00,0.0
2025-02-16 01:00:00,0.0
2025-02-16 02:00:00,0.0
2025-02-16 03:00:00,0.0
2025-02-16 04:00:00,0.0
2025-02-16 05:00:00,0.0
2025-02-16 06:00:00,5.4e-05
2025-02-16 07:00:00,0.16865200000000002
2025-02-16 08:00:00,0.35288600000000003
2025-02-16 09:00:00,0.341406
2025-02-16 10:00:00,0.61731
2025-02-16 11:00:00,0.500694
2025-02-16 12:00:00,0.5417919999999999
2025-02-16 13:00:00,0.538564
2025-02-16 14:00:00,0.38914999999999994
2025-02-16 15:00:00,0.36039800000000005
2025-02-16 16:00:00,0.225658
2025-02-16 17:00:00,0.09527199999999994
2025-02-16 18:00:00,0.008990000000000001
2025-02-16 19:00:00,0.0
2025-02-16 20:00:00,0.0
2025-02-16 21:00:00,0.0
2025-02-16 22:00:00,0.0
2025-02-16 23:00:00,0.0
2025-02-17 00:00:00,0.0
2025-02-17 01:00:00,0.0
2025-02-17 02:00:00,0.0
2025-02-17 03:00:00,0.0
2025-02-17 04:00:00,0.0
2025-02-17 05:00:00,0.0
2025-02-17 06:00:00,0.0
2025-02-17 07:00:00,0.08196999999999999
2025-02-17 08:00:00,0.15849799999999997
2025-02-17 09:00:00,0.3164619999999999
2025-02-17 10:00:00,0.49066200000000004
2025-02-17 11:00:00,0.550876
2025-02-17 12:00:00,0.37660000000000005
2025-02-17 13:00:00,0.6110260000000001
2025-02-17 14:00:00,0.4711600000000001
2025-02-17 15:00:00,0.312844
2025-02-17 16:00:00,0.198784
2025-02-17 17:00:00,0.04250399999999994
2025-02-17 18:00:00,0.0005899999999999999
2025-02-17 19:00:00,0.0
2025-02-17 20:00:00,0.0
2025-02-17 21:00:00,0.0
2025-02-17 22:00:00,0.0
2025-02-17 23:00:00,0.0
2025-02-18 00:00:00,0.0
2025-02-18 01:00:00,0.0
2025-02-18 02:00:00,0.0
2025-02-18 03:00:00,0.0
2025-02-18 04:00:00,0.0
2025-02-18 05:00:00,0.0
2025-02-18 06:00:00,0.0
2025-02-18 07:00:00,0.12016799999999998
2025-02-18 08:00:00,0.24679600000000002
2025-02-18 09:00:00,0.436428
2025-02-18 10:00:00,0.567526
2025-02-18 11:00:00,0.43880800000000003
2025-02-18 12:00:00,0.534798
2025-02-18 13:00:00,0.26668400000000003
2025-02-18 14:00:00,0.25707399999999997
2025-02-18 15:00:00,0.162792
2025-02-18 16:00:00,0.08867599999999999
2025-02-18 17:00:00,0.019769999999999982
2025-02-18 18:00:00,0.009196
2025-02-18 19:00:00,0.0
2025-02-18 20:00:00,0.0
2025-02-18 21:00:00,0.0
2025-02-18 22:00:00,0.0
2025-02-18 23:00:00,0.0
2025-02-19 00:00:00,0.0
2025-02-19 01:00:00,0.0
2025-02-19 02:00:00,0.0
2025-02-19 03:00:00,0.0
2025-02-19 04:00:00,0.0
2025-02-19 05:00:00,0.0
2025-02-19 06:00:00,0.0
2025-02-19 07:00:00,0.134038
2025-02-19 08:00:00,0.20627399999999999
2025-02-19 09:00:00,0.381374
2025-02-19 10:00:00,0.48141200000000006
2025-02-19 11:00:00,0.5227539999999999
2025-02-19 12:00:00,0.5214
2025-02-19 13:00:00,0.6704300000000001
2025-02-19 14:00:00,0.553056
2025-02-19 15:00:00,0.393474
2025-02-19 16:00:00,0.186346
2025-02-19 17:00:00,0.07518799999999999
2025-02-19 18:00:00,0.01835199999999998
2025-02-19 19:00:00,0.0
2025-02-19 20:00:00,0.0
2025-02-19 21:00:00,0.0
2025-02-19 22:00:00,0.0
2025-02-19 23:00:00,0.0
2025-02-20 00:00:00,0.0
2025-02-20 01:00:00,0.0
2025-02-20 02:00:00,0.0
2025-02-20 03:00:00,0.0
2025-02-20 04:00:00,0.0
2025-02-20 05:00:00,0.0
2025-02-20 06:00:00,0.0
2025-02-20 07:00:00,0.165052
2025-02-20 08:00:00,0.419648
2025-02-20 09:00:00,0.448118
2025-02-20 10:00:00,0.6751340000000001
2025-02-20 11:00:00,0.6160699999999999
2025-02-20 12:00:00,0.726464
2025-02-20 13:00:00,0.647686
2025-02-20 14:00:00,0.5439700000000001
2025-02-20 15:00:00,0.342168
2025-02-20 16:00:00,0.16882999999999998
2025-02-20 17:00:00,0.061581999999999984
2025-02-20 18:00:00,0.01865
2025-02-20 19:00:00,0.0
2025-02-20 20:00:00,0.0
2025-02-20 21:00:00,0.0
2025-02-20 22:00:00,0.0
2025-02-20 23:00:00,0.0
2025-02-21 00:00:00,0.0
2025-02-21 01:00:00,0.0
2025-02-21 02:00:00,0.0
2025-02-21 03:00:00,0.0
2025-02-21 04:00:00,0.0
2025-02-21 05:00:00,0.0
2025-02-21 06:00:00,0.0
2025-02-21 07:00:00,0.21549800000000002
2025-02-21 08:00:00,0.31069800000000003
2025-02-21 09:00:00,0.41645600000000005
2025-02-21 10:00:00,0.655032
2025-02-21 11:00:00,0.58293
2025-02-21 12:00:00,0.6444479999999999
2025-02-21 13:00:00,0.48456400000000005
2025-02-21 14:00:00,0.493096
2025-02-21 15:00:00,0.23290799999999998
2025-02-21 16:00:00,0.112716
2025-02-21 17:00:00,0.04753600000000001
2025-02-21 18:00:00,0.00297
2025-02-21 19:00:00,0.0
2025-02-21 20:00:00,0.0
2025-02-21 21:00:00,0.0
2025-02-21 22:00:00,0.0
2025-02-21 23:00:00,0.0
2025-02-22 00:00:00,0.0
2025-02-22 01:00:00,0.0
2025-02-22 02:00:00,0.0
2025-02-22 03:00:00,0.0
2025-02-22 04:00:00,0.0
2025-02-22 05:00:00,0.0
2025-02-22 06:00:00,0.0
2025-02-22 07:00:00,0.22271000000000002
2025-02-22 08:00:00,0.40818000000000004
2025-02-22 09:00:00,0.6250959999999999
2025-02-22 10:00:00,0.7084199999999999
2025-02-22 11:00:00,0.6588799999999999
2025-02-22 12:00:00,0.679546
2025-02-22 13:00:00,0.441644
2025-02-22 14:00:00,0.12494999999999998
2025-02-22 15:00:00,0.21372399999999997
2025-02-22 16:00:00,0.072458
2025-02-22 17:00:00,0.03746000000000001
2025-02-22 18:00:00,0.004415999999999981
2025-02-22 19:00:00,0.0
2025-02-22 20:00:00,0.0
2025-02-22 21:00:00,0.0
2025-02-22 22:00:00,0.0
2025-02-22 23:00:00,0.0
2025-02-23 00:00:00,0.0
2025-02-23 01:00:00,0.0
2025-02-23 02:00:00,0.0
2025-02-23 03:00:00,0.0
2025-02-23 04:00:00,0.0
2025-02-23 05:00:00,0.0
2025-02-23 06:00:00,0.0
2025-02-23 07:00:00,0.189216
2025-02-23 08:00:00,0.4346239999999999
2025-02-23 09:00:00,0.6285200000000001
2025-02-23 10:00:00,0.681544
2025-02-23 11:00:00,0.6981780000000001
2025-02-23 12:00:00,0.647918
2025-02-23 13:00:00,0.41347199999999995
2025-02-23 14:00:00,0.28981799999999996
2025-02-23 15:00:00,0.2142339999999999
2025-02-23 16:00:00,0.14151599999999998
2025-02-23 17:00:00,0.04146399999999997
2025-02-23 18:00:00,0.00429599999999998
2025-02-23 19:00:00,0.0
2025-02-23 20:00:00,0.0
2025-02-23 21:00:00,0.0
2025-02-23 22:00:00,0.0
2025-02-23 23:00:00,0.0
2025-02-24 00:00:00,0.0
2025-02-24 01:00:00,0.0
2025-02-24 02:00:00,0.0
2025-02-24 03:00:00,0.0
2025-02-24 04:00:00,0.0
2025-02-24 05:00:00,0.0
2025-02-24 06:00:00,0.0
2025-02-24 07:00:00,0.151104
2025-02-24 08:00:00,0.401628
2025-02-24 09:00:00,0.622952
2025-02-24 10:00:00,0.6269160000000001
2025-02-24 11:00:00,0.658872
2025-02-24 12:00:00,0.638814
2025-02-24 13:00:00,0.584924
2025-02-24 14:00:00,0.364294
2025-02-24 15:00:00,0.45929000000000003
2025-02-24 16:00:00,0.15512199999999995
2025-02-24 17:00:00,0.012573999999999998
2025-02-24 18:00:00,0.00023799999999992
2025-02-24 19:00:00,0.0
2025-02-24 20:00:00,0.0
2025-02-24 21:00:00,0.0
2025-02-24 22:00:00,0.0
2025-02-24 23:00:00,0.0
2025-02-25 00:00:00,0.0
2025-02-25 01:00:00,0.0
2025-02-25 02:00:00,0.0
2025-02-25 03:00:00,0.0
2025-02-25 04:00:00,0.0
2025-02-25 05:00:00,0.0
2025-02-25 06:00:00,0.0
2025-02-25 07:00:00,0.19401200000000002
2025-02-25 08:00:00,0.374278
2025-02-25 09:00:00,0.363356
2025-02-25 10:00:00,0.44478799999999985
2025-02-25 11:00:00,0.64842
2025-02-25 12:00:00,0.561908
2025-02-25 13:00:00,0.587754
2025-02-25 14:00:00,0.522204
2025-02-25 15:00:00,0.35082399999999997
2025-02-25 16:00:00,0.20449599999999993
2025-02-25 17:00:00,0.03511599999999994
2025-02-25 18:00:00,0.0037359999999999802
2025-02-25 19:00:00,0.0
2025-02-25 20:00:00,0.0
2025-02-25 21:00:00,0.0
2025-02-25 22:00:00,0.0
2025-02-25 23:00:00,0.0
2025-02-26 00:00:00,0.0
2025-02-26 01:00:00,0.0
2025-02-26 02:00:00,0.0
2025-02-26 03:00:00,0.0
2025-02-26 04:00:00,0.0
2025-02-26 05:00:00,0.0
2025-02-26 06:00:00,0.0
2025-02-26 07:00:00,0.17859
2025-02-26 08:00:00,0.319168
2025-02-26 09:00:00,0.4278219999999999
2025-02-26 10:00:00,0.6226119999999999
2025-02-26 11:00:00,0.611756
2025-02-26 12:00:00,0.579716
2025-02-26 13:00:00,0.5566679999999999
2025-02-26 14:00:00,0.498422
2025-02-26 15:00:00,0.325244
2025-02-26 16:00:00,0.20138399999999995
2025-02-26 17:00:00,0.05642399999999999
2025-02-26 18:00:00,0.0068059999999999996
2025-02-26 19:00:00,0.0
2025-02-26 20:00:00,0.0
2025-02-26 21:00:00,0.0
2025-02-26 22:00:00,0.0
2025-02-26 23:00:00,0.0
2025-02-27 00:00:00,0.0
2025-02-27 01:00:00,0.0
2025-02-27 02:00:00,0.0
2025-02-27 03:00:00,0.0
2025-02-27 04:00:00,0.0
2025-02-27 05:00:00,0.0
2025-02-27 06:00:00,0.0
2025-02-27 07:00:00,0.145524
2025-02-27 08:00:00,0.342792
2025-02-27 09:00:00,0.475448
2025-02-27 10:00:00,0.57377
2025-02-27 11:00:00,0.612636
2025-02-27 12:00:00,0.669036
2025-02-27 13:00:00,0.6328239999999999
2025-02-27 14:00:00,0.5663579999999999
2025-02-27 15:00:00,0.217028
2025-02-27 16:00:00,0.07766799999999997
2025-02-27 17:00:00,0.011622
2025-02-27 18:00:00,0.0
2025-02-27 19:00:00,0.0
2025-02-27 20:00:00,0.0
2025-02-27 21:00:00,0.0
2025-02-27 22:00:00,0.0
2025-02-27 23:00:00,0.0
2025-02-28 00:00:00,0.0
2025-02-28 01:00:00,0.0
2025-02-28 02:00:00,0.0
2025-02-28 03:00:00,0.0
2025-02-28 04:00:00,0.0
2025-02-28 05:00:00,0.0
2025-02-28 06:00:00,0.0
2025-02-28 07:00:00,0.19061999999999998
2025-02-28 08:00:00,0.3300599999999999
2025-02-28 09:00:00,0.557208
2025-02-28 10:00:00,0.69069
2025-02-28 11:00:00,0.690388
2025-02-28 12:00:00,0.6930540000000001
2025-02-28 13:00:00,0.6723060000000001
2025-02-28 14:00:00,0.5682959999999999
2025-02-28 15:00:00,0.418182
2025-02-28 16:00:00,0.20949800000000002
2025-02-28 17:00:00,0.040946
2025-02-28 18:00:00,0.005632
2025-02-28 19:00:00,0.0
2025-02-28 20:00:00,0.0
2025-02-28 21:00:00,0.0
2025-02-28 22:00:00,0.0
2025-02-28 23:00:00,0.0
2025-03-01 00:00:00,0.0
2025-03-01 01:00:00,0.0
2025-03-01 02:00:00,0.0
2025-03-01 03:00:00,0.0
2025-03-01 04:00:00,0.0
2025-03-01 05:00:00,0.0
2025-03-01 06:00:00,0.0
2025-03-01 07:00:00,0.23380799999999996
2025-03-01 08:00:00,0.47502400000000006
2025-03-01 09:00:00,0.6323380000000001
2025-03-01 10:00:00,0.6899360000000001
2025-03-01 11:00:00,0.769044
2025-03-01 12:00:00,0.7573640000000001
2025-03-01 13:00:00,0.638514
2025-03-01 14:00:00,0.5832880000000001
2025-03-01 15:00:00,0.425946
2025-03-01 16:00:00,0.241898
2025-03-01 17:00:00,0.07142399999999992
2025-03-01 18:00:00,0.014928
2025-03-01 19:00:00,0.0
2025-03-01 20:00:00,0.0
2025-03-01 21:00:00,0.0
2025-03-01 22:00:00,0.0
2025-03-01 23:00:00,0.0
2025-03-02 00:00:00,0.0
2025-03-02 01:00:00,0.0
2025-03-02 02:00:00,0.0
2025-03-02 03:00:00,0.0
2025-03-02 04:00:00,0.0
2025-03-02 05:00:00,0.0
2025-03-02 06:00:00,0.0
2025-03-02 07:00:00,0.236492
2025-03-02 08:00:00,0.43444000000000005
2025-03-02 09:00:00,0.6201099999999999
2025-03-02 10:00:00,0.639812
2025-03-02 11:00:00,0.6662140000000001
2025-03-02 12:00:00,0.688512
2025-03-02 13:00:00,0.638738
2025-03-02 14:00:00,0.499624
2025-03-02 15:00:00,0.20200199999999996
2025-03-02 16:00:00,0.11133799999999996
2025-03-02 17:00:00,0.041536000000000003
2025-03-02 18:00:00,0.0017760000000000002
2025-03-02 19:00:00,0.0
2025-03-02 20:00:00,0.0
2025-03-02 21:00:00,0.0
2025-03-02 22:00:00,0.0
2025-03-02 23:00:00,0.0
2025-03-03 00:00:00,0.0
2025-03-03 01:00:00,0.0
2025-03-03 02:00:00,0.0
2025-03-03 03:00:00,0.0
2025-03-03 04:00:00,0.0
2025-03-03 05:00:00,0.0
2025-03-03 06:00:00,0.0
2025-03-03 07:00:00,0.23351399999999994
2025-03-03 08:00:00,0.4633679999999999
2025-03-03 09:00:00,0.642234
2025-03-03 10:00:00,0.73074
2025-03-03 11:00:00,0.7664880000000001
2025-03-03 12:00:00,0.7395460000000001
2025-03-03 13:00:00,0.661454
2025-03-03 14:00:00,0.5232319999999999
2025-03-03 15:00:00,0.425944
2025-03-03 16:00:00,0.237412
2025-03-03 17:00:00,0.06670000000000001
2025-03-03 18:00:00,0.002664
2025-03-03 19:00:00,0.0
2025-03-03 20:00:00,0.0
2025-03-03 21:00:00,0.0
2025-03-03 22:00:00,0.0
2025-03-03 23:00:00,0.0
2025-03-04 00:00:00,0.0
2025-03-04 01:00:00,0.0
2025-03-04 02:00:00,0.0
2025-03-04 03:00:00,0.0
2025-03-04 04:00:00,0.0
2025-03-04 05:00:00,0.0
2025-03-04 06:00:00,0.0
2025-03-04 07:00:00,0.11457199999999998
2025-03-04 08:00:00,0.249518
2025-03-04 09:00:00,0.553534
2025-03-04 10:00:00,0.702558
2025-03-04 11:00:00,0.738046
2025-03-04 12:00:00,0.7297480000000001
2025-03-04 13:00:00,0.6394620000000001
2025-03-04 14:00:00,0.41318800000000006
2025-03-04 15:00:00,0.281512
2025-03-04 16:00:00,0.226034
2025-03-04 17:00:00,0.03511399999999999
2025-03-04 18:00:00,0.000272
2025-03-04 19:00:00,0.0
2025-03-04 20:00:00,0.0
2025-03-04 21:00:00,0.0
2025-03-04 22:00:00,0.0
2025-03-04 23:00:00,0.0
2025-03-05 00:00:00,0.0
2025-03-05 01:00:00,0.0
2025-03-05 02:00:00,0.0
2025-03-05 03:00:00,0.0
2025-03-05 04:00:00,0.0
2025-03-05 05:00:00,0.0
2025-03-05 06:00:00,0.0
2025-03-05 07:00:00,0.120364
2025-03-05 08:00:00,0.16577599999999998
2025-03-05 09:00:00,0.524746
2025-03-05 10:00:00,0.48131199999999996
2025-03-05 11:00:00,0.404278
2025-03-05 12:00:00,0.34547399999999995
2025-03-05 13:00:00,0.5949960000000001
2025-03-05 14:00:00,0.44227999999999995
2025-03-05 15:00:00,0.30443599999999993
2025-03-05 16:00:00,0.110782
2025-03-05 17:00:00,0.040674
2025-03-05 18:00:00,0.00015000000000000001
2025-03-05 19:00:00,0.0
2025-03-05 20:00:00,0.0
2025-03-05 21:00:00,0.0
2025-03-05 22:00:00,0.0
2025-03-05 23:00:00,0.0
2025-03-06 00:00:00,0.0
2025-03-06 01:00:00,0.0
2025-03-06 02:00:00,0.0
2025-03-06 03:00:00,0.0
2025-03-06 04:00:00,0.0
2025-03-06 05:00:00,0.0
2025-03-06 06:00:00,0.0
2025-03-06 07:00:00,0.114798
2025-03-06 08:00:00,0.152896
2025-03-06 09:00:00,0.30029399999999995
2025-03-06 10:00:00,0.43445800000000007
2025-03-06 11:00:00,0.639394
2025-03-06 12:00:00,0.683558
2025-03-06 13:00:00,0.5592620000000001
2025-03-06 14:00:00,0.519984
2025-03-06 15:00:00,0.38723799999999997
2025-03-06 16:00:00,0.22582999999999998
2025-03-06 17:00:00,0.07234399999999999
2025-03-06 18:00:00,0.0
2025-03-06 19:00:00,0.0
2025-03-06 20:00:00,0.0
2025-03-06 21:00:00,0.0
2025-03-06 22:00:00,0.0
2025-03-06 23:00:00,0.0
2025-03-07 00:00:00,0.0
2025-03-07 01:00:00,0.0
2025-03-07 02:00:00,0.0
2025-03-07 03:00:00,0.0
2025-03-07 04:00:00,0.0
2025-03-07 05:00:00,0.0
2025-03-07 06:00:00,0.0
2025-03-07 07:00:00,0.06544399999999999
2025-03-07 08:00:00,0.29633999999999994
2025-03-07 09:00:00,0.214128
2025-03-07 10:00:00,0.33497600000000005
2025-03-07 11:00:00,0.6302220000000001
2025-03-07 12:00:00,0.656452
2025-03-07 13:00:00,0.6286200000000001
2025-03-07 14:00:00,0.555244
2025-03-07 15:00:00,0.273846
2025-03-07 16:00:00,0.053717999999999946
2025-03-07 17:00:00,0.06530999999999995
2025-03-07 18:00:00,0.0
2025-03-07 19:00:00,0.0
2025-03-07 20:00:00,0.0
2025-03-07 21:00:00,0.0
2025-03-07 22:00:00,0.0
2025-03-07 23:00:00,0.0
2025-03-08 00:00:00,0.0
2025-03-08 01:00:00,0.0
2025-03-08 02:00:00,0.0
2025-03-08 03:00:00,0.0
2025-03-08 04:00:00,0.0
2025-03-08 05:00:00,0.0
2025-03-08 06:00:00,0.0
2025-03-08 07:00:00,0.179742
2025-03-08 08:00:00,0.27981999999999996
2025-03-08 09:00:00,0.511062
2025-03-08 10:00:00,0.486578
2025-03-08 11:00:00,0.333478
2025-03-08 12:00:00,0.3917879999999999
2025-03-08 13:00:00,0.3685860000000001
2025-03-08 14:00:00,0.4943180000000001
2025-03-08 15:00:00,0.38309000000000004
2025-03-08 16:00:00,0.233774
2025-03-08 17:00:00,0.024591999999999996
2025-03-08 18:00:00,0.001974
2025-03-08 19:00:00,0.0
2025-03-08 20:00:00,0.0
2025-03-08 21:00:00,0.0
2025-03-08 22:00:00,0.0
2025-03-08 23:00:00,0.0
2025-03-09 00:00:00,0.0
2025-03-09 01:00:00,0.0
2025-03-09 02:00:00,0.0
2025-03-09 03:00:00,0.0
2025-03-09 04:00:00,0.0
2025-03-09 05:00:00,0.0
2025-03-09 06:00:00,0.0
2025-03-09 07:00:00,0.219018
2025-03-09 08:00:00,0.424972
2025-03-09 09:00:00,0.581948
2025-03-09 10:00:00,0.555432
2025-03-09 11:00:00,0.6694359999999999
2025-03-09 12:00:00,0.5416420000000001
2025-03-09 13:00:00,0.6151519999999999
2025-03-09 14:00:00,0.53712
2025-03-09 15:00:00,0.22687400000000002
2025-03-09 16:00:00,0.16609999999999997
2025-03-09 17:00:00,0.025625999999999982
2025-03-09 18:00:00,0.0028580000000000003
2025-03-09 19:00:00,0.0
2025-03-09 20:00:00,0.0
2025-03-09 21:00:00,0.0
2025-03-09 22:00:00,0.0
2025-03-09 23:00:00,0.0
2025-03-10 00:00:00,0.0
2025-03-10 01:00:00,0.0
2025-03-10 02:00:00,0.0
2025-03-10 03:00:00,0.0
2025-03-10 04:00:00,0.0
2025-03-10 05:00:00,0.0
2025-03-10 06:00:00,0.0
2025-03-10 07:00:00,0.22578800000000002
2025-03-10 08:00:00,0.468842
2025-03-10 09:00:00,0.6293940000000001
2025-03-10 10:00:00,0.7014720000000001
2025-03-10 11:00:00,0.6789120000000001
2025-03-10 12:00:00,0.69647
2025-03-10 13:00:00,0.683164
2025-03-10 14:00:00,0.546716
2025-03-10 15:00:00,0.3220099999999999
2025-03-10 16:00:00,0.14268199999999992
2025-03-10 17:00:00,0.046158
2025-03-10 18:00:00,0.0
2025-03-10 19:00:00,0.0
2025-03-10 20:00:00,0.0
2025-03-10 21:00:00,0.0
2025-03-10 22:00:00,0.0
2025-03-10 23:00:00,0.0
2025-03-11 00:00:00,0.0
2025-03-11 01:00:00,0.0
2025-03-11 02:00:00,0.0
2025-03-11 03:00:00,0.0
2025-03-11 04:00:00,0.0
2025-03-11 05:00:00,0.0
2025-03-11 06:00:00,0.0
2025-03-11 07:00:00,0.09154
2025-03-11 08:00:00,0.26039399999999996
2025-03-11 09:00:00,0.36876
2025-03-11 10:00:00,0.46397199999999994
2025-03-11 11:00:00,0.4480180000000001
2025-03-11 12:00:00,0.361956
2025-03-11 13:00:00,0.234984
2025-03-11 14:00:00,0.10298999999999998
2025-03-11 15:00:00,0.20156999999999997
2025-03-11 16:00:00,0.072328
2025-03-11 17:00:00,0.023613999999999996
2025-03-11 18:00:00,0.000642
2025-03-11 19:00:00,0.0
2025-03-11 20:00:00,0.0
2025-03-11 21:00:00,0.0
2025-03-11 22:00:00,0.0
2025-03-11 23:00:00,0.0
2025-03-12 00:00:00,0.0
2025-03-12 01:00:00,0.0
2025-03-12 02:00:00,0.0
2025-03-12 03:00:00,0.0
2025-03-12 04:00:00,0.0
2025-03-12 05:00:00,0.0
2025-03-12 06:00:00,0.0
2025-03-12 07:00:00,0.04801999999999999
2025-03-12 08:00:00,0.206088
2025-03-12 09:00:00,0.3954
2025-03-12 10:00:00,0.5354559999999999
2025-03-12 11:00:00,0.47949200000000003
2025-03-12 12:00:00,0.6310040000000001
2025-03-12 13:00:00,0.510204
2025-03-12 14:00:00,0.483232
2025-03-12 15:00:00,0.310368
2025-03-12 16:00:00,0.14111
2025-03-12 17:00:00,0.00856999999999998
2025-03-12 18:00:00,0.0009480000000000001
2025-03-12 19:00:00,0.0
2025-03-12 20:00:00,0.0
2025-03-12 21:00:00,0.0
2025-03-12 22:00:00,0.0
2025-03-12 23:00:00,0.0
2025-03-13 00:00:00,0.0
2025-03-13 01:00:00,0.0
2025-03-13 02:00:00,0.0
2025-03-13 03:00:00,0.0
2025-03-13 04:00:00,0.0
2025-03-13 05:00:00,0.0
2025-03-13 06:00:00,0.0
2025-03-13 07:00:00,0.184934
2025-03-13 08:00:00,0.234408
2025-03-13 09:00:00,0.35995000000000005
2025-03-13 10:00:00,0.485436
2025-03-13 11:00:00,0.536404
2025-03-13 12:00:00,0.5101419999999999
2025-03-13 13:00:00,0.48074199999999995
2025-03-13 14:00:00,0.41441399999999995
2025-03-13 15:00:00,0.275626
2025-03-13 16:00:00,0.14474399999999998
2025-03-13 17:00:00,0.03644399999999994
2025-03-13 18:00:00,0.0
2025-03-13 19:00:00,0.0
2025-03-13 20:00:00,0.0
2025-03-13 21:00:00,0.0
2025-03-13 22:00:00,0.0
2025-03-13 23:00:00,0.0
2025-03-14 00:00:00,0.0
2025-03-14 01:00:00,0.0
2025-03-14 02:00:00,0.0
2025-03-14 03:00:00,0.0
2025-03-14 04:00:00,0.0
2025-03-14 05:00:00,0.0
2025-03-14 06:00:00,0.0
2025-03-14 07:00:00,0.07475799999999992
2025-03-14 08:00:00,0.20090600000000003
2025-03-14 09:00:00,0.27253
2025-03-14 10:00:00,0.36932000000000004
2025-03-14 11:00:00,0.43817000000000006
2025-03-14 12:00:00,0.498452
2025-03-14 13:00:00,0.4433079999999999
2025-03-14 14:00:00,0.33696800000000005
2025-03-14 15:00:00,0.18539
2025-03-14 16:00:00,0.098166
2025-03-14 17:00:00,0.06398000000000001
2025-03-14 18:00:00,0.00075
2025-03-14 19:00:00,0.0
2025-03-14 20:00:00,0.0
2025-03-14 21:00:00,0.0
2025-03-14 22:00:00,0.0
2025-03-14 23:00:00,0.0
2025-03-15 00:00:00,0.0
2025-03-15 01:00:00,0.0
2025-03-15 02:00:00,0.0
2025-03-15 03:00:00,0.0
2025-03-15 04:00:00,0.0
2025-03-15 05:00:00,0.0
2025-03-15 06:00:00,0.0
2025-03-15 07:00:00,0.180496
2025-03-15 08:00:00,0.45626
2025-03-15 09:00:00,0.607244
2025-03-15 10:00:00,0.7021200000000001
2025-03-15 11:00:00,0.613942
2025-03-15 12:00:00,0.66934
2025-03-15 13:00:00,0.48990799999999995
2025-03-15 14:00:00,0.45309799999999995
2025-03-15 15:00:00,0.31256399999999995
2025-03-15 16:00:00,0.10487599999999993
2025-03-15 17:00:00,0.044694
2025-03-15 18:00:00,0.0
2025-03-15 19:00:00,0.0
2025-03-15 20:00:00,0.0
2025-03-15 21:00:00,0.0
2025-03-15 22:00:00,0.0
2025-03-15 23:00:00,0.0
2025-03-16 00:00:00,0.0
2025-03-16 01:00:00,0.0
2025-03-16 02:00:00,0.0
2025-03-16 03:00:00,0.0
2025-03-16 04:00:00,0.0
2025-03-16 05:00:00,0.0
2025-03-16 06:00:00,0.0
2025-03-16 07:00:00,0.22459399999999996
2025-03-16 08:00:00,0.46990800000000005
2025-03-16 09:00:00,0.6357479999999999
2025-03-16 10:00:00,0.7441800000000001
2025-03-16 11:00:00,0.789718
2025-03-16 12:00:00,0.7324840000000001
2025-03-16 13:00:00,0.65415
2025-03-16 14:00:00,0.54757
2025-03-16 15:00:00,0.43698799999999993
2025-03-16 16:00:00,0.22865799999999997
2025-03-16 17:00:00,0.02859999999999998
2025-03-16 18:00:00,0.000828
2025-03-16 19:00:00,0.0
2025-03-16 20:00:00,0.0
2025-03-16 21:00:00,0.0
2025-03-16 22:00:00,0.0
2025-03-16 23:00:00,0.0
2025-03-17 00:00:00,0.0
2025-03-17 01:00:00,0.0
2025-03-17 02:00:00,0.0
2025-03-17 03:00:00,0.0
2025-03-17 04:00:00,0.0
2025-03-17 05:00:00,0.0
2025-03-17 06:00:00,0.0
2025-03-17 07:00:00,0.21825599999999995
2025-03-17 08:00:00,0.42690599999999995
2025-03-17 09:00:00,0.62006
2025-03-17 10:00:00,0.703632
2025-03-17 11:00:00,0.760902
2025-03-17 12:00:00,0.7499480000000001
2025-03-17 13:00:00,0.6364699999999999
2025-03-17 14:00:00,0.529336
2025-03-17 15:00:00,0.36974
2025-03-17 16:00:00,0.216616
2025-03-17 17:00:00,0.03236199999999998
2025-03-17 18:00:00,0.000834
2025-03-17 19:00:00,0.0
2025-03-17 20:00:00,0.0
2025-03-17 21:00:00,0.0
2025-03-17 22:00:00,0.0
2025-03-17 23:00:00,0.0
2025-03-18 00:00:00,0.0
2025-03-18 01:00:00,0.0
2025-03-18 02:00:00,0.0
2025-03-18 03:00:00,0.0
2025-03-18 04:00:00,0.0
2025-03-18 05:00:00,0.0
2025-03-18 06:00:00,0.0
2025-03-18 07:00:00,0.22135999999999995
2025-03-18 08:00:00,0.39364
2025-03-18 09:00:00,0.526472
2025-03-18 10:00:00,0.619646
2025-03-18 11:00:00,0.665522
2025-03-18 12:00:00,0.661834
2025-03-18 13:00:00,0.602698
2025-03-18 14:00:00,0.53161
2025-03-18 15:00:00,0.376692
2025-03-18 16:00:00,0.16974999999999998
2025-03-18 17:00:00,0.037184
2025-03-18 18:00:00,0.0
2025-03-18 19:00:00,0.0
2025-03-18 20:00:00,0.0
2025-03-18 21:00:00,0.0
2025-03-18 22:00:00,0.0
2025-03-18 23:00:00,0.0
2025-03-19 00:00:00,0.0
2025-03-19 01:00:00,0.0
2025-03-19 02:00:00,0.0
2025-03-19 03:00:00,0.0
2025-03-19 04:00:00,0.0
2025-03-19 05:00:00,0.0
2025-03-19 06:00:00,0.0
2025-03-19 07:00:00,0.178944
2025-03-19 08:00:00,0.41753000000000007
2025-03-19 09:00:00,0.6066280000000001
2025-03-19 10:00:00,0.6903919999999999
2025-03-19 11:00:00,0.711588
2025-03-19 12:00:00,0.58197
2025-03-19 13:00:00,0.521764
2025-03-19 14:00:00,0.471326
2025-03-19 15:00:00,0.33338000000000007
2025-03-19 16:00:00,0.14604599999999995
2025-03-19 17:00:00,0.020405999999999983
2025-03-19 18:00:00,5e-05
2025-03-19 19:00:00,0.0
2025-03-19 20:00:00,0.0
2025-03-19 21:00:00,0.0
2025-03-19 22:00:00,0.0
2025-03-19 23:00:00,0.0
2025-03-20 00:00:00,0.0
2025-03-20 01:00:00,0.0
2025-03-20 02:00:00,0.0
2025-03-20 03:00:00,0.0
2025-03-20 04:00:00,0.0
2025-03-20 05:00:00,0.0
2025-03-20 06:00:00,0.0
2025-03-20 07:00:00,0.17015799999999998
2025-03-20 08:00:00,0.34462000000000004
2025-03-20 09:00:00,0.5027060000000001
2025-03-20 10:00:00,0.559136
2025-03-20 11:00:00,0.5890420000000001
2025-03-20 12:00:00,0.5974
2025-03-20 13:00:00,0.539312
2025-03-20 14:00:00,0.40339200000000003
2025-03-20 15:00:00,0.152862
2025-03-20 16:00:00,0.11705000000000002
2025-03-20 17:00:00,0.01608199999999998
2025-03-20 18:00:00,0.0
2025-03-20 19:00:00,0.0
2025-03-20 20:00:00,0.0
2025-03-20 21:00:00,0.0
2025-03-20 22:00:00,0.0
2025-03-20 23:00:00,0.0
2025-03-21 00:00:00,0.0
2025-03-21 01:00:00,0.0
2025-03-21 02:00:00,0.0
2025-03-21 03:00:00,0.0
2025-03-21 04:00:00,0.0
2025-03-21 05:00:00,0.0
2025-03-21 06:00:00,0.0
2025-03-21 07:00:00,0.21230999999999994
2025-03-21 08:00:00,0.431048
2025-03-21 09:00:00,0.529144
2025-03-21 10:00:00,0.6846539999999999
2025-03-21 11:00:00,0.70906
2025-03-21 12:00:00,0.717498
2025-03-21 13:00:00,0.7156879999999999
2025-03-21 14:00:00,0.5552919999999999
2025-03-21 15:00:00,0.35641
2025-03-21 16:00:00,0.114802
2025-03-21 17:00:00,0.01510199999999998
2025-03-21 18:00:00,0.0
2025-03-21 19:00:00,0.0
2025-03-21 20:00:00,0.0
2025-03-21 21:00:00,0.0
2025-03-21 22:00:00,0.0
2025-03-21 23:00:00,0.0
2025-03-22 00:00:00,0.0
2025-03-22 01:00:00,0.0
2025-03-22 02:00:00,0.0
2025-03-22 03:00:00,0.0
2025-03-22 04:00:00,0.0
2025-03-22 05:00:00,0.0
2025-03-22 06:00:00,0.0
2025-03-22 07:00:00,0.25834
2025-03-22 08:00:00,0.48185599999999995
2025-03-22 09:00:00,0.629024
2025-03-22 10:00:00,0.739454
2025-03-22 11:00:00,0.7651399999999999
2025-03-22 12:00:00,0.7224899999999999
2025-03-22 13:00:00,0.58414
2025-03-22 14:00:00,0.376452
2025-03-22 15:00:00,0.190506
2025-03-22 16:00:00,0.10158600000000002
2025-03-22 17:00:00,0.02922999999999999
2025-03-22 18:00:00,0.0
2025-03-22 19:00:00,0.0
2025-03-22 20:00:00,0.0
2025-03-22 21:00:00,0.0
2025-03-22 22:00:00,0.0
2025-03-22 23:00:00,0.0
2025-03-23 00:00:00,0.0
2025-03-23 01:00:00,0.0
2025-03-23 02:00:00,0.0
2025-03-23 03:00:00,0.0
2025-03-23 04:00:00,0.0
2025-03-23 05:00:00,0.0
2025-03-23 06:00:00,0.0
2025-03-23 07:00:00,0.258844
2025-03-23 08:00:00,0.45911
2025-03-23 09:00:00,0.620194
2025-03-23 10:00:00,0.7399320000000001
2025-03-23 11:00:00,0.7730499999999999
2025-03-23 12:00:00,0.734272
2025-03-23 13:00:00,0.660038
2025-03-23 14:00:00,0.572816
2025-03-23 15:00:00,0.42168599999999995
2025-03-23 16:00:00,0.216052
2025-03-23 17:00:00,0.05299600000000001
2025-03-23 18:00:00,0.0
2025-03-23 19:00:00,0.0
2025-03-23 20:00:00,0.0
2025-03-23 21:00:00,0.0
2025-03-23 22:00:00,0.0
2025-03-23 23:00:00,0.0
2025-03-24 00:00:00,0.0
2025-03-24 01:00:00,0.0
2025-03-24 02:00:00,0.0
2025-03-24 03:00:00,0.0
2025-03-24 04:00:00,0.0
2025-03-24 05:00:00,0.0
2025-03-24 06:00:00,0.0
2025-03-24 07:00:00,0.208298
2025-03-24 08:00:00,0.46586799999999995
2025-03-24 09:00:00,0.6167960000000001
2025-03-24 10:00:00,0.6970240000000001
2025-03-24 11:00:00,0.7298260000000001
2025-03-24 12:00:00,0.7487459999999999
2025-03-24 13:00:00,0.583998
2025-03-24 14:00:00,0.552534
2025-03-24 15:00:00,0.358352
2025-03-24 16:00:00,0.16256
2025-03-24 17:00:00,0.028298
2025-03-24 18:00:00,0.0
2025-03-24 19:00:00,0.0
2025-03-24 20:00:00,0.0
2025-03-24 21:00:00,0.0
2025-03-24 22:00:00,0.0
2025-03-24 23:00:00,0.0
2025-03-25 00:00:00,0.0
2025-03-25 01:00:00,0.0
2025-03-25 02:00:00,0.0
2025-03-25 03:00:00,0.0
2025-03-25 04:00:00,0.0
2025-03-25 05:00:00,0.0
2025-03-25 06:00:00,0.0
2025-03-25 07:00:00,0.249262
2025-03-25 08:00:00,0.483192
2025-03-25 09:00:00,0.6252179999999999
2025-03-25 10:00:00,0.724576
2025-03-25 11:00:00,0.765012
2025-03-25 12:00:00,0.7429800000000002
2025-03-25 13:00:00,0.685
2025-03-25 14:00:00,0.579588
2025-03-25 15:00:00,0.41201600000000005
2025-03-25 16:00:00,0.17684799999999998
2025-03-25 17:00:00,0.017220000000000003
2025-03-25 18:00:00,0.0
2025-03-25 19:00:00,0.0
2025-03-25 20:00:00,0.0
2025-03-25 21:00:00,0.0
2025-03-25 22:00:00,0.0
2025-03-25 23:00:00,0.0
2025-03-26 00:00:00,0.0
2025-03-26 01:00:00,0.0
2025-03-26 02:00:00,0.0
2025-03-26 03:00:00,0.0
2025-03-26 04:00:00,0.0
2025-03-26 05:00:00,0.0
2025-03-26 06:00:00,0.0
2025-03-26 07:00:00,0.22121399999999997
2025-03-26 08:00:00,0.45657999999999993
2025-03-26 09:00:00,0.6223080000000001
2025-03-26 10:00:00,0.730024
2025-03-26 11:00:00,0.6968
2025-03-26 12:00:00,0.7202740000000001
2025-03-26 13:00:00,0.671124
2025-03-26 14:00:00,0.5505599999999999
2025-03-26 15:00:00,0.32802599999999993
2025-03-26 16:00:00,0.180738
2025-03-26 17:00:00,0.030275999999999997
2025-03-26 18:00:00,0.0
2025-03-26 19:00:00,0.0
2025-03-26 20:00:00,0.0
2025-03-26 21:00:00,0.0
2025-03-26 22:00:00,0.0
2025-03-26 23:00:00,0.0
2025-03-27 00:00:00,0.0
2025-03-27 01:00:00,0.0
2025-03-27 02:00:00,0.0
2025-03-27 03:00:00,0.0
2025-03-27 04:00:00,0.0
2025-03-27 05:00:00,0.0
2025-03-27 06:00:00,0.0
2025-03-27 07:00:00,0.08914
2025-03-27 08:00:00,0.45046400000000003
2025-03-27 09:00:00,0.6025940000000001
2025-03-27 10:00:00,0.7061380000000002
2025-03-27 11:00:00,0.711482
2025-03-27 12:00:00,0.6450379999999999
2025-03-27 13:00:00,0.6582319999999999
2025-03-27 14:00:00,0.43145799999999995
2025-03-27 15:00:00,0.29174599999999995
2025-03-27 16:00:00,0.16881
2025-03-27 17:00:00,0.021185999999999997
2025-03-27 18:00:00,0.0
2025-03-27 19:00:00,0.0
2025-03-27 20:00:00,0.0
2025-03-27 21:00:00,0.0
2025-03-27 22:00:00,0.0
2025-03-27 23:00:00,0.0
2025-03-28 00:00:00,0.0
2025-03-28 01:00:00,0.0
2025-03-28 02:00:00,0.0
2025-03-28 03:00:00,0.0
2025-03-28 04:00:00,0.0
2025-03-28 05:00:00,0.0
2025-03-28 06:00:00,0.0
2025-03-28 07:00:00,0.18289399999999995
2025-03-28 08:00:00,0.36167800000000006
2025-03-28 09:00:00,0.5347660000000001
2025-03-28 10:00:00,0.672024
2025-03-28 11:00:00,0.6584840000000001
2025-03-28 12:00:00,0.5301859999999999
2025-03-28 13:00:00,0.502674
2025-03-28 14:00:00,0.5330619999999999
2025-03-28 15:00:00,0.37617200000000006
2025-03-28 16:00:00,0.175766
2025-03-28 17:00:00,0.013421999999999998
2025-03-28 18:00:00,0.0
2025-03-28 19:00:00,0.0
2025-03-28 20:00:00,0.0
2025-03-28 21:00:00,0.0
2025-03-28 22:00:00,0.0
2025-03-28 23:00:00,0.0
2025-03-29 00:00:00,0.0
2025-03-29 01:00:00,0.0
2025-03-29 02:00:00,0.0
2025-03-29 03:00:00,0.0
2025-03-29 04:00:00,0.0
2025-03-29 05:00:00,0.0
2025-03-29 06:00:00,0.0
2025-03-29 07:00:00,0.10380000000000003
2025-03-29 08:00:00,0.278238
2025-03-29 09:00:00,0.42428800000000005
2025-03-29 10:00:00,0.3703599999999999
2025-03-29 11:00:00,0.43800599999999995
2025-03-29 12:00:00,0.60746
2025-03-29 13:00:00,0.5293380000000001
2025-03-29 14:00:00,0.44631800000000005
2025-03-29 15:00:00,0.362556
2025-03-29 16:00:00,0.10800400000000002
2025-03-29 17:00:00,0.019080000000000003
2025-03-29 18:00:00,0.0
2025-03-29 19:00:00,0.0
2025-03-29 20:00:00,0.0
2025-03-29 21:00:00,0.0
2025-03-29 22:00:00,0.0
2025-03-29 23:00:00,0.0
2025-03-30 00:00:00,0.0
2025-03-30 01:00:00,0.0
2025-03-30 02:00:00,0.0
2025-03-30 03:00:00,0.0
2025-03-30 04:00:00,0.0
2025-03-30 05:00:00,0.0
2025-03-30 06:00:00,0.0
2025-03-30 07:00:00,0.14264799999999994
2025-03-30 08:00:00,0.30407599999999996
2025-03-30 09:00:00,0.283404
2025-03-30 10:00:00,0.5754959999999999
2025-03-30 11:00:00,0.641748
2025-03-30 12:00:00,0.6743220000000001
2025-03-30 13:00:00,0.5142660000000001
2025-03-30 14:00:00,0.468046
2025-03-30 15:00:00,0.30687
2025-03-30 16:00:00,0.134316
2025-03-30 17:00:00,0.015409999999999983
2025-03-30 18:00:00,0.0
2025-03-30 19:00:00,0.0
2025-03-30 20:00:00,0.0
2025-03-30 21:00:00,0.0
2025-03-30 22:00:00,0.0
2025-03-30 23:00:00,0.0
2025-03-31 00:00:00,0.0
2025-03-31 01:00:00,0.0
2025-03-31 02:00:00,0.0
2025-03-31 03:00:00,0.0
2025-03-31 04:00:00,0.0
2025-03-31 05:00:00,0.0
2025-03-31 06:00:00,0.0
2025-03-31 07:00:00,0.163904
2025-03-31 08:00:00,0.36417999999999995
2025-03-31 09:00:00,0.6072120000000001
2025-03-31 10:00:00,0.6453639999999999
2025-03-31 11:00:00,0.736792
2025-03-31 12:00:00,0.6786179999999999
2025-03-31 13:00:00,0.6551539999999999
2025-03-31 14:00:00,0.40601000000000004
2025-03-31 15:00:00,0.255838
2025-03-31 16:00:00,0.048409999999999995
2025-03-31 17:00:00,0.006362000000000001
2025-03-31 18:00:00,0.0
2025-03-31 19:00:00,0.0
2025-03-31 20:00:00,0.0
2025-03-31 21:00:00,0.0
2025-03-31 22:00:00,0.0
2025-03-31 23:00:00,0.0
2025-04-01 00:00:00,0.0
2025-04-01 01:00:00,0.0
2025-04-01 02:00:00,0.0
2025-04-01 03:00:00,0.0
2025-04-01 04:00:00,0.0
2025-04-01 05:00:00,0.0
2025-04-01 06:00:00,0.0
2025-04-01 07:00:00,0.17581799999999997
2025-04-01 08:00:00,0.30138
2025-04-01 09:00:00,0.5284220000000002
2025-04-01 10:00:00,0.67961
2025-04-01 11:00:00,0.6962299999999999
2025-04-01 12:00:00,0.6713420000000001
2025-04-01 13:00:00,0.674914
2025-04-01 14:00:00,0.55182
2025-04-01 15:00:00,0.35752799999999996
2025-04-01 16:00:00,0.179078
2025-04-01 17:00:00,0.031087999999999998
2025-04-01 18:00:00,0.0
2025-04-01 19:00:00,0.0
2025-04-01 20:00:00,0.0
2025-04-01 21:00:00,0.0
2025-04-01 22:00:00,0.0
2025-04-01 23:00:00,0.0
2025-04-02 00:00:00,0.0
2025-04-02 01:00:00,0.0
2025-04-02 02:00:00,0.0
2025-04-02 03:00:00,0.0
2025-04-02 04:00:00,0.0
2025-04-02 05:00:00,0.0
2025-04-02 06:00:00,0.0
2025-04-02 07:00:00,0.23337999999999998
2025-04-02 08:00:00,0.43540399999999996
2025-04-02 09:00:00,0.6426559999999999
2025-04-02 10:00:00,0.708258
2025-04-02 11:00:00,0.756434
2025-04-02 12:00:00,0.697196
2025-04-02 13:00:00,0.718722
2025-04-02 14:00:00,0.5881639999999999
2025-04-02 15:00:00,0.37271199999999993
2025-04-02 16:00:00,0.19848799999999991
2025-04-02 17:00:00,0.047222
2025-04-02 18:00:00,0.0
2025-04-02 19:00:00,0.0
2025-04-02 20:00:00,0.0
2025-04-02 21:00:00,0.0
2025-04-02 22:00:00,0.0
2025-04-02 23:00:00,0.0
2025-04-03 00:00:00,0.0
2025-04-03 01:00:00,0.0
2025-04-03 02:00:00,0.0
2025-04-03 03:00:00,0.0
2025-04-03 04:00:00,0.0
2025-04-03 05:00:00,0.0
2025-04-03 06:00:00,0.0
2025-04-03 07:00:00,0.20161399999999996
2025-04-03 08:00:00,0.478492
2025-04-03 09:00:00,0.6439220000000001
2025-04-03 10:00:00,0.7430019999999999
2025-04-03 11:00:00,0.767476
2025-04-03 12:00:00,0.6685080000000001
2025-04-03 13:00:00,0.591596
2025-04-03 14:00:00,0.5048440000000001
2025-04-03 15:00:00,0.407718
2025-04-03 16:00:00,0.17801399999999998
2025-04-03 17:00:00,0.03506399999999994
2025-04-03 18:00:00,0.0
2025-04-03 19:00:00,0.0
2025-04-03 20:00:00,0.0
2025-04-03 21:00:00,0.0
2025-04-03 22:00:00,0.0
2025-04-03 23:00:00,0.0
2025-04-04 00:00:00,0.0
2025-04-04 01:00:00,0.0
2025-04-04 02:00:00,0.0
2025-04-04 03:00:00,0.0
2025-04-04 04:00:00,0.0
2025-04-04 05:00:00,0.0
2025-04-04 06:00:00,0.0
2025-04-04 07:00:00,0.1068
2025-04-04 08:00:00,0.35090200000000005
2025-04-04 09:00:00,0.6218920000000001
2025-04-04 10:00:00,0.635444
2025-04-04 11:00:00,0.586678
2025-04-04 12:00:00,0.674832
2025-04-04 13:00:00,0.649824
2025-04-04 14:00:00,0.57357
2025-04-04 15:00:00,0.39940999999999993
2025-04-04 16:00:00,0.19614199999999998
2025-04-04 17:00:00,0.031658000000000006
2025-04-04 18:00:00,0.0
2025-04-04 19:00:00,0.0
2025-04-04 20:00:00,0.0
2025-04-04 21:00:00,0.0
2025-04-04 22:00:00,0.0
2025-04-04 23:00:00,0.0
2025-04-05 00:00:00,0.0
2025-04-05 01:00:00,0.0
2025-04-05 02:00:00,0.0
2025-04-05 03:00:00,0.0
2025-04-05 04:00:00,0.0
2025-04-05 05:00:00,0.0
2025-04-05 06:00:00,0.0
2025-04-05 07:00:00,0.19763999999999998
2025-04-05 08:00:00,0.425512
2025-04-05 09:00:00,0.612094
2025-04-05 10:00:00,0.697602
2025-04-05 11:00:00,0.750208
2025-04-05 12:00:00,0.7000239999999999
2025-04-05 13:00:00,0.649358
2025-04-05 14:00:00,0.471118
2025-04-05 15:00:00,0.35227200000000003
2025-04-05 16:00:00,0.13147199999999998
2025-04-05 17:00:00,0.033755999999999994
2025-04-05 18:00:00,0.0
2025-04-05 19:00:00,0.0
2025-04-05 20:00:00,0.0
2025-04-05 21:00:00,0.0
2025-04-05 22:00:00,0.0
2025-04-05 23:00:00,0.0
2025-04-06 00:00:00,0.0
2025-04-06 01:00:00,0.0
2025-04-06 02:00:00,0.0
2025-04-06 03:00:00,0.0
2025-04-06 04:00:00,0.0
2025-04-06 05:00:00,0.0
2025-04-06 06:00:00,0.0
2025-04-06 07:00:00,0.11547199999999999
2025-04-06 08:00:00,0.412168
2025-04-06 09:00:00,0.5926539999999999
2025-04-06 10:00:00,0.7052579999999999
2025-04-06 11:00:00,0.7298720000000001
2025-04-06 12:00:00,0.629186
2025-04-06 13:00:00,0.3988039999999999
2025-04-06 14:00:00,0.412972
2025-04-06 15:00:00,0.270164
2025-04-06 16:00:00,0.13005599999999995
2025-04-06 17:00:00,0.04052199999999995
2025-04-06 18:00:00,0.0
2025-04-06 19:00:00,0.0
2025-04-06 20:00:00,0.0
2025-04-06 21:00:00,0.0
2025-04-06 22:00:00,0.0
2025-04-06 23:00:00,0.0
2025-04-07 00:00:00,0.0
2025-04-07 01:00:00,0.0
2025-04-07 02:00:00,0.0
2025-04-07 03:00:00,0.0
2025-04-07 04:00:00,0.0
2025-04-07 05:00:00,0.0
2025-04-07 06:00:00,0.0
2025-04-07 07:00:00,0.0228
2025-04-07 08:00:00,0.13584400000000002
2025-04-07 09:00:00,0.214204
2025-04-07 10:00:00,0.316336
2025-04-07 11:00:00,0.2720439999999999
2025-04-07 12:00:00,0.299854
2025-04-07 13:00:00,0.25748800000000005
2025-04-07 14:00:00,0.2290579999999999
2025-04-07 15:00:00,0.235792
2025-04-07 16:00:00,0.187798
2025-04-07 17:00:00,0.016679999999999938
2025-04-07 18:00:00,0.0
2025-04-07 19:00:00,0.0
2025-04-07 20:00:00,0.0
2025-04-07 21:00:00,0.0
2025-04-07 22:00:00,0.0
2025-04-07 23:00:00,0.0
2025-04-08 00:00:00,0.0
2025-04-08 01:00:00,0.0
2025-04-08 02:00:00,0.0
2025-04-08 03:00:00,0.0
2025-04-08 04:00:00,0.0
2025-04-08 05:00:00,0.0
2025-04-08 06:00:00,0.0
2025-04-08 07:00:00,0.08319000000000001
2025-04-08 08:00:00,0.35807400000000006
2025-04-08 09:00:00,0.48232200000000003
2025-04-08 10:00:00,0.579374
2025-04-08 11:00:00,0.4758319999999999
2025-04-08 12:00:00,0.666144
2025-04-08 13:00:00,0.5861980000000001
2025-04-08 14:00:00,0.3344039999999999
2025-04-08 15:00:00,0.11765599999999998
2025-04-08 16:00:00,0.04750999999999999
2025-04-08 17:00:00,0.016800000000000002
2025-04-08 18:00:00,0.0
2025-04-08 19:00:00,0.0
2025-04-08 20:00:00,0.0
2025-04-08 21:00:00,0.0
2025-04-08 22:00:00,0.0
2025-04-08 23:00:00,0.0
2025-04-09 00:00:00,0.0
2025-04-09 01:00:00,0.0
2025-04-09 02:00:00,0.0
2025-04-09 03:00:00,0.0
2025-04-09 04:00:00,0.0
2025-04-09 05:00:00,0.0
2025-04-09 06:00:00,0.0
2025-04-09 07:00:00,0.08474
2025-04-09 08:00:00,0.21558800000000003
2025-04-09 09:00:00,0.32182199999999994
2025-04-09 10:00:00,0.4403339999999999
2025-04-09 11:00:00,0.38537599999999994
2025-04-09 12:00:00,0.43267599999999995
2025-04-09 13:00:00,0.34165599999999996
2025-04-09 14:00:00,0.29977
2025-04-09 15:00:00,0.20795199999999997
2025-04-09 16:00:00,0.06609400000000001
2025-04-09 17:00:00,0.011663999999999999
2025-04-09 18:00:00,0.0
2025-04-09 19:00:00,0.0
2025-04-09 20:00:00,0.0
2025-04-09 21:00:00,0.0
2025-04-09 22:00:00,0.0
2025-04-09 23:00:00,0.0
2025-04-10 00:00:00,0.0
2025-04-10 01:00:00,0.0
2025-04-10 02:00:00,0.0
2025-04-10 03:00:00,0.0
2025-04-10 04:00:00,0.0
2025-04-10 05:00:00,0.0
2025-04-10 06:00:00,0.0
2025-04-10 07:00:00,0.2242
2025-04-10 08:00:00,0.47187199999999996
2025-04-10 09:00:00,0.653142
2025-04-10 10:00:00,0.743358
2025-04-10 11:00:00,0.7789620000000002
2025-04-10 12:00:00,0.7673459999999999
2025-04-10 13:00:00,0.687558
2025-04-10 14:00:00,0.5456179999999999
2025-04-10 15:00:00,0.3615500000000001
2025-04-10 16:00:00,0.16009400000000001
2025-04-10 17:00:00,0.025140000000000003
2025-04-10 18:00:00,0.0
2025-04-10 19:00:00,0.0
2025-04-10 20:00:00,0.0
2025-04-10 21:00:00,0.0
2025-04-10 22:00:00,0.0
2025-04-10 23:00:00,0.0
2025-04-11 00:00:00,0.0
2025-04-11 01:00:00,0.0
2025-04-11 02:00:00,0.0
2025-04-11 03:00:00,0.0
2025-04-11 04:00:00,0.0
2025-04-11 05:00:00,0.0
2025-04-11 06:00:00,0.0
2025-04-11 07:00:00,0.231296
2025-04-11 08:00:00,0.4815899999999999
2025-04-11 09:00:00,0.64914
2025-04-11 10:00:00,0.717012
2025-04-11 11:00:00,0.73855
2025-04-11 12:00:00,0.702524
2025-04-11 13:00:00,0.6546120000000001
2025-04-11 14:00:00,0.5465
2025-04-11 15:00:00,0.364402
2025-04-11 16:00:00,0.18448199999999998
2025-04-11 17:00:00,0.03483
2025-04-11 18:00:00,0.0
2025-04-11 19:00:00,0.0
2025-04-11 20:00:00,0.0
2025-04-11 21:00:00,0.0
2025-04-11 22:00:00,0.0
2025-04-11 23:00:00,0.0
2025-04-12 00:00:00,0.0
2025-04-12 01:00:00,0.0
2025-04-12 02:00:00,0.0
2025-04-12 03:00:00,0.0
2025-04-12 04:00:00,0.0
2025-04-12 05:00:00,0.0
2025-04-12 06:00:00,0.0
2025-04-12 07:00:00,0.14283400000000002
2025-04-12 08:00:00,0.19684200000000002
2025-04-12 09:00:00,0.43468799999999996
2025-04-12 10:00:00,0.530108
2025-04-12 11:00:00,0.5591839999999999
2025-04-12 12:00:00,0.48531599999999997
2025-04-12 13:00:00,0.4316459999999999
2025-04-12 14:00:00,0.32533799999999996
2025-04-12 15:00:00,0.252994
2025-04-12 16:00:00,0.13372
2025-04-12 17:00:00,0.025944000000000002
2025-04-12 18:00:00,0.0
2025-04-12 19:00:00,0.0
2025-04-12 20:00:00,0.0
2025-04-12 21:00:00,0.0
2025-04-12 22:00:00,0.0
2025-04-12 23:00:00,0.0
2025-04-13 00:00:00,0.0
2025-04-13 01:00:00,0.0
2025-04-13 02:00:00,0.0
2025-04-13 03:00:00,0.0
2025-04-13 04:00:00,0.0
2025-04-13 05:00:00,0.0
2025-04-13 06:00:00,0.0
2025-04-13 07:00:00,0.18128000000000002
2025-04-13 08:00:00,0.42446
2025-04-13 09:00:00,0.5276119999999999
2025-04-13 10:00:00,0.6570860000000001
2025-04-13 11:00:00,0.598594
2025-04-13 12:00:00,0.567604
2025-04-13 13:00:00,0.619084
2025-04-13 14:00:00,0.502572
2025-04-13 15:00:00,0.31442000000000003
2025-04-13 16:00:00,0.16045800000000002
2025-04-13 17:00:00,0.009246
2025-04-13 18:00:00,0.0
2025-04-13 19:00:00,0.0
2025-04-13 20:00:00,0.0
2025-04-13 21:00:00,0.0
2025-04-13 22:00:00,0.0
2025-04-13 23:00:00,0.0
2025-04-14 00:00:00,0.0
2025-04-14 01:00:00,0.0
2025-04-14 02:00:00,0.0
2025-04-14 03:00:00,0.0
2025-04-14 04:00:00,0.0
2025-04-14 05:00:00,0.0
2025-04-14 06:00:00,0.0
2025-04-14 07:00:00,0.19482
2025-04-14 08:00:00,0.23175800000000005
2025-04-14 09:00:00,0.41859799999999997
2025-04-14 10:00:00,0.510378
2025-04-14 11:00:00,0.36761999999999995
2025-04-14 12:00:00,0.338056
2025-04-14 13:00:00,0.26697000000000004
2025-04-14 14:00:00,0.23518599999999995
2025-04-14 15:00:00,0.249416
2025-04-14 16:00:00,0.13014599999999996
2025-04-14 17:00:00,0.00924
2025-04-14 18:00:00,0.0
2025-04-14 19:00:00,0.0
2025-04-14 20:00:00,0.0
2025-04-14 21:00:00,0.0
2025-04-14 22:00:00,0.0
2025-04-14 23:00:00,0.0
2025-04-15 00:00:00,0.0
2025-04-15 01:00:00,0.0
2025-04-15 02:00:00,0.0
2025-04-15 03:00:00,0.0
2025-04-15 04:00:00,0.0
2025-04-15 05:00:00,0.0
2025-04-15 06:00:00,0.0
2025-04-15 07:00:00,0.106284
2025-04-15 08:00:00,0.311874
2025-04-15 09:00:00,0.40903599999999996
2025-04-15 10:00:00,0.30668
2025-04-15 11:00:00,0.6060120000000001
2025-04-15 12:00:00,0.661408
2025-04-15 13:00:00,0.559626
2025-04-15 14:00:00,0.420746
2025-04-15 15:00:00,0.26644999999999996
2025-04-15 16:00:00,0.15866599999999995
2025-04-15 17:00:00,0.024357999999999998
2025-04-15 18:00:00,0.0
2025-04-15 19:00:00,0.0
2025-04-15 20:00:00,0.0
2025-04-15 21:00:00,0.0
2025-04-15 22:00:00,0.0
2025-04-15 23:00:00,0.0
2025-04-16 00:00:00,0.0
2025-04-16 01:00:00,0.0
2025-04-16 02:00:00,0.0
2025-04-16 03:00:00,0.0
2025-04-16 04:00:00,0.0
2025-04-16 05:00:00,0.0
2025-04-16 06:00:00,0.0
2025-04-16 07:00:00,0.24088400000000001
2025-04-16 08:00:00,0.486712
2025-04-16 09:00:00,0.653384
2025-04-16 10:00:00,0.7437199999999999
2025-04-16 11:00:00,0.7830679999999999
2025-04-16 12:00:00,0.7554040000000001
2025-04-16 13:00:00,0.695766
2025-04-16 14:00:00,0.535946
2025-04-16 15:00:00,0.35338200000000003
2025-04-16 16:00:00,0.172834
2025-04-16 17:00:00,0.017769999999999942
2025-04-16 18:00:00,0.0
2025-04-16 19:00:00,0.0
2025-04-16 20:00:00,0.0
2025-04-16 21:00:00,0.0
2025-04-16 22:00:00,0.0
2025-04-16 23:00:00,0.0
2025-04-17 00:00:00,0.0
2025-04-17 01:00:00,0.0
2025-04-17 02:00:00,0.0
2025-04-17 03:00:00,0.0
2025-04-17 04:00:00,0.0
2025-04-17 05:00:00,0.0
2025-04-17 06:00:00,0.0
2025-04-17 07:00:00,0.22895999999999997
2025-04-17 08:00:00,0.45238999999999996
2025-04-17 09:00:00,0.650166
2025-04-17 10:00:00,0.703596
2025-04-17 11:00:00,0.708188
2025-04-17 12:00:00,0.663914
2025-04-17 13:00:00,0.5444340000000001
2025-04-17 14:00:00,0.505658
2025-04-17 15:00:00,0.35973599999999994
2025-04-17 16:00:00,0.07210799999999998
2025-04-17 17:00:00,0.012118
2025-04-17 18:00:00,0.0
2025-04-17 19:00:00,0.0
2025-04-17 20:00:00,0.0
2025-04-17 21:00:00,0.0
2025-04-17 22:00:00,0.0
2025-04-17 23:00:00,0.0
2025-04-18 00:00:00,0.0
2025-04-18 01:00:00,0.0
2025-04-18 02:00:00,0.0
2025-04-18 03:00:00,0.0
2025-04-18 04:00:00,0.0
2025-04-18 05:00:00,0.0
2025-04-18 06:00:00,0.0
2025-04-18 07:00:00,0.06542600000000001
2025-04-18 08:00:00,0.22354000000000002
2025-04-18 09:00:00,0.26733399999999996
2025-04-18 10:00:00,0.26693799999999995
2025-04-18 11:00:00,0.28118999999999994
2025-04-18 12:00:00,0.408524
2025-04-18 13:00:00,0.28239000000000003
2025-04-18 14:00:00,0.2589379999999999
2025-04-18 15:00:00,0.21159199999999995
2025-04-18 16:00:00,0.114726
2025-04-18 17:00:00,0.009474
2025-04-18 18:00:00,0.0
2025-04-18 19:00:00,0.0
2025-04-18 20:00:00,0.0
2025-04-18 21:00:00,0.0
2025-04-18 22:00:00,0.0
2025-04-18 23:00:00,0.0
2025-04-19 00:00:00,0.0
2025-04-19 01:00:00,0.0
2025-04-19 02:00:00,0.0
2025-04-19 03:00:00,0.0
2025-04-19 04:00:00,0.0
2025-04-19 05:00:00,0.0
2025-04-19 06:00:00,0.0
2025-04-19 07:00:00,0.10958399999999999
2025-04-19 08:00:00,0.22784799999999997
2025-04-19 09:00:00,0.381012
2025-04-19 10:00:00,0.505192
2025-04-19 11:00:00,0.691348
2025-04-19 12:00:00,0.6986600000000001
2025-04-19 13:00:00,0.5125979999999999
2025-04-19 14:00:00,0.540848
2025-04-19 15:00:00,0.35797
2025-04-19 16:00:00,0.168988
2025-04-19 17:00:00,0.01964999999999998
2025-04-19 18:00:00,0.0
2025-04-19 19:00:00,0.0
2025-04-19 20:00:00,0.0
2025-04-19 21:00:00,0.0
2025-04-19 22:00:00,0.0
2025-04-19 23:00:00,0.0
2025-04-20 00:00:00,0.0
2025-04-20 01:00:00,0.0
2025-04-20 02:00:00,0.0
2025-04-20 03:00:00,0.0
2025-04-20 04:00:00,0.0
2025-04-20 05:00:00,0.0
2025-04-20 06:00:00,0.0
2025-04-20 07:00:00,0.23647800000000002
2025-04-20 08:00:00,0.49505799999999994
2025-04-20 09:00:00,0.6577560000000001
2025-04-20 10:00:00,0.7478579999999999
2025-04-20 11:00:00,0.79647
2025-04-20 12:00:00,0.7667140000000001
2025-04-20 13:00:00,0.7119559999999999
2025-04-20 14:00:00,0.575104
2025-04-20 15:00:00,0.363886
2025-04-20 16:00:00,0.169876
2025-04-20 17:00:00,0.02030999999999998
2025-04-20 18:00:00,0.0
2025-04-20 19:00:00,0.0
2025-04-20 20:00:00,0.0
2025-04-20 21:00:00,0.0
2025-04-20 22:00:00,0.0
2025-04-20 23:00:00,0.0
2025-04-21 00:00:00,0.0
2025-04-21 01:00:00,0.0
2025-04-21 02:00:00,0.0
2025-04-21 03:00:00,0.0
2025-04-21 04:00:00,0.0
2025-04-21 05:00:00,0.0
2025-04-21 06:00:00,0.0
2025-04-21 07:00:00,0.242558
2025-04-21 08:00:00,0.49989799999999995
2025-04-21 09:00:00,0.668256
2025-04-21 10:00:00,0.7648340000000001
2025-04-21 11:00:00,0.79878
2025-04-21 12:00:00,0.7744899999999999
2025-04-21 13:00:00,0.71377
2025-04-21 14:00:00,0.5712560000000001
2025-04-21 15:00:00,0.37161600000000006
2025-04-21 16:00:00,0.16348000000000001
2025-04-21 17:00:00,0.020623999999999997
2025-04-21 18:00:00,0.0
2025-04-21 19:00:00,0.0
2025-04-21 20:00:00,0.0
2025-04-21 21:00:00,0.0
2025-04-21 22:00:00,0.0
2025-04-21 23:00:00,0.0
2025-04-22 00:00:00,0.0
2025-04-22 01:00:00,0.0
2025-04-22 02:00:00,0.0
2025-04-22 03:00:00,0.0
2025-04-22 04:00:00,0.0
2025-04-22 05:00:00,0.0
2025-04-22 06:00:00,0.0
2025-04-22 07:00:00,0.219926
2025-04-22 08:00:00,0.49149199999999993
2025-04-22 09:00:00,0.643626
2025-04-22 10:00:00,0.730612
2025-04-22 11:00:00,0.762386
2025-04-22 12:00:00,0.734234
2025-04-22 13:00:00,0.6572699999999999
2025-04-22 14:00:00,0.540086
2025-04-22 15:00:00,0.34066799999999997
2025-04-22 16:00:00,0.150238
2025-04-22 17:00:00,0.021406
2025-04-22 18:00:00,0.0
2025-04-22 19:00:00,0.0
2025-04-22 20:00:00,0.0
2025-04-22 21:00:00,0.0
2025-04-22 22:00:00,0.0
2025-04-22 23:00:00,0.0
2025-04-23 00:00:00,0.0
2025-04-23 01:00:00,0.0
2025-04-23 02:00:00,0.0
2025-04-23 03:00:00,0.0
2025-04-23 04:00:00,0.0
2025-04-23 05:00:00,0.0
2025-04-23 06:00:00,0.0
2025-04-23 07:00:00,0.08610400000000001
2025-04-23 08:00:00,0.426614
2025-04-23 09:00:00,0.5159780000000002
2025-04-23 10:00:00,0.575048
2025-04-23 11:00:00,0.6739320000000001
2025-04-23 12:00:00,0.593352
2025-04-23 13:00:00,0.539812
2025-04-23 14:00:00,0.435874
2025-04-23 15:00:00,0.237318
2025-04-23 16:00:00,0.120584
2025-04-23 17:00:00,0.011637999999999999
2025-04-23 18:00:00,0.0
2025-04-23 19:00:00,0.0
2025-04-23 20:00:00,0.0
2025-04-23 21:00:00,0.0
2025-04-23 22:00:00,0.0
2025-04-23 23:00:00,0.0
2025-04-24 00:00:00,0.0
2025-04-24 01:00:00,0.0
2025-04-24 02:00:00,0.0
2025-04-24 03:00:00,0.0
2025-04-24 04:00:00,0.0
2025-04-24 05:00:00,0.0
2025-04-24 06:00:00,0.0
2025-04-24 07:00:00,0.235704
2025-04-24 08:00:00,0.48307200000000006
2025-04-24 09:00:00,0.63739
2025-04-24 10:00:00,0.727502
2025-04-24 11:00:00,0.7646900000000001
2025-04-24 12:00:00,0.7456459999999999
2025-04-24 13:00:00,0.674376
2025-04-24 14:00:00,0.5623659999999999
2025-04-24 15:00:00,0.38158999999999993
2025-04-24 16:00:00,0.1647919999999999
2025-04-24 17:00:00,0.023458
2025-04-24 18:00:00,0.0
2025-04-24 19:00:00,0.0
2025-04-24 20:00:00,0.0
2025-04-24 21:00:00,0.0
2025-04-24 22:00:00,0.0
2025-04-24 23:00:00,0.0
2025-04-25 00:00:00,0.0
2025-04-25 01:00:00,0.0
2025-04-25 02:00:00,0.0
2025-04-25 03:00:00,0.0
2025-04-25 04:00:00,0.0
2025-04-25 05:00:00,0.0
2025-04-25 06:00:00,0.0
2025-04-25 07:00:00,0.23371
2025-04-25 08:00:00,0.48431199999999996
2025-04-25 09:00:00,0.636026
2025-04-25 10:00:00,0.728108
2025-04-25 11:00:00,0.7543759999999999
2025-04-25 12:00:00,0.707804
2025-04-25 13:00:00,0.656944
2025-04-25 14:00:00,0.530484
2025-04-25 15:00:00,0.371146
2025-04-25 16:00:00,0.163316
2025-04-25 17:00:00,0.01687599999999998
2025-04-25 18:00:00,0.0
2025-04-25 19:00:00,0.0
2025-04-25 20:00:00,0.0
2025-04-25 21:00:00,0.0
2025-04-25 22:00:00,0.0
2025-04-25 23:00:00,0.0
2025-04-26 00:00:00,0.0
2025-04-26 01:00:00,0.0
2025-04-26 02:00:00,0.0
2025-04-26 03:00:00,0.0
2025-04-26 04:00:00,0.0
2025-04-26 05:00:00,0.0
2025-04-26 06:00:00,0.0
2025-04-26 07:00:00,0.204326
2025-04-26 08:00:00,0.270456
2025-04-26 09:00:00,0.4435480000000001
2025-04-26 10:00:00,0.530258
2025-04-26 11:00:00,0.49267600000000006
2025-04-26 12:00:00,0.605042
2025-04-26 13:00:00,0.526422
2025-04-26 14:00:00,0.35310800000000003
2025-04-26 15:00:00,0.29107
2025-04-26 16:00:00,0.05306599999999997
2025-04-26 17:00:00,0.018466
2025-04-26 18:00:00,0.0
2025-04-26 19:00:00,0.0
2025-04-26 20:00:00,0.0
2025-04-26 21:00:00,0.0
2025-04-26 22:00:00,0.0
2025-04-26 23:00:00,0.0
2025-04-27 00:00:00,0.0
2025-04-27 01:00:00,0.0
2025-04-27 02:00:00,0.0
2025-04-27 03:00:00,0.0
2025-04-27 04:00:00,0.0
2025-04-27 05:00:00,0.0
2025-04-27 06:00:00,0.0
2025-04-27 07:00:00,0.038
2025-04-27 08:00:00,0.22205599999999998
2025-04-27 09:00:00,0.332148
2025-04-27 10:00:00,0.448484
2025-04-27 11:00:00,0.6541299999999999
2025-04-27 12:00:00,0.6611019999999999
2025-04-27 13:00:00,0.595068
2025-04-27 14:00:00,0.427928
2025-04-27 15:00:00,0.23943799999999998
2025-04-27 16:00:00,0.10224600000000002
2025-04-27 17:00:00,0.01180399999999994
2025-04-27 18:00:00,0.0
2025-04-27 19:00:00,0.0
2025-04-27 20:00:00,0.0
2025-04-27 21:00:00,0.0
2025-04-27 22:00:00,0.0
2025-04-27 23:00:00,0.0
2025-04-28 00:00:00,0.0
2025-04-28 01:00:00,0.0
2025-04-28 02:00:00,0.0
2025-04-28 03:00:00,0.0
2025-04-28 04:00:00,0.0
2025-04-28 05:00:00,0.0
2025-04-28 06:00:00,0.0
2025-04-28 07:00:00,0.12498599999999996
2025-04-28 08:00:00,0.26562399999999997
2025-04-28 09:00:00,0.4223880000000001
2025-04-28 10:00:00,0.414072
2025-04-28 11:00:00,0.605994
2025-04-28 12:00:00,0.6214520000000001
2025-04-28 13:00:00,0.5595999999999999
2025-04-28 14:00:00,0.50735
2025-04-28 15:00:00,0.337858
2025-04-28 16:00:00,0.145362
2025-04-28 17:00:00,0.0058779999999999995
2025-04-28 18:00:00,0.0
2025-04-28 19:00:00,0.0
2025-04-28 20:00:00,0.0
2025-04-28 21:00:00,0.0
2025-04-28 22:00:00,0.0
2025-04-28 23:00:00,0.0
2025-04-29 00:00:00,0.0
2025-04-29 01:00:00,0.0
2025-04-29 02:00:00,0.0
2025-04-29 03:00:00,0.0
2025-04-29 04:00:00,0.0
2025-04-29 05:00:00,0.0
2025-04-29 06:00:00,0.0
2025-04-29 07:00:00,0.24024600000000002
2025-04-29 08:00:00,0.45838
2025-04-29 09:00:00,0.6209279999999999
2025-04-29 10:00:00,0.633294
2025-04-29 11:00:00,0.6926380000000001
2025-04-29 12:00:00,0.5620499999999999
2025-04-29 13:00:00,0.531836
2025-04-29 14:00:00,0.493204
2025-04-29 15:00:00,0.3442
2025-04-29 16:00:00,0.154366
2025-04-29 17:00:00,0.021122
2025-04-29 18:00:00,0.0
2025-04-29 19:00:00,0.0
2025-04-29 20:00:00,0.0
2025-04-29 21:00:00,0.0
2025-04-29 22:00:00,0.0
2025-04-29 23:00:00,0.0
2025-04-30 00:00:00,0.0
2025-04-30 01:00:00,0.0
2025-04-30 02:00:00,0.0
2025-04-30 03:00:00,0.0
2025-04-30 04:00:00,0.0
2025-04-30 05:00:00,0.0
2025-04-30 06:00:00,0.0
2025-04-30 07:00:00,0.191052
2025-04-30 08:00:00,0.28290999999999994
2025-04-30 09:00:00,0.5181720000000001
2025-04-30 10:00:00,0.597912
2025-04-30 11:00:00,0.5766899999999999
2025-04-30 12:00:00,0.580198
2025-04-30 13:00:00,0.5059520000000001
2025-04-30 14:00:00,0.413246
2025-04-30 15:00:00,0.25665
2025-04-30 16:00:00,0.10930999999999998
2025-04-30 17:00:00,0.00305799999999998
2025-04-30 18:00:00,0.0
2025-04-30 19:00:00,0.0
2025-04-30 20:00:00,0.0
2025-04-30 21:00:00,0.0
2025-04-30 22:00:00,0.0
2025-04-30 23:00:00,0.0
2025-05-01 00:00:00,0.0
2025-05-01 01:00:00,0.0
2025-05-01 02:00:00,0.0
2025-05-01 03:00:00,0.0
2025-05-01 04:00:00,0.0
2025-05-01 05:00:00,0.0
2025-05-01 06:00:00,0.0
2025-05-01 07:00:00,0.192564
2025-05-01 08:00:00,0.460892
2025-05-01 09:00:00,0.6317139999999999
2025-05-01 10:00:00,0.7161360000000002
2025-05-01 11:00:00,0.73911
2025-05-01 12:00:00,0.6617419999999999
2025-05-01 13:00:00,0.5708840000000002
2025-05-01 14:00:00,0.42363999999999996
2025-05-01 15:00:00,0.23641399999999996
2025-05-01 16:00:00,0.14472000000000002
2025-05-01 17:00:00,0.014636
2025-05-01 18:00:00,0.0
2025-05-01 19:00:00,0.0
2025-05-01 20:00:00,0.0
2025-05-01 21:00:00,0.0
2025-05-01 22:00:00,0.0
2025-05-01 23:00:00,0.0
2025-05-02 00:00:00,0.0
2025-05-02 01:00:00,0.0
2025-05-02 02:00:00,0.0
2025-05-02 03:00:00,0.0
2025-05-02 04:00:00,0.0
2025-05-02 05:00:00,0.0
2025-05-02 06:00:00,0.0
2025-05-02 07:00:00,0.229398
2025-05-02 08:00:00,0.47325599999999995
2025-05-02 09:00:00,0.625746
2025-05-02 10:00:00,0.698586
2025-05-02 11:00:00,0.716554
2025-05-02 12:00:00,0.64909
2025-05-02 13:00:00,0.5676319999999999
2025-05-02 14:00:00,0.45264999999999994
2025-05-02 15:00:00,0.268576
2025-05-02 16:00:00,0.07179599999999994
2025-05-02 17:00:00,0.0049960000000000004
2025-05-02 18:00:00,0.0
2025-05-02 19:00:00,0.0
2025-05-02 20:00:00,0.0
2025-05-02 21:00:00,0.0
2025-05-02 22:00:00,0.0
2025-05-02 23:00:00,0.0
2025-05-03 00:00:00,0.0
2025-05-03 01:00:00,0.0
2025-05-03 02:00:00,0.0
2025-05-03 03:00:00,0.0
2025-05-03 04:00:00,0.0
2025-05-03 05:00:00,0.0
2025-05-03 06:00:00,0.0
2025-05-03 07:00:00,0.19575199999999998
2025-05-03 08:00:00,0.474006
2025-05-03 09:00:00,0.6093899999999999
2025-05-03 10:00:00,0.701206
2025-05-03 11:00:00,0.72841
2025-05-03 12:00:00,0.6838099999999999
2025-05-03 13:00:00,0.5923179999999999
2025-05-03 14:00:00,0.4839899999999999
2025-05-03 15:00:00,0.32153
2025-05-03 16:00:00,0.14794
2025-05-03 17:00:00,0.01788199999999998
2025-05-03 18:00:00,0.0
2025-05-03 19:00:00,0.0
2025-05-03 20:00:00,0.0
2025-05-03 21:00:00,0.0
2025-05-03 22:00:00,0.0
2025-05-03 23:00:00,0.0
2025-05-04 00:00:00,0.0
2025-05-04 01:00:00,0.0
2025-05-04 02:00:00,0.0
2025-05-04 03:00:00,0.0
2025-05-04 04:00:00,0.0
2025-05-04 05:00:00,0.0
2025-05-04 06:00:00,0.0
2025-05-04 07:00:00,0.19324399999999992
2025-05-04 08:00:00,0.398576
2025-05-04 09:00:00,0.6029159999999999
2025-05-04 10:00:00,0.5775720000000001
2025-05-04 11:00:00,0.605416
2025-05-04 12:00:00,0.6011460000000001
2025-05-04 13:00:00,0.552998
2025-05-04 14:00:00,0.441318
2025-05-04 15:00:00,0.29405
2025-05-04 16:00:00,0.12688
2025-05-04 17:00:00,0.01298
2025-05-04 18:00:00,0.0
2025-05-04 19:00:00,0.0
2025-05-04 20:00:00,0.0
2025-05-04 21:00:00,0.0
2025-05-04 22:00:00,0.0
2025-05-04 23:00:00,0.0
2025-05-05 00:00:00,0.0
2025-05-05 01:00:00,0.0
2025-05-05 02:00:00,0.0
2025-05-05 03:00:00,0.0
2025-05-05 04:00:00,0.0
2025-05-05 05:00:00,0.0
2025-05-05 06:00:00,0.0
2025-05-05 07:00:00,0.20813399999999999
2025-05-05 08:00:00,0.392272
2025-05-05 09:00:00,0.6332260000000001
2025-05-05 10:00:00,0.70132
2025-05-05 11:00:00,0.72531
2025-05-05 12:00:00,0.688278
2025-05-05 13:00:00,0.6086459999999999
2025-05-05 14:00:00,0.5204980000000001
2025-05-05 15:00:00,0.34076400000000007
2025-05-05 16:00:00,0.14146799999999998
2025-05-05 17:00:00,0.0066040000000000005
2025-05-05 18:00:00,0.0
2025-05-05 19:00:00,0.0
2025-05-05 20:00:00,0.0
2025-05-05 21:00:00,0.0
2025-05-05 22:00:00,0.0
2025-05-05 23:00:00,0.0
2025-05-06 00:00:00,0.0
2025-05-06 01:00:00,0.0
2025-05-06 02:00:00,0.0
2025-05-06 03:00:00,0.0
2025-05-06 04:00:00,0.0
2025-05-06 05:00:00,0.0
2025-05-06 06:00:00,0.0
2025-05-06 07:00:00,0.17890599999999998
2025-05-06 08:00:00,0.40216
2025-05-06 09:00:00,0.529702
2025-05-06 10:00:00,0.6312599999999999
2025-05-06 11:00:00,0.73439
2025-05-06 12:00:00,0.722206
2025-05-06 13:00:00,0.6453599999999999
2025-05-06 14:00:00,0.525358
2025-05-06 15:00:00,0.340588
2025-05-06 16:00:00,0.14591800000000002
2025-05-06 17:00:00,0.01555399999999994
2025-05-06 18:00:00,0.0
2025-05-06 19:00:00,0.0
2025-05-06 20:00:00,0.0
2025-05-06 21:00:00,0.0
2025-05-06 22:00:00,0.0
2025-05-06 23:00:00,0.0
2025-05-07 00:00:00,0.0
2025-05-07 01:00:00,0.0
2025-05-07 02:00:00,0.0
2025-05-07 03:00:00,0.0
2025-05-07 04:00:00,0.0
2025-05-07 05:00:00,0.0
2025-05-07 06:00:00,0.0
2025-05-07 07:00:00,0.17840399999999998
2025-05-07 08:00:00,0.4514079999999999
2025-05-07 09:00:00,0.628522
2025-05-07 10:00:00,0.709034
2025-05-07 11:00:00,0.7241639999999999
2025-05-07 12:00:00,0.6789980000000001
2025-05-07 13:00:00,0.6086280000000001
2025-05-07 14:00:00,0.5174460000000001
2025-05-07 15:00:00,0.30973
2025-05-07 16:00:00,0.13618599999999997
2025-05-07 17:00:00,0.0037360000000000006
2025-05-07 18:00:00,0.0
2025-05-07 19:00:00,0.0
2025-05-07 20:00:00,0.0
2025-05-07 21:00:00,0.0
2025-05-07 22:00:00,0.0
2025-05-07 23:00:00,0.0
2025-05-08 00:00:00,0.0
2025-05-08 01:00:00,0.0
2025-05-08 02:00:00,0.0
2025-05-08 03:00:00,0.0
2025-05-08 04:00:00,0.0
2025-05-08 05:00:00,0.0
2025-05-08 06:00:00,0.0
2025-05-08 07:00:00,0.17782000000000003
2025-05-08 08:00:00,0.43279000000000006
2025-05-08 09:00:00,0.6093299999999999
2025-05-08 10:00:00,0.7013879999999999
2025-05-08 11:00:00,0.70866
2025-05-08 12:00:00,0.657548
2025-05-08 13:00:00,0.5781919999999999
2025-05-08 14:00:00,0.43547
2025-05-08 15:00:00,0.294668
2025-05-08 16:00:00,0.143036
2025-05-08 17:00:00,0.010816000000000001
2025-05-08 18:00:00,0.0
2025-05-08 19:00:00,0.0
2025-05-08 20:00:00,0.0
2025-05-08 21:00:00,0.0
2025-05-08 22:00:00,0.0
2025-05-08 23:00:00,0.0
2025-05-09 00:00:00,0.0
2025-05-09 01:00:00,0.0
2025-05-09 02:00:00,0.0
2025-05-09 03:00:00,0.0
2025-05-09 04:00:00,0.0
2025-05-09 05:00:00,0.0
2025-05-09 06:00:00,0.0
2025-05-09 07:00:00,0.107708
2025-05-09 08:00:00,0.45214600000000005
2025-05-09 09:00:00,0.592836
2025-05-09 10:00:00,0.6553979999999999
2025-05-09 11:00:00,0.676678
2025-05-09 12:00:00,0.592238
2025-05-09 13:00:00,0.5489939999999999
2025-05-09 14:00:00,0.4615179999999999
2025-05-09 15:00:00,0.26688
2025-05-09 16:00:00,0.076492
2025-05-09 17:00:00,0.00593999999999998
2025-05-09 18:00:00,0.0
2025-05-09 19:00:00,0.0
2025-05-09 20:00:00,0.0
2025-05-09 21:00:00,0.0
2025-05-09 22:00:00,0.0
2025-05-09 23:00:00,0.0
2025-05-10 00:00:00,0.0
2025-05-10 01:00:00,0.0
2025-05-10 02:00:00,0.0
2025-05-10 03:00:00,0.0
2025-05-10 04:00:00,0.0
2025-05-10 05:00:00,0.0
2025-05-10 06:00:00,0.0
2025-05-10 07:00:00,0.20966199999999996
2025-05-10 08:00:00,0.235166
2025-05-10 09:00:00,0.325476
2025-05-10 10:00:00,0.37621199999999994
2025-05-10 11:00:00,0.483688
2025-05-10 12:00:00,0.5038560000000001
2025-05-10 13:00:00,0.45132400000000006
2025-05-10 14:00:00,0.374538
2025-05-10 15:00:00,0.252814
2025-05-10 16:00:00,0.06820399999999995
2025-05-10 17:00:00,0.006927999999999999
2025-05-10 18:00:00,0.0
2025-05-10 19:00:00,0.0
2025-05-10 20:00:00,0.0
2025-05-10 21:00:00,0.0
2025-05-10 22:00:00,0.0
2025-05-10 23:00:00,0.0
2025-05-11 00:00:00,0.0
2025-05-11 01:00:00,0.0
2025-05-11 02:00:00,0.0
2025-05-11 03:00:00,0.0
2025-05-11 04:00:00,0.0
2025-05-11 05:00:00,0.0
2025-05-11 06:00:00,0.0
2025-05-11 07:00:00,0.10939199999999996
2025-05-11 08:00:00,0.33972199999999997
2025-05-11 09:00:00,0.34073000000000003
2025-05-11 10:00:00,0.32705799999999996
2025-05-11 11:00:00,0.621686
2025-05-11 12:00:00,0.66676
2025-05-11 13:00:00,0.5900239999999999
2025-05-11 14:00:00,0.45590200000000003
2025-05-11 15:00:00,0.15482999999999994
2025-05-11 16:00:00,0.092472
2025-05-11 17:00:00,0.012522000000000002
2025-05-11 18:00:00,0.0
2025-05-11 19:00:00,0.0
2025-05-11 20:00:00,0.0
2025-05-11 21:00:00,0.0
2025-05-11 22:00:00,0.0
2025-05-11 23:00:00,0.0
2025-05-12 00:00:00,0.0
2025-05-12 01:00:00,0.0
2025-05-12 02:00:00,0.0
2025-05-12 03:00:00,0.0
2025-05-12 04:00:00,0.0
2025-05-12 05:00:00,0.0
2025-05-12 06:00:00,0.0
2025-05-12 07:00:00,0.130318
2025-05-12 08:00:00,0.33593600000000007
2025-05-12 09:00:00,0.540332
2025-05-12 10:00:00,0.5990359999999999
2025-05-12 11:00:00,0.609562
2025-05-12 12:00:00,0.655616
2025-05-12 13:00:00,0.5777880000000001
2025-05-12 14:00:00,0.486082
2025-05-12 15:00:00,0.31005800000000006
2025-05-12 16:00:00,0.13416799999999998
2025-05-12 17:00:00,0.013418000000000003
2025-05-12 18:00:00,0.0
2025-05-12 19:00:00,0.0
2025-05-12 20:00:00,0.0
2025-05-12 21:00:00,0.0
2025-05-12 22:00:00,0.0
2025-05-12 23:00:00,0.0
2025-05-13 00:00:00,0.0
2025-05-13 01:00:00,0.0
2025-05-13 02:00:00,0.0
2025-05-13 03:00:00,0.0
2025-05-13 04:00:00,0.0
2025-05-13 05:00:00,0.0
2025-05-13 06:00:00,0.0
2025-05-13 07:00:00,0.15834799999999993
2025-05-13 08:00:00,0.366042
2025-05-13 09:00:00,0.522108
2025-05-13 10:00:00,0.6787799999999999
2025-05-13 11:00:00,0.6389639999999999
2025-05-13 12:00:00,0.645808
2025-05-13 13:00:00,0.612684
2025-05-13 14:00:00,0.5046799999999999
2025-05-13 15:00:00,0.342966
2025-05-13 16:00:00,0.143744
2025-05-13 17:00:00,0.012438000000000001
2025-05-13 18:00:00,0.0
2025-05-13 19:00:00,0.0
2025-05-13 20:00:00,0.0
2025-05-13 21:00:00,0.0
2025-05-13 22:00:00,0.0
2025-05-13 23:00:00,0.0
2025-05-14 00:00:00,0.0
2025-05-14 01:00:00,0.0
2025-05-14 02:00:00,0.0
2025-05-14 03:00:00,0.0
2025-05-14 04:00:00,0.0
2025-05-14 05:00:00,0.0
2025-05-14 06:00:00,0.0
2025-05-14 07:00:00,0.18342599999999998
2025-05-14 08:00:00,0.41387
2025-05-14 09:00:00,0.63338
2025-05-14 10:00:00,0.713106
2025-05-14 11:00:00,0.74041
2025-05-14 12:00:00,0.7246819999999999
2025-05-14 13:00:00,0.6394740000000001
2025-05-14 14:00:00,0.5112639999999999
2025-05-14 15:00:00,0.33248599999999995
2025-05-14 16:00:00,0.140056
2025-05-14 17:00:00,0.009694
2025-05-14 18:00:00,0.0
2025-05-14 19:00:00,0.0
2025-05-14 20:00:00,0.0
2025-05-14 21:00:00,0.0
2025-05-14 22:00:00,0.0
2025-05-14 23:00:00,0.0
2025-05-15 00:00:00,0.0
2025-05-15 01:00:00,0.0
2025-05-15 02:00:00,0.0
2025-05-15 03:00:00,0.0
2025-05-15 04:00:00,0.0
2025-05-15 05:00:00,0.0
2025-05-15 06:00:00,0.0
2025-05-15 07:00:00,0.127948
2025-05-15 08:00:00,0.347578
2025-05-15 09:00:00,0.409876
2025-05-15 10:00:00,0.56776
2025-05-15 11:00:00,0.552026
2025-05-15 12:00:00,0.4970359999999999
2025-05-15 13:00:00,0.5123460000000001
2025-05-15 14:00:00,0.3649779999999999
2025-05-15 15:00:00,0.25408600000000003
2025-05-15 16:00:00,0.08707400000000001
2025-05-15 17:00:00,0.006774
2025-05-15 18:00:00,0.0
2025-05-15 19:00:00,0.0
2025-05-15 20:00:00,0.0
2025-05-15 21:00:00,0.0
2025-05-15 22:00:00,0.0
2025-05-15 23:00:00,0.0
2025-05-16 00:00:00,0.0
2025-05-16 01:00:00,0.0
2025-05-16 02:00:00,0.0
2025-05-16 03:00:00,0.0
2025-05-16 04:00:00,0.0
2025-05-16 05:00:00,0.0
2025-05-16 06:00:00,0.0
2025-05-16 07:00:00,0.17487599999999998
2025-05-16 08:00:00,0.300414
2025-05-16 09:00:00,0.40077799999999997
2025-05-16 10:00:00,0.578008
2025-05-16 11:00:00,0.6070960000000001
2025-05-16 12:00:00,0.5940200000000001
2025-05-16 13:00:00,0.55497
2025-05-16 14:00:00,0.48436399999999996
2025-05-16 15:00:00,0.33531999999999995
2025-05-16 16:00:00,0.14423599999999998
2025-05-16 17:00:00,0.009283999999999999
2025-05-16 18:00:00,0.0
2025-05-16 19:00:00,0.0
2025-05-16 20:00:00,0.0
2025-05-16 21:00:00,0.0
2025-05-16 22:00:00,0.0
2025-05-16 23:00:00,0.0
2025-05-17 00:00:00,0.0
2025-05-17 01:00:00,0.0
2025-05-17 02:00:00,0.0
2025-05-17 03:00:00,0.0
2025-05-17 04:00:00,0.0
2025-05-17 05:00:00,0.0
2025-05-17 06:00:00,0.0
2025-05-17 07:00:00,0.15288399999999996
2025-05-17 08:00:00,0.443046
2025-05-17 09:00:00,0.543546
2025-05-17 10:00:00,0.682386
2025-05-17 11:00:00,0.714116
2025-05-17 12:00:00,0.701742
2025-05-17 13:00:00,0.645338
2025-05-17 14:00:00,0.5332580000000001
2025-05-17 15:00:00,0.358564
2025-05-17 16:00:00,0.147946
2025-05-17 17:00:00,0.009788000000000002
2025-05-17 18:00:00,0.0
2025-05-17 19:00:00,0.0
2025-05-17 20:00:00,0.0
2025-05-17 21:00:00,0.0
2025-05-17 22:00:00,0.0
2025-05-17 23:00:00,0.0
2025-05-18 00:00:00,0.0
2025-05-18 01:00:00,0.0
2025-05-18 02:00:00,0.0
2025-05-18 03:00:00,0.0
2025-05-18 04:00:00,0.0
2025-05-18 05:00:00,0.0
2025-05-18 06:00:00,0.0
2025-05-18 07:00:00,0.162234
2025-05-18 08:00:00,0.45503599999999994
2025-05-18 09:00:00,0.5643779999999999
2025-05-18 10:00:00,0.7124879999999999
2025-05-18 11:00:00,0.7565579999999998
2025-05-18 12:00:00,0.711712
2025-05-18 13:00:00,0.64108
2025-05-18 14:00:00,0.5245759999999999
2025-05-18 15:00:00,0.344018
2025-05-18 16:00:00,0.13703599999999994
2025-05-18 17:00:00,0.008594000000000001
2025-05-18 18:00:00,0.0
2025-05-18 19:00:00,0.0
2025-05-18 20:00:00,0.0
2025-05-18 21:00:00,0.0
2025-05-18 22:00:00,0.0
2025-05-18 23:00:00,0.0
2025-05-19 00:00:00,0.0
2025-05-19 01:00:00,0.0
2025-05-19 02:00:00,0.0
2025-05-19 03:00:00,0.0
2025-05-19 04:00:00,0.0
2025-05-19 05:00:00,0.0
2025-05-19 06:00:00,0.0
2025-05-19 07:00:00,0.15442399999999995
2025-05-19 08:00:00,0.382644
2025-05-19 09:00:00,0.505022
2025-05-19 10:00:00,0.582054
2025-05-19 11:00:00,0.616132
2025-05-19 12:00:00,0.6421859999999999
2025-05-19 13:00:00,0.5808719999999999
2025-05-19 14:00:00,0.50847
2025-05-19 15:00:00,0.34388
2025-05-19 16:00:00,0.13464800000000002
2025-05-19 17:00:00,0.0076419999999999405
2025-05-19 18:00:00,0.0
2025-05-19 19:00:00,0.0
2025-05-19 20:00:00,0.0
2025-05-19 21:00:00,0.0
2025-05-19 22:00:00,0.0
2025-05-19 23:00:00,0.0
2025-05-20 00:00:00,0.0
2025-05-20 01:00:00,0.0
2025-05-20 02:00:00,0.0
2025-05-20 03:00:00,0.0
2025-05-20 04:00:00,0.0
2025-05-20 05:00:00,0.0
2025-05-20 06:00:00,0.0
2025-05-20 07:00:00,0.19552399999999998
2025-05-20 08:00:00,0.475294
2025-05-20 09:00:00,0.6306499999999999
2025-05-20 10:00:00,0.72422
2025-05-20 11:00:00,0.756562
2025-05-20 12:00:00,0.738518
2025-05-20 13:00:00,0.664092
2025-05-20 14:00:00,0.536056
2025-05-20 15:00:00,0.35842799999999997
2025-05-20 16:00:00,0.14464799999999997
2025-05-20 17:00:00,0.00943999999999998
2025-05-20 18:00:00,0.0
2025-05-20 19:00:00,0.0
2025-05-20 20:00:00,0.0
2025-05-20 21:00:00,0.0
2025-05-20 22:00:00,0.0
2025-05-20 23:00:00,0.0
2025-05-21 00:00:00,0.0
2025-05-21 01:00:00,0.0
2025-05-21 02:00:00,0.0
2025-05-21 03:00:00,0.0
2025-05-21 04:00:00,0.0
2025-05-21 05:00:00,0.0
2025-05-21 06:00:00,0.0
2025-05-21 07:00:00,0.17659399999999997
2025-05-21 08:00:00,0.46668000000000004
2025-05-21 09:00:00,0.5445779999999999
2025-05-21 10:00:00,0.6748700000000001
2025-05-21 11:00:00,0.682272
2025-05-21 12:00:00,0.724186
2025-05-21 13:00:00,0.664166
2025-05-21 14:00:00,0.5289539999999999
2025-05-21 15:00:00,0.33587799999999995
2025-05-21 16:00:00,0.13641199999999998
2025-05-21 17:00:00,0.00616799999999994
2025-05-21 18:00:00,0.0
2025-05-21 19:00:00,0.0
2025-05-21 20:00:00,0.0
2025-05-21 21:00:00,0.0
2025-05-21 22:00:00,0.0
2025-05-21 23:00:00,0.0
2025-05-22 00:00:00,0.0
2025-05-22 01:00:00,0.0
2025-05-22 02:00:00,0.0
2025-05-22 03:00:00,0.0
2025-05-22 04:00:00,0.0
2025-05-22 05:00:00,0.0
2025-05-22 06:00:00,0.0
2025-05-22 07:00:00,0.07273199999999999
2025-05-22 08:00:00,0.2579699999999999
2025-05-22 09:00:00,0.486796
2025-05-22 10:00:00,0.5656340000000001
2025-05-22 11:00:00,0.5220920000000001
2025-05-22 12:00:00,0.50498
2025-05-22 13:00:00,0.422464
2025-05-22 14:00:00,0.302432
2025-05-22 15:00:00,0.24224600000000002
2025-05-22 16:00:00,0.10662800000000001
2025-05-22 17:00:00,0.001898
2025-05-22 18:00:00,0.0
2025-05-22 19:00:00,0.0
2025-05-22 20:00:00,0.0
2025-05-22 21:00:00,0.0
2025-05-22 22:00:00,0.0
2025-05-22 23:00:00,0.0
2025-05-23 00:00:00,0.0
2025-05-23 01:00:00,0.0
2025-05-23 02:00:00,0.0
2025-05-23 03:00:00,0.0
2025-05-23 04:00:00,0.0
2025-05-23 05:00:00,0.0
2025-05-23 06:00:00,0.0
2025-05-23 07:00:00,0.14322800000000002
2025-05-23 08:00:00,0.40278800000000003
2025-05-23 09:00:00,0.5439499999999999
2025-05-23 10:00:00,0.61516
2025-05-23 11:00:00,0.49616
2025-05-23 12:00:00,0.5088579999999999
2025-05-23 13:00:00,0.403672
2025-05-23 14:00:00,0.41996599999999995
2025-05-23 15:00:00,0.210876
2025-05-23 16:00:00,0.10189799999999997
2025-05-23 17:00:00,0.001304
2025-05-23 18:00:00,0.0
2025-05-23 19:00:00,0.0
2025-05-23 20:00:00,0.0
2025-05-23 21:00:00,0.0
2025-05-23 22:00:00,0.0
2025-05-23 23:00:00,0.0
2025-05-24 00:00:00,0.0
2025-05-24 01:00:00,0.0
2025-05-24 02:00:00,0.0
2025-05-24 03:00:00,0.0
2025-05-24 04:00:00,0.0
2025-05-24 05:00:00,0.0
2025-05-24 06:00:00,0.0
2025-05-24 07:00:00,0.09002199999999999
2025-05-24 08:00:00,0.40484599999999993
2025-05-24 09:00:00,0.399066
2025-05-24 10:00:00,0.5526880000000001
2025-05-24 11:00:00,0.5656760000000001
2025-05-24 12:00:00,0.568304
2025-05-24 13:00:00,0.493088
2025-05-24 14:00:00,0.32324
2025-05-24 15:00:00,0.199078
2025-05-24 16:00:00,0.08533199999999999
2025-05-24 17:00:00,0.0013
2025-05-24 18:00:00,0.0
2025-05-24 19:00:00,0.0
2025-05-24 20:00:00,0.0
2025-05-24 21:00:00,0.0
2025-05-24 22:00:00,0.0
2025-05-24 23:00:00,0.0
2025-05-25 00:00:00,0.0
2025-05-25 01:00:00,0.0
2025-05-25 02:00:00,0.0
2025-05-25 03:00:00,0.0
2025-05-25 04:00:00,0.0
2025-05-25 05:00:00,0.0
2025-05-25 06:00:00,0.0
2025-05-25 07:00:00,0.18131
2025-05-25 08:00:00,0.39481200000000005
2025-05-25 09:00:00,0.611502
2025-05-25 10:00:00,0.6920179999999999
2025-05-25 11:00:00,0.728438
2025-05-25 12:00:00,0.662106
2025-05-25 13:00:00,0.5681400000000001
2025-05-25 14:00:00,0.442396
2025-05-25 15:00:00,0.301824
2025-05-25 16:00:00,0.11146799999999998
2025-05-25 17:00:00,0.00624799999999994
2025-05-25 18:00:00,0.0
2025-05-25 19:00:00,0.0
2025-05-25 20:00:00,0.0
2025-05-25 21:00:00,0.0
2025-05-25 22:00:00,0.0
2025-05-25 23:00:00,0.0
2025-05-26 00:00:00,0.0
2025-05-26 01:00:00,0.0
2025-05-26 02:00:00,0.0
2025-05-26 03:00:00,0.0
2025-05-26 04:00:00,0.0
2025-05-26 05:00:00,0.0
2025-05-26 06:00:00,0.0
2025-05-26 07:00:00,0.15184599999999998
2025-05-26 08:00:00,0.451882
2025-05-26 09:00:00,0.599864
2025-05-26 10:00:00,0.694346
2025-05-26 11:00:00,0.6726620000000001
2025-05-26 12:00:00,0.675204
2025-05-26 13:00:00,0.623086
2025-05-26 14:00:00,0.49704800000000005
2025-05-26 15:00:00,0.31797
2025-05-26 16:00:00,0.127648
2025-05-26 17:00:00,0.006567999999999939
2025-05-26 18:00:00,0.0
2025-05-26 19:00:00,0.0
2025-05-26 20:00:00,0.0
2025-05-26 21:00:00,0.0
2025-05-26 22:00:00,0.0
2025-05-26 23:00:00,0.0
2025-05-27 00:00:00,0.0
2025-05-27 01:00:00,0.0
2025-05-27 02:00:00,0.0
2025-05-27 03:00:00,0.0
2025-05-27 04:00:00,0.0
2025-05-27 05:00:00,0.0
2025-05-27 06:00:00,0.0
2025-05-27 07:00:00,0.11168800000000001
2025-05-27 08:00:00,0.37636
2025-05-27 09:00:00,0.5262779999999999
2025-05-27 10:00:00,0.6673419999999999
2025-05-27 11:00:00,0.63062
2025-05-27 12:00:00,0.5600539999999999
2025-05-27 13:00:00,0.5472699999999999
2025-05-27 14:00:00,0.44345999999999997
2025-05-27 15:00:00,0.299098
2025-05-27 16:00:00,0.13369799999999998
2025-05-27 17:00:00,0.00733599999999998
2025-05-27 18:00:00,0.0
2025-05-27 19:00:00,0.0
2025-05-27 20:00:00,0.0
2025-05-27 21:00:00,0.0
2025-05-27 22:00:00,0.0
2025-05-27 23:00:00,0.0
2025-05-28 00:00:00,0.0
2025-05-28 01:00:00,0.0
2025-05-28 02:00:00,0.0
2025-05-28 03:00:00,0.0
2025-05-28 04:00:00,0.0
2025-05-28 05:00:00,0.0
2025-05-28 06:00:00,0.0
2025-05-28 07:00:00,0.12679800000000002
2025-05-28 08:00:00,0.44487
2025-05-28 09:00:00,0.57828
2025-05-28 10:00:00,0.6622779999999999
2025-05-28 11:00:00,0.697296
2025-05-28 12:00:00,0.6838140000000001
2025-05-28 13:00:00,0.524178
2025-05-28 14:00:00,0.43886200000000003
2025-05-28 15:00:00,0.287138
2025-05-28 16:00:00,0.098198
2025-05-28 17:00:00,0.0012720000000000001
2025-05-28 18:00:00,0.0
2025-05-28 19:00:00,0.0
2025-05-28 20:00:00,0.0
2025-05-28 21:00:00,0.0
2025-05-28 22:00:00,0.0
2025-05-28 23:00:00,0.0
2025-05-29 00:00:00,0.0
2025-05-29 01:00:00,0.0
2025-05-29 02:00:00,0.0
2025-05-29 03:00:00,0.0
2025-05-29 04:00:00,0.0
2025-05-29 05:00:00,0.0
2025-05-29 06:00:00,0.0
2025-05-29 07:00:00,0.08200800000000001
2025-05-29 08:00:00,0.365068
2025-05-29 09:00:00,0.439524
2025-05-29 10:00:00,0.56687
2025-05-29 11:00:00,0.546628
2025-05-29 12:00:00,0.5052760000000001
2025-05-29 13:00:00,0.536824
2025-05-29 14:00:00,0.32795399999999997
2025-05-29 15:00:00,0.270838
2025-05-29 16:00:00,0.103048
2025-05-29 17:00:00,0.00245
2025-05-29 18:00:00,0.0
2025-05-29 19:00:00,0.0
2025-05-29 20:00:00,0.0
2025-05-29 21:00:00,0.0
2025-05-29 22:00:00,0.0
2025-05-29 23:00:00,0.0
2025-05-30 00:00:00,0.0
2025-05-30 01:00:00,0.0
2025-05-30 02:00:00,0.0
2025-05-30 03:00:00,0.0
2025-05-30 04:00:00,0.0
2025-05-30 05:00:00,0.0
2025-05-30 06:00:00,0.0
2025-05-30 07:00:00,0.12599200000000002
2025-05-30 08:00:00,0.21464600000000003
2025-05-30 09:00:00,0.5531220000000001
2025-05-30 10:00:00,0.49993999999999994
2025-05-30 11:00:00,0.47282399999999997
2025-05-30 12:00:00,0.40697
2025-05-30 13:00:00,0.35535199999999995
2025-05-30 14:00:00,0.20836000000000002
2025-05-30 15:00:00,0.11785799999999999
2025-05-30 16:00:00,0.039540000000000006
2025-05-30 17:00:00,0.0013779999999999999
2025-05-30 18:00:00,0.0
2025-05-30 19:00:00,0.0
2025-05-30 20:00:00,0.0
2025-05-30 21:00:00,0.0
2025-05-30 22:00:00,0.0
2025-05-30 23:00:00,0.0
2025-05-31 00:00:00,0.0
2025-05-31 01:00:00,0.0
2025-05-31 02:00:00,0.0
2025-05-31 03:00:00,0.0
2025-05-31 04:00:00,0.0
2025-05-31 05:00:00,0.0
2025-05-31 06:00:00,0.0
2025-05-31 07:00:00,0.013843999999999999
2025-05-31 08:00:00,0.11999199999999996
2025-05-31 09:00:00,0.16879799999999995
2025-05-31 10:00:00,0.173246
2025-05-31 11:00:00,0.25226600000000005
2025-05-31 12:00:00,0.201046
2025-05-31 13:00:00,0.21845399999999993
2025-05-31 14:00:00,0.22639
2025-05-31 15:00:00,0.12392399999999999
2025-05-31 16:00:00,0.04068600000000001
2025-05-31 17:00:00,0.0
2025-05-31 18:00:00,0.0
2025-05-31 19:00:00,0.0
2025-05-31 20:00:00,0.0
2025-05-31 21:00:00,0.0
2025-05-31 22:00:00,0.0
2025-05-31 23:00:00,0.0
2025-06-01 00:00:00,0.0
2025-06-01 01:00:00,0.0
2025-06-01 02:00:00,0.0
2025-06-01 03:00:00,0.0
2025-06-01 04:00:00,0.0
2025-06-01 05:00:00,0.0
2025-06-01 06:00:00,0.0
2025-06-01 07:00:00,0.013125999999999999
2025-06-01 08:00:00,0.30363599999999996
2025-06-01 09:00:00,0.442502
2025-06-01 10:00:00,0.5501199999999999
2025-06-01 11:00:00,0.640436
2025-06-01 12:00:00,0.5908260000000001
2025-06-01 13:00:00,0.46226
2025-06-01 14:00:00,0.472504
2025-06-01 15:00:00,0.298056
2025-06-01 16:00:00,0.12393999999999998
2025-06-01 17:00:00,0.004042
2025-06-01 18:00:00,0.0
2025-06-01 19:00:00,0.0
2025-06-01 20:00:00,0.0
2025-06-01 21:00:00,0.0
2025-06-01 22:00:00,0.0
2025-06-01 23:00:00,0.0
2025-06-02 00:00:00,0.0
2025-06-02 01:00:00,0.0
2025-06-02 02:00:00,0.0
2025-06-02 03:00:00,0.0
2025-06-02 04:00:00,0.0
2025-06-02 05:00:00,0.0
2025-06-02 06:00:00,0.0
2025-06-02 07:00:00,0.011307999999999981
2025-06-02 08:00:00,0.40365799999999996
2025-06-02 09:00:00,0.539598
2025-06-02 10:00:00,0.6641579999999999
2025-06-02 11:00:00,0.723228
2025-06-02 12:00:00,0.6883800000000001
2025-06-02 13:00:00,0.5911019999999999
2025-06-02 14:00:00,0.44679599999999997
2025-06-02 15:00:00,0.33272599999999997
2025-06-02 16:00:00,0.138334
2025-06-02 17:00:00,0.00299799999999998
2025-06-02 18:00:00,0.0
2025-06-02 19:00:00,0.0
2025-06-02 20:00:00,0.0
2025-06-02 21:00:00,0.0
2025-06-02 22:00:00,0.0
2025-06-02 23:00:00,0.0
2025-06-03 00:00:00,0.0
2025-06-03 01:00:00,0.0
2025-06-03 02:00:00,0.0
2025-06-03 03:00:00,0.0
2025-06-03 04:00:00,0.0
2025-06-03 05:00:00,0.0
2025-06-03 06:00:00,0.0
2025-06-03 07:00:00,0.00979199999999998
2025-06-03 08:00:00,0.372558
2025-06-03 09:00:00,0.5095379999999999
2025-06-03 10:00:00,0.6725540000000001
2025-06-03 11:00:00,0.6404400000000001
2025-06-03 12:00:00,0.6376099999999999
2025-06-03 13:00:00,0.590892
2025-06-03 14:00:00,0.49363399999999996
2025-06-03 15:00:00,0.3386
2025-06-03 16:00:00,0.14026200000000003
2025-06-03 17:00:00,0.00506199999999998
2025-06-03 18:00:00,0.0
2025-06-03 19:00:00,0.0
2025-06-03 20:00:00,0.0
2025-06-03 21:00:00,0.0
2025-06-03 22:00:00,0.0
2025-06-03 23:00:00,0.0
2025-06-04 00:00:00,0.0
2025-06-04 01:00:00,0.0
2025-06-04 02:00:00,0.0
2025-06-04 03:00:00,0.0
2025-06-04 04:00:00,0.0
2025-06-04 05:00:00,0.0
2025-06-04 06:00:00,0.0
2025-06-04 07:00:00,0.010862
2025-06-04 08:00:00,0.45216200000000006
2025-06-04 09:00:00,0.6046159999999999
2025-06-04 10:00:00,0.691676
2025-06-04 11:00:00,0.7313560000000001
2025-06-04 12:00:00,0.7087960000000001
2025-06-04 13:00:00,0.627266
2025-06-04 14:00:00,0.510826
2025-06-04 15:00:00,0.34998399999999996
2025-06-04 16:00:00,0.141434
2025-06-04 17:00:00,0.005495999999999999
2025-06-04 18:00:00,0.0
2025-06-04 19:00:00,0.0
2025-06-04 20:00:00,0.0
2025-06-04 21:00:00,0.0
2025-06-04 22:00:00,0.0
2025-06-04 23:00:00,0.0
2025-06-05 00:00:00,0.0
2025-06-05 01:00:00,0.0
2025-06-05 02:00:00,0.0
2025-06-05 03:00:00,0.0
2025-06-05 04:00:00,0.0
2025-06-05 05:00:00,0.0
2025-06-05 06:00:00,0.0
2025-06-05 07:00:00,0.010242
2025-06-05 08:00:00,0.44695
2025-06-05 09:00:00,0.600868
2025-06-05 10:00:00,0.6913039999999999
2025-06-05 11:00:00,0.726342
2025-06-05 12:00:00,0.7060179999999999
2025-06-05 13:00:00,0.637796
2025-06-05 14:00:00,0.5207879999999998
2025-06-05 15:00:00,0.35514399999999996
2025-06-05 16:00:00,0.14279599999999998
2025-06-05 17:00:00,0.004174
2025-06-05 18:00:00,0.0
2025-06-05 19:00:00,0.0
2025-06-05 20:00:00,0.0
2025-06-05 21:00:00,0.0
2025-06-05 22:00:00,0.0
2025-06-05 23:00:00,0.0
2025-06-06 00:00:00,0.0
2025-06-06 01:00:00,0.0
2025-06-06 02:00:00,0.0
2025-06-06 03:00:00,0.0
2025-06-06 04:00:00,0.0
2025-06-06 05:00:00,0.0
2025-06-06 06:00:00,0.0
2025-06-06 07:00:00,0.010692000000000002
2025-06-06 08:00:00,0.40055199999999996
2025-06-06 09:00:00,0.565908
2025-06-06 10:00:00,0.649098
2025-06-06 11:00:00,0.654778
2025-06-06 12:00:00,0.6909000000000001
2025-06-06 13:00:00,0.58426
2025-06-06 14:00:00,0.485054
2025-06-06 15:00:00,0.28332999999999997
2025-06-06 16:00:00,0.10683799999999999
2025-06-06 17:00:00,0.000782
2025-06-06 18:00:00,0.0
2025-06-06 19:00:00,0.0
2025-06-06 20:00:00,0.0
2025-06-06 21:00:00,0.0
2025-06-06 22:00:00,0.0
2025-06-06 23:00:00,0.0
2025-06-07 00:00:00,0.0
2025-06-07 01:00:00,0.0
2025-06-07 02:00:00,0.0
2025-06-07 03:00:00,0.0
2025-06-07 04:00:00,0.0
2025-06-07 05:00:00,0.0
2025-06-07 06:00:00,0.0
2025-06-07 07:00:00,0.010849999999999938
2025-06-07 08:00:00,0.44334999999999997
2025-06-07 09:00:00,0.556042
2025-06-07 10:00:00,0.66118
2025-06-07 11:00:00,0.659778
2025-06-07 12:00:00,0.691278
2025-06-07 13:00:00,0.555116
2025-06-07 14:00:00,0.438416
2025-06-07 15:00:00,0.32700399999999996
2025-06-07 16:00:00,0.11174200000000001
2025-06-07 17:00:00,0.002262
2025-06-07 18:00:00,0.0
2025-06-07 19:00:00,0.0
2025-06-07 20:00:00,0.0
2025-06-07 21:00:00,0.0
2025-06-07 22:00:00,0.0
2025-06-07 23:00:00,0.0
2025-06-08 00:00:00,0.0
2025-06-08 01:00:00,0.0
2025-06-08 02:00:00,0.0
2025-06-08 03:00:00,0.0
2025-06-08 04:00:00,0.0
2025-06-08 05:00:00,0.0
2025-06-08 06:00:00,0.0
2025-06-08 07:00:00,0.009947999999999999
2025-06-08 08:00:00,0.362554
2025-06-08 09:00:00,0.49978799999999995
2025-06-08 10:00:00,0.5735819999999999
2025-06-08 11:00:00,0.632238
2025-06-08 12:00:00,0.6912260000000001
2025-06-08 13:00:00,0.628096
2025-06-08 14:00:00,0.46554
2025-06-08 15:00:00,0.3112919999999999
2025-06-08 16:00:00,0.117326
2025-06-08 17:00:00,0.004370000000000001
2025-06-08 18:00:00,0.0
2025-06-08 19:00:00,0.0
2025-06-08 20:00:00,0.0
2025-06-08 21:00:00,0.0
2025-06-08 22:00:00,0.0
2025-06-08 23:00:00,0.0
2025-06-09 00:00:00,0.0
2025-06-09 01:00:00,0.0
2025-06-09 02:00:00,0.0
2025-06-09 03:00:00,0.0
2025-06-09 04:00:00,0.0
2025-06-09 05:00:00,0.0
2025-06-09 06:00:00,0.0
2025-06-09 07:00:00,0.008063999999999998
2025-06-09 08:00:00,0.407414
2025-06-09 09:00:00,0.554968
2025-06-09 10:00:00,0.6604639999999999
2025-06-09 11:00:00,0.6676339999999998
2025-06-09 12:00:00,0.537574
2025-06-09 13:00:00,0.5346339999999999
2025-06-09 14:00:00,0.478282
2025-06-09 15:00:00,0.32633999999999996
2025-06-09 16:00:00,0.120292
2025-06-09 17:00:00,0.00376999999999994
2025-06-09 18:00:00,0.0
2025-06-09 19:00:00,0.0
2025-06-09 20:00:00,0.0
2025-06-09 21:00:00,0.0
2025-06-09 22:00:00,0.0
2025-06-09 23:00:00,0.0
2025-06-10 00:00:00,0.0
2025-06-10 01:00:00,0.0
2025-06-10 02:00:00,0.0
2025-06-10 03:00:00,0.0
2025-06-10 04:00:00,0.0
2025-06-10 05:00:00,0.0
2025-06-10 06:00:00,0.0
2025-06-10 07:00:00,0.009688
2025-06-10 08:00:00,0.3423999999999999
2025-06-10 09:00:00,0.48925
2025-06-10 10:00:00,0.587978
2025-06-10 11:00:00,0.626964
2025-06-10 12:00:00,0.583734
2025-06-10 13:00:00,0.530494
2025-06-10 14:00:00,0.408926
2025-06-10 15:00:00,0.28400800000000004
2025-06-10 16:00:00,0.10857800000000002
2025-06-10 17:00:00,0.0036820000000000004
2025-06-10 18:00:00,0.0
2025-06-10 19:00:00,0.0
2025-06-10 20:00:00,0.0
2025-06-10 21:00:00,0.0
2025-06-10 22:00:00,0.0
2025-06-10 23:00:00,0.0
2025-06-11 00:00:00,0.0
2025-06-11 01:00:00,0.0
2025-06-11 02:00:00,0.0
2025-06-11 03:00:00,0.0
2025-06-11 04:00:00,0.0
2025-06-11 05:00:00,0.0
2025-06-11 06:00:00,0.0
2025-06-11 07:00:00,0.006404
2025-06-11 08:00:00,0.35194600000000004
2025-06-11 09:00:00,0.443102
2025-06-11 10:00:00,0.539864
2025-06-11 11:00:00,0.516468
2025-06-11 12:00:00,0.6148079999999999
2025-06-11 13:00:00,0.5021439999999999
2025-06-11 14:00:00,0.38461
2025-06-11 15:00:00,0.22854999999999998
2025-06-11 16:00:00,0.092296
2025-06-11 17:00:00,0.000984
2025-06-11 18:00:00,0.0
2025-06-11 19:00:00,0.0
2025-06-11 20:00:00,0.0
2025-06-11 21:00:00,0.0
2025-06-11 22:00:00,0.0
2025-06-11 23:00:00,0.0
2025-06-12 00:00:00,0.0
2025-06-12 01:00:00,0.0
2025-06-12 02:00:00,0.0
2025-06-12 03:00:00,0.0
2025-06-12 04:00:00,0.0
2025-06-12 05:00:00,0.0
2025-06-12 06:00:00,0.0
2025-06-12 07:00:00,0.008826
2025-06-12 08:00:00,0.38833799999999996
2025-06-12 09:00:00,0.5463020000000001
2025-06-12 10:00:00,0.651884
2025-06-12 11:00:00,0.709858
2025-06-12 12:00:00,0.5814800000000001
2025-06-12 13:00:00,0.57772
2025-06-12 14:00:00,0.49885
2025-06-12 15:00:00,0.27564400000000006
2025-06-12 16:00:00,0.09874799999999999
2025-06-12 17:00:00,0.004467999999999939
2025-06-12 18:00:00,0.0
2025-06-12 19:00:00,0.0
2025-06-12 20:00:00,0.0
2025-06-12 21:00:00,0.0
2025-06-12 22:00:00,0.0
2025-06-12 23:00:00,0.0
2025-06-13 00:00:00,0.0
2025-06-13 01:00:00,0.0
2025-06-13 02:00:00,0.0
2025-06-13 03:00:00,0.0
2025-06-13 04:00:00,0.0
2025-06-13 05:00:00,0.0
2025-06-13 06:00:00,0.0
2025-06-13 07:00:00,0.004665999999999981
2025-06-13 08:00:00,0.22376599999999996
2025-06-13 09:00:00,0.475392
2025-06-13 10:00:00,0.592522
2025-06-13 11:00:00,0.571446
2025-06-13 12:00:00,0.557188
2025-06-13 13:00:00,0.519678
2025-06-13 14:00:00,0.306752
2025-06-13 15:00:00,0.209986
2025-06-13 16:00:00,0.067906
2025-06-13 17:00:00,0.00161999999999996
2025-06-13 18:00:00,0.0
2025-06-13 19:00:00,0.0
2025-06-13 20:00:00,0.0
2025-06-13 21:00:00,0.0
2025-06-13 22:00:00,0.0
2025-06-13 23:00:00,0.0
2025-06-14 00:00:00,0.0
2025-06-14 01:00:00,0.0
2025-06-14 02:00:00,0.0
2025-06-14 03:00:00,0.0
2025-06-14 04:00:00,0.0
2025-06-14 05:00:00,0.0
2025-06-14 06:00:00,0.0
2025-06-14 07:00:00,0.004591999999999999
2025-06-14 08:00:00,0.17420799999999997
2025-06-14 09:00:00,0.29486599999999996
2025-06-14 10:00:00,0.338732
2025-06-14 11:00:00,0.31699800000000006
2025-06-14 12:00:00,0.37633200000000006
2025-06-14 13:00:00,0.6223919999999998
2025-06-14 14:00:00,0.48787400000000003
2025-06-14 15:00:00,0.16951400000000003
2025-06-14 16:00:00,0.057775999999999994
2025-06-14 17:00:00,0.00112799999999998
2025-06-14 18:00:00,0.0
2025-06-14 19:00:00,0.0
2025-06-14 20:00:00,0.0
2025-06-14 21:00:00,0.0
2025-06-14 22:00:00,0.0
2025-06-14 23:00:00,0.0
2025-06-15 00:00:00,0.0
2025-06-15 01:00:00,0.0
2025-06-15 02:00:00,0.0
2025-06-15 03:00:00,0.0
2025-06-15 04:00:00,0.0
2025-06-15 05:00:00,0.0
2025-06-15 06:00:00,0.0
2025-06-15 07:00:00,0.006685999999999981
2025-06-15 08:00:00,0.172226
2025-06-15 09:00:00,0.25819000000000003
2025-06-15 10:00:00,0.2678620000000001
2025-06-15 11:00:00,0.345764
2025-06-15 12:00:00,0.334972
2025-06-15 13:00:00,0.331876
2025-06-15 14:00:00,0.26433600000000007
2025-06-15 15:00:00,0.15402799999999997
2025-06-15 16:00:00,0.063636
2025-06-15 17:00:00,0.00573599999999994
2025-06-15 18:00:00,0.0
2025-06-15 19:00:00,0.0
2025-06-15 20:00:00,0.0
2025-06-15 21:00:00,0.0
2025-06-15 22:00:00,0.0
2025-06-15 23:00:00,0.0
2025-06-16 00:00:00,0.0
2025-06-16 01:00:00,0.0
2025-06-16 02:00:00,0.0
2025-06-16 03:00:00,0.0
2025-06-16 04:00:00,0.0
2025-06-16 05:00:00,0.0
2025-06-16 06:00:00,0.0
2025-06-16 07:00:00,0.008318
2025-06-16 08:00:00,0.21620399999999992
2025-06-16 09:00:00,0.474646
2025-06-16 10:00:00,0.316784
2025-06-16 11:00:00,0.33425600000000005
2025-06-16 12:00:00,0.400326
2025-06-16 13:00:00,0.4639559999999999
2025-06-16 14:00:00,0.27453000000000005
2025-06-16 15:00:00,0.251256
2025-06-16 16:00:00,0.12151799999999999
2025-06-16 17:00:00,0.001998
2025-06-16 18:00:00,0.0
2025-06-16 19:00:00,0.0
2025-06-16 20:00:00,0.0
2025-06-16 21:00:00,0.0
2025-06-16 22:00:00,0.0
2025-06-16 23:00:00,0.0
2025-06-17 00:00:00,0.0
2025-06-17 01:00:00,0.0
2025-06-17 02:00:00,0.0
2025-06-17 03:00:00,0.0
2025-06-17 04:00:00,0.0
2025-06-17 05:00:00,0.0
2025-06-17 06:00:00,0.0
2025-06-17 07:00:00,0.0063
2025-06-17 08:00:00,0.227128
2025-06-17 09:00:00,0.274446
2025-06-17 10:00:00,0.6119
2025-06-17 11:00:00,0.607072
2025-06-17 12:00:00,0.683412
2025-06-17 13:00:00,0.6236079999999999
2025-06-17 14:00:00,0.3892480000000001
2025-06-17 15:00:00,0.24102600000000002
2025-06-17 16:00:00,0.06728799999999999
2025-06-17 17:00:00,0.00210999999999998
2025-06-17 18:00:00,0.0
2025-06-17 19:00:00,0.0
2025-06-17 20:00:00,0.0
2025-06-17 21:00:00,0.0
2025-06-17 22:00:00,0.0
2025-06-17 23:00:00,0.0
2025-06-18 00:00:00,0.0
2025-06-18 01:00:00,0.0
2025-06-18 02:00:00,0.0
2025-06-18 03:00:00,0.0
2025-06-18 04:00:00,0.0
2025-06-18 05:00:00,0.0
2025-06-18 06:00:00,0.0
2025-06-18 07:00:00,0.00564599999999994
2025-06-18 08:00:00,0.348772
2025-06-18 09:00:00,0.500622
2025-06-18 10:00:00,0.579442
2025-06-18 11:00:00,0.5928360000000001
2025-06-18 12:00:00,0.6182139999999999
2025-06-18 13:00:00,0.5428560000000001
2025-06-18 14:00:00,0.431752
2025-06-18 15:00:00,0.29379599999999995
2025-06-18 16:00:00,0.12365599999999999
2025-06-18 17:00:00,0.0037080000000000004
2025-06-18 18:00:00,0.0
2025-06-18 19:00:00,0.0
2025-06-18 20:00:00,0.0
2025-06-18 21:00:00,0.0
2025-06-18 22:00:00,0.0
2025-06-18 23:00:00,0.0
2025-06-19 00:00:00,0.0
2025-06-19 01:00:00,0.0
2025-06-19 02:00:00,0.0
2025-06-19 03:00:00,0.0
2025-06-19 04:00:00,0.0
2025-06-19 05:00:00,0.0
2025-06-19 06:00:00,0.0
2025-06-19 07:00:00,0.007124000000000001
2025-06-19 08:00:00,0.40719200000000005
2025-06-19 09:00:00,0.5947659999999999
2025-06-19 10:00:00,0.6881999999999999
2025-06-19 11:00:00,0.669214
2025-06-19 12:00:00,0.642134
2025-06-19 13:00:00,0.5757160000000001
2025-06-19 14:00:00,0.46807399999999993
2025-06-19 15:00:00,0.342734
2025-06-19 16:00:00,0.146834
2025-06-19 17:00:00,0.005503999999999999
2025-06-19 18:00:00,0.0
2025-06-19 19:00:00,0.0
2025-06-19 20:00:00,0.0
2025-06-19 21:00:00,0.0
2025-06-19 22:00:00,0.0
2025-06-19 23:00:00,0.0
2025-06-20 00:00:00,0.0
2025-06-20 01:00:00,0.0
2025-06-20 02:00:00,0.0
2025-06-20 03:00:00,0.0
2025-06-20 04:00:00,0.0
2025-06-20 05:00:00,0.0
2025-06-20 06:00:00,0.0
2025-06-20 07:00:00,0.003786
2025-06-20 08:00:00,0.3438439999999999
2025-06-20 09:00:00,0.468322
2025-06-20 10:00:00,0.508402
2025-06-20 11:00:00,0.590124
2025-06-20 12:00:00,0.527312
2025-06-20 13:00:00,0.466528
2025-06-20 14:00:00,0.39732
2025-06-20 15:00:00,0.2393
2025-06-20 16:00:00,0.103052
2025-06-20 17:00:00,0.00412199999999994
2025-06-20 18:00:00,0.0
2025-06-20 19:00:00,0.0
2025-06-20 20:00:00,0.0
2025-06-20 21:00:00,0.0
2025-06-20 22:00:00,0.0
2025-06-20 23:00:00,0.0
2025-06-21 00:00:00,0.0
2025-06-21 01:00:00,0.0
2025-06-21 02:00:00,0.0
2025-06-21 03:00:00,0.0
2025-06-21 04:00:00,0.0
2025-06-21 05:00:00,0.0
2025-06-21 06:00:00,0.0
2025-06-21 07:00:00,0.005966
2025-06-21 08:00:00,0.399498
2025-06-21 09:00:00,0.569824
2025-06-21 10:00:00,0.6742960000000001
2025-06-21 11:00:00,0.700028
2025-06-21 12:00:00,0.6686020000000001
2025-06-21 13:00:00,0.6041100000000001
2025-06-21 14:00:00,0.509284
2025-06-21 15:00:00,0.3482
2025-06-21 16:00:00,0.14214199999999994
2025-06-21 17:00:00,0.00457599999999998
2025-06-21 18:00:00,0.0
2025-06-21 19:00:00,0.0
2025-06-21 20:00:00,0.0
2025-06-21 21:00:00,0.0
2025-06-21 22:00:00,0.0
2025-06-21 23:00:00,0.0
2025-06-22 00:00:00,0.0
2025-06-22 01:00:00,0.0
2025-06-22 02:00:00,0.0
2025-06-22 03:00:00,0.0
2025-06-22 04:00:00,0.0
2025-06-22 05:00:00,0.0
2025-06-22 06:00:00,0.0
2025-06-22 07:00:00,0.00601199999999994
2025-06-22 08:00:00,0.35425399999999996
2025-06-22 09:00:00,0.48472199999999993
2025-06-22 10:00:00,0.5467099999999999
2025-06-22 11:00:00,0.579404
2025-06-22 12:00:00,0.585134
2025-06-22 13:00:00,0.5361539999999999
2025-06-22 14:00:00,0.45460400000000006
2025-06-22 15:00:00,0.28647599999999995
2025-06-22 16:00:00,0.12014
2025-06-22 17:00:00,0.0037519999999999997
2025-06-22 18:00:00,0.0
2025-06-22 19:00:00,0.0
2025-06-22 20:00:00,0.0
2025-06-22 21:00:00,0.0
2025-06-22 22:00:00,0.0
2025-06-22 23:00:00,0.0
2025-06-23 00:00:00,0.0
2025-06-23 01:00:00,0.0
2025-06-23 02:00:00,0.0
2025-06-23 03:00:00,0.0
2025-06-23 04:00:00,0.0
2025-06-23 05:00:00,0.0
2025-06-23 06:00:00,0.0
2025-06-23 07:00:00,0.003854
2025-06-23 08:00:00,0.32477599999999995
2025-06-23 09:00:00,0.38530000000000003
2025-06-23 10:00:00,0.65823
2025-06-23 11:00:00,0.7071379999999999
2025-06-23 12:00:00,0.6493039999999999
2025-06-23 13:00:00,0.43088800000000005
2025-06-23 14:00:00,0.49609799999999993
2025-06-23 15:00:00,0.30754799999999993
2025-06-23 16:00:00,0.08278199999999997
2025-06-23 17:00:00,0.0019359999999999998
2025-06-23 18:00:00,0.0
2025-06-23 19:00:00,0.0
2025-06-23 20:00:00,0.0
2025-06-23 21:00:00,0.0
2025-06-23 22:00:00,0.0
2025-06-23 23:00:00,0.0
2025-06-24 00:00:00,0.0
2025-06-24 01:00:00,0.0
2025-06-24 02:00:00,0.0
2025-06-24 03:00:00,0.0
2025-06-24 04:00:00,0.0
2025-06-24 05:00:00,0.0
2025-06-24 06:00:00,0.0
2025-06-24 07:00:00,0.006256
2025-06-24 08:00:00,0.27008399999999994
2025-06-24 09:00:00,0.5626639999999999
2025-06-24 10:00:00,0.65249
2025-06-24 11:00:00,0.67775
2025-06-24 12:00:00,0.6892099999999999
2025-06-24 13:00:00,0.630132
2025-06-24 14:00:00,0.49336399999999997
2025-06-24 15:00:00,0.325352
2025-06-24 16:00:00,0.129206
2025-06-24 17:00:00,0.00576999999999998
2025-06-24 18:00:00,0.0
2025-06-24 19:00:00,0.0
2025-06-24 20:00:00,0.0
2025-06-24 21:00:00,0.0
2025-06-24 22:00:00,0.0
2025-06-24 23:00:00,0.0
2025-06-25 00:00:00,0.0
2025-06-25 01:00:00,0.0
2025-06-25 02:00:00,0.0
2025-06-25 03:00:00,0.0
2025-06-25 04:00:00,0.0
2025-06-25 05:00:00,0.0
2025-06-25 06:00:00,0.0
2025-06-25 07:00:00,0.006908
2025-06-25 08:00:00,0.42663399999999996
2025-06-25 09:00:00,0.5187480000000001
2025-06-25 10:00:00,0.60993
2025-06-25 11:00:00,0.6771
2025-06-25 12:00:00,0.6304019999999999
2025-06-25 13:00:00,0.5721719999999999
2025-06-25 14:00:00,0.43585799999999997
2025-06-25 15:00:00,0.28692
2025-06-25 16:00:00,0.106636
2025-06-25 17:00:00,0.005642000000000001
2025-06-25 18:00:00,0.0
2025-06-25 19:00:00,0.0
2025-06-25 20:00:00,0.0
2025-06-25 21:00:00,0.0
2025-06-25 22:00:00,0.0
2025-06-25 23:00:00,0.0
2025-06-26 00:00:00,0.0
2025-06-26 01:00:00,0.0
2025-06-26 02:00:00,0.0
2025-06-26 03:00:00,0.0
2025-06-26 04:00:00,0.0
2025-06-26 05:00:00,0.0
2025-06-26 06:00:00,0.0
2025-06-26 07:00:00,0.006278000000000001
2025-06-26 08:00:00,0.393784
2025-06-26 09:00:00,0.5632900000000001
2025-06-26 10:00:00,0.656598
2025-06-26 11:00:00,0.6858839999999999
2025-06-26 12:00:00,0.6766919999999998
2025-06-26 13:00:00,0.6106039999999999
2025-06-26 14:00:00,0.48757599999999995
2025-06-26 15:00:00,0.32660999999999996
2025-06-26 16:00:00,0.140156
2025-06-26 17:00:00,0.004684
2025-06-26 18:00:00,0.0
2025-06-26 19:00:00,0.0
2025-06-26 20:00:00,0.0
2025-06-26 21:00:00,0.0
2025-06-26 22:00:00,0.0
2025-06-26 23:00:00,0.0
2025-06-27 00:00:00,0.0
2025-06-27 01:00:00,0.0
2025-06-27 02:00:00,0.0
2025-06-27 03:00:00,0.0
2025-06-27 04:00:00,0.0
2025-06-27 05:00:00,0.0
2025-06-27 06:00:00,0.0
2025-06-27 07:00:00,0.005894
2025-06-27 08:00:00,0.4147779999999999
2025-06-27 09:00:00,0.5743219999999999
2025-06-27 10:00:00,0.677642
2025-06-27 11:00:00,0.7188559999999999
2025-06-27 12:00:00,0.7052080000000001
2025-06-27 13:00:00,0.62844
2025-06-27 14:00:00,0.501556
2025-06-27 15:00:00,0.3384
2025-06-27 16:00:00,0.14889199999999994
2025-06-27 17:00:00,0.0037939999999999792
2025-06-27 18:00:00,0.0
2025-06-27 19:00:00,0.0
2025-06-27 20:00:00,0.0
2025-06-27 21:00:00,0.0
2025-06-27 22:00:00,0.0
2025-06-27 23:00:00,0.0
2025-06-28 00:00:00,0.0
2025-06-28 01:00:00,0.0
2025-06-28 02:00:00,0.0
2025-06-28 03:00:00,0.0
2025-06-28 04:00:00,0.0
2025-06-28 05:00:00,0.0
2025-06-28 06:00:00,0.0
2025-06-28 07:00:00,0.006376
2025-06-28 08:00:00,0.416104
2025-06-28 09:00:00,0.5776259999999999
2025-06-28 10:00:00,0.679464
2025-06-28 11:00:00,0.7211040000000001
2025-06-28 12:00:00,0.705478
2025-06-28 13:00:00,0.6385099999999999
2025-06-28 14:00:00,0.5259539999999999
2025-06-28 15:00:00,0.35752199999999995
2025-06-28 16:00:00,0.153558
2025-06-28 17:00:00,0.00329999999999998
2025-06-28 18:00:00,0.0
2025-06-28 19:00:00,0.0
2025-06-28 20:00:00,0.0
2025-06-28 21:00:00,0.0
2025-06-28 22:00:00,0.0
2025-06-28 23:00:00,0.0
2025-06-29 00:00:00,0.0
2025-06-29 01:00:00,0.0
2025-06-29 02:00:00,0.0
2025-06-29 03:00:00,0.0
2025-06-29 04:00:00,0.0
2025-06-29 05:00:00,0.0
2025-06-29 06:00:00,0.0
2025-06-29 07:00:00,0.00618799999999998
2025-06-29 08:00:00,0.40331400000000006
2025-06-29 09:00:00,0.5690259999999999
2025-06-29 10:00:00,0.64665
2025-06-29 11:00:00,0.681372
2025-06-29 12:00:00,0.656786
2025-06-29 13:00:00,0.575134
2025-06-29 14:00:00,0.40976999999999997
2025-06-29 15:00:00,0.228212
2025-06-29 16:00:00,0.077572
2025-06-29 17:00:00,0.001428
2025-06-29 18:00:00,0.0
2025-06-29 19:00:00,0.0
2025-06-29 20:00:00,0.0
2025-06-29 21:00:00,0.0
2025-06-29 22:00:00,0.0
2025-06-29 23:00:00,0.0
2025-06-30 00:00:00,0.0
2025-06-30 01:00:00,0.0
2025-06-30 02:00:00,0.0
2025-06-30 03:00:00,0.0
2025-06-30 04:00:00,0.0
2025-06-30 05:00:00,0.0
2025-06-30 06:00:00,0.0
2025-06-30 07:00:00,0.006008000000000001
2025-06-30 08:00:00,0.113198
2025-06-30 09:00:00,0.549892
2025-06-30 10:00:00,0.6691480000000001
2025-06-30 11:00:00,0.7153459999999999
2025-06-30 12:00:00,0.690042
2025-06-30 13:00:00,0.5914820000000001
2025-06-30 14:00:00,0.412442
2025-06-30 15:00:00,0.32209200000000004
2025-06-30 16:00:00,0.147628
2025-06-30 17:00:00,0.0063
2025-06-30 18:00:00,0.0
2025-06-30 19:00:00,0.0
2025-06-30 20:00:00,0.0
2025-06-30 21:00:00,0.0
2025-06-30 22:00:00,0.0
2025-06-30 23:00:00,0.0
2025-07-01 00:00:00,0.0
2025-07-01 01:00:00,0.0
2025-07-01 02:00:00,0.0
2025-07-01 03:00:00,0.0
2025-07-01 04:00:00,0.0
2025-07-01 05:00:00,0.0
2025-07-01 06:00:00,0.0
2025-07-01 07:00:00,0.0068639999999999795
2025-07-01 08:00:00,0.39941999999999994
2025-07-01 09:00:00,0.5685039999999999
2025-07-01 10:00:00,0.6720539999999999
2025-07-01 11:00:00,0.710234
2025-07-01 12:00:00,0.701452
2025-07-01 13:00:00,0.622714
2025-07-01 14:00:00,0.517908
2025-07-01 15:00:00,0.358056
2025-07-01 16:00:00,0.13792200000000002
2025-07-01 17:00:00,0.00735999999999994
2025-07-01 18:00:00,0.0
2025-07-01 19:00:00,0.0
2025-07-01 20:00:00,0.0
2025-07-01 21:00:00,0.0
2025-07-01 22:00:00,0.0
2025-07-01 23:00:00,0.0
2025-07-02 00:00:00,0.0
2025-07-02 01:00:00,0.0
2025-07-02 02:00:00,0.0
2025-07-02 03:00:00,0.0
2025-07-02 04:00:00,0.0
2025-07-02 05:00:00,0.0
2025-07-02 06:00:00,0.0
2025-07-02 07:00:00,0.006284
2025-07-02 08:00:00,0.406586
2025-07-02 09:00:00,0.570514
2025-07-02 10:00:00,0.6747160000000001
2025-07-02 11:00:00,0.7191660000000001
2025-07-02 12:00:00,0.7123499999999999
2025-07-02 13:00:00,0.6442240000000001
2025-07-02 14:00:00,0.53101
2025-07-02 15:00:00,0.364096
2025-07-02 16:00:00,0.15872799999999992
2025-07-02 17:00:00,0.00514799999999998
2025-07-02 18:00:00,0.0
2025-07-02 19:00:00,0.0
2025-07-02 20:00:00,0.0
2025-07-02 21:00:00,0.0
2025-07-02 22:00:00,0.0
2025-07-02 23:00:00,0.0
2025-07-03 00:00:00,0.0
2025-07-03 01:00:00,0.0
2025-07-03 02:00:00,0.0
2025-07-03 03:00:00,0.0
2025-07-03 04:00:00,0.0
2025-07-03 05:00:00,0.0
2025-07-03 06:00:00,0.0
2025-07-03 07:00:00,0.006514000000000001
2025-07-03 08:00:00,0.40545600000000004
2025-07-03 09:00:00,0.5711559999999999
2025-07-03 10:00:00,0.6786159999999999
2025-07-03 11:00:00,0.7155720000000001
2025-07-03 12:00:00,0.7093079999999999
2025-07-03 13:00:00,0.64116
2025-07-03 14:00:00,0.528242
2025-07-03 15:00:00,0.3646579999999999
2025-07-03 16:00:00,0.158472
2025-07-03 17:00:00,0.00480199999999998
2025-07-03 18:00:00,0.0
2025-07-03 19:00:00,0.0
2025-07-03 20:00:00,0.0
2025-07-03 21:00:00,0.0
2025-07-03 22:00:00,0.0
2025-07-03 23:00:00,0.0
2025-07-04 00:00:00,0.0
2025-07-04 01:00:00,0.0
2025-07-04 02:00:00,0.0
2025-07-04 03:00:00,0.0
2025-07-04 04:00:00,0.0
2025-07-04 05:00:00,0.0
2025-07-04 06:00:00,0.0
2025-07-04 07:00:00,0.006198
2025-07-04 08:00:00,0.406424
2025-07-04 09:00:00,0.5797700000000001
2025-07-04 10:00:00,0.6798699999999999
2025-07-04 11:00:00,0.7191740000000001
2025-07-04 12:00:00,0.70809
2025-07-04 13:00:00,0.6315820000000001
2025-07-04 14:00:00,0.523488
2025-07-04 15:00:00,0.3632239999999999
2025-07-04 16:00:00,0.15770199999999995
2025-07-04 17:00:00,0.004308
2025-07-04 18:00:00,0.0
2025-07-04 19:00:00,0.0
2025-07-04 20:00:00,0.0
2025-07-04 21:00:00,0.0
2025-07-04 22:00:00,0.0
2025-07-04 23:00:00,0.0
2025-07-05 00:00:00,0.0
2025-07-05 01:00:00,0.0
2025-07-05 02:00:00,0.0
2025-07-05 03:00:00,0.0
2025-07-05 04:00:00,0.0
2025-07-05 05:00:00,0.0
2025-07-05 06:00:00,0.0
2025-07-05 07:00:00,0.00624399999999998
2025-07-05 08:00:00,0.405588
2025-07-05 09:00:00,0.575024
2025-07-05 10:00:00,0.681316
2025-07-05 11:00:00,0.722888
2025-07-05 12:00:00,0.703708
2025-07-05 13:00:00,0.592576
2025-07-05 14:00:00,0.488692
2025-07-05 15:00:00,0.32404
2025-07-05 16:00:00,0.136864
2025-07-05 17:00:00,0.003024
2025-07-05 18:00:00,0.0
2025-07-05 19:00:00,0.0
2025-07-05 20:00:00,0.0
2025-07-05 21:00:00,0.0
2025-07-05 22:00:00,0.0
2025-07-05 23:00:00,0.0
2025-07-06 00:00:00,0.0
2025-07-06 01:00:00,0.0
2025-07-06 02:00:00,0.0
2025-07-06 03:00:00,0.0
2025-07-06 04:00:00,0.0
2025-07-06 05:00:00,0.0
2025-07-06 06:00:00,0.0
2025-07-06 07:00:00,0.005248
2025-07-06 08:00:00,0.345016
2025-07-06 09:00:00,0.5111459999999999
2025-07-06 10:00:00,0.6387599999999999
2025-07-06 11:00:00,0.6533619999999999
2025-07-06 12:00:00,0.5956300000000001
2025-07-06 13:00:00,0.51302
2025-07-06 14:00:00,0.446346
2025-07-06 15:00:00,0.31608
2025-07-06 16:00:00,0.136178
2025-07-06 17:00:00,0.0042120000000000005
2025-07-06 18:00:00,0.0
2025-07-06 19:00:00,0.0
2025-07-06 20:00:00,0.0
2025-07-06 21:00:00,0.0
2025-07-06 22:00:00,0.0
2025-07-06 23:00:00,0.0
2025-07-07 00:00:00,0.0
2025-07-07 01:00:00,0.0
2025-07-07 02:00:00,0.0
2025-07-07 03:00:00,0.0
2025-07-07 04:00:00,0.0
2025-07-07 05:00:00,0.0
2025-07-07 06:00:00,0.0
2025-07-07 07:00:00,0.005398
2025-07-07 08:00:00,0.40868000000000004
2025-07-07 09:00:00,0.570826
2025-07-07 10:00:00,0.683322
2025-07-07 11:00:00,0.720572
2025-07-07 12:00:00,0.7119380000000001
2025-07-07 13:00:00,0.6152979999999999
2025-07-07 14:00:00,0.522278
2025-07-07 15:00:00,0.35566400000000004
2025-07-07 16:00:00,0.16150799999999998
2025-07-07 17:00:00,0.0049499999999999995
2025-07-07 18:00:00,0.0
2025-07-07 19:00:00,0.0
2025-07-07 20:00:00,0.0
2025-07-07 21:00:00,0.0
2025-07-07 22:00:00,0.0
2025-07-07 23:00:00,0.0
2025-07-08 00:00:00,0.0
2025-07-08 01:00:00,0.0
2025-07-08 02:00:00,0.0
2025-07-08 03:00:00,0.0
2025-07-08 04:00:00,0.0
2025-07-08 05:00:00,0.0
2025-07-08 06:00:00,0.0
2025-07-08 07:00:00,0.0055899999999999995
2025-07-08 08:00:00,0.38684399999999997
2025-07-08 09:00:00,0.56384
2025-07-08 10:00:00,0.673106
2025-07-08 11:00:00,0.6786520000000001
2025-07-08 12:00:00,0.699472
2025-07-08 13:00:00,0.6386160000000001
2025-07-08 14:00:00,0.5099020000000001
2025-07-08 15:00:00,0.34689000000000003
2025-07-08 16:00:00,0.15748599999999996
2025-07-08 17:00:00,0.009781999999999999
2025-07-08 18:00:00,0.0
2025-07-08 19:00:00,0.0
2025-07-08 20:00:00,0.0
2025-07-08 21:00:00,0.0
2025-07-08 22:00:00,0.0
2025-07-08 23:00:00,0.0
2025-07-09 00:00:00,0.0
2025-07-09 01:00:00,0.0
2025-07-09 02:00:00,0.0
2025-07-09 03:00:00,0.0
2025-07-09 04:00:00,0.0
2025-07-09 05:00:00,0.0
2025-07-09 06:00:00,0.0
2025-07-09 07:00:00,0.005715999999999999
2025-07-09 08:00:00,0.17793199999999998
2025-07-09 09:00:00,0.24626199999999993
2025-07-09 10:00:00,0.382616
2025-07-09 11:00:00,0.316574
2025-07-09 12:00:00,0.396362
2025-07-09 13:00:00,0.300138
2025-07-09 14:00:00,0.27267800000000003
2025-07-09 15:00:00,0.23192800000000005
2025-07-09 16:00:00,0.08561
2025-07-09 17:00:00,0.002784
2025-07-09 18:00:00,0.0
2025-07-09 19:00:00,0.0
2025-07-09 20:00:00,0.0
2025-07-09 21:00:00,0.0
2025-07-09 22:00:00,0.0
2025-07-09 23:00:00,0.0
2025-07-10 00:00:00,0.0
2025-07-10 01:00:00,0.0
2025-07-10 02:00:00,0.0
2025-07-10 03:00:00,0.0
2025-07-10 04:00:00,0.0
2025-07-10 05:00:00,0.0
2025-07-10 06:00:00,0.0
2025-07-10 07:00:00,0.0024019999999999797
2025-07-10 08:00:00,0.24522
2025-07-10 09:00:00,0.25749600000000006
2025-07-10 10:00:00,0.396246
2025-07-10 11:00:00,0.45594599999999996
2025-07-10 12:00:00,0.6393220000000001
2025-07-10 13:00:00,0.508858
2025-07-10 14:00:00,0.322234
2025-07-10 15:00:00,0.269472
2025-07-10 16:00:00,0.14401400000000003
2025-07-10 17:00:00,0.009288000000000001
2025-07-10 18:00:00,0.0
2025-07-10 19:00:00,0.0
2025-07-10 20:00:00,0.0
2025-07-10 21:00:00,0.0
2025-07-10 22:00:00,0.0
2025-07-10 23:00:00,0.0
2025-07-11 00:00:00,0.0
2025-07-11 01:00:00,0.0
2025-07-11 02:00:00,0.0
2025-07-11 03:00:00,0.0
2025-07-11 04:00:00,0.0
2025-07-11 05:00:00,0.0
2025-07-11 06:00:00,0.0
2025-07-11 07:00:00,0.006427999999999939
2025-07-11 08:00:00,0.408638
2025-07-11 09:00:00,0.556542
2025-07-11 10:00:00,0.579442
2025-07-11 11:00:00,0.7018579999999999
2025-07-11 12:00:00,0.690482
2025-07-11 13:00:00,0.6221880000000001
2025-07-11 14:00:00,0.513478
2025-07-11 15:00:00,0.349974
2025-07-11 16:00:00,0.155414
2025-07-11 17:00:00,0.006455999999999999
2025-07-11 18:00:00,0.0
2025-07-11 19:00:00,0.0
2025-07-11 20:00:00,0.0
2025-07-11 21:00:00,0.0
2025-07-11 22:00:00,0.0
2025-07-11 23:00:00,0.0
2025-07-12 00:00:00,0.0
2025-07-12 01:00:00,0.0
2025-07-12 02:00:00,0.0
2025-07-12 03:00:00,0.0
2025-07-12 04:00:00,0.0
2025-07-12 05:00:00,0.0
2025-07-12 06:00:00,0.0
2025-07-12 07:00:00,0.00591999999999998
2025-07-12 08:00:00,0.374152
2025-07-12 09:00:00,0.508368
2025-07-12 10:00:00,0.598496
2025-07-12 11:00:00,0.6926859999999999
2025-07-12 12:00:00,0.6934419999999999
2025-07-12 13:00:00,0.5996540000000001
2025-07-12 14:00:00,0.481772
2025-07-12 15:00:00,0.33224400000000004
2025-07-12 16:00:00,0.08968799999999999
2025-07-12 17:00:00,0.007628
2025-07-12 18:00:00,0.0
2025-07-12 19:00:00,0.0
2025-07-12 20:00:00,0.0
2025-07-12 21:00:00,0.0
2025-07-12 22:00:00,0.0
2025-07-12 23:00:00,0.0
2025-07-13 00:00:00,0.0
2025-07-13 01:00:00,0.0
2025-07-13 02:00:00,0.0
2025-07-13 03:00:00,0.0
2025-07-13 04:00:00,0.0
2025-07-13 05:00:00,0.0
2025-07-13 06:00:00,0.0
2025-07-13 07:00:00,0.004214000000000001
2025-07-13 08:00:00,0.158738
2025-07-13 09:00:00,0.269236
2025-07-13 10:00:00,0.592268
2025-07-13 11:00:00,0.7029400000000001
2025-07-13 12:00:00,0.589226
2025-07-13 13:00:00,0.48404400000000003
2025-07-13 14:00:00,0.469882
2025-07-13 15:00:00,0.314898
2025-07-13 16:00:00,0.12396599999999999
2025-07-13 17:00:00,0.008174
2025-07-13 18:00:00,0.0
2025-07-13 19:00:00,0.0
2025-07-13 20:00:00,0.0
2025-07-13 21:00:00,0.0
2025-07-13 22:00:00,0.0
2025-07-13 23:00:00,0.0
2025-07-14 00:00:00,0.0
2025-07-14 01:00:00,0.0
2025-07-14 02:00:00,0.0
2025-07-14 03:00:00,0.0
2025-07-14 04:00:00,0.0
2025-07-14 05:00:00,0.0
2025-07-14 06:00:00,0.0
2025-07-14 07:00:00,0.004762000000000001
2025-07-14 08:00:00,0.33336
2025-07-14 09:00:00,0.5674780000000001
2025-07-14 10:00:00,0.592374
2025-07-14 11:00:00,0.7045260000000001
2025-07-14 12:00:00,0.661374
2025-07-14 13:00:00,0.608338
2025-07-14 14:00:00,0.5054480000000001
2025-07-14 15:00:00,0.363034
2025-07-14 16:00:00,0.14641799999999996
2025-07-14 17:00:00,0.0071059999999999995
2025-07-14 18:00:00,0.0
2025-07-14 19:00:00,0.0
2025-07-14 20:00:00,0.0
2025-07-14 21:00:00,0.0
2025-07-14 22:00:00,0.0
2025-07-14 23:00:00,0.0
2025-07-15 00:00:00,0.0
2025-07-15 01:00:00,0.0
2025-07-15 02:00:00,0.0
2025-07-15 03:00:00,0.0
2025-07-15 04:00:00,0.0
2025-07-15 05:00:00,0.0
2025-07-15 06:00:00,0.0
2025-07-15 07:00:00,0.005764
2025-07-15 08:00:00,0.387956
2025-07-15 09:00:00,0.5895840000000001
2025-07-15 10:00:00,0.6667759999999999
2025-07-15 11:00:00,0.7251399999999999
2025-07-15 12:00:00,0.6993039999999999
2025-07-15 13:00:00,0.603178
2025-07-15 14:00:00,0.550654
2025-07-15 15:00:00,0.37479199999999996
2025-07-15 16:00:00,0.16745
2025-07-15 17:00:00,0.00550799999999998
2025-07-15 18:00:00,0.0
2025-07-15 19:00:00,0.0
2025-07-15 20:00:00,0.0
2025-07-15 21:00:00,0.0
2025-07-15 22:00:00,0.0
2025-07-15 23:00:00,0.0
2025-07-16 00:00:00,0.0
2025-07-16 01:00:00,0.0
2025-07-16 02:00:00,0.0
2025-07-16 03:00:00,0.0
2025-07-16 04:00:00,0.0
2025-07-16 05:00:00,0.0
2025-07-16 06:00:00,0.0
2025-07-16 07:00:00,0.003496
2025-07-16 08:00:00,0.276736
2025-07-16 09:00:00,0.37693200000000004
2025-07-16 10:00:00,0.400348
2025-07-16 11:00:00,0.515452
2025-07-16 12:00:00,0.6532440000000002
2025-07-16 13:00:00,0.5894159999999999
2025-07-16 14:00:00,0.4070759999999999
2025-07-16 15:00:00,0.339788
2025-07-16 16:00:00,0.13300399999999996
2025-07-16 17:00:00,0.009566
2025-07-16 18:00:00,0.0
2025-07-16 19:00:00,0.0
2025-07-16 20:00:00,0.0
2025-07-16 21:00:00,0.0
2025-07-16 22:00:00,0.0
2025-07-16 23:00:00,0.0
2025-07-17 00:00:00,0.0
2025-07-17 01:00:00,0.0
2025-07-17 02:00:00,0.0
2025-07-17 03:00:00,0.0
2025-07-17 04:00:00,0.0
2025-07-17 05:00:00,0.0
2025-07-17 06:00:00,0.0
2025-07-17 07:00:00,0.006261999999999999
2025-07-17 08:00:00,0.39070800000000006
2025-07-17 09:00:00,0.548044
2025-07-17 10:00:00,0.6215820000000001
2025-07-17 11:00:00,0.687984
2025-07-17 12:00:00,0.48135000000000006
2025-07-17 13:00:00,0.5098739999999999
2025-07-17 14:00:00,0.33921999999999997
2025-07-17 15:00:00,0.172318
2025-07-17 16:00:00,0.08038000000000001
2025-07-17 17:00:00,0.002976
2025-07-17 18:00:00,0.0
2025-07-17 19:00:00,0.0
2025-07-17 20:00:00,0.0
2025-07-17 21:00:00,0.0
2025-07-17 22:00:00,0.0
2025-07-17 23:00:00,0.0
2025-07-18 00:00:00,0.0
2025-07-18 01:00:00,0.0
2025-07-18 02:00:00,0.0
2025-07-18 03:00:00,0.0
2025-07-18 04:00:00,0.0
2025-07-18 05:00:00,0.0
2025-07-18 06:00:00,0.0
2025-07-18 07:00:00,0.007501999999999979
2025-07-18 08:00:00,0.326362
2025-07-18 09:00:00,0.47409999999999997
2025-07-18 10:00:00,0.5441480000000001
2025-07-18 11:00:00,0.556686
2025-07-18 12:00:00,0.624616
2025-07-18 13:00:00,0.5600379999999999
2025-07-18 14:00:00,0.422038
2025-07-18 15:00:00,0.15483599999999992
2025-07-18 16:00:00,0.08496599999999999
2025-07-18 17:00:00,0.013654
2025-07-18 18:00:00,0.0
2025-07-18 19:00:00,0.0
2025-07-18 20:00:00,0.0
2025-07-18 21:00:00,0.0
2025-07-18 22:00:00,0.0
2025-07-18 23:00:00,0.0
2025-07-19 00:00:00,0.0
2025-07-19 01:00:00,0.0
2025-07-19 02:00:00,0.0
2025-07-19 03:00:00,0.0
2025-07-19 04:00:00,0.0
2025-07-19 05:00:00,0.0
2025-07-19 06:00:00,0.0
2025-07-19 07:00:00,0.006884000000000001
2025-07-19 08:00:00,0.23635599999999996
2025-07-19 09:00:00,0.538092
2025-07-19 10:00:00,0.6486179999999999
2025-07-19 11:00:00,0.702602
2025-07-19 12:00:00,0.682806
2025-07-19 13:00:00,0.5485899999999999
2025-07-19 14:00:00,0.36790199999999995
2025-07-19 15:00:00,0.21955
2025-07-19 16:00:00,0.14199599999999993
2025-07-19 17:00:00,0.00587399999999998
2025-07-19 18:00:00,0.0
2025-07-19 19:00:00,0.0
2025-07-19 20:00:00,0.0
2025-07-19 21:00:00,0.0
2025-07-19 22:00:00,0.0
2025-07-19 23:00:00,0.0
2025-07-20 00:00:00,0.0
2025-07-20 01:00:00,0.0
2025-07-20 02:00:00,0.0
2025-07-20 03:00:00,0.0
2025-07-20 04:00:00,0.0
2025-07-20 05:00:00,0.0
2025-07-20 06:00:00,0.0
2025-07-20 07:00:00,0.0065699999999999596
2025-07-20 08:00:00,0.39801400000000003
2025-07-20 09:00:00,0.5814140000000001
2025-07-20 10:00:00,0.6899660000000001
2025-07-20 11:00:00,0.730802
2025-07-20 12:00:00,0.724022
2025-07-20 13:00:00,0.65274
2025-07-20 14:00:00,0.53407
2025-07-20 15:00:00,0.329574
2025-07-20 16:00:00,0.16541999999999998
2025-07-20 17:00:00,0.011125999999999938
2025-07-20 18:00:00,0.0
2025-07-20 19:00:00,0.0
2025-07-20 20:00:00,0.0
2025-07-20 21:00:00,0.0
2025-07-20 22:00:00,0.0
2025-07-20 23:00:00,0.0
2025-07-21 00:00:00,0.0
2025-07-21 01:00:00,0.0
2025-07-21 02:00:00,0.0
2025-07-21 03:00:00,0.0
2025-07-21 04:00:00,0.0
2025-07-21 05:00:00,0.0
2025-07-21 06:00:00,0.0
2025-07-21 07:00:00,0.007406
2025-07-21 08:00:00,0.374678
2025-07-21 09:00:00,0.567304
2025-07-21 10:00:00,0.536662
2025-07-21 11:00:00,0.6979179999999999
2025-07-21 12:00:00,0.662706
2025-07-21 13:00:00,0.6182019999999999
2025-07-21 14:00:00,0.48139400000000004
2025-07-21 15:00:00,0.3015919999999999
2025-07-21 16:00:00,0.11909600000000001
2025-07-21 17:00:00,0.012562
2025-07-21 18:00:00,0.0
2025-07-21 19:00:00,0.0
2025-07-21 20:00:00,0.0
2025-07-21 21:00:00,0.0
2025-07-21 22:00:00,0.0
2025-07-21 23:00:00,0.0
2025-07-22 00:00:00,0.0
2025-07-22 01:00:00,0.0
2025-07-22 02:00:00,0.0
2025-07-22 03:00:00,0.0
2025-07-22 04:00:00,0.0
2025-07-22 05:00:00,0.0
2025-07-22 06:00:00,0.0
2025-07-22 07:00:00,0.0067139999999999795
2025-07-22 08:00:00,0.317476
2025-07-22 09:00:00,0.32187800000000005
2025-07-22 10:00:00,0.35901
2025-07-22 11:00:00,0.349958
2025-07-22 12:00:00,0.407706
2025-07-22 13:00:00,0.39676400000000006
2025-07-22 14:00:00,0.514546
2025-07-22 15:00:00,0.382782
2025-07-22 16:00:00,0.17636800000000002
2025-07-22 17:00:00,0.013482000000000003
2025-07-22 18:00:00,0.0
2025-07-22 19:00:00,0.0
2025-07-22 20:00:00,0.0
2025-07-22 21:00:00,0.0
2025-07-22 22:00:00,0.0
2025-07-22 23:00:00,0.0
2025-07-23 00:00:00,0.0
2025-07-23 01:00:00,0.0
2025-07-23 02:00:00,0.0
2025-07-23 03:00:00,0.0
2025-07-23 04:00:00,0.0
2025-07-23 05:00:00,0.0
2025-07-23 06:00:00,0.0
2025-07-23 07:00:00,0.006846
2025-07-23 08:00:00,0.416728
2025-07-23 09:00:00,0.5828040000000001
2025-07-23 10:00:00,0.6872900000000001
2025-07-23 11:00:00,0.7308140000000002
2025-07-23 12:00:00,0.6990080000000001
2025-07-23 13:00:00,0.6304379999999999
2025-07-23 14:00:00,0.4970960000000001
2025-07-23 15:00:00,0.36092599999999997
2025-07-23 16:00:00,0.170094
2025-07-23 17:00:00,0.00925799999999992
2025-07-23 18:00:00,0.0
2025-07-23 19:00:00,0.0
2025-07-23 20:00:00,0.0
2025-07-23 21:00:00,0.0
2025-07-23 22:00:00,0.0
2025-07-23 23:00:00,0.0
2025-07-24 00:00:00,0.0
2025-07-24 01:00:00,0.0
2025-07-24 02:00:00,0.0
2025-07-24 03:00:00,0.0
2025-07-24 04:00:00,0.0
2025-07-24 05:00:00,0.0
2025-07-24 06:00:00,0.0
2025-07-24 07:00:00,0.00675599999999992
2025-07-24 08:00:00,0.403198
2025-07-24 09:00:00,0.566432
2025-07-24 10:00:00,0.666634
2025-07-24 11:00:00,0.7057779999999999
2025-07-24 12:00:00,0.688638
2025-07-24 13:00:00,0.610326
2025-07-24 14:00:00,0.522412
2025-07-24 15:00:00,0.35905
2025-07-24 16:00:00,0.167124
2025-07-24 17:00:00,0.01333599999999994
2025-07-24 18:00:00,0.0
2025-07-24 19:00:00,0.0
2025-07-24 20:00:00,0.0
2025-07-24 21:00:00,0.0
2025-07-24 22:00:00,0.0
2025-07-24 23:00:00,0.0
2025-07-25 00:00:00,0.0
2025-07-25 01:00:00,0.0
2025-07-25 02:00:00,0.0
2025-07-25 03:00:00,0.0
2025-07-25 04:00:00,0.0
2025-07-25 05:00:00,0.0
2025-07-25 06:00:00,0.0
2025-07-25 07:00:00,0.007004000000000001
2025-07-25 08:00:00,0.18881599999999996
2025-07-25 09:00:00,0.5164799999999999
2025-07-25 10:00:00,0.6118560000000001
2025-07-25 11:00:00,0.6098020000000001
2025-07-25 12:00:00,0.6753100000000002
2025-07-25 13:00:00,0.604338
2025-07-25 14:00:00,0.510778
2025-07-25 15:00:00,0.333526
2025-07-25 16:00:00,0.164186
2025-07-25 17:00:00,0.018251999999999997
2025-07-25 18:00:00,0.0
2025-07-25 19:00:00,0.0
2025-07-25 20:00:00,0.0
2025-07-25 21:00:00,0.0
2025-07-25 22:00:00,0.0
2025-07-25 23:00:00,0.0
2025-07-26 00:00:00,0.0
2025-07-26 01:00:00,0.0
2025-07-26 02:00:00,0.0
2025-07-26 03:00:00,0.0
2025-07-26 04:00:00,0.0
2025-07-26 05:00:00,0.0
2025-07-26 06:00:00,0.0
2025-07-26 07:00:00,0.00738999999999998
2025-07-26 08:00:00,0.403956
2025-07-26 09:00:00,0.5752120000000001
2025-07-26 10:00:00,0.6816160000000002
2025-07-26 11:00:00,0.704092
2025-07-26 12:00:00,0.6771059999999999
2025-07-26 13:00:00,0.635098
2025-07-26 14:00:00,0.535986
2025-07-26 15:00:00,0.37075600000000003
2025-07-26 16:00:00,0.17603399999999997
2025-07-26 17:00:00,0.013537999999999939
2025-07-26 18:00:00,0.0
2025-07-26 19:00:00,0.0
2025-07-26 20:00:00,0.0
2025-07-26 21:00:00,0.0
2025-07-26 22:00:00,0.0
2025-07-26 23:00:00,0.0
2025-07-27 00:00:00,0.0
2025-07-27 01:00:00,0.0
2025-07-27 02:00:00,0.0
2025-07-27 03:00:00,0.0
2025-07-27 04:00:00,0.0
2025-07-27 05:00:00,0.0
2025-07-27 06:00:00,0.0
2025-07-27 07:00:00,0.00818
2025-07-27 08:00:00,0.40563199999999994
2025-07-27 09:00:00,0.572738
2025-07-27 10:00:00,0.677226
2025-07-27 11:00:00,0.7040199999999999
2025-07-27 12:00:00,0.677134
2025-07-27 13:00:00,0.582904
2025-07-27 14:00:00,0.470224
2025-07-27 15:00:00,0.36305799999999994
2025-07-27 16:00:00,0.143112
2025-07-27 17:00:00,0.00797
2025-07-27 18:00:00,0.0
2025-07-27 19:00:00,0.0
2025-07-27 20:00:00,0.0
2025-07-27 21:00:00,0.0
2025-07-27 22:00:00,0.0
2025-07-27 23:00:00,0.0
2025-07-28 00:00:00,0.0
2025-07-28 01:00:00,0.0
2025-07-28 02:00:00,0.0
2025-07-28 03:00:00,0.0
2025-07-28 04:00:00,0.0
2025-07-28 05:00:00,0.0
2025-07-28 06:00:00,0.0
2025-07-28 07:00:00,0.006708
2025-07-28 08:00:00,0.325316
2025-07-28 09:00:00,0.4570040000000001
2025-07-28 10:00:00,0.54979
2025-07-28 11:00:00,0.589412
2025-07-28 12:00:00,0.6002740000000001
2025-07-28 13:00:00,0.523976
2025-07-28 14:00:00,0.434192
2025-07-28 15:00:00,0.2871020000000001
2025-07-28 16:00:00,0.13123199999999996
2025-07-28 17:00:00,0.011044
2025-07-28 18:00:00,0.0
2025-07-28 19:00:00,0.0
2025-07-28 20:00:00,0.0
2025-07-28 21:00:00,0.0
2025-07-28 22:00:00,0.0
2025-07-28 23:00:00,0.0
2025-07-29 00:00:00,0.0
2025-07-29 01:00:00,0.0
2025-07-29 02:00:00,0.0
2025-07-29 03:00:00,0.0
2025-07-29 04:00:00,0.0
2025-07-29 05:00:00,0.0
2025-07-29 06:00:00,0.0
2025-07-29 07:00:00,0.008738000000000001
2025-07-29 08:00:00,0.392938
2025-07-29 09:00:00,0.5836280000000001
2025-07-29 10:00:00,0.6960360000000001
2025-07-29 11:00:00,0.722824
2025-07-29 12:00:00,0.706846
2025-07-29 13:00:00,0.498156
2025-07-29 14:00:00,0.413356
2025-07-29 15:00:00,0.316968
2025-07-29 16:00:00,0.14072400000000002
2025-07-29 17:00:00,0.01460999999999992
2025-07-29 18:00:00,0.0
2025-07-29 19:00:00,0.0
2025-07-29 20:00:00,0.0
2025-07-29 21:00:00,0.0
2025-07-29 22:00:00,0.0
2025-07-29 23:00:00,0.0
2025-07-30 00:00:00,0.0
2025-07-30 01:00:00,0.0
2025-07-30 02:00:00,0.0
2025-07-30 03:00:00,0.0
2025-07-30 04:00:00,0.0
2025-07-30 05:00:00,0.0
2025-07-30 06:00:00,0.0
2025-07-30 07:00:00,0.010699999999999998
2025-07-30 08:00:00,0.34746000000000005
2025-07-30 09:00:00,0.546504
2025-07-30 10:00:00,0.5767939999999999
2025-07-30 11:00:00,0.625202
2025-07-30 12:00:00,0.618974
2025-07-30 13:00:00,0.584232
2025-07-30 14:00:00,0.49227799999999994
2025-07-30 15:00:00,0.3733579999999999
2025-07-30 16:00:00,0.17689000000000005
2025-07-30 17:00:00,0.019473999999999998
2025-07-30 18:00:00,0.0
2025-07-30 19:00:00,0.0
2025-07-30 20:00:00,0.0
2025-07-30 21:00:00,0.0
2025-07-30 22:00:00,0.0
2025-07-30 23:00:00,0.0
2025-07-31 00:00:00,0.0
2025-07-31 01:00:00,0.0
2025-07-31 02:00:00,0.0
2025-07-31 03:00:00,0.0
2025-07-31 04:00:00,0.0
2025-07-31 05:00:00,0.0
2025-07-31 06:00:00,0.0
2025-07-31 07:00:00,0.012194000000000002
2025-07-31 08:00:00,0.36778799999999995
2025-07-31 09:00:00,0.499242
2025-07-31 10:00:00,0.617852
2025-07-31 11:00:00,0.7127000000000001
2025-07-31 12:00:00,0.703206
2025-07-31 13:00:00,0.636508
2025-07-31 14:00:00,0.53535
2025-07-31 15:00:00,0.388092
2025-07-31 16:00:00,0.18147000000000002
2025-07-31 17:00:00,0.01802799999999994
2025-07-31 18:00:00,0.0
2025-07-31 19:00:00,0.0
2025-07-31 20:00:00,0.0
2025-07-31 21:00:00,0.0
2025-07-31 22:00:00,0.0
2025-07-31 23:00:00,0.0
2025-08-01 00:00:00,0.0
2025-08-01 01:00:00,0.0
2025-08-01 02:00:00,0.0
2025-08-01 03:00:00,0.0
2025-08-01 04:00:00,0.0
2025-08-01 05:00:00,0.0
2025-08-01 06:00:00,0.0
2025-08-01 07:00:00,0.011406000000000001
2025-08-01 08:00:00,0.41916400000000004
2025-08-01 09:00:00,0.551194
2025-08-01 10:00:00,0.6692120000000001
2025-08-01 11:00:00,0.71523
2025-08-01 12:00:00,0.708828
2025-08-01 13:00:00,0.64473
2025-08-01 14:00:00,0.5123260000000001
2025-08-01 15:00:00,0.33651200000000003
2025-08-01 16:00:00,0.141318
2025-08-01 17:00:00,0.01827
2025-08-01 18:00:00,0.0
2025-08-01 19:00:00,0.0
2025-08-01 20:00:00,0.0
2025-08-01 21:00:00,0.0
2025-08-01 22:00:00,0.0
2025-08-01 23:00:00,0.0
2025-08-02 00:00:00,0.0
2025-08-02 01:00:00,0.0
2025-08-02 02:00:00,0.0
2025-08-02 03:00:00,0.0
2025-08-02 04:00:00,0.0
2025-08-02 05:00:00,0.0
2025-08-02 06:00:00,0.0
2025-08-02 07:00:00,0.14491599999999993
2025-08-02 08:00:00,0.4006
2025-08-02 09:00:00,0.570452
2025-08-02 10:00:00,0.6776679999999999
2025-08-02 11:00:00,0.721852
2025-08-02 12:00:00,0.7029639999999999
2025-08-02 13:00:00,0.6418039999999999
2025-08-02 14:00:00,0.5205440000000001
2025-08-02 15:00:00,0.356682
2025-08-02 16:00:00,0.163598
2025-08-02 17:00:00,0.018461999999999982
2025-08-02 18:00:00,0.0
2025-08-02 19:00:00,0.0
2025-08-02 20:00:00,0.0
2025-08-02 21:00:00,0.0
2025-08-02 22:00:00,0.0
2025-08-02 23:00:00,0.0
2025-08-03 00:00:00,0.0
2025-08-03 01:00:00,0.0
2025-08-03 02:00:00,0.0
2025-08-03 03:00:00,0.0
2025-08-03 04:00:00,0.0
2025-08-03 05:00:00,0.0
2025-08-03 06:00:00,0.0
2025-08-03 07:00:00,0.12783000000000003
2025-08-03 08:00:00,0.40277799999999997
2025-08-03 09:00:00,0.5566679999999999
2025-08-03 10:00:00,0.6705920000000001
2025-08-03 11:00:00,0.709544
2025-08-03 12:00:00,0.676608
2025-08-03 13:00:00,0.6307259999999999
2025-08-03 14:00:00,0.5245599999999999
2025-08-03 15:00:00,0.380288
2025-08-03 16:00:00,0.176212
2025-08-03 17:00:00,0.019954000000000003
2025-08-03 18:00:00,0.0
2025-08-03 19:00:00,0.0
2025-08-03 20:00:00,0.0
2025-08-03 21:00:00,0.0
2025-08-03 22:00:00,0.0
2025-08-03 23:00:00,0.0
2025-08-04 00:00:00,0.0
2025-08-04 01:00:00,0.0
2025-08-04 02:00:00,0.0
2025-08-04 03:00:00,0.0
2025-08-04 04:00:00,0.0
2025-08-04 05:00:00,0.0
2025-08-04 06:00:00,0.0
2025-08-04 07:00:00,0.141034
2025-08-04 08:00:00,0.4053539999999999
2025-08-04 09:00:00,0.5832059999999999
2025-08-04 10:00:00,0.6865399999999999
2025-08-04 11:00:00,0.7108920000000001
2025-08-04 12:00:00,0.698672
2025-08-04 13:00:00,0.6433719999999999
2025-08-04 14:00:00,0.527172
2025-08-04 15:00:00,0.36694000000000004
2025-08-04 16:00:00,0.16599999999999998
2025-08-04 17:00:00,0.016777999999999998
2025-08-04 18:00:00,0.0
2025-08-04 19:00:00,0.0
2025-08-04 20:00:00,0.0
2025-08-04 21:00:00,0.0
2025-08-04 22:00:00,0.0
2025-08-04 23:00:00,0.0
2025-08-05 00:00:00,0.0
2025-08-05 01:00:00,0.0
2025-08-05 02:00:00,0.0
2025-08-05 03:00:00,0.0
2025-08-05 04:00:00,0.0
2025-08-05 05:00:00,0.0
2025-08-05 06:00:00,0.0
2025-08-05 07:00:00,0.15192600000000003
2025-08-05 08:00:00,0.40880399999999995
2025-08-05 09:00:00,0.576414
2025-08-05 10:00:00,0.6509
2025-08-05 11:00:00,0.6394900000000001
2025-08-05 12:00:00,0.7095819999999999
2025-08-05 13:00:00,0.6378
2025-08-05 14:00:00,0.5324899999999999
2025-08-05 15:00:00,0.364668
2025-08-05 16:00:00,0.15671599999999997
2025-08-05 17:00:00,0.019387999999999978
2025-08-05 18:00:00,0.0
2025-08-05 19:00:00,0.0
2025-08-05 20:00:00,0.0
2025-08-05 21:00:00,0.0
2025-08-05 22:00:00,0.0
2025-08-05 23:00:00,0.0
2025-08-06 00:00:00,0.0
2025-08-06 01:00:00,0.0
2025-08-06 02:00:00,0.0
2025-08-06 03:00:00,0.0
2025-08-06 04:00:00,0.0
2025-08-06 05:00:00,0.0
2025-08-06 06:00:00,0.0
2025-08-06 07:00:00,0.145562
2025-08-06 08:00:00,0.40553399999999995
2025-08-06 09:00:00,0.576206
2025-08-06 10:00:00,0.686242
2025-08-06 11:00:00,0.713708
2025-08-06 12:00:00,0.7005080000000001
2025-08-06 13:00:00,0.605476
2025-08-06 14:00:00,0.48307
2025-08-06 15:00:00,0.30317399999999994
2025-08-06 16:00:00,0.14940199999999995
2025-08-06 17:00:00,0.01661599999999998
2025-08-06 18:00:00,0.0
2025-08-06 19:00:00,0.0
2025-08-06 20:00:00,0.0
2025-08-06 21:00:00,0.0
2025-08-06 22:00:00,0.0
2025-08-06 23:00:00,0.0
2025-08-07 00:00:00,0.0
2025-08-07 01:00:00,0.0
2025-08-07 02:00:00,0.0
2025-08-07 03:00:00,0.0
2025-08-07 04:00:00,0.0
2025-08-07 05:00:00,0.0
2025-08-07 06:00:00,0.0
2025-08-07 07:00:00,0.15097999999999998
2025-08-07 08:00:00,0.33973
2025-08-07 09:00:00,0.50678
2025-08-07 10:00:00,0.658764
2025-08-07 11:00:00,0.623268
2025-08-07 12:00:00,0.6597480000000001
2025-08-07 13:00:00,0.563174
2025-08-07 14:00:00,0.470648
2025-08-07 15:00:00,0.319564
2025-08-07 16:00:00,0.14660199999999995
2025-08-07 17:00:00,0.015076
2025-08-07 18:00:00,0.0
2025-08-07 19:00:00,0.0
2025-08-07 20:00:00,0.0
2025-08-07 21:00:00,0.0
2025-08-07 22:00:00,0.0
2025-08-07 23:00:00,0.0
2025-08-08 00:00:00,0.0
2025-08-08 01:00:00,0.0
2025-08-08 02:00:00,0.0
2025-08-08 03:00:00,0.0
2025-08-08 04:00:00,0.0
2025-08-08 05:00:00,0.0
2025-08-08 06:00:00,0.0
2025-08-08 07:00:00,0.12335999999999994
2025-08-08 08:00:00,0.332386
2025-08-08 09:00:00,0.478058
2025-08-08 10:00:00,0.561742
2025-08-08 11:00:00,0.6009
2025-08-08 12:00:00,0.58027
2025-08-08 13:00:00,0.5677860000000001
2025-08-08 14:00:00,0.45860399999999996
2025-08-08 15:00:00,0.304886
2025-08-08 16:00:00,0.11337
2025-08-08 17:00:00,0.01639
2025-08-08 18:00:00,0.0
2025-08-08 19:00:00,0.0
2025-08-08 20:00:00,0.0
2025-08-08 21:00:00,0.0
2025-08-08 22:00:00,0.0
2025-08-08 23:00:00,0.0
2025-08-09 00:00:00,0.0
2025-08-09 01:00:00,0.0
2025-08-09 02:00:00,0.0
2025-08-09 03:00:00,0.0
2025-08-09 04:00:00,0.0
2025-08-09 05:00:00,0.0
2025-08-09 06:00:00,0.0
2025-08-09 07:00:00,0.14456
2025-08-09 08:00:00,0.35479799999999995
2025-08-09 09:00:00,0.473358
2025-08-09 10:00:00,0.4680479999999999
2025-08-09 11:00:00,0.606556
2025-08-09 12:00:00,0.51302
2025-08-09 13:00:00,0.6003299999999999
2025-08-09 14:00:00,0.330188
2025-08-09 15:00:00,0.22091399999999997
2025-08-09 16:00:00,0.11837799999999998
2025-08-09 17:00:00,0.018125999999999937
2025-08-09 18:00:00,0.0
2025-08-09 19:00:00,0.0
2025-08-09 20:00:00,0.0
2025-08-09 21:00:00,0.0
2025-08-09 22:00:00,0.0
2025-08-09 23:00:00,0.0
2025-08-10 00:00:00,0.0
2025-08-10 01:00:00,0.0
2025-08-10 02:00:00,0.0
2025-08-10 03:00:00,0.0
2025-08-10 04:00:00,0.0
2025-08-10 05:00:00,0.0
2025-08-10 06:00:00,0.0
2025-08-10 07:00:00,0.13039399999999998
2025-08-10 08:00:00,0.337854
2025-08-10 09:00:00,0.48362800000000006
2025-08-10 10:00:00,0.5587959999999998
2025-08-10 11:00:00,0.6002460000000001
2025-08-10 12:00:00,0.594406
2025-08-10 13:00:00,0.5323279999999999
2025-08-10 14:00:00,0.4480199999999999
2025-08-10 15:00:00,0.37009399999999987
2025-08-10 16:00:00,0.16077400000000003
2025-08-10 17:00:00,0.020292
2025-08-10 18:00:00,0.0
2025-08-10 19:00:00,0.0
2025-08-10 20:00:00,0.0
2025-08-10 21:00:00,0.0
2025-08-10 22:00:00,0.0
2025-08-10 23:00:00,0.0
2025-08-11 00:00:00,0.0
2025-08-11 01:00:00,0.0
2025-08-11 02:00:00,0.0
2025-08-11 03:00:00,0.0
2025-08-11 04:00:00,0.0
2025-08-11 05:00:00,0.0
2025-08-11 06:00:00,0.0
2025-08-11 07:00:00,0.14321399999999995
2025-08-11 08:00:00,0.395978
2025-08-11 09:00:00,0.591054
2025-08-11 10:00:00,0.6693659999999999
2025-08-11 11:00:00,0.648124
2025-08-11 12:00:00,0.678646
2025-08-11 13:00:00,0.597814
2025-08-11 14:00:00,0.5374740000000001
2025-08-11 15:00:00,0.366364
2025-08-11 16:00:00,0.175302
2025-08-11 17:00:00,0.020876
2025-08-11 18:00:00,0.0
2025-08-11 19:00:00,0.0
2025-08-11 20:00:00,0.0
2025-08-11 21:00:00,0.0
2025-08-11 22:00:00,0.0
2025-08-11 23:00:00,0.0
2025-08-12 00:00:00,0.0
2025-08-12 01:00:00,0.0
2025-08-12 02:00:00,0.0
2025-08-12 03:00:00,0.0
2025-08-12 04:00:00,0.0
2025-08-12 05:00:00,0.0
2025-08-12 06:00:00,0.0
2025-08-12 07:00:00,0.13202600000000003
2025-08-12 08:00:00,0.392202
2025-08-12 09:00:00,0.583342
2025-08-12 10:00:00,0.672812
2025-08-12 11:00:00,0.683548
2025-08-12 12:00:00,0.645456
2025-08-12 13:00:00,0.595966
2025-08-12 14:00:00,0.5228160000000001
2025-08-12 15:00:00,0.339568
2025-08-12 16:00:00,0.16180599999999998
2025-08-12 17:00:00,0.010069999999999982
2025-08-12 18:00:00,0.0
2025-08-12 19:00:00,0.0
2025-08-12 20:00:00,0.0
2025-08-12 21:00:00,0.0
2025-08-12 22:00:00,0.0
2025-08-12 23:00:00,0.0
2025-08-13 00:00:00,0.0
2025-08-13 01:00:00,0.0
2025-08-13 02:00:00,0.0
2025-08-13 03:00:00,0.0
2025-08-13 04:00:00,0.0
2025-08-13 05:00:00,0.0
2025-08-13 06:00:00,0.0
2025-08-13 07:00:00,0.08356000000000001
2025-08-13 08:00:00,0.34858
2025-08-13 09:00:00,0.575014
2025-08-13 10:00:00,0.6089840000000001
2025-08-13 11:00:00,0.521786
2025-08-13 12:00:00,0.498436
2025-08-13 13:00:00,0.46583800000000003
2025-08-13 14:00:00,0.373746
2025-08-13 15:00:00,0.18137199999999998
2025-08-13 16:00:00,0.108738
2025-08-13 17:00:00,0.019551999999999996
2025-08-13 18:00:00,0.0
2025-08-13 19:00:00,0.0
2025-08-13 20:00:00,0.0
2025-08-13 21:00:00,0.0
2025-08-13 22:00:00,0.0
2025-08-13 23:00:00,0.0
2025-08-14 00:00:00,0.0
2025-08-14 01:00:00,0.0
2025-08-14 02:00:00,0.0
2025-08-14 03:00:00,0.0
2025-08-14 04:00:00,0.0
2025-08-14 05:00:00,0.0
2025-08-14 06:00:00,0.0
2025-08-14 07:00:00,0.093828
2025-08-14 08:00:00,0.358502
2025-08-14 09:00:00,0.4025619999999999
2025-08-14 10:00:00,0.6039260000000001
2025-08-14 11:00:00,0.610454
2025-08-14 12:00:00,0.5837559999999999
2025-08-14 13:00:00,0.5204340000000001
2025-08-14 14:00:00,0.30501200000000006
2025-08-14 15:00:00,0.166148
2025-08-14 16:00:00,0.13965599999999995
2025-08-14 17:00:00,0.026573999999999997
2025-08-14 18:00:00,0.0
2025-08-14 19:00:00,0.0
2025-08-14 20:00:00,0.0
2025-08-14 21:00:00,0.0
2025-08-14 22:00:00,0.0
2025-08-14 23:00:00,0.0
2025-08-15 00:00:00,0.0
2025-08-15 01:00:00,0.0
2025-08-15 02:00:00,0.0
2025-08-15 03:00:00,0.0
2025-08-15 04:00:00,0.0
2025-08-15 05:00:00,0.0
2025-08-15 06:00:00,0.0
2025-08-15 07:00:00,0.05256999999999997
2025-08-15 08:00:00,0.19402599999999998
2025-08-15 09:00:00,0.31787400000000005
2025-08-15 10:00:00,0.40396400000000005
2025-08-15 11:00:00,0.352346
2025-08-15 12:00:00,0.517768
2025-08-15 13:00:00,0.558976
2025-08-15 14:00:00,0.479102
2025-08-15 15:00:00,0.351912
2025-08-15 16:00:00,0.16924799999999998
2025-08-15 17:00:00,0.024071999999999996
2025-08-15 18:00:00,0.0
2025-08-15 19:00:00,0.0
2025-08-15 20:00:00,0.0
2025-08-15 21:00:00,0.0
2025-08-15 22:00:00,0.0
2025-08-15 23:00:00,0.0
2025-08-16 00:00:00,0.0
2025-08-16 01:00:00,0.0
2025-08-16 02:00:00,0.0
2025-08-16 03:00:00,0.0
2025-08-16 04:00:00,0.0
2025-08-16 05:00:00,0.0
2025-08-16 06:00:00,0.0
2025-08-16 07:00:00,0.09565599999999992
2025-08-16 08:00:00,0.26988
2025-08-16 09:00:00,0.51723
2025-08-16 10:00:00,0.4659000000000001
2025-08-16 11:00:00,0.5588339999999999
2025-08-16 12:00:00,0.559924
2025-08-16 13:00:00,0.5033160000000001
2025-08-16 14:00:00,0.42261
2025-08-16 15:00:00,0.29202
2025-08-16 16:00:00,0.11568
2025-08-16 17:00:00,0.01745599999999998
2025-08-16 18:00:00,0.0
2025-08-16 19:00:00,0.0
2025-08-16 20:00:00,0.0
2025-08-16 21:00:00,0.0
2025-08-16 22:00:00,0.0
2025-08-16 23:00:00,0.0
2025-08-17 00:00:00,0.0
2025-08-17 01:00:00,0.0
2025-08-17 02:00:00,0.0
2025-08-17 03:00:00,0.0
2025-08-17 04:00:00,0.0
2025-08-17 05:00:00,0.0
2025-08-17 06:00:00,0.0
2025-08-17 07:00:00,0.070816
2025-08-17 08:00:00,0.35319799999999996
2025-08-17 09:00:00,0.5853259999999999
2025-08-17 10:00:00,0.653802
2025-08-17 11:00:00,0.44447000000000003
2025-08-17 12:00:00,0.469618
2025-08-17 13:00:00,0.587012
2025-08-17 14:00:00,0.47633400000000004
2025-08-17 15:00:00,0.31439999999999996
2025-08-17 16:00:00,0.09491000000000001
2025-08-17 17:00:00,0.024107999999999997
2025-08-17 18:00:00,0.0
2025-08-17 19:00:00,0.0
2025-08-17 20:00:00,0.0
2025-08-17 21:00:00,0.0
2025-08-17 22:00:00,0.0
2025-08-17 23:00:00,0.0
2025-08-18 00:00:00,0.0
2025-08-18 01:00:00,0.0
2025-08-18 02:00:00,0.0
2025-08-18 03:00:00,0.0
2025-08-18 04:00:00,0.0
2025-08-18 05:00:00,0.0
2025-08-18 06:00:00,0.0
2025-08-18 07:00:00,0.182054
2025-08-18 08:00:00,0.43741
2025-08-18 09:00:00,0.602678
2025-08-18 10:00:00,0.6913760000000002
2025-08-18 11:00:00,0.674892
2025-08-18 12:00:00,0.597802
2025-08-18 13:00:00,0.610394
2025-08-18 14:00:00,0.5143479999999999
2025-08-18 15:00:00,0.36384999999999995
2025-08-18 16:00:00,0.16289399999999998
2025-08-18 17:00:00,0.023626
2025-08-18 18:00:00,0.0
2025-08-18 19:00:00,0.0
2025-08-18 20:00:00,0.0
2025-08-18 21:00:00,0.0
2025-08-18 22:00:00,0.0
2025-08-18 23:00:00,0.0
2025-08-19 00:00:00,0.0
2025-08-19 01:00:00,0.0
2025-08-19 02:00:00,0.0
2025-08-19 03:00:00,0.0
2025-08-19 04:00:00,0.0
2025-08-19 05:00:00,0.0
2025-08-19 06:00:00,0.0
2025-08-19 07:00:00,0.08377799999999999
2025-08-19 08:00:00,0.295152
2025-08-19 09:00:00,0.288064
2025-08-19 10:00:00,0.5120660000000001
2025-08-19 11:00:00,0.2708519999999999
2025-08-19 12:00:00,0.676296
2025-08-19 13:00:00,0.566786
2025-08-19 14:00:00,0.28287399999999996
2025-08-19 15:00:00,0.19124199999999997
2025-08-19 16:00:00,0.13118199999999997
2025-08-19 17:00:00,0.01396
2025-08-19 18:00:00,0.0
2025-08-19 19:00:00,0.0
2025-08-19 20:00:00,0.0
2025-08-19 21:00:00,0.0
2025-08-19 22:00:00,0.0
2025-08-19 23:00:00,0.0
2025-08-20 00:00:00,0.0
2025-08-20 01:00:00,0.0
2025-08-20 02:00:00,0.0
2025-08-20 03:00:00,0.0
2025-08-20 04:00:00,0.0
2025-08-20 05:00:00,0.0
2025-08-20 06:00:00,0.0
2025-08-20 07:00:00,0.049472
2025-08-20 08:00:00,0.17425400000000005
2025-08-20 09:00:00,0.16265400000000002
2025-08-20 10:00:00,0.275112
2025-08-20 11:00:00,0.21049599999999996
2025-08-20 12:00:00,0.28170199999999995
2025-08-20 13:00:00,0.28429800000000005
2025-08-20 14:00:00,0.20507
2025-08-20 15:00:00,0.138666
2025-08-20 16:00:00,0.05534199999999999
2025-08-20 17:00:00,0.00837999999999998
2025-08-20 18:00:00,0.0
2025-08-20 19:00:00,0.0
2025-08-20 20:00:00,0.0
2025-08-20 21:00:00,0.0
2025-08-20 22:00:00,0.0
2025-08-20 23:00:00,0.0
2025-08-21 00:00:00,0.0
2025-08-21 01:00:00,0.0
2025-08-21 02:00:00,0.0
2025-08-21 03:00:00,0.0
2025-08-21 04:00:00,0.0
2025-08-21 05:00:00,0.0
2025-08-21 06:00:00,0.0
2025-08-21 07:00:00,0.09787399999999999
2025-08-21 08:00:00,0.33629
2025-08-21 09:00:00,0.6054679999999999
2025-08-21 10:00:00,0.703258
2025-08-21 11:00:00,0.754122
2025-08-21 12:00:00,0.601344
2025-08-21 13:00:00,0.5042539999999999
2025-08-21 14:00:00,0.554558
2025-08-21 15:00:00,0.37667799999999996
2025-08-21 16:00:00,0.177602
2025-08-21 17:00:00,0.022340000000000002
2025-08-21 18:00:00,0.0
2025-08-21 19:00:00,0.0
2025-08-21 20:00:00,0.0
2025-08-21 21:00:00,0.0
2025-08-21 22:00:00,0.0
2025-08-21 23:00:00,0.0
2025-08-22 00:00:00,0.0
2025-08-22 01:00:00,0.0
2025-08-22 02:00:00,0.0
2025-08-22 03:00:00,0.0
2025-08-22 04:00:00,0.0
2025-08-22 05:00:00,0.0
2025-08-22 06:00:00,0.0
2025-08-22 07:00:00,0.22605599999999995
2025-08-22 08:00:00,0.4620699999999999
2025-08-22 09:00:00,0.6317799999999999
2025-08-22 10:00:00,0.7400620000000001
2025-08-22 11:00:00,0.7818240000000001
2025-08-22 12:00:00,0.7632300000000001
2025-08-22 13:00:00,0.689098
2025-08-22 14:00:00,0.5651740000000001
2025-08-22 15:00:00,0.39611799999999997
2025-08-22 16:00:00,0.18212399999999998
2025-08-22 17:00:00,0.021107999999999995
2025-08-22 18:00:00,0.0
2025-08-22 19:00:00,0.0
2025-08-22 20:00:00,0.0
2025-08-22 21:00:00,0.0
2025-08-22 22:00:00,0.0
2025-08-22 23:00:00,0.0
2025-08-23 00:00:00,0.0
2025-08-23 01:00:00,0.0
2025-08-23 02:00:00,0.0
2025-08-23 03:00:00,0.0
2025-08-23 04:00:00,0.0
2025-08-23 05:00:00,0.0
2025-08-23 06:00:00,0.0
2025-08-23 07:00:00,0.22683999999999999
2025-08-23 08:00:00,0.453178
2025-08-23 09:00:00,0.6221819999999999
2025-08-23 10:00:00,0.727202
2025-08-23 11:00:00,0.7700720000000001
2025-08-23 12:00:00,0.751492
2025-08-23 13:00:00,0.667416
2025-08-23 14:00:00,0.5475580000000001
2025-08-23 15:00:00,0.382178
2025-08-23 16:00:00,0.17631
2025-08-23 17:00:00,0.029684
2025-08-23 18:00:00,0.0
2025-08-23 19:00:00,0.0
2025-08-23 20:00:00,0.0
2025-08-23 21:00:00,0.0
2025-08-23 22:00:00,0.0
2025-08-23 23:00:00,0.0
2025-08-24 00:00:00,0.0
2025-08-24 01:00:00,0.0
2025-08-24 02:00:00,0.0
2025-08-24 03:00:00,0.0
2025-08-24 04:00:00,0.0
2025-08-24 05:00:00,0.0
2025-08-24 06:00:00,0.0
2025-08-24 07:00:00,0.207818
2025-08-24 08:00:00,0.417798
2025-08-24 09:00:00,0.45604999999999996
2025-08-24 10:00:00,0.513824
2025-08-24 11:00:00,0.620392
2025-08-24 12:00:00,0.444712
2025-08-24 13:00:00,0.6335120000000001
2025-08-24 14:00:00,0.4409160000000001
2025-08-24 15:00:00,0.281684
2025-08-24 16:00:00,0.07654799999999998
2025-08-24 17:00:00,0.008178
2025-08-24 18:00:00,0.0
2025-08-24 19:00:00,0.0
2025-08-24 20:00:00,0.0
2025-08-24 21:00:00,0.0
2025-08-24 22:00:00,0.0
2025-08-24 23:00:00,0.0
2025-08-25 00:00:00,0.0
2025-08-25 01:00:00,0.0
2025-08-25 02:00:00,0.0
2025-08-25 03:00:00,0.0
2025-08-25 04:00:00,0.0
2025-08-25 05:00:00,0.0
2025-08-25 06:00:00,0.0
2025-08-25 07:00:00,0.18485999999999997
2025-08-25 08:00:00,0.4101199999999999
2025-08-25 09:00:00,0.589442
2025-08-25 10:00:00,0.6791659999999998
2025-08-25 11:00:00,0.667504
2025-08-25 12:00:00,0.637156
2025-08-25 13:00:00,0.570562
2025-08-25 14:00:00,0.41931399999999996
2025-08-25 15:00:00,0.307378
2025-08-25 16:00:00,0.11586799999999997
2025-08-25 17:00:00,0.006239999999999959
2025-08-25 18:00:00,0.0
2025-08-25 19:00:00,0.0
2025-08-25 20:00:00,0.0
2025-08-25 21:00:00,0.0
2025-08-25 22:00:00,0.0
2025-08-25 23:00:00,0.0
2025-08-26 00:00:00,0.0
2025-08-26 01:00:00,0.0
2025-08-26 02:00:00,0.0
2025-08-26 03:00:00,0.0
2025-08-26 04:00:00,0.0
2025-08-26 05:00:00,0.0
2025-08-26 06:00:00,0.0
2025-08-26 07:00:00,0.045638
2025-08-26 08:00:00,0.13218999999999997
2025-08-26 09:00:00,0.5852040000000001
2025-08-26 10:00:00,0.28995
2025-08-26 11:00:00,0.42398199999999997
2025-08-26 12:00:00,0.29306400000000005
2025-08-26 13:00:00,0.21785800000000002
2025-08-26 14:00:00,0.23704
2025-08-26 15:00:00,0.202434
2025-08-26 16:00:00,0.054928
2025-08-26 17:00:00,0.007895999999999981
2025-08-26 18:00:00,0.0
2025-08-26 19:00:00,0.0
2025-08-26 20:00:00,0.0
2025-08-26 21:00:00,0.0
2025-08-26 22:00:00,0.0
2025-08-26 23:00:00,0.0
2025-08-27 00:00:00,0.0
2025-08-27 01:00:00,0.0
2025-08-27 02:00:00,0.0
2025-08-27 03:00:00,0.0
2025-08-27 04:00:00,0.0
2025-08-27 05:00:00,0.0
2025-08-27 06:00:00,0.0
2025-08-27 07:00:00,0.08629400000000001
2025-08-27 08:00:00,0.13827199999999998
2025-08-27 09:00:00,0.24950000000000006
2025-08-27 10:00:00,0.311802
2025-08-27 11:00:00,0.3194140000000001
2025-08-27 12:00:00,0.37682
2025-08-27 13:00:00,0.24025000000000002
2025-08-27 14:00:00,0.19865200000000002
2025-08-27 15:00:00,0.10439799999999992
2025-08-27 16:00:00,0.14096599999999998
2025-08-27 17:00:00,0.00596599999999998
2025-08-27 18:00:00,0.0
2025-08-27 19:00:00,0.0
2025-08-27 20:00:00,0.0
2025-08-27 21:00:00,0.0
2025-08-27 22:00:00,0.0
2025-08-27 23:00:00,0.0
2025-08-28 00:00:00,0.0
2025-08-28 01:00:00,0.0
2025-08-28 02:00:00,0.0
2025-08-28 03:00:00,0.0
2025-08-28 04:00:00,0.0
2025-08-28 05:00:00,0.0
2025-08-28 06:00:00,0.0
2025-08-28 07:00:00,0.08177999999999998
2025-08-28 08:00:00,0.12349199999999998
2025-08-28 09:00:00,0.16893199999999997
2025-08-28 10:00:00,0.218246
2025-08-28 11:00:00,0.271776
2025-08-28 12:00:00,0.306052
2025-08-28 13:00:00,0.32876599999999995
2025-08-28 14:00:00,0.23934399999999995
2025-08-28 15:00:00,0.11941600000000001
2025-08-28 16:00:00,0.054885999999999976
2025-08-28 17:00:00,0.0041080000000000005
2025-08-28 18:00:00,0.0
2025-08-28 19:00:00,0.0
2025-08-28 20:00:00,0.0
2025-08-28 21:00:00,0.0
2025-08-28 22:00:00,0.0
2025-08-28 23:00:00,0.0
2025-08-29 00:00:00,0.0
2025-08-29 01:00:00,0.0
2025-08-29 02:00:00,0.0
2025-08-29 03:00:00,0.0
2025-08-29 04:00:00,0.0
2025-08-29 05:00:00,0.0
2025-08-29 06:00:00,0.0
2025-08-29 07:00:00,0.065252
2025-08-29 08:00:00,0.11054599999999999
2025-08-29 09:00:00,0.199062
2025-08-29 10:00:00,0.32030000000000003
2025-08-29 11:00:00,0.4380800000000001
2025-08-29 12:00:00,0.367536
2025-08-29 13:00:00,0.279562
2025-08-29 14:00:00,0.22213799999999995
2025-08-29 15:00:00,0.18303399999999992
2025-08-29 16:00:00,0.04234599999999998
2025-08-29 17:00:00,0.008534000000000002
2025-08-29 18:00:00,0.0
2025-08-29 19:00:00,0.0
2025-08-29 20:00:00,0.0
2025-08-29 21:00:00,0.0
2025-08-29 22:00:00,0.0
2025-08-29 23:00:00,0.0
2025-08-30 00:00:00,0.0
2025-08-30 01:00:00,0.0
2025-08-30 02:00:00,0.0
2025-08-30 03:00:00,0.0
2025-08-30 04:00:00,0.0
2025-08-30 05:00:00,0.0
2025-08-30 06:00:00,0.0
2025-08-30 07:00:00,0.11983399999999995
2025-08-30 08:00:00,0.4431999999999999
2025-08-30 09:00:00,0.5605819999999999
2025-08-30 10:00:00,0.5427299999999999
2025-08-30 11:00:00,0.60598
2025-08-30 12:00:00,0.676852
2025-08-30 13:00:00,0.638738
2025-08-30 14:00:00,0.5232379999999999
2025-08-30 15:00:00,0.390882
2025-08-30 16:00:00,0.16912999999999995
2025-08-30 17:00:00,0.029519999999999998
2025-08-30 18:00:00,0.0
2025-08-30 19:00:00,0.0
2025-08-30 20:00:00,0.0
2025-08-30 21:00:00,0.0
2025-08-30 22:00:00,0.0
2025-08-30 23:00:00,0.0
2025-08-31 00:00:00,0.0
2025-08-31 01:00:00,0.0
2025-08-31 02:00:00,0.0
2025-08-31 03:00:00,0.0
2025-08-31 04:00:00,0.0
2025-08-31 05:00:00,0.0
2025-08-31 06:00:00,0.0
2025-08-31 07:00:00,0.22054199999999996
2025-08-31 08:00:00,0.29364200000000007
2025-08-31 09:00:00,0.46720000000000006
2025-08-31 10:00:00,0.6693079999999998
2025-08-31 11:00:00,0.7568840000000001
2025-08-31 12:00:00,0.6749820000000002
2025-08-31 13:00:00,0.616056
2025-08-31 14:00:00,0.44768800000000003
2025-08-31 15:00:00,0.28938600000000003
2025-08-31 16:00:00,0.155636
2025-08-31 17:00:00,0.013794
2025-08-31 18:00:00,0.0
2025-08-31 19:00:00,0.0
2025-08-31 20:00:00,0.0
2025-08-31 21:00:00,0.0
2025-08-31 22:00:00,0.0
2025-08-31 23:00:00,0.0
2025-09-01 00:00:00,0.0
2025-09-01 01:00:00,0.0
2025-09-01 02:00:00,0.0
2025-09-01 03:00:00,0.0
2025-09-01 04:00:00,0.0
2025-09-01 05:00:00,0.0
2025-09-01 06:00:00,0.0
2025-09-01 07:00:00,0.237162
2025-09-01 08:00:00,0.404976
2025-09-01 09:00:00,0.6398360000000001
2025-09-01 10:00:00,0.750484
2025-09-01 11:00:00,0.7739179999999999
2025-09-01 12:00:00,0.716996
2025-09-01 13:00:00,0.628408
2025-09-01 14:00:00,0.50604
2025-09-01 15:00:00,0.376034
2025-09-01 16:00:00,0.175908
2025-09-01 17:00:00,0.03232600000000001
2025-09-01 18:00:00,0.0
2025-09-01 19:00:00,0.0
2025-09-01 20:00:00,0.0
2025-09-01 21:00:00,0.0
2025-09-01 22:00:00,0.0
2025-09-01 23:00:00,0.0
2025-09-02 00:00:00,0.0
2025-09-02 01:00:00,0.0
2025-09-02 02:00:00,0.0
2025-09-02 03:00:00,0.0
2025-09-02 04:00:00,0.0
2025-09-02 05:00:00,0.0
2025-09-02 06:00:00,0.0
2025-09-02 07:00:00,0.21719999999999992
2025-09-02 08:00:00,0.40286399999999994
2025-09-02 09:00:00,0.48790400000000006
2025-09-02 10:00:00,0.636252
2025-09-02 11:00:00,0.667768
2025-09-02 12:00:00,0.64374
2025-09-02 13:00:00,0.4696739999999999
2025-09-02 14:00:00,0.42023199999999994
2025-09-02 15:00:00,0.275112
2025-09-02 16:00:00,0.161866
2025-09-02 17:00:00,0.015040000000000003
2025-09-02 18:00:00,0.0
2025-09-02 19:00:00,0.0
2025-09-02 20:00:00,0.0
2025-09-02 21:00:00,0.0
2025-09-02 22:00:00,0.0
2025-09-02 23:00:00,0.0
2025-09-03 00:00:00,0.0
2025-09-03 01:00:00,0.0
2025-09-03 02:00:00,0.0
2025-09-03 03:00:00,0.0
2025-09-03 04:00:00,0.0
2025-09-03 05:00:00,0.0
2025-09-03 06:00:00,0.0
2025-09-03 07:00:00,0.18274400000000002
2025-09-03 08:00:00,0.427982
2025-09-03 09:00:00,0.625726
2025-09-03 10:00:00,0.725176
2025-09-03 11:00:00,0.753668
2025-09-03 12:00:00,0.7110919999999998
2025-09-03 13:00:00,0.6556979999999999
2025-09-03 14:00:00,0.5078280000000002
2025-09-03 15:00:00,0.35201199999999994
2025-09-03 16:00:00,0.16741399999999995
2025-09-03 17:00:00,0.031408
2025-09-03 18:00:00,0.0
2025-09-03 19:00:00,0.0
2025-09-03 20:00:00,0.0
2025-09-03 21:00:00,0.0
2025-09-03 22:00:00,0.0
2025-09-03 23:00:00,0.0
2025-09-04 00:00:00,0.0
2025-09-04 01:00:00,0.0
2025-09-04 02:00:00,0.0
2025-09-04 03:00:00,0.0
2025-09-04 04:00:00,0.0
2025-09-04 05:00:00,0.0
2025-09-04 06:00:00,0.0
2025-09-04 07:00:00,0.17547800000000002
2025-09-04 08:00:00,0.356346
2025-09-04 09:00:00,0.49953000000000003
2025-09-04 10:00:00,0.6666380000000001
2025-09-04 11:00:00,0.7170280000000001
2025-09-04 12:00:00,0.704258
2025-09-04 13:00:00,0.60015
2025-09-04 14:00:00,0.5009880000000001
2025-09-04 15:00:00,0.34080600000000005
2025-09-04 16:00:00,0.126272
2025-09-04 17:00:00,0.00796599999999998
2025-09-04 18:00:00,0.0
2025-09-04 19:00:00,0.0
2025-09-04 20:00:00,0.0
2025-09-04 21:00:00,0.0
2025-09-04 22:00:00,0.0
2025-09-04 23:00:00,0.0
2025-09-05 00:00:00,0.0
2025-09-05 01:00:00,0.0
2025-09-05 02:00:00,0.0
2025-09-05 03:00:00,0.0
2025-09-05 04:00:00,0.0
2025-09-05 05:00:00,0.0
2025-09-05 06:00:00,0.0
2025-09-05 07:00:00,0.09525199999999995
2025-09-05 08:00:00,0.26322999999999996
2025-09-05 09:00:00,0.41888000000000003
2025-09-05 10:00:00,0.552354
2025-09-05 11:00:00,0.4657319999999999
2025-09-05 12:00:00,0.3402900000000001
2025-09-05 13:00:00,0.590308
2025-09-05 14:00:00,0.261192
2025-09-05 15:00:00,0.15387199999999995
2025-09-05 16:00:00,0.07290200000000001
2025-09-05 17:00:00,0.013563999999999982
2025-09-05 18:00:00,0.0
2025-09-05 19:00:00,0.0
2025-09-05 20:00:00,0.0
2025-09-05 21:00:00,0.0
2025-09-05 22:00:00,0.0
2025-09-05 23:00:00,0.0
2025-09-06 00:00:00,0.0
2025-09-06 01:00:00,0.0
2025-09-06 02:00:00,0.0
2025-09-06 03:00:00,0.0
2025-09-06 04:00:00,0.0
2025-09-06 05:00:00,0.0
2025-09-06 06:00:00,0.0
2025-09-06 07:00:00,0.220256
2025-09-06 08:00:00,0.43255600000000005
2025-09-06 09:00:00,0.538918
2025-09-06 10:00:00,0.628286
2025-09-06 11:00:00,0.64656
2025-09-06 12:00:00,0.665582
2025-09-06 13:00:00,0.605844
2025-09-06 14:00:00,0.5344080000000001
2025-09-06 15:00:00,0.37682399999999994
2025-09-06 16:00:00,0.17467400000000002
2025-09-06 17:00:00,0.036123999999999996
2025-09-06 18:00:00,0.0
2025-09-06 19:00:00,0.0
2025-09-06 20:00:00,0.0
2025-09-06 21:00:00,0.0
2025-09-06 22:00:00,0.0
2025-09-06 23:00:00,0.0
2025-09-07 00:00:00,0.0
2025-09-07 01:00:00,0.0
2025-09-07 02:00:00,0.0
2025-09-07 03:00:00,0.0
2025-09-07 04:00:00,0.0
2025-09-07 05:00:00,0.0
2025-09-07 06:00:00,0.0
2025-09-07 07:00:00,0.247276
2025-09-07 08:00:00,0.47758599999999996
2025-09-07 09:00:00,0.6442880000000001
2025-09-07 10:00:00,0.709746
2025-09-07 11:00:00,0.63671
2025-09-07 12:00:00,0.6153139999999999
2025-09-07 13:00:00,0.45511000000000007
2025-09-07 14:00:00,0.37745400000000007
2025-09-07 15:00:00,0.32164
2025-09-07 16:00:00,0.17355
2025-09-07 17:00:00,0.033414000000000006
2025-09-07 18:00:00,0.0
2025-09-07 19:00:00,0.0
2025-09-07 20:00:00,0.0
2025-09-07 21:00:00,0.0
2025-09-07 22:00:00,0.0
2025-09-07 23:00:00,0.0
2025-09-08 00:00:00,0.0
2025-09-08 01:00:00,0.0
2025-09-08 02:00:00,0.0
2025-09-08 03:00:00,0.0
2025-09-08 04:00:00,0.0
2025-09-08 05:00:00,0.0
2025-09-08 06:00:00,0.0
2025-09-08 07:00:00,0.22872599999999998
2025-09-08 08:00:00,0.445024
2025-09-08 09:00:00,0.5369700000000001
2025-09-08 10:00:00,0.75518
2025-09-08 11:00:00,0.771132
2025-09-08 12:00:00,0.63223
2025-09-08 13:00:00,0.6647519999999999
2025-09-08 14:00:00,0.5384740000000001
2025-09-08 15:00:00,0.361234
2025-09-08 16:00:00,0.16834
2025-09-08 17:00:00,0.017978
2025-09-08 18:00:00,0.0
2025-09-08 19:00:00,0.0
2025-09-08 20:00:00,0.0
2025-09-08 21:00:00,0.0
2025-09-08 22:00:00,0.0
2025-09-08 23:00:00,0.0
2025-09-09 00:00:00,0.0
2025-09-09 01:00:00,0.0
2025-09-09 02:00:00,0.0
2025-09-09 03:00:00,0.0
2025-09-09 04:00:00,0.0
2025-09-09 05:00:00,0.0
2025-09-09 06:00:00,0.0
2025-09-09 07:00:00,0.24628199999999997
2025-09-09 08:00:00,0.435998
2025-09-09 09:00:00,0.637958
2025-09-09 10:00:00,0.73595
2025-09-09 11:00:00,0.7671420000000001
2025-09-09 12:00:00,0.73235
2025-09-09 13:00:00,0.653672
2025-09-09 14:00:00,0.464198
2025-09-09 15:00:00,0.307388
2025-09-09 16:00:00,0.13330999999999998
2025-09-09 17:00:00,0.009623999999999999
2025-09-09 18:00:00,0.0
2025-09-09 19:00:00,0.0
2025-09-09 20:00:00,0.0
2025-09-09 21:00:00,0.0
2025-09-09 22:00:00,0.0
2025-09-09 23:00:00,0.0
2025-09-10 00:00:00,0.0
2025-09-10 01:00:00,0.0
2025-09-10 02:00:00,0.0
2025-09-10 03:00:00,0.0
2025-09-10 04:00:00,0.0
2025-09-10 05:00:00,0.0
2025-09-10 06:00:00,0.0
2025-09-10 07:00:00,0.11352399999999996
2025-09-10 08:00:00,0.347026
2025-09-10 09:00:00,0.309418
2025-09-10 10:00:00,0.44701399999999997
2025-09-10 11:00:00,0.612914
2025-09-10 12:00:00,0.545968
2025-09-10 13:00:00,0.41156800000000004
2025-09-10 14:00:00,0.28562000000000004
2025-09-10 15:00:00,0.301128
2025-09-10 16:00:00,0.08743799999999999
2025-09-10 17:00:00,0.014482000000000004
2025-09-10 18:00:00,0.0
2025-09-10 19:00:00,0.0
2025-09-10 20:00:00,0.0
2025-09-10 21:00:00,0.0
2025-09-10 22:00:00,0.0
2025-09-10 23:00:00,0.0
2025-09-11 00:00:00,0.0
2025-09-11 01:00:00,0.0
2025-09-11 02:00:00,0.0
2025-09-11 03:00:00,0.0
2025-09-11 04:00:00,0.0
2025-09-11 05:00:00,0.0
2025-09-11 06:00:00,0.0
2025-09-11 07:00:00,0.15897
2025-09-11 08:00:00,0.32978999999999997
2025-09-11 09:00:00,0.581602
2025-09-11 10:00:00,0.7062640000000001
2025-09-11 11:00:00,0.7101360000000001
2025-09-11 12:00:00,0.684998
2025-09-11 13:00:00,0.652222
2025-09-11 14:00:00,0.485524
2025-09-11 15:00:00,0.325346
2025-09-11 16:00:00,0.12326599999999996
2025-09-11 17:00:00,0.02715399999999994
2025-09-11 18:00:00,0.0
2025-09-11 19:00:00,0.0
2025-09-11 20:00:00,0.0
2025-09-11 21:00:00,0.0
2025-09-11 22:00:00,0.0
2025-09-11 23:00:00,0.0
2025-09-12 00:00:00,0.0
2025-09-12 01:00:00,0.0
2025-09-12 02:00:00,0.0
2025-09-12 03:00:00,0.0
2025-09-12 04:00:00,0.0
2025-09-12 05:00:00,0.0
2025-09-12 06:00:00,0.0
2025-09-12 07:00:00,0.21833799999999998
2025-09-12 08:00:00,0.37676600000000005
2025-09-12 09:00:00,0.648172
2025-09-12 10:00:00,0.7434459999999999
2025-09-12 11:00:00,0.765762
2025-09-12 12:00:00,0.7352900000000002
2025-09-12 13:00:00,0.677214
2025-09-12 14:00:00,0.49744200000000005
2025-09-12 15:00:00,0.34554999999999997
2025-09-12 16:00:00,0.155732
2025-09-12 17:00:00,0.039278
2025-09-12 18:00:00,0.0
2025-09-12 19:00:00,0.0
2025-09-12 20:00:00,0.0
2025-09-12 21:00:00,0.0
2025-09-12 22:00:00,0.0
2025-09-12 23:00:00,0.0
2025-09-13 00:00:00,0.0
2025-09-13 01:00:00,0.0
2025-09-13 02:00:00,0.0
2025-09-13 03:00:00,0.0
2025-09-13 04:00:00,0.0
2025-09-13 05:00:00,0.0
2025-09-13 06:00:00,0.0
2025-09-13 07:00:00,0.200928
2025-09-13 08:00:00,0.38118199999999997
2025-09-13 09:00:00,0.550108
2025-09-13 10:00:00,0.681686
2025-09-13 11:00:00,0.763214
2025-09-13 12:00:00,0.690228
2025-09-13 13:00:00,0.663384
2025-09-13 14:00:00,0.497076
2025-09-13 15:00:00,0.299226
2025-09-13 16:00:00,0.161126
2025-09-13 17:00:00,0.033859999999999994
2025-09-13 18:00:00,0.0
2025-09-13 19:00:00,0.0
2025-09-13 20:00:00,0.0
2025-09-13 21:00:00,0.0
2025-09-13 22:00:00,0.0
2025-09-13 23:00:00,0.0
2025-09-14 00:00:00,0.0
2025-09-14 01:00:00,0.0
2025-09-14 02:00:00,0.0
2025-09-14 03:00:00,0.0
2025-09-14 04:00:00,0.0
2025-09-14 05:00:00,0.0
2025-09-14 06:00:00,0.0
2025-09-14 07:00:00,0.14649599999999996
2025-09-14 08:00:00,0.31185799999999997
2025-09-14 09:00:00,0.301458
2025-09-14 10:00:00,0.49644199999999994
2025-09-14 11:00:00,0.572032
2025-09-14 12:00:00,0.473768
2025-09-14 13:00:00,0.29433600000000004
2025-09-14 14:00:00,0.16152399999999997
2025-09-14 15:00:00,0.136954
2025-09-14 16:00:00,0.042831999999999995
2025-09-14 17:00:00,0.002278
2025-09-14 18:00:00,0.0
2025-09-14 19:00:00,0.0
2025-09-14 20:00:00,0.0
2025-09-14 21:00:00,0.0
2025-09-14 22:00:00,0.0
2025-09-14 23:00:00,0.0
2025-09-15 00:00:00,0.0
2025-09-15 01:00:00,0.0
2025-09-15 02:00:00,0.0
2025-09-15 03:00:00,0.0
2025-09-15 04:00:00,0.0
2025-09-15 05:00:00,0.0
2025-09-15 06:00:00,0.0
2025-09-15 07:00:00,0.04672599999999999
2025-09-15 08:00:00,0.33088000000000006
2025-09-15 09:00:00,0.39813600000000005
2025-09-15 10:00:00,0.222536
2025-09-15 11:00:00,0.492684
2025-09-15 12:00:00,0.525322
2025-09-15 13:00:00,0.519936
2025-09-15 14:00:00,0.41224800000000006
2025-09-15 15:00:00,0.288842
2025-09-15 16:00:00,0.13517200000000001
2025-09-15 17:00:00,0.034566
2025-09-15 18:00:00,0.0
2025-09-15 19:00:00,0.0
2025-09-15 20:00:00,0.0
2025-09-15 21:00:00,0.0
2025-09-15 22:00:00,0.0
2025-09-15 23:00:00,0.0
2025-09-16 00:00:00,0.0
2025-09-16 01:00:00,0.0
2025-09-16 02:00:00,0.0
2025-09-16 03:00:00,0.0
2025-09-16 04:00:00,0.0
2025-09-16 05:00:00,0.0
2025-09-16 06:00:00,0.0
2025-09-16 07:00:00,0.04749399999999994
2025-09-16 08:00:00,0.12783999999999998
2025-09-16 09:00:00,0.5197740000000001
2025-09-16 10:00:00,0.565128
2025-09-16 11:00:00,0.41262800000000005
2025-09-16 12:00:00,0.35151799999999994
2025-09-16 13:00:00,0.368764
2025-09-16 14:00:00,0.42909800000000003
2025-09-16 15:00:00,0.295022
2025-09-16 16:00:00,0.137952
2025-09-16 17:00:00,0.027483999999999998
2025-09-16 18:00:00,0.0
2025-09-16 19:00:00,0.0
2025-09-16 20:00:00,0.0
2025-09-16 21:00:00,0.0
2025-09-16 22:00:00,0.0
2025-09-16 23:00:00,0.0
2025-09-17 00:00:00,0.0
2025-09-17 01:00:00,0.0
2025-09-17 02:00:00,0.0
2025-09-17 03:00:00,0.0
2025-09-17 04:00:00,0.0
2025-09-17 05:00:00,0.0
2025-09-17 06:00:00,0.0
2025-09-17 07:00:00,0.25794399999999995
2025-09-17 08:00:00,0.47290399999999994
2025-09-17 09:00:00,0.6485380000000001
2025-09-17 10:00:00,0.722672
2025-09-17 11:00:00,0.7759499999999999
2025-09-17 12:00:00,0.7334200000000001
2025-09-17 13:00:00,0.6519820000000001
2025-09-17 14:00:00,0.49887800000000004
2025-09-17 15:00:00,0.33988399999999996
2025-09-17 16:00:00,0.14517599999999997
2025-09-17 17:00:00,0.03204
2025-09-17 18:00:00,0.0
2025-09-17 19:00:00,0.0
2025-09-17 20:00:00,0.0
2025-09-17 21:00:00,0.0
2025-09-17 22:00:00,0.0
2025-09-17 23:00:00,0.0
2025-09-18 00:00:00,0.0
2025-09-18 01:00:00,0.0
2025-09-18 02:00:00,0.0
2025-09-18 03:00:00,0.0
2025-09-18 04:00:00,0.0
2025-09-18 05:00:00,0.0
2025-09-18 06:00:00,0.0
2025-09-18 07:00:00,0.27699199999999996
2025-09-18 08:00:00,0.5052099999999999
2025-09-18 09:00:00,0.65683
2025-09-18 10:00:00,0.7375139999999999
2025-09-18 11:00:00,0.7777800000000001
2025-09-18 12:00:00,0.7547099999999999
2025-09-18 13:00:00,0.6759539999999999
2025-09-18 14:00:00,0.5410959999999999
2025-09-18 15:00:00,0.362322
2025-09-18 16:00:00,0.16170999999999996
2025-09-18 17:00:00,0.031066
2025-09-18 18:00:00,0.0
2025-09-18 19:00:00,0.0
2025-09-18 20:00:00,0.0
2025-09-18 21:00:00,0.0
2025-09-18 22:00:00,0.0
2025-09-18 23:00:00,0.0
2025-09-19 00:00:00,0.0
2025-09-19 01:00:00,0.0
2025-09-19 02:00:00,0.0
2025-09-19 03:00:00,0.0
2025-09-19 04:00:00,0.0
2025-09-19 05:00:00,0.0
2025-09-19 06:00:00,0.0
2025-09-19 07:00:00,0.26642200000000005
2025-09-19 08:00:00,0.491336
2025-09-19 09:00:00,0.6373279999999999
2025-09-19 10:00:00,0.7228619999999999
2025-09-19 11:00:00,0.7371080000000001
2025-09-19 12:00:00,0.7231979999999998
2025-09-19 13:00:00,0.6066819999999999
2025-09-19 14:00:00,0.519092
2025-09-19 15:00:00,0.368128
2025-09-19 16:00:00,0.164808
2025-09-19 17:00:00,0.04273800000000001
2025-09-19 18:00:00,0.0
2025-09-19 19:00:00,0.0
2025-09-19 20:00:00,0.0
2025-09-19 21:00:00,0.0
2025-09-19 22:00:00,0.0
2025-09-19 23:00:00,0.0
2025-09-20 00:00:00,0.0
2025-09-20 01:00:00,0.0
2025-09-20 02:00:00,0.0
2025-09-20 03:00:00,0.0
2025-09-20 04:00:00,0.0
2025-09-20 05:00:00,0.0
2025-09-20 06:00:00,0.0
2025-09-20 07:00:00,0.230516
2025-09-20 08:00:00,0.499646
2025-09-20 09:00:00,0.55063
2025-09-20 10:00:00,0.734672
2025-09-20 11:00:00,0.7553300000000001
2025-09-20 12:00:00,0.71119
2025-09-20 13:00:00,0.645108
2025-09-20 14:00:00,0.49200199999999994
2025-09-20 15:00:00,0.30420600000000003
2025-09-20 16:00:00,0.14479199999999998
2025-09-20 17:00:00,0.03339599999999994
2025-09-20 18:00:00,0.0
2025-09-20 19:00:00,0.0
2025-09-20 20:00:00,0.0
2025-09-20 21:00:00,0.0
2025-09-20 22:00:00,0.0
2025-09-20 23:00:00,0.0
2025-09-21 00:00:00,0.0
2025-09-21 01:00:00,0.0
2025-09-21 02:00:00,0.0
2025-09-21 03:00:00,0.0
2025-09-21 04:00:00,0.0
2025-09-21 05:00:00,0.0
2025-09-21 06:00:00,0.0
2025-09-21 07:00:00,0.23598
2025-09-21 08:00:00,0.489196
2025-09-21 09:00:00,0.638908
2025-09-21 10:00:00,0.658702
2025-09-21 11:00:00,0.512876
2025-09-21 12:00:00,0.6297759999999999
2025-09-21 13:00:00,0.6276720000000001
2025-09-21 14:00:00,0.452586
2025-09-21 15:00:00,0.28778
2025-09-21 16:00:00,0.14473799999999998
2025-09-21 17:00:00,0.028291999999999994
2025-09-21 18:00:00,0.0
2025-09-21 19:00:00,0.0
2025-09-21 20:00:00,0.0
2025-09-21 21:00:00,0.0
2025-09-21 22:00:00,0.0
2025-09-21 23:00:00,0.0
2025-09-22 00:00:00,0.0
2025-09-22 01:00:00,0.0
2025-09-22 02:00:00,0.0
2025-09-22 03:00:00,0.0
2025-09-22 04:00:00,0.0
2025-09-22 05:00:00,0.0
2025-09-22 06:00:00,0.0
2025-09-22 07:00:00,0.261744
2025-09-22 08:00:00,0.462538
2025-09-22 09:00:00,0.6307639999999999
2025-09-22 10:00:00,0.640176
2025-09-22 11:00:00,0.632062
2025-09-22 12:00:00,0.652908
2025-09-22 13:00:00,0.5647579999999999
2025-09-22 14:00:00,0.4315939999999999
2025-09-22 15:00:00,0.27884400000000004
2025-09-22 16:00:00,0.13284
2025-09-22 17:00:00,0.012334000000000001
2025-09-22 18:00:00,0.0
2025-09-22 19:00:00,0.0
2025-09-22 20:00:00,0.0
2025-09-22 21:00:00,0.0
2025-09-22 22:00:00,0.0
2025-09-22 23:00:00,0.0
2025-09-23 00:00:00,0.0
2025-09-23 01:00:00,0.0
2025-09-23 02:00:00,0.0
2025-09-23 03:00:00,0.0
2025-09-23 04:00:00,0.0
2025-09-23 05:00:00,0.0
2025-09-23 06:00:00,0.0
2025-09-23 07:00:00,0.27237799999999995
2025-09-23 08:00:00,0.47725799999999985
2025-09-23 09:00:00,0.643984
2025-09-23 10:00:00,0.7138580000000001
2025-09-23 11:00:00,0.757318
2025-09-23 12:00:00,0.741008
2025-09-23 13:00:00,0.644254
2025-09-23 14:00:00,0.48049200000000003
2025-09-23 15:00:00,0.27971399999999996
2025-09-23 16:00:00,0.14196799999999996
2025-09-23 17:00:00,0.04545999999999999
2025-09-23 18:00:00,0.0
2025-09-23 19:00:00,0.0
2025-09-23 20:00:00,0.0
2025-09-23 21:00:00,0.0
2025-09-23 22:00:00,0.0
2025-09-23 23:00:00,0.0
2025-09-24 00:00:00,0.0
2025-09-24 01:00:00,0.0
2025-09-24 02:00:00,0.0
2025-09-24 03:00:00,0.0
2025-09-24 04:00:00,0.0
2025-09-24 05:00:00,0.0
2025-09-24 06:00:00,6.6e-05
2025-09-24 07:00:00,0.28870399999999996
2025-09-24 08:00:00,0.515656
2025-09-24 09:00:00,0.6675840000000001
2025-09-24 10:00:00,0.743792
2025-09-24 11:00:00,0.773126
2025-09-24 12:00:00,0.744936
2025-09-24 13:00:00,0.6678580000000001
2025-09-24 14:00:00,0.53878
2025-09-24 15:00:00,0.365416
2025-09-24 16:00:00,0.16155599999999992
2025-09-24 17:00:00,0.017916
2025-09-24 18:00:00,0.0
2025-09-24 19:00:00,0.0
2025-09-24 20:00:00,0.0
2025-09-24 21:00:00,0.0
2025-09-24 22:00:00,0.0
2025-09-24 23:00:00,0.0
2025-09-25 00:00:00,0.0
2025-09-25 01:00:00,0.0
2025-09-25 02:00:00,0.0
2025-09-25 03:00:00,0.0
2025-09-25 04:00:00,0.0
2025-09-25 05:00:00,0.0
2025-09-25 06:00:00,0.000424
2025-09-25 07:00:00,0.27130200000000004
2025-09-25 08:00:00,0.509394
2025-09-25 09:00:00,0.646538
2025-09-25 10:00:00,0.7205760000000001
2025-09-25 11:00:00,0.634366
2025-09-25 12:00:00,0.700714
2025-09-25 13:00:00,0.609534
2025-09-25 14:00:00,0.47194
2025-09-25 15:00:00,0.33736
2025-09-25 16:00:00,0.13288999999999998
2025-09-25 17:00:00,0.01235799999999998
2025-09-25 18:00:00,0.0
2025-09-25 19:00:00,0.0
2025-09-25 20:00:00,0.0
2025-09-25 21:00:00,0.0
2025-09-25 22:00:00,0.0
2025-09-25 23:00:00,0.0
2025-09-26 00:00:00,0.0
2025-09-26 01:00:00,0.0
2025-09-26 02:00:00,0.0
2025-09-26 03:00:00,0.0
2025-09-26 04:00:00,0.0
2025-09-26 05:00:00,0.0
2025-09-26 06:00:00,0.000132
2025-09-26 07:00:00,0.127502
2025-09-26 08:00:00,0.464928
2025-09-26 09:00:00,0.546158
2025-09-26 10:00:00,0.60328
2025-09-26 11:00:00,0.627262
2025-09-26 12:00:00,0.6014079999999999
2025-09-26 13:00:00,0.52959
2025-09-26 14:00:00,0.43736800000000003
2025-09-26 15:00:00,0.21949999999999997
2025-09-26 16:00:00,0.110928
2025-09-26 17:00:00,0.011318000000000002
2025-09-26 18:00:00,0.0
2025-09-26 19:00:00,0.0
2025-09-26 20:00:00,0.0
2025-09-26 21:00:00,0.0
2025-09-26 22:00:00,0.0
2025-09-26 23:00:00,0.0
2025-09-27 00:00:00,0.0
2025-09-27 01:00:00,0.0
2025-09-27 02:00:00,0.0
2025-09-27 03:00:00,0.0
2025-09-27 04:00:00,0.0
2025-09-27 05:00:00,0.0
2025-09-27 06:00:00,0.0005679999999999999
2025-09-27 07:00:00,0.19965000000000002
2025-09-27 08:00:00,0.14259
2025-09-27 09:00:00,0.32847000000000004
2025-09-27 10:00:00,0.445038
2025-09-27 11:00:00,0.452174
2025-09-27 12:00:00,0.35241
2025-09-27 13:00:00,0.2487
2025-09-27 14:00:00,0.18907000000000002
2025-09-27 15:00:00,0.102956
2025-09-27 16:00:00,0.044856
2025-09-27 17:00:00,0.0044659999999999995
2025-09-27 18:00:00,0.0
2025-09-27 19:00:00,0.0
2025-09-27 20:00:00,0.0
2025-09-27 21:00:00,0.0
2025-09-27 22:00:00,0.0
2025-09-27 23:00:00,0.0
2025-09-28 00:00:00,0.0
2025-09-28 01:00:00,0.0
2025-09-28 02:00:00,0.0
2025-09-28 03:00:00,0.0
2025-09-28 04:00:00,0.0
2025-09-28 05:00:00,0.0
2025-09-28 06:00:00,0.0
2025-09-28 07:00:00,0.143248
2025-09-28 08:00:00,0.15023000000000003
2025-09-28 09:00:00,0.272822
2025-09-28 10:00:00,0.369034
2025-09-28 11:00:00,0.36019399999999996
2025-09-28 12:00:00,0.3975740000000001
2025-09-28 13:00:00,0.40989
2025-09-28 14:00:00,0.366896
2025-09-28 15:00:00,0.2942579999999999
2025-09-28 16:00:00,0.137942
2025-09-28 17:00:00,0.02862799999999998
2025-09-28 18:00:00,0.0
2025-09-28 19:00:00,0.0
2025-09-28 20:00:00,0.0
2025-09-28 21:00:00,0.0
2025-09-28 22:00:00,0.0
2025-09-28 23:00:00,0.0
2025-09-29 00:00:00,0.0
2025-09-29 01:00:00,0.0
2025-09-29 02:00:00,0.0
2025-09-29 03:00:00,0.0
2025-09-29 04:00:00,0.0
2025-09-29 05:00:00,0.0
2025-09-29 06:00:00,0.00057199999999998
2025-09-29 07:00:00,0.065576
2025-09-29 08:00:00,0.20119800000000004
2025-09-29 09:00:00,0.245168
2025-09-29 10:00:00,0.42059199999999997
2025-09-29 11:00:00,0.31488799999999995
2025-09-29 12:00:00,0.568662
2025-09-29 13:00:00,0.540256
2025-09-29 14:00:00,0.361364
2025-09-29 15:00:00,0.225736
2025-09-29 16:00:00,0.134576
2025-09-29 17:00:00,0.02767
2025-09-29 18:00:00,0.0
2025-09-29 19:00:00,0.0
2025-09-29 20:00:00,0.0
2025-09-29 21:00:00,0.0
2025-09-29 22:00:00,0.0
2025-09-29 23:00:00,0.0
2025-09-30 00:00:00,0.0
2025-09-30 01:00:00,0.0
2025-09-30 02:00:00,0.0
2025-09-30 03:00:00,0.0
2025-09-30 04:00:00,0.0
2025-09-30 05:00:00,0.0
2025-09-30 06:00:00,0.0015420000000000002
2025-09-30 07:00:00,0.19281199999999998
2025-09-30 08:00:00,0.462774
2025-09-30 09:00:00,0.45333400000000007
2025-09-30 10:00:00,0.49158999999999997
2025-09-30 11:00:00,0.449688
2025-09-30 12:00:00,0.606002
2025-09-30 13:00:00,0.582924
2025-09-30 14:00:00,0.452226
2025-09-30 15:00:00,0.2833939999999999
2025-09-30 16:00:00,0.13302999999999998
2025-09-30 17:00:00,0.02727
2025-09-30 18:00:00,0.0
2025-09-30 19:00:00,0.0
2025-09-30 20:00:00,0.0
2025-09-30 21:00:00,0.0
2025-09-30 22:00:00,0.0
2025-09-30 23:00:00,0.0
2025-10-01 00:00:00,0.0
2025-10-01 01:00:00,0.0
2025-10-01 02:00:00,0.0
2025-10-01 03:00:00,0.0
2025-10-01 04:00:00,0.0
2025-10-01 05:00:00,0.0
2025-10-01 06:00:00,0.0008320000000000001
2025-10-01 07:00:00,0.06817199999999998
2025-10-01 08:00:00,0.21000799999999997
2025-10-01 09:00:00,0.21381799999999998
2025-10-01 10:00:00,0.371008
2025-10-01 11:00:00,0.43331200000000003
2025-10-01 12:00:00,0.33193199999999995
2025-10-01 13:00:00,0.245974
2025-10-01 14:00:00,0.11638199999999999
2025-10-01 15:00:00,0.097292
2025-10-01 16:00:00,0.08410199999999995
2025-10-01 17:00:00,0.009673999999999999
2025-10-01 18:00:00,0.0
2025-10-01 19:00:00,0.0
2025-10-01 20:00:00,0.0
2025-10-01 21:00:00,0.0
2025-10-01 22:00:00,0.0
2025-10-01 23:00:00,0.0
2025-10-02 00:00:00,0.0
2025-10-02 01:00:00,0.0
2025-10-02 02:00:00,0.0
2025-10-02 03:00:00,0.0
2025-10-02 04:00:00,0.0
2025-10-02 05:00:00,0.0
2025-10-02 06:00:00,0.0018280000000000002
2025-10-02 07:00:00,0.130484
2025-10-02 08:00:00,0.2564639999999999
2025-10-02 09:00:00,0.44459
2025-10-02 10:00:00,0.33566
2025-10-02 11:00:00,0.44562999999999997
2025-10-02 12:00:00,0.47641599999999995
2025-10-02 13:00:00,0.5503279999999999
2025-10-02 14:00:00,0.441566
2025-10-02 15:00:00,0.14668600000000004
2025-10-02 16:00:00,0.14434199999999991
2025-10-02 17:00:00,0.007016
2025-10-02 18:00:00,0.0
2025-10-02 19:00:00,0.0
2025-10-02 20:00:00,0.0
2025-10-02 21:00:00,0.0
2025-10-02 22:00:00,0.0
2025-10-02 23:00:00,0.0
2025-10-03 00:00:00,0.0
2025-10-03 01:00:00,0.0
2025-10-03 02:00:00,0.0
2025-10-03 03:00:00,0.0
2025-10-03 04:00:00,0.0
2025-10-03 05:00:00,0.0
2025-10-03 06:00:00,0.00344
2025-10-03 07:00:00,0.16066599999999998
2025-10-03 08:00:00,0.37922199999999995
2025-10-03 09:00:00,0.487138
2025-10-03 10:00:00,0.5859479999999999
2025-10-03 11:00:00,0.6227320000000001
2025-10-03 12:00:00,0.685056
2025-10-03 13:00:00,0.493168
2025-10-03 14:00:00,0.396162
2025-10-03 15:00:00,0.277426
2025-10-03 16:00:00,0.12967399999999998
2025-10-03 17:00:00,0.023998
2025-10-03 18:00:00,0.0
2025-10-03 19:00:00,0.0
2025-10-03 20:00:00,0.0
2025-10-03 21:00:00,0.0
2025-10-03 22:00:00,0.0
2025-10-03 23:00:00,0.0
2025-10-04 00:00:00,0.0
2025-10-04 01:00:00,0.0
2025-10-04 02:00:00,0.0
2025-10-04 03:00:00,0.0
2025-10-04 04:00:00,0.0
2025-10-04 05:00:00,0.0
2025-10-04 06:00:00,0.005752
2025-10-04 07:00:00,0.17942600000000003
2025-10-04 08:00:00,0.37744999999999995
2025-10-04 09:00:00,0.44288399999999994
2025-10-04 10:00:00,0.52705
2025-10-04 11:00:00,0.4778779999999999
2025-10-04 12:00:00,0.558866
2025-10-04 13:00:00,0.500486
2025-10-04 14:00:00,0.241226
2025-10-04 15:00:00,0.13794599999999999
2025-10-04 16:00:00,0.07296
2025-10-04 17:00:00,0.005466
2025-10-04 18:00:00,0.0
2025-10-04 19:00:00,0.0
2025-10-04 20:00:00,0.0
2025-10-04 21:00:00,0.0
2025-10-04 22:00:00,0.0
2025-10-04 23:00:00,0.0
2025-10-05 00:00:00,0.0
2025-10-05 01:00:00,0.0
2025-10-05 02:00:00,0.0
2025-10-05 03:00:00,0.0
2025-10-05 04:00:00,0.0
2025-10-05 05:00:00,0.0
2025-10-05 06:00:00,0.004007999999999999
2025-10-05 07:00:00,0.09647
2025-10-05 08:00:00,0.401732
2025-10-05 09:00:00,0.607904
2025-10-05 10:00:00,0.6560039999999999
2025-10-05 11:00:00,0.705152
2025-10-05 12:00:00,0.6307020000000001
2025-10-05 13:00:00,0.5717519999999999
2025-10-05 14:00:00,0.28596
2025-10-05 15:00:00,0.30667199999999994
2025-10-05 16:00:00,0.07982800000000001
2025-10-05 17:00:00,0.013241999999999999
2025-10-05 18:00:00,0.0
2025-10-05 19:00:00,0.0
2025-10-05 20:00:00,0.0
2025-10-05 21:00:00,0.0
2025-10-05 22:00:00,0.0
2025-10-05 23:00:00,0.0
2025-10-06 00:00:00,0.0
2025-10-06 01:00:00,0.0
2025-10-06 02:00:00,0.0
2025-10-06 03:00:00,0.0
2025-10-06 04:00:00,0.0
2025-10-06 05:00:00,0.0
2025-10-06 06:00:00,0.003882
2025-10-06 07:00:00,0.171844
2025-10-06 08:00:00,0.3876239999999999
2025-10-06 09:00:00,0.2935340000000001
2025-10-06 10:00:00,0.413514
2025-10-06 11:00:00,0.6738620000000001
2025-10-06 12:00:00,0.6263859999999999
2025-10-06 13:00:00,0.587828
2025-10-06 14:00:00,0.46488399999999996
2025-10-06 15:00:00,0.331128
2025-10-06 16:00:00,0.157036
2025-10-06 17:00:00,0.039186
2025-10-06 18:00:00,0.0
2025-10-06 19:00:00,0.0
2025-10-06 20:00:00,0.0
2025-10-06 21:00:00,0.0
2025-10-06 22:00:00,0.0
2025-10-06 23:00:00,0.0
2025-10-07 00:00:00,0.0
2025-10-07 01:00:00,0.0
2025-10-07 02:00:00,0.0
2025-10-07 03:00:00,0.0
2025-10-07 04:00:00,0.0
2025-10-07 05:00:00,0.0
2025-10-07 06:00:00,0.01657399999999998
2025-10-07 07:00:00,0.159916
2025-10-07 08:00:00,0.31776
2025-10-07 09:00:00,0.5124799999999999
2025-10-07 10:00:00,0.49227800000000005
2025-10-07 11:00:00,0.499144
2025-10-07 12:00:00,0.497414
2025-10-07 13:00:00,0.29530199999999995
2025-10-07 14:00:00,0.090988
2025-10-07 15:00:00,0.171088
2025-10-07 16:00:00,0.031216
2025-10-07 17:00:00,0.003216
2025-10-07 18:00:00,0.0
2025-10-07 19:00:00,0.0
2025-10-07 20:00:00,0.0
2025-10-07 21:00:00,0.0
2025-10-07 22:00:00,0.0
2025-10-07 23:00:00,0.0
2025-10-08 00:00:00,0.0
2025-10-08 01:00:00,0.0
2025-10-08 02:00:00,0.0
2025-10-08 03:00:00,0.0
2025-10-08 04:00:00,0.0
2025-10-08 05:00:00,0.0
2025-10-08 06:00:00,0.007340000000000001
2025-10-08 07:00:00,0.09613999999999993
2025-10-08 08:00:00,0.26896399999999987
2025-10-08 09:00:00,0.24963599999999997
2025-10-08 10:00:00,0.5708759999999999
2025-10-08 11:00:00,0.6058960000000001
2025-10-08 12:00:00,0.38933399999999996
2025-10-08 13:00:00,0.47641599999999995
2025-10-08 14:00:00,0.300654
2025-10-08 15:00:00,0.168174
2025-10-08 16:00:00,0.10548600000000001
2025-10-08 17:00:00,0.024329999999999942
2025-10-08 18:00:00,0.0
2025-10-08 19:00:00,0.0
2025-10-08 20:00:00,0.0
2025-10-08 21:00:00,0.0
2025-10-08 22:00:00,0.0
2025-10-08 23:00:00,0.0
2025-10-09 00:00:00,0.0
2025-10-09 01:00:00,0.0
2025-10-09 02:00:00,0.0
2025-10-09 03:00:00,0.0
2025-10-09 04:00:00,0.0
2025-10-09 05:00:00,0.0
2025-10-09 06:00:00,0.021182
2025-10-09 07:00:00,0.10468200000000001
2025-10-09 08:00:00,0.205788
2025-10-09 09:00:00,0.44909800000000005
2025-10-09 10:00:00,0.6216219999999999
2025-10-09 11:00:00,0.6409800000000001
2025-10-09 12:00:00,0.39816599999999996
2025-10-09 13:00:00,0.295846
2025-10-09 14:00:00,0.32068599999999997
2025-10-09 15:00:00,0.2549
2025-10-09 16:00:00,0.08981399999999999
2025-10-09 17:00:00,0.003452
2025-10-09 18:00:00,0.0
2025-10-09 19:00:00,0.0
2025-10-09 20:00:00,0.0
2025-10-09 21:00:00,0.0
2025-10-09 22:00:00,0.0
2025-10-09 23:00:00,0.0
2025-10-10 00:00:00,0.0
2025-10-10 01:00:00,0.0
2025-10-10 02:00:00,0.0
2025-10-10 03:00:00,0.0
2025-10-10 04:00:00,0.0
2025-10-10 05:00:00,0.0
2025-10-10 06:00:00,0.05417799999999997
2025-10-10 07:00:00,0.23217199999999996
2025-10-10 08:00:00,0.37231600000000004
2025-10-10 09:00:00,0.474432
2025-10-10 10:00:00,0.517216
2025-10-10 11:00:00,0.571194
2025-10-10 12:00:00,0.5515220000000001
2025-10-10 13:00:00,0.519398
2025-10-10 14:00:00,0.38842799999999994
2025-10-10 15:00:00,0.25807199999999997
2025-10-10 16:00:00,0.104756
2025-10-10 17:00:00,0.031101999999999998
2025-10-10 18:00:00,0.0
2025-10-10 19:00:00,0.0
2025-10-10 20:00:00,0.0
2025-10-10 21:00:00,0.0
2025-10-10 22:00:00,0.0
2025-10-10 23:00:00,0.0
2025-10-11 00:00:00,0.0
2025-10-11 01:00:00,0.0
2025-10-11 02:00:00,0.0
2025-10-11 03:00:00,0.0
2025-10-11 04:00:00,0.0
2025-10-11 05:00:00,0.0
2025-10-11 06:00:00,0.07638399999999998
2025-10-11 07:00:00,0.26329199999999997
2025-10-11 08:00:00,0.34921199999999997
2025-10-11 09:00:00,0.5971259999999999
2025-10-11 10:00:00,0.653416
2025-10-11 11:00:00,0.62565
2025-10-11 12:00:00,0.6631419999999999
2025-10-11 13:00:00,0.5661959999999999
2025-10-11 14:00:00,0.44200399999999995
2025-10-11 15:00:00,0.29596199999999995
2025-10-11 16:00:00,0.11646799999999997
2025-10-11 17:00:00,0.03606
2025-10-11 18:00:00,0.0
2025-10-11 19:00:00,0.0
2025-10-11 20:00:00,0.0
2025-10-11 21:00:00,0.0
2025-10-11 22:00:00,0.0
2025-10-11 23:00:00,0.0
2025-10-12 00:00:00,0.0
2025-10-12 01:00:00,0.0
2025-10-12 02:00:00,0.0
2025-10-12 03:00:00,0.0
2025-10-12 04:00:00,0.0
2025-10-12 05:00:00,0.0
2025-10-12 06:00:00,0.013354
2025-10-12 07:00:00,0.184086
2025-10-12 08:00:00,0.276174
2025-10-12 09:00:00,0.353422
2025-10-12 10:00:00,0.5349539999999999
2025-10-12 11:00:00,0.568698
2025-10-12 12:00:00,0.440516
2025-10-12 13:00:00,0.3656799999999999
2025-10-12 14:00:00,0.3664720000000001
2025-10-12 15:00:00,0.157362
2025-10-12 16:00:00,0.07227199999999999
2025-10-12 17:00:00,0.013044
2025-10-12 18:00:00,0.0
2025-10-12 19:00:00,0.0
2025-10-12 20:00:00,0.0
2025-10-12 21:00:00,0.0
2025-10-12 22:00:00,0.0
2025-10-12 23:00:00,0.0
2025-10-13 00:00:00,0.0
2025-10-13 01:00:00,0.0
2025-10-13 02:00:00,0.0
2025-10-13 03:00:00,0.0
2025-10-13 04:00:00,0.0
2025-10-13 05:00:00,0.0
2025-10-13 06:00:00,0.022761999999999998
2025-10-13 07:00:00,0.11443399999999997
2025-10-13 08:00:00,0.256678
2025-10-13 09:00:00,0.5318
2025-10-13 10:00:00,0.577204
2025-10-13 11:00:00,0.656386
2025-10-13 12:00:00,0.6016659999999999
2025-10-13 13:00:00,0.536324
2025-10-13 14:00:00,0.4109439999999999
2025-10-13 15:00:00,0.260092
2025-10-13 16:00:00,0.16492399999999996
2025-10-13 17:00:00,0.015745999999999996
2025-10-13 18:00:00,0.0
2025-10-13 19:00:00,0.0
2025-10-13 20:00:00,0.0
2025-10-13 21:00:00,0.0
2025-10-13 22:00:00,0.0
2025-10-13 23:00:00,0.0
2025-10-14 00:00:00,0.0
2025-10-14 01:00:00,0.0
2025-10-14 02:00:00,0.0
2025-10-14 03:00:00,0.0
2025-10-14 04:00:00,0.0
2025-10-14 05:00:00,0.0
2025-10-14 06:00:00,0.05633199999999992
2025-10-14 07:00:00,0.15355199999999997
2025-10-14 08:00:00,0.33917200000000003
2025-10-14 09:00:00,0.33732200000000007
2025-10-14 10:00:00,0.42102399999999995
2025-10-14 11:00:00,0.47468199999999994
2025-10-14 12:00:00,0.57376
2025-10-14 13:00:00,0.4425119999999999
2025-10-14 14:00:00,0.364656
2025-10-14 15:00:00,0.218296
2025-10-14 16:00:00,0.085126
2025-10-14 17:00:00,0.019252000000000002
2025-10-14 18:00:00,0.0
2025-10-14 19:00:00,0.0
2025-10-14 20:00:00,0.0
2025-10-14 21:00:00,0.0
2025-10-14 22:00:00,0.0
2025-10-14 23:00:00,0.0
2025-10-15 00:00:00,0.0
2025-10-15 01:00:00,0.0
2025-10-15 02:00:00,0.0
2025-10-15 03:00:00,0.0
2025-10-15 04:00:00,0.0
2025-10-15 05:00:00,0.0
2025-10-15 06:00:00,0.03826399999999994
2025-10-15 07:00:00,0.22940199999999997
2025-10-15 08:00:00,0.54344
2025-10-15 09:00:00,0.6251579999999999
2025-10-15 10:00:00,0.6986419999999999
2025-10-15 11:00:00,0.6463019999999999
2025-10-15 12:00:00,0.579634
2025-10-15 13:00:00,0.561512
2025-10-15 14:00:00,0.41672000000000003
2025-10-15 15:00:00,0.32060199999999994
2025-10-15 16:00:00,0.10614399999999999
2025-10-15 17:00:00,0.030022
2025-10-15 18:00:00,0.0
2025-10-15 19:00:00,0.0
2025-10-15 20:00:00,0.0
2025-10-15 21:00:00,0.0
2025-10-15 22:00:00,0.0
2025-10-15 23:00:00,0.0
2025-10-16 00:00:00,0.0
2025-10-16 01:00:00,0.0
2025-10-16 02:00:00,0.0
2025-10-16 03:00:00,0.0
2025-10-16 04:00:00,0.0
2025-10-16 05:00:00,0.0
2025-10-16 06:00:00,0.043522
2025-10-16 07:00:00,0.22845400000000002
2025-10-16 08:00:00,0.44528
2025-10-16 09:00:00,0.615502
2025-10-16 10:00:00,0.717066
2025-10-16 11:00:00,0.7594139999999999
2025-10-16 12:00:00,0.647426
2025-10-16 13:00:00,0.542572
2025-10-16 14:00:00,0.40542000000000006
2025-10-16 15:00:00,0.13665399999999997
2025-10-16 16:00:00,0.075182
2025-10-16 17:00:00,0.012156
2025-10-16 18:00:00,0.0
2025-10-16 19:00:00,0.0
2025-10-16 20:00:00,0.0
2025-10-16 21:00:00,0.0
2025-10-16 22:00:00,0.0
2025-10-16 23:00:00,0.0
2025-10-17 00:00:00,0.0
2025-10-17 01:00:00,0.0
2025-10-17 02:00:00,0.0
2025-10-17 03:00:00,0.0
2025-10-17 04:00:00,0.0
2025-10-17 05:00:00,0.0
2025-10-17 06:00:00,0.02182
2025-10-17 07:00:00,0.11979999999999998
2025-10-17 08:00:00,0.25415400000000005
2025-10-17 09:00:00,0.644624
2025-10-17 10:00:00,0.54519
2025-10-17 11:00:00,0.5904739999999999
2025-10-17 12:00:00,0.628368
2025-10-17 13:00:00,0.5660339999999999
2025-10-17 14:00:00,0.461076
2025-10-17 15:00:00,0.196496
2025-10-17 16:00:00,0.05802199999999994
2025-10-17 17:00:00,0.036879999999999996
2025-10-17 18:00:00,0.0
2025-10-17 19:00:00,0.0
2025-10-17 20:00:00,0.0
2025-10-17 21:00:00,0.0
2025-10-17 22:00:00,0.0
2025-10-17 23:00:00,0.0
2025-10-18 00:00:00,0.0
2025-10-18 01:00:00,0.0
2025-10-18 02:00:00,0.0
2025-10-18 03:00:00,0.0
2025-10-18 04:00:00,0.0
2025-10-18 05:00:00,0.0
2025-10-18 06:00:00,0.019459999999999943
2025-10-18 07:00:00,0.27515599999999996
2025-10-18 08:00:00,0.451982
2025-10-18 09:00:00,0.5334199999999999
2025-10-18 10:00:00,0.61101
2025-10-18 11:00:00,0.562662
2025-10-18 12:00:00,0.5430339999999999
2025-10-18 13:00:00,0.483106
2025-10-18 14:00:00,0.303716
2025-10-18 15:00:00,0.18223799999999998
2025-10-18 16:00:00,0.13047399999999992
2025-10-18 17:00:00,0.02932999999999994
2025-10-18 18:00:00,0.0
2025-10-18 19:00:00,0.0
2025-10-18 20:00:00,0.0
2025-10-18 21:00:00,0.0
2025-10-18 22:00:00,0.0
2025-10-18 23:00:00,0.0
2025-10-19 00:00:00,0.0
2025-10-19 01:00:00,0.0
2025-10-19 02:00:00,0.0
2025-10-19 03:00:00,0.0
2025-10-19 04:00:00,0.0
2025-10-19 05:00:00,0.0
2025-10-19 06:00:00,0.08724
2025-10-19 07:00:00,0.22420999999999996
2025-10-19 08:00:00,0.33663
2025-10-19 09:00:00,0.23435
2025-10-19 10:00:00,0.469
2025-10-19 11:00:00,0.437352
2025-10-19 12:00:00,0.451436
2025-10-19 13:00:00,0.395644
2025-10-19 14:00:00,0.291068
2025-10-19 15:00:00,0.18828999999999996
2025-10-19 16:00:00,0.04889399999999998
2025-10-19 17:00:00,0.004305999999999999
2025-10-19 18:00:00,0.0
2025-10-19 19:00:00,0.0
2025-10-19 20:00:00,0.0
2025-10-19 21:00:00,0.0
2025-10-19 22:00:00,0.0
2025-10-19 23:00:00,0.0
2025-10-20 00:00:00,0.0
2025-10-20 01:00:00,0.0
2025-10-20 02:00:00,0.0
2025-10-20 03:00:00,0.0
2025-10-20 04:00:00,0.0
2025-10-20 05:00:00,0.0
2025-10-20 06:00:00,0.06703399999999997
2025-10-20 07:00:00,0.177082
2025-10-20 08:00:00,0.31951999999999997
2025-10-20 09:00:00,0.414694
2025-10-20 10:00:00,0.324968
2025-10-20 11:00:00,0.347276
2025-10-20 12:00:00,0.296
2025-10-20 13:00:00,0.284788
2025-10-20 14:00:00,0.24826800000000002
2025-10-20 15:00:00,0.21338200000000002
2025-10-20 16:00:00,0.13606000000000001
2025-10-20 17:00:00,0.015743999999999956
2025-10-20 18:00:00,0.0
2025-10-20 19:00:00,0.0
2025-10-20 20:00:00,0.0
2025-10-20 21:00:00,0.0
2025-10-20 22:00:00,0.0
2025-10-20 23:00:00,0.0
2025-10-21 00:00:00,0.0
2025-10-21 01:00:00,0.0
2025-10-21 02:00:00,0.0
2025-10-21 03:00:00,0.0
2025-10-21 04:00:00,0.0
2025-10-21 05:00:00,0.0
2025-10-21 06:00:00,0.043414
2025-10-21 07:00:00,0.10479800000000002
2025-10-21 08:00:00,0.31622999999999996
2025-10-21 09:00:00,0.43533399999999994
2025-10-21 10:00:00,0.508582
2025-10-21 11:00:00,0.6193799999999999
2025-10-21 12:00:00,0.553604
2025-10-21 13:00:00,0.561744
2025-10-21 14:00:00,0.406766
2025-10-21 15:00:00,0.3065859999999999
2025-10-21 16:00:00,0.130612
2025-10-21 17:00:00,0.047403999999999995
2025-10-21 18:00:00,0.0
2025-10-21 19:00:00,0.0
2025-10-21 20:00:00,0.0
2025-10-21 21:00:00,0.0
2025-10-21 22:00:00,0.0
2025-10-21 23:00:00,0.0
2025-10-22 00:00:00,0.0
2025-10-22 01:00:00,0.0
2025-10-22 02:00:00,0.0
2025-10-22 03:00:00,0.0
2025-10-22 04:00:00,0.0
2025-10-22 05:00:00,0.0
2025-10-22 06:00:00,0.07023
2025-10-22 07:00:00,0.269586
2025-10-22 08:00:00,0.39017999999999997
2025-10-22 09:00:00,0.5987579999999999
2025-10-22 10:00:00,0.575618
2025-10-22 11:00:00,0.7122339999999999
2025-10-22 12:00:00,0.7332600000000001
2025-10-22 13:00:00,0.661872
2025-10-22 14:00:00,0.5265880000000001
2025-10-22 15:00:00,0.35039600000000004
2025-10-22 16:00:00,0.14648
2025-10-22 17:00:00,0.04814999999999999
2025-10-22 18:00:00,0.0
2025-10-22 19:00:00,0.0
2025-10-22 20:00:00,0.0
2025-10-22 21:00:00,0.0
2025-10-22 22:00:00,0.0
2025-10-22 23:00:00,0.0
2025-10-23 00:00:00,0.0
2025-10-23 01:00:00,0.0
2025-10-23 02:00:00,0.0
2025-10-23 03:00:00,0.0
2025-10-23 04:00:00,0.0
2025-10-23 05:00:00,0.0
2025-10-23 06:00:00,0.11822600000000001
2025-10-23 07:00:00,0.383074
2025-10-23 08:00:00,0.570144
2025-10-23 09:00:00,0.7063240000000001
2025-10-23 10:00:00,0.6531619999999999
2025-10-23 11:00:00,0.686068
2025-10-23 12:00:00,0.713954
2025-10-23 13:00:00,0.6570160000000002
2025-10-23 14:00:00,0.528012
2025-10-23 15:00:00,0.3581359999999999
2025-10-23 16:00:00,0.133156
2025-10-23 17:00:00,0.044268
2025-10-23 18:00:00,0.0
2025-10-23 19:00:00,0.0
2025-10-23 20:00:00,0.0
2025-10-23 21:00:00,0.0
2025-10-23 22:00:00,0.0
2025-10-23 23:00:00,0.0
2025-10-24 00:00:00,0.0
2025-10-24 01:00:00,0.0
2025-10-24 02:00:00,0.0
2025-10-24 03:00:00,0.0
2025-10-24 04:00:00,0.0
2025-10-24 05:00:00,0.0
2025-10-24 06:00:00,0.074928
2025-10-24 07:00:00,0.167688
2025-10-24 08:00:00,0.40526599999999996
2025-10-24 09:00:00,0.49360799999999994
2025-10-24 10:00:00,0.5875799999999999
2025-10-24 11:00:00,0.6140019999999999
2025-10-24 12:00:00,0.5519999999999999
2025-10-24 13:00:00,0.5642379999999999
2025-10-24 14:00:00,0.37186199999999997
2025-10-24 15:00:00,0.21102999999999997
2025-10-24 16:00:00,0.150818
2025-10-24 17:00:00,0.036316
2025-10-24 18:00:00,0.0
2025-10-24 19:00:00,0.0
2025-10-24 20:00:00,0.0
2025-10-24 21:00:00,0.0
2025-10-24 22:00:00,0.0
2025-10-24 23:00:00,0.0
2025-10-25 00:00:00,0.0
2025-10-25 01:00:00,0.0
2025-10-25 02:00:00,0.0
2025-10-25 03:00:00,0.0
2025-10-25 04:00:00,0.0
2025-10-25 05:00:00,0.0
2025-10-25 06:00:00,0.011008
2025-10-25 07:00:00,0.150534
2025-10-25 08:00:00,0.274318
2025-10-25 09:00:00,0.41279199999999994
2025-10-25 10:00:00,0.6775060000000002
2025-10-25 11:00:00,0.5229480000000001
2025-10-25 12:00:00,0.6328000000000001
2025-10-25 13:00:00,0.621904
2025-10-25 14:00:00,0.38487600000000005
2025-10-25 15:00:00,0.264456
2025-10-25 16:00:00,0.14733000000000002
2025-10-25 17:00:00,0.03532
2025-10-25 18:00:00,0.0
2025-10-25 19:00:00,0.0
2025-10-25 20:00:00,0.0
2025-10-25 21:00:00,0.0
2025-10-25 22:00:00,0.0
2025-10-25 23:00:00,0.0
2025-10-26 00:00:00,0.0
2025-10-26 01:00:00,0.0
2025-10-26 02:00:00,0.0
2025-10-26 03:00:00,0.0
2025-10-26 04:00:00,0.0
2025-10-26 05:00:00,0.0
2025-10-26 06:00:00,0.04600999999999998
2025-10-26 07:00:00,0.12866
2025-10-26 08:00:00,0.438054
2025-10-26 09:00:00,0.44855599999999995
2025-10-26 10:00:00,0.531404
2025-10-26 11:00:00,0.559162
2025-10-26 12:00:00,0.5797220000000001
2025-10-26 13:00:00,0.5071439999999999
2025-10-26 14:00:00,0.268336
2025-10-26 15:00:00,0.29713
2025-10-26 16:00:00,0.08518400000000001
2025-10-26 17:00:00,0.02127599999999994
2025-10-26 18:00:00,0.0
2025-10-26 19:00:00,0.0
2025-10-26 20:00:00,0.0
2025-10-26 21:00:00,0.0
2025-10-26 22:00:00,0.0
2025-10-26 23:00:00,0.0
2025-10-27 00:00:00,0.0
2025-10-27 01:00:00,0.0
2025-10-27 02:00:00,0.0
2025-10-27 03:00:00,0.0
2025-10-27 04:00:00,0.0
2025-10-27 05:00:00,0.0
2025-10-27 06:00:00,0.05336599999999998
2025-10-27 07:00:00,0.3076519999999999
2025-10-27 08:00:00,0.3597639999999999
2025-10-27 09:00:00,0.5305639999999999
2025-10-27 10:00:00,0.5444739999999999
2025-10-27 11:00:00,0.462686
2025-10-27 12:00:00,0.49662799999999996
2025-10-27 13:00:00,0.4818840000000001
2025-10-27 14:00:00,0.23494400000000004
2025-10-27 15:00:00,0.219712
2025-10-27 16:00:00,0.12658199999999992
2025-10-27 17:00:00,0.018258
2025-10-27 18:00:00,0.0
2025-10-27 19:00:00,0.0
2025-10-27 20:00:00,0.0
2025-10-27 21:00:00,0.0
2025-10-27 22:00:00,0.0
2025-10-27 23:00:00,0.0
2025-10-28 00:00:00,0.0
2025-10-28 01:00:00,0.0
2025-10-28 02:00:00,0.0
2025-10-28 03:00:00,0.0
2025-10-28 04:00:00,0.0
2025-10-28 05:00:00,0.0
2025-10-28 06:00:00,0.045318
2025-10-28 07:00:00,0.066304
2025-10-28 08:00:00,0.35717599999999994
2025-10-28 09:00:00,0.37938400000000005
2025-10-28 10:00:00,0.26989599999999997
2025-10-28 11:00:00,0.274776
2025-10-28 12:00:00,0.193538
2025-10-28 13:00:00,0.238142
2025-10-28 14:00:00,0.19122399999999998
2025-10-28 15:00:00,0.210602
2025-10-28 16:00:00,0.13983999999999996
2025-10-28 17:00:00,0.00476799999999994
2025-10-28 18:00:00,0.0
2025-10-28 19:00:00,0.0
2025-10-28 20:00:00,0.0
2025-10-28 21:00:00,0.0
2025-10-28 22:00:00,0.0
2025-10-28 23:00:00,0.0
2025-10-29 00:00:00,0.0
2025-10-29 01:00:00,0.0
2025-10-29 02:00:00,0.0
2025-10-29 03:00:00,0.0
2025-10-29 04:00:00,0.0
2025-10-29 05:00:00,0.0
2025-10-29 06:00:00,0.06257
2025-10-29 07:00:00,0.13462599999999988
2025-10-29 08:00:00,0.17140400000000003
2025-10-29 09:00:00,0.34004
2025-10-29 10:00:00,0.445916
2025-10-29 11:00:00,0.37579999999999997
2025-10-29 12:00:00,0.425474
2025-10-29 13:00:00,0.366328
2025-10-29 14:00:00,0.219898
2025-10-29 15:00:00,0.15793
2025-10-29 16:00:00,0.05477599999999998
2025-10-29 17:00:00,0.006252000000000001
2025-10-29 18:00:00,0.0
2025-10-29 19:00:00,0.0
2025-10-29 20:00:00,0.0
2025-10-29 21:00:00,0.0
2025-10-29 22:00:00,0.0
2025-10-29 23:00:00,0.0
2025-10-30 00:00:00,0.0
2025-10-30 01:00:00,0.0
2025-10-30 02:00:00,0.0
2025-10-30 03:00:00,0.0
2025-10-30 04:00:00,0.0
2025-10-30 05:00:00,0.0
2025-10-30 06:00:00,0.031637999999999944
2025-10-30 07:00:00,0.16476200000000002
2025-10-30 08:00:00,0.299
2025-10-30 09:00:00,0.3515019999999999
2025-10-30 10:00:00,0.49065000000000003
2025-10-30 11:00:00,0.629898
2025-10-30 12:00:00,0.603676
2025-10-30 13:00:00,0.61312
2025-10-30 14:00:00,0.49581200000000003
2025-10-30 15:00:00,0.300282
2025-10-30 16:00:00,0.043668
2025-10-30 17:00:00,0.017751999999999997
2025-10-30 18:00:00,0.0
2025-10-30 19:00:00,0.0
2025-10-30 20:00:00,0.0
2025-10-30 21:00:00,0.0
2025-10-30 22:00:00,0.0
2025-10-30 23:00:00,0.0
2025-10-31 00:00:00,0.0
2025-10-31 01:00:00,0.0
2025-10-31 02:00:00,0.0
2025-10-31 03:00:00,0.0
2025-10-31 04:00:00,0.0
2025-10-31 05:00:00,0.0
2025-10-31 06:00:00,0.08213999999999998
2025-10-31 07:00:00,0.11069999999999999
2025-10-31 08:00:00,0.19255599999999995
2025-10-31 09:00:00,0.43699999999999994
2025-10-31 10:00:00,0.4423
2025-10-31 11:00:00,0.5083759999999999
2025-10-31 12:00:00,0.547212
2025-10-31 13:00:00,0.304076
2025-10-31 14:00:00,0.23709799999999998
2025-10-31 15:00:00,0.044941999999999996
2025-10-31 16:00:00,0.06268999999999998
2025-10-31 17:00:00,0.019880000000000002
2025-10-31 18:00:00,0.0
2025-10-31 19:00:00,0.0
2025-10-31 20:00:00,0.0
2025-10-31 21:00:00,0.0
2025-10-31 22:00:00,0.0
2025-10-31 23:00:00,0.0
2025-11-01 00:00:00,0.0
2025-11-01 01:00:00,0.0
2025-11-01 02:00:00,0.0
2025-11-01 03:00:00,0.0
2025-11-01 04:00:00,0.0
2025-11-01 05:00:00,0.0
2025-11-01 06:00:00,0.025942000000000003
2025-11-01 07:00:00,0.074236
2025-11-01 08:00:00,0.18376599999999998
2025-11-01 09:00:00,0.31621
2025-11-01 10:00:00,0.36498400000000003
2025-11-01 11:00:00,0.431168
2025-11-01 12:00:00,0.353422
2025-11-01 13:00:00,0.47617200000000004
2025-11-01 14:00:00,0.32866
2025-11-01 15:00:00,0.24514399999999997
2025-11-01 16:00:00,0.10607799999999998
2025-11-01 17:00:00,0.04134999999999998
2025-11-01 18:00:00,0.0
2025-11-01 19:00:00,0.0
2025-11-01 20:00:00,0.0
2025-11-01 21:00:00,0.0
2025-11-01 22:00:00,0.0
2025-11-01 23:00:00,0.0
2025-11-02 00:00:00,0.0
2025-11-02 01:00:00,0.0
2025-11-02 02:00:00,0.0
2025-11-02 03:00:00,0.0
2025-11-02 04:00:00,0.0
2025-11-02 05:00:00,0.0
2025-11-02 06:00:00,0.03266199999999998
2025-11-02 07:00:00,0.17111400000000004
2025-11-02 08:00:00,0.259614
2025-11-02 09:00:00,0.5053759999999999
2025-11-02 10:00:00,0.531964
2025-11-02 11:00:00,0.6899879999999999
2025-11-02 12:00:00,0.49880199999999997
2025-11-02 13:00:00,0.5101
2025-11-02 14:00:00,0.256362
2025-11-02 15:00:00,0.270214
2025-11-02 16:00:00,0.138134
2025-11-02 17:00:00,0.05156199999999992
2025-11-02 18:00:00,0.0
2025-11-02 19:00:00,0.0
2025-11-02 20:00:00,0.0
2025-11-02 21:00:00,0.0
2025-11-02 22:00:00,0.0
2025-11-02 23:00:00,0.0
2025-11-03 00:00:00,0.0
2025-11-03 01:00:00,0.0
2025-11-03 02:00:00,0.0
2025-11-03 03:00:00,0.0
2025-11-03 04:00:00,0.0
2025-11-03 05:00:00,0.0
2025-11-03 06:00:00,0.06575799999999994
2025-11-03 07:00:00,0.21616200000000002
2025-11-03 08:00:00,0.288938
2025-11-03 09:00:00,0.37576400000000004
2025-11-03 10:00:00,0.37562400000000007
2025-11-03 11:00:00,0.43347600000000003
2025-11-03 12:00:00,0.554462
2025-11-03 13:00:00,0.597616
2025-11-03 14:00:00,0.362782
2025-11-03 15:00:00,0.227534
2025-11-03 16:00:00,0.15204999999999996
2025-11-03 17:00:00,0.01492
2025-11-03 18:00:00,0.0
2025-11-03 19:00:00,0.0
2025-11-03 20:00:00,0.0
2025-11-03 21:00:00,0.0
2025-11-03 22:00:00,0.0
2025-11-03 23:00:00,0.0
2025-11-04 00:00:00,0.0
2025-11-04 01:00:00,0.0
2025-11-04 02:00:00,0.0
2025-11-04 03:00:00,0.0
2025-11-04 04:00:00,0.0
2025-11-04 05:00:00,0.0
2025-11-04 06:00:00,0.13253399999999999
2025-11-04 07:00:00,0.14676999999999998
2025-11-04 08:00:00,0.25152800000000003
2025-11-04 09:00:00,0.335964
2025-11-04 10:00:00,0.522644
2025-11-04 11:00:00,0.5431699999999999
2025-11-04 12:00:00,0.71321
2025-11-04 13:00:00,0.47077600000000003
2025-11-04 14:00:00,0.34802800000000006
2025-11-04 15:00:00,0.35577
2025-11-04 16:00:00,0.15716000000000002
2025-11-04 17:00:00,0.05948199999999999
2025-11-04 18:00:00,0.0
2025-11-04 19:00:00,0.0
2025-11-04 20:00:00,0.0
2025-11-04 21:00:00,0.0
2025-11-04 22:00:00,0.0
2025-11-04 23:00:00,0.0
2025-11-05 00:00:00,0.0
2025-11-05 01:00:00,0.0
2025-11-05 02:00:00,0.0
2025-11-05 03:00:00,0.0
2025-11-05 04:00:00,0.0
2025-11-05 05:00:00,0.0
2025-11-05 06:00:00,0.136536
2025-11-05 07:00:00,0.381954
2025-11-05 08:00:00,0.594276
2025-11-05 09:00:00,0.7233740000000001
2025-11-05 10:00:00,0.7879059999999999
2025-11-05 11:00:00,0.814968
2025-11-05 12:00:00,0.7795460000000001
2025-11-05 13:00:00,0.702842
2025-11-05 14:00:00,0.54898
2025-11-05 15:00:00,0.339748
2025-11-05 16:00:00,0.13843799999999998
2025-11-05 17:00:00,0.047411999999999996
2025-11-05 18:00:00,0.0
2025-11-05 19:00:00,0.0
2025-11-05 20:00:00,0.0
2025-11-05 21:00:00,0.0
2025-11-05 22:00:00,0.0
2025-11-05 23:00:00,0.0
2025-11-06 00:00:00,0.0
2025-11-06 01:00:00,0.0
2025-11-06 02:00:00,0.0
2025-11-06 03:00:00,0.0
2025-11-06 04:00:00,0.0
2025-11-06 05:00:00,0.0
2025-11-06 06:00:00,0.14494400000000002
2025-11-06 07:00:00,0.3736759999999999
2025-11-06 08:00:00,0.5123759999999999
2025-11-06 09:00:00,0.698506
2025-11-06 10:00:00,0.6913259999999999
2025-11-06 11:00:00,0.757458
2025-11-06 12:00:00,0.7412360000000001
2025-11-06 13:00:00,0.6790560000000001
2025-11-06 14:00:00,0.5453820000000001
2025-11-06 15:00:00,0.324674
2025-11-06 16:00:00,0.115626
2025-11-06 17:00:00,0.053345999999999935
2025-11-06 18:00:00,0.0
2025-11-06 19:00:00,0.0
2025-11-06 20:00:00,0.0
2025-11-06 21:00:00,0.0
2025-11-06 22:00:00,0.0
2025-11-06 23:00:00,0.0
2025-11-07 00:00:00,0.0
2025-11-07 01:00:00,0.0
2025-11-07 02:00:00,0.0
2025-11-07 03:00:00,0.0
2025-11-07 04:00:00,0.0
2025-11-07 05:00:00,0.0
2025-11-07 06:00:00,0.12404599999999996
2025-11-07 07:00:00,0.341742
2025-11-07 08:00:00,0.47927200000000003
2025-11-07 09:00:00,0.61448
2025-11-07 10:00:00,0.6475679999999999
2025-11-07 11:00:00,0.7029439999999999
2025-11-07 12:00:00,0.692324
2025-11-07 13:00:00,0.60429
2025-11-07 14:00:00,0.4711499999999999
2025-11-07 15:00:00,0.296858
2025-11-07 16:00:00,0.15687399999999996
2025-11-07 17:00:00,0.06414399999999999
2025-11-07 18:00:00,0.0
2025-11-07 19:00:00,0.0
2025-11-07 20:00:00,0.0
2025-11-07 21:00:00,0.0
2025-11-07 22:00:00,0.0
2025-11-07 23:00:00,0.0
2025-11-08 00:00:00,0.0
2025-11-08 01:00:00,0.0
2025-11-08 02:00:00,0.0
2025-11-08 03:00:00,0.0
2025-11-08 04:00:00,0.0
2025-11-08 05:00:00,0.0
2025-11-08 06:00:00,0.12395400000000001
2025-11-08 07:00:00,0.317896
2025-11-08 08:00:00,0.470076
2025-11-08 09:00:00,0.570096
2025-11-08 10:00:00,0.6923940000000001
2025-11-08 11:00:00,0.695684
2025-11-08 12:00:00,0.7136420000000001
2025-11-08 13:00:00,0.611012
2025-11-08 14:00:00,0.418732
2025-11-08 15:00:00,0.24515399999999996
2025-11-08 16:00:00,0.122828
2025-11-08 17:00:00,0.030431999999999997
2025-11-08 18:00:00,0.0
2025-11-08 19:00:00,0.0
2025-11-08 20:00:00,0.0
2025-11-08 21:00:00,0.0
2025-11-08 22:00:00,0.0
2025-11-08 23:00:00,0.0
2025-11-09 00:00:00,0.0
2025-11-09 01:00:00,0.0
2025-11-09 02:00:00,0.0
2025-11-09 03:00:00,0.0
2025-11-09 04:00:00,0.0
2025-11-09 05:00:00,0.0
2025-11-09 06:00:00,0.124654
2025-11-09 07:00:00,0.31076399999999993
2025-11-09 08:00:00,0.46190999999999993
2025-11-09 09:00:00,0.5409019999999999
2025-11-09 10:00:00,0.59297
2025-11-09 11:00:00,0.6475980000000001
2025-11-09 12:00:00,0.5925539999999999
2025-11-09 13:00:00,0.544618
2025-11-09 14:00:00,0.361712
2025-11-09 15:00:00,0.28543399999999997
2025-11-09 16:00:00,0.145056
2025-11-09 17:00:00,0.03211
2025-11-09 18:00:00,0.0
2025-11-09 19:00:00,0.0
2025-11-09 20:00:00,0.0
2025-11-09 21:00:00,0.0
2025-11-09 22:00:00,0.0
2025-11-09 23:00:00,0.0
2025-11-10 00:00:00,0.0
2025-11-10 01:00:00,0.0
2025-11-10 02:00:00,0.0
2025-11-10 03:00:00,0.0
2025-11-10 04:00:00,0.0
2025-11-10 05:00:00,0.0
2025-11-10 06:00:00,0.057662000000000005
2025-11-10 07:00:00,0.32905400000000007
2025-11-10 08:00:00,0.514316
2025-11-10 09:00:00,0.59825
2025-11-10 10:00:00,0.6056139999999999
2025-11-10 11:00:00,0.671116
2025-11-10 12:00:00,0.686462
2025-11-10 13:00:00,0.610824
2025-11-10 14:00:00,0.42931400000000003
2025-11-10 15:00:00,0.34057200000000004
2025-11-10 16:00:00,0.16486799999999996
2025-11-10 17:00:00,0.05275799999999994
2025-11-10 18:00:00,0.0
2025-11-10 19:00:00,0.0
2025-11-10 20:00:00,0.0
2025-11-10 21:00:00,0.0
2025-11-10 22:00:00,0.0
2025-11-10 23:00:00,0.0
2025-11-11 00:00:00,0.0
2025-11-11 01:00:00,0.0
2025-11-11 02:00:00,0.0
2025-11-11 03:00:00,0.0
2025-11-11 04:00:00,0.0
2025-11-11 05:00:00,0.0
2025-11-11 06:00:00,0.111608
2025-11-11 07:00:00,0.3009559999999999
2025-11-11 08:00:00,0.439126
2025-11-11 09:00:00,0.554006
2025-11-11 10:00:00,0.613864
2025-11-11 11:00:00,0.6063600000000001
2025-11-11 12:00:00,0.563142
2025-11-11 13:00:00,0.49565399999999993
2025-11-11 14:00:00,0.38226400000000005
2025-11-11 15:00:00,0.24580200000000002
2025-11-11 16:00:00,0.09659999999999999
2025-11-11 17:00:00,0.042198
2025-11-11 18:00:00,0.0
2025-11-11 19:00:00,0.0
2025-11-11 20:00:00,0.0
2025-11-11 21:00:00,0.0
2025-11-11 22:00:00,0.0
2025-11-11 23:00:00,0.0
2025-11-12 00:00:00,0.0
2025-11-12 01:00:00,0.0
2025-11-12 02:00:00,0.0
2025-11-12 03:00:00,0.0
2025-11-12 04:00:00,0.0
2025-11-12 05:00:00,0.0
2025-11-12 06:00:00,0.09965199999999994
2025-11-12 07:00:00,0.30896599999999996
2025-11-12 08:00:00,0.477128
2025-11-12 09:00:00,0.5496559999999999
2025-11-12 10:00:00,0.640108
2025-11-12 11:00:00,0.6613020000000001
2025-11-12 12:00:00,0.644534
2025-11-12 13:00:00,0.585796
2025-11-12 14:00:00,0.47354399999999996
2025-11-12 15:00:00,0.324872
2025-11-12 16:00:00,0.152364
2025-11-12 17:00:00,0.06503600000000001
2025-11-12 18:00:00,0.0
2025-11-12 19:00:00,0.0
2025-11-12 20:00:00,0.0
2025-11-12 21:00:00,0.0
2025-11-12 22:00:00,0.0
2025-11-12 23:00:00,0.0
2025-11-13 00:00:00,0.0
2025-11-13 01:00:00,0.0
2025-11-13 02:00:00,0.0
2025-11-13 03:00:00,0.0
2025-11-13 04:00:00,0.0
2025-11-13 05:00:00,0.0
2025-11-13 06:00:00,0.144268
2025-11-13 07:00:00,0.33871599999999996
2025-11-13 08:00:00,0.543344
2025-11-13 09:00:00,0.6793579999999999
2025-11-13 10:00:00,0.714196
2025-11-13 11:00:00,0.7443899999999999
2025-11-13 12:00:00,0.709046
2025-11-13 13:00:00,0.6296260000000001
2025-11-13 14:00:00,0.5159940000000001
2025-11-13 15:00:00,0.34542
2025-11-13 16:00:00,0.15781
2025-11-13 17:00:00,0.05612
2025-11-13 18:00:00,0.0
2025-11-13 19:00:00,0.0
2025-11-13 20:00:00,0.0
2025-11-13 21:00:00,0.0
2025-11-13 22:00:00,0.0
2025-11-13 23:00:00,0.0
2025-11-14 00:00:00,0.0
2025-11-14 01:00:00,0.0
2025-11-14 02:00:00,0.0
2025-11-14 03:00:00,0.0
2025-11-14 04:00:00,0.0
2025-11-14 05:00:00,0.0
2025-11-14 06:00:00,0.116582
2025-11-14 07:00:00,0.306308
2025-11-14 08:00:00,0.451098
2025-11-14 09:00:00,0.602732
2025-11-14 10:00:00,0.706774
2025-11-14 11:00:00,0.7171019999999999
2025-11-14 12:00:00,0.6309859999999999
2025-11-14 13:00:00,0.5068340000000001
2025-11-14 14:00:00,0.44531399999999993
2025-11-14 15:00:00,0.312818
2025-11-14 16:00:00,0.1189
2025-11-14 17:00:00,0.031937999999999994
2025-11-14 18:00:00,0.0
2025-11-14 19:00:00,0.0
2025-11-14 20:00:00,0.0
2025-11-14 21:00:00,0.0
2025-11-14 22:00:00,0.0
2025-11-14 23:00:00,0.0
2025-11-15 00:00:00,0.0
2025-11-15 01:00:00,0.0
2025-11-15 02:00:00,0.0
2025-11-15 03:00:00,0.0
2025-11-15 04:00:00,0.0
2025-11-15 05:00:00,0.0
2025-11-15 06:00:00,0.123188
2025-11-15 07:00:00,0.301918
2025-11-15 08:00:00,0.48441
2025-11-15 09:00:00,0.6250499999999999
2025-11-15 10:00:00,0.64829
2025-11-15 11:00:00,0.6516740000000001
2025-11-15 12:00:00,0.6836300000000002
2025-11-15 13:00:00,0.480506
2025-11-15 14:00:00,0.4148199999999999
2025-11-15 15:00:00,0.32930400000000004
2025-11-15 16:00:00,0.13404200000000002
2025-11-15 17:00:00,0.014904
2025-11-15 18:00:00,0.0
2025-11-15 19:00:00,0.0
2025-11-15 20:00:00,0.0
2025-11-15 21:00:00,0.0
2025-11-15 22:00:00,0.0
2025-11-15 23:00:00,0.0
2025-11-16 00:00:00,0.0
2025-11-16 01:00:00,0.0
2025-11-16 02:00:00,0.0
2025-11-16 03:00:00,0.0
2025-11-16 04:00:00,0.0
2025-11-16 05:00:00,0.0
2025-11-16 06:00:00,0.04592
2025-11-16 07:00:00,0.28056000000000003
2025-11-16 08:00:00,0.4765719999999999
2025-11-16 09:00:00,0.5740479999999999
2025-11-16 10:00:00,0.6812479999999999
2025-11-16 11:00:00,0.7141379999999999
2025-11-16 12:00:00,0.5400539999999999
2025-11-16 13:00:00,0.543182
2025-11-16 14:00:00,0.39959
2025-11-16 15:00:00,0.25434799999999996
2025-11-16 16:00:00,0.10700399999999999
2025-11-16 17:00:00,0.025608000000000002
2025-11-16 18:00:00,0.0
2025-11-16 19:00:00,0.0
2025-11-16 20:00:00,0.0
2025-11-16 21:00:00,0.0
2025-11-16 22:00:00,0.0
2025-11-16 23:00:00,0.0
2025-11-17 00:00:00,0.0
2025-11-17 01:00:00,0.0
2025-11-17 02:00:00,0.0
2025-11-17 03:00:00,0.0
2025-11-17 04:00:00,0.0
2025-11-17 05:00:00,0.0
2025-11-17 06:00:00,0.081374
2025-11-17 07:00:00,0.243756
2025-11-17 08:00:00,0.5106919999999999
2025-11-17 09:00:00,0.6420520000000001
2025-11-17 10:00:00,0.7145699999999999
2025-11-17 11:00:00,0.6408780000000001
2025-11-17 12:00:00,0.7014099999999999
2025-11-17 13:00:00,0.626464
2025-11-17 14:00:00,0.48999999999999994
2025-11-17 15:00:00,0.345738
2025-11-17 16:00:00,0.08426799999999998
2025-11-17 17:00:00,0.026117999999999995
2025-11-17 18:00:00,0.0011519999999999799
2025-11-17 19:00:00,0.0
2025-11-17 20:00:00,0.0
2025-11-17 21:00:00,0.0
2025-11-17 22:00:00,0.0
2025-11-17 23:00:00,0.0
2025-11-18 00:00:00,0.0
2025-11-18 01:00:00,0.0
2025-11-18 02:00:00,0.0
2025-11-18 03:00:00,0.0
2025-11-18 04:00:00,0.0
2025-11-18 05:00:00,0.0
2025-11-18 06:00:00,0.11297799999999998
2025-11-18 07:00:00,0.30971
2025-11-18 08:00:00,0.44257
2025-11-18 09:00:00,0.561418
2025-11-18 10:00:00,0.5771819999999999
2025-11-18 11:00:00,0.566098
2025-11-18 12:00:00,0.580338
2025-11-18 13:00:00,0.5201
2025-11-18 14:00:00,0.37612999999999996
2025-11-18 15:00:00,0.17288199999999998
2025-11-18 16:00:00,0.056833999999999996
2025-11-18 17:00:00,0.029123999999999994
2025-11-18 18:00:00,0.0
2025-11-18 19:00:00,0.0
2025-11-18 20:00:00,0.0
2025-11-18 21:00:00,0.0
2025-11-18 22:00:00,0.0
2025-11-18 23:00:00,0.0
2025-11-19 00:00:00,0.0
2025-11-19 01:00:00,0.0
2025-11-19 02:00:00,0.0
2025-11-19 03:00:00,0.0
2025-11-19 04:00:00,0.0
2025-11-19 05:00:00,0.0
2025-11-19 06:00:00,0.09284999999999999
2025-11-19 07:00:00,0.131742
2025-11-19 08:00:00,0.22579600000000002
2025-11-19 09:00:00,0.28818200000000005
2025-11-19 10:00:00,0.38603200000000004
2025-11-19 11:00:00,0.44599399999999995
2025-11-19 12:00:00,0.538586
2025-11-19 13:00:00,0.428404
2025-11-19 14:00:00,0.26658
2025-11-19 15:00:00,0.10233600000000001
2025-11-19 16:00:00,0.04868399999999999
2025-11-19 17:00:00,0.023329999999999997
2025-11-19 18:00:00,0.0
2025-11-19 19:00:00,0.0
2025-11-19 20:00:00,0.0
2025-11-19 21:00:00,0.0
2025-11-19 22:00:00,0.0
2025-11-19 23:00:00,0.0
2025-11-20 00:00:00,0.0
2025-11-20 01:00:00,0.0
2025-11-20 02:00:00,0.0
2025-11-20 03:00:00,0.0
2025-11-20 04:00:00,0.0
2025-11-20 05:00:00,0.0
2025-11-20 06:00:00,0.07655799999999999
2025-11-20 07:00:00,0.290388
2025-11-20 08:00:00,0.5343419999999999
2025-11-20 09:00:00,0.6189600000000001
2025-11-20 10:00:00,0.678088
2025-11-20 11:00:00,0.679744
2025-11-20 12:00:00,0.5252920000000001
2025-11-20 13:00:00,0.46561
2025-11-20 14:00:00,0.244002
2025-11-20 15:00:00,0.13977600000000004
2025-11-20 16:00:00,0.074798
2025-11-20 17:00:00,0.018575999999999995
2025-11-20 18:00:00,0.001306
2025-11-20 19:00:00,0.0
2025-11-20 20:00:00,0.0
2025-11-20 21:00:00,0.0
2025-11-20 22:00:00,0.0
2025-11-20 23:00:00,0.0
2025-11-21 00:00:00,0.0
2025-11-21 01:00:00,0.0
2025-11-21 02:00:00,0.0
2025-11-21 03:00:00,0.0
2025-11-21 04:00:00,0.0
2025-11-21 05:00:00,0.0
2025-11-21 06:00:00,0.097018
2025-11-21 07:00:00,0.20389399999999996
2025-11-21 08:00:00,0.3697579999999999
2025-11-21 09:00:00,0.37652399999999997
2025-11-21 10:00:00,0.43105600000000005
2025-11-21 11:00:00,0.6389020000000001
2025-11-21 12:00:00,0.6903940000000001
2025-11-21 13:00:00,0.6037960000000001
2025-11-21 14:00:00,0.503756
2025-11-21 15:00:00,0.317782
2025-11-21 16:00:00,0.1619639999999999
2025-11-21 17:00:00,0.048187999999999974
2025-11-21 18:00:00,0.00793399999999992
2025-11-21 19:00:00,0.0
2025-11-21 20:00:00,0.0
2025-11-21 21:00:00,0.0
2025-11-21 22:00:00,0.0
2025-11-21 23:00:00,0.0
2025-11-22 00:00:00,0.0
2025-11-22 01:00:00,0.0
2025-11-22 02:00:00,0.0
2025-11-22 03:00:00,0.0
2025-11-22 04:00:00,0.0
2025-11-22 05:00:00,0.0
2025-11-22 06:00:00,0.039784
2025-11-22 07:00:00,0.12100399999999997
2025-11-22 08:00:00,0.438638
2025-11-22 09:00:00,0.4853140000000001
2025-11-22 10:00:00,0.353028
2025-11-22 11:00:00,0.6829560000000001
2025-11-22 12:00:00,0.6636320000000001
2025-11-22 13:00:00,0.6386080000000001
2025-11-22 14:00:00,0.514954
2025-11-22 15:00:00,0.34922
2025-11-22 16:00:00,0.157456
2025-11-22 17:00:00,0.0267
2025-11-22 18:00:00,0.00513
2025-11-22 19:00:00,0.0
2025-11-22 20:00:00,0.0
2025-11-22 21:00:00,0.0
2025-11-22 22:00:00,0.0
2025-11-22 23:00:00,0.0
2025-11-23 00:00:00,0.0
2025-11-23 01:00:00,0.0
2025-11-23 02:00:00,0.0
2025-11-23 03:00:00,0.0
2025-11-23 04:00:00,0.0
2025-11-23 05:00:00,0.0
2025-11-23 06:00:00,0.068176
2025-11-23 07:00:00,0.27648
2025-11-23 08:00:00,0.380798
2025-11-23 09:00:00,0.45536999999999994
2025-11-23 10:00:00,0.43512400000000007
2025-11-23 11:00:00,0.42871399999999993
2025-11-23 12:00:00,0.568494
2025-11-23 13:00:00,0.5069619999999999
2025-11-23 14:00:00,0.30609000000000003
2025-11-23 15:00:00,0.262474
2025-11-23 16:00:00,0.11760400000000001
2025-11-23 17:00:00,0.03694399999999998
2025-11-23 18:00:00,0.000534
2025-11-23 19:00:00,0.0
2025-11-23 20:00:00,0.0
2025-11-23 21:00:00,0.0
2025-11-23 22:00:00,0.0
2025-11-23 23:00:00,0.0
2025-11-24 00:00:00,0.0
2025-11-24 01:00:00,0.0
2025-11-24 02:00:00,0.0
2025-11-24 03:00:00,0.0
2025-11-24 04:00:00,0.0
2025-11-24 05:00:00,0.0
2025-11-24 06:00:00,0.037308
2025-11-24 07:00:00,0.11329199999999999
2025-11-24 08:00:00,0.27651
2025-11-24 09:00:00,0.347576
2025-11-24 10:00:00,0.41697000000000006
2025-11-24 11:00:00,0.334642
2025-11-24 12:00:00,0.580326
2025-11-24 13:00:00,0.5864260000000001
2025-11-24 14:00:00,0.534264
2025-11-24 15:00:00,0.21394600000000003
2025-11-24 16:00:00,0.17925
2025-11-24 17:00:00,0.016810000000000002
2025-11-24 18:00:00,0.00076
2025-11-24 19:00:00,0.0
2025-11-24 20:00:00,0.0
2025-11-24 21:00:00,0.0
2025-11-24 22:00:00,0.0
2025-11-24 23:00:00,0.0
2025-11-25 00:00:00,0.0
2025-11-25 01:00:00,0.0
2025-11-25 02:00:00,0.0
2025-11-25 03:00:00,0.0
2025-11-25 04:00:00,0.0
2025-11-25 05:00:00,0.0
2025-11-25 06:00:00,0.06581600000000001
2025-11-25 07:00:00,0.30804400000000004
2025-11-25 08:00:00,0.339872
2025-11-25 09:00:00,0.3937359999999999
2025-11-25 10:00:00,0.550988
2025-11-25 11:00:00,0.547828
2025-11-25 12:00:00,0.535438
2025-11-25 13:00:00,0.303454
2025-11-25 14:00:00,0.16136600000000004
2025-11-25 15:00:00,0.09150399999999995
2025-11-25 16:00:00,0.142982
2025-11-25 17:00:00,0.016784
2025-11-25 18:00:00,0.00463199999999994
2025-11-25 19:00:00,0.0
2025-11-25 20:00:00,0.0
2025-11-25 21:00:00,0.0
2025-11-25 22:00:00,0.0
2025-11-25 23:00:00,0.0
2025-11-26 00:00:00,0.0
2025-11-26 01:00:00,0.0
2025-11-26 02:00:00,0.0
2025-11-26 03:00:00,0.0
2025-11-26 04:00:00,0.0
2025-11-26 05:00:00,0.0
2025-11-26 06:00:00,0.025207999999999998
2025-11-26 07:00:00,0.101
2025-11-26 08:00:00,0.25481999999999994
2025-11-26 09:00:00,0.38772
2025-11-26 10:00:00,0.428224
2025-11-26 11:00:00,0.44817
2025-11-26 12:00:00,0.478776
2025-11-26 13:00:00,0.458686
2025-11-26 14:00:00,0.315608
2025-11-26 15:00:00,0.16848
2025-11-26 16:00:00,0.133368
2025-11-26 17:00:00,0.008746
2025-11-26 18:00:00,0.0
2025-11-26 19:00:00,0.0
2025-11-26 20:00:00,0.0
2025-11-26 21:00:00,0.0
2025-11-26 22:00:00,0.0
2025-11-26 23:00:00,0.0
2025-11-27 00:00:00,0.0
2025-11-27 01:00:00,0.0
2025-11-27 02:00:00,0.0
2025-11-27 03:00:00,0.0
2025-11-27 04:00:00,0.0
2025-11-27 05:00:00,0.0
2025-11-27 06:00:00,0.056634000000000004
2025-11-27 07:00:00,0.15871
2025-11-27 08:00:00,0.35761199999999993
2025-11-27 09:00:00,0.4153879999999999
2025-11-27 10:00:00,0.488012
2025-11-27 11:00:00,0.514184
2025-11-27 12:00:00,0.576478
2025-11-27 13:00:00,0.48925599999999997
2025-11-27 14:00:00,0.37965600000000005
2025-11-27 15:00:00,0.16305999999999998
2025-11-27 16:00:00,0.07309600000000002
2025-11-27 17:00:00,0.039102000000000005
2025-11-27 18:00:00,0.00417
2025-11-27 19:00:00,0.0
2025-11-27 20:00:00,0.0
2025-11-27 21:00:00,0.0
2025-11-27 22:00:00,0.0
2025-11-27 23:00:00,0.0
2025-11-28 00:00:00,0.0
2025-11-28 01:00:00,0.0
2025-11-28 02:00:00,0.0
2025-11-28 03:00:00,0.0
2025-11-28 04:00:00,0.0
2025-11-28 05:00:00,0.0
2025-11-28 06:00:00,0.10516
2025-11-28 07:00:00,0.294472
2025-11-28 08:00:00,0.42091
2025-11-28 09:00:00,0.6020160000000001
2025-11-28 10:00:00,0.622892
2025-11-28 11:00:00,0.646034
2025-11-28 12:00:00,0.5913379999999999
2025-11-28 13:00:00,0.42345
2025-11-28 14:00:00,0.25134599999999996
2025-11-28 15:00:00,0.12869
2025-11-28 16:00:00,0.13721399999999997
2025-11-28 17:00:00,0.020132
2025-11-28 18:00:00,0.009534
2025-11-28 19:00:00,0.0
2025-11-28 20:00:00,0.0
2025-11-28 21:00:00,0.0
2025-11-28 22:00:00,0.0
2025-11-28 23:00:00,0.0
2025-11-29 00:00:00,0.0
2025-11-29 01:00:00,0.0
2025-11-29 02:00:00,0.0
2025-11-29 03:00:00,0.0
2025-11-29 04:00:00,0.0
2025-11-29 05:00:00,0.0
2025-11-29 06:00:00,0.04297199999999994
2025-11-29 07:00:00,0.243138
2025-11-29 08:00:00,0.27492400000000006
2025-11-29 09:00:00,0.263378
2025-11-29 10:00:00,0.41714399999999996
2025-11-29 11:00:00,0.553466
2025-11-29 12:00:00,0.5418860000000001
2025-11-29 13:00:00,0.28741999999999995
2025-11-29 14:00:00,0.22849199999999992
2025-11-29 15:00:00,0.147292
2025-11-29 16:00:00,0.09586399999999999
2025-11-29 17:00:00,0.018204
2025-11-29 18:00:00,0.0
2025-11-29 19:00:00,0.0
2025-11-29 20:00:00,0.0
2025-11-29 21:00:00,0.0
2025-11-29 22:00:00,0.0
2025-11-29 23:00:00,0.0
2025-11-30 00:00:00,0.0
2025-11-30 01:00:00,0.0
2025-11-30 02:00:00,0.0
2025-11-30 03:00:00,0.0
2025-11-30 04:00:00,0.0
2025-11-30 05:00:00,0.0
2025-11-30 06:00:00,0.050424000000000004
2025-11-30 07:00:00,0.179884
2025-11-30 08:00:00,0.44355199999999995
2025-11-30 09:00:00,0.39280600000000004
2025-11-30 10:00:00,0.561454
2025-11-30 11:00:00,0.596074
2025-11-30 12:00:00,0.552616
2025-11-30 13:00:00,0.46556800000000004
2025-11-30 14:00:00,0.43967600000000007
2025-11-30 15:00:00,0.192482
2025-11-30 16:00:00,0.058182
2025-11-30 17:00:00,0.0097
2025-11-30 18:00:00,0.004488
2025-11-30 19:00:00,0.0
2025-11-30 20:00:00,0.0
2025-11-30 21:00:00,0.0
2025-11-30 22:00:00,0.0
2025-11-30 23:00:00,0.0
2025-12-01 00:00:00,0.0
2025-12-01 01:00:00,0.0
2025-12-01 02:00:00,0.0
2025-12-01 03:00:00,0.0
2025-12-01 04:00:00,0.0
2025-12-01 05:00:00,0.0
2025-12-01 06:00:00,0.09822800000000001
2025-12-01 07:00:00,0.27501999999999993
2025-12-01 08:00:00,0.4577159999999999
2025-12-01 09:00:00,0.570974
2025-12-01 10:00:00,0.5982339999999999
2025-12-01 11:00:00,0.6747219999999999
2025-12-01 12:00:00,0.709328
2025-12-01 13:00:00,0.62398
2025-12-01 14:00:00,0.518354
2025-12-01 15:00:00,0.3508059999999999
2025-12-01 16:00:00,0.129562
2025-12-01 17:00:00,0.069028
2025-12-01 18:00:00,0.0027219999999999996
2025-12-01 19:00:00,0.0
2025-12-01 20:00:00,0.0
2025-12-01 21:00:00,0.0
2025-12-01 22:00:00,0.0
2025-12-01 23:00:00,0.0
2025-12-02 00:00:00,0.0
2025-12-02 01:00:00,0.0
2025-12-02 02:00:00,0.0
2025-12-02 03:00:00,0.0
2025-12-02 04:00:00,0.0
2025-12-02 05:00:00,0.0
2025-12-02 06:00:00,0.110294
2025-12-02 07:00:00,0.33372999999999997
2025-12-02 08:00:00,0.5286159999999999
2025-12-02 09:00:00,0.639332
2025-12-02 10:00:00,0.702094
2025-12-02 11:00:00,0.736764
2025-12-02 12:00:00,0.688814
2025-12-02 13:00:00,0.6200600000000001
2025-12-02 14:00:00,0.51852
2025-12-02 15:00:00,0.35037599999999997
2025-12-02 16:00:00,0.15748
2025-12-02 17:00:00,0.06437
2025-12-02 18:00:00,0.006953999999999941
2025-12-02 19:00:00,0.0
2025-12-02 20:00:00,0.0
2025-12-02 21:00:00,0.0
2025-12-02 22:00:00,0.0
2025-12-02 23:00:00,0.0
2025-12-03 00:00:00,0.0
2025-12-03 01:00:00,0.0
2025-12-03 02:00:00,0.0
2025-12-03 03:00:00,0.0
2025-12-03 04:00:00,0.0
2025-12-03 05:00:00,0.0
2025-12-03 06:00:00,0.11377799999999998
2025-12-03 07:00:00,0.29334399999999994
2025-12-03 08:00:00,0.47248799999999996
2025-12-03 09:00:00,0.55857
2025-12-03 10:00:00,0.624968
2025-12-03 11:00:00,0.684708
2025-12-03 12:00:00,0.6401199999999999
2025-12-03 13:00:00,0.59768
2025-12-03 14:00:00,0.4601640000000001
2025-12-03 15:00:00,0.2997599999999999
2025-12-03 16:00:00,0.12347199999999998
2025-12-03 17:00:00,0.04671
2025-12-03 18:00:00,0.010346
2025-12-03 19:00:00,0.0
2025-12-03 20:00:00,0.0
2025-12-03 21:00:00,0.0
2025-12-03 22:00:00,0.0
2025-12-03 23:00:00,0.0
2025-12-04 00:00:00,0.0
2025-12-04 01:00:00,0.0
2025-12-04 02:00:00,0.0
2025-12-04 03:00:00,0.0
2025-12-04 04:00:00,0.0
2025-12-04 05:00:00,0.0
2025-12-04 06:00:00,0.05908600000000001
2025-12-04 07:00:00,0.16693800000000003
2025-12-04 08:00:00,0.378786
2025-12-04 09:00:00,0.275626
2025-12-04 10:00:00,0.4957540000000001
2025-12-04 11:00:00,0.504316
2025-12-04 12:00:00,0.5089239999999999
2025-12-04 13:00:00,0.554492
2025-12-04 14:00:00,0.45084599999999997
2025-12-04 15:00:00,0.3123679999999999
2025-12-04 16:00:00,0.1094899999999999
2025-12-04 17:00:00,0.019069999999999997
2025-12-04 18:00:00,0.0
2025-12-04 19:00:00,0.0
2025-12-04 20:00:00,0.0
2025-12-04 21:00:00,0.0
2025-12-04 22:00:00,0.0
2025-12-04 23:00:00,0.0
2025-12-05 00:00:00,0.0
2025-12-05 01:00:00,0.0
2025-12-05 02:00:00,0.0
2025-12-05 03:00:00,0.0
2025-12-05 04:00:00,0.0
2025-12-05 05:00:00,0.0
2025-12-05 06:00:00,0.09274199999999999
2025-12-05 07:00:00,0.25068
2025-12-05 08:00:00,0.39669599999999994
2025-12-05 09:00:00,0.5064879999999998
2025-12-05 10:00:00,0.50071
2025-12-05 11:00:00,0.570116
2025-12-05 12:00:00,0.5174579999999999
2025-12-05 13:00:00,0.514902
2025-12-05 14:00:00,0.43034
2025-12-05 15:00:00,0.30430399999999996
2025-12-05 16:00:00,0.149138
2025-12-05 17:00:00,0.047371999999999984
2025-12-05 18:00:00,0.013003999999999998
2025-12-05 19:00:00,0.0
2025-12-05 20:00:00,0.0
2025-12-05 21:00:00,0.0
2025-12-05 22:00:00,0.0
2025-12-05 23:00:00,0.0
2025-12-06 00:00:00,0.0
2025-12-06 01:00:00,0.0
2025-12-06 02:00:00,0.0
2025-12-06 03:00:00,0.0
2025-12-06 04:00:00,0.0
2025-12-06 05:00:00,0.0
2025-12-06 06:00:00,0.031108000000000004
2025-12-06 07:00:00,0.14867999999999998
2025-12-06 08:00:00,0.19809800000000002
2025-12-06 09:00:00,0.30095399999999994
2025-12-06 10:00:00,0.285138
2025-12-06 11:00:00,0.19756200000000002
2025-12-06 12:00:00,0.371584
2025-12-06 13:00:00,0.360278
2025-12-06 14:00:00,0.255328
2025-12-06 15:00:00,0.290334
2025-12-06 16:00:00,0.11183799999999999
2025-12-06 17:00:00,0.040076
2025-12-06 18:00:00,0.00034199999999999996
2025-12-06 19:00:00,0.0
2025-12-06 20:00:00,0.0
2025-12-06 21:00:00,0.0
2025-12-06 22:00:00,0.0
2025-12-06 23:00:00,0.0
2025-12-07 00:00:00,0.0
2025-12-07 01:00:00,0.0
2025-12-07 02:00:00,0.0
2025-12-07 03:00:00,0.0
2025-12-07 04:00:00,0.0
2025-12-07 05:00:00,0.0
2025-12-07 06:00:00,0.07606199999999999
2025-12-07 07:00:00,0.2631499999999999
2025-12-07 08:00:00,0.45331400000000005
2025-12-07 09:00:00,0.51787
2025-12-07 10:00:00,0.572734
2025-12-07 11:00:00,0.620744
2025-12-07 12:00:00,0.24721
2025-12-07 13:00:00,0.108882
2025-12-07 14:00:00,0.068576
2025-12-07 15:00:00,0.156112
2025-12-07 16:00:00,0.03880599999999994
2025-12-07 17:00:00,0.018867999999999996
2025-12-07 18:00:00,0.00326199999999998
2025-12-07 19:00:00,0.0
2025-12-07 20:00:00,0.0
2025-12-07 21:00:00,0.0
2025-12-07 22:00:00,0.0
2025-12-07 23:00:00,0.0
2025-12-08 00:00:00,0.0
2025-12-08 01:00:00,0.0
2025-12-08 02:00:00,0.0
2025-12-08 03:00:00,0.0
2025-12-08 04:00:00,0.0
2025-12-08 05:00:00,0.0
2025-12-08 06:00:00,0.06084199999999997
2025-12-08 07:00:00,0.19895000000000002
2025-12-08 08:00:00,0.3308360000000001
2025-12-08 09:00:00,0.404866
2025-12-08 10:00:00,0.507846
2025-12-08 11:00:00,0.734686
2025-12-08 12:00:00,0.7143559999999999
2025-12-08 13:00:00,0.563356
2025-12-08 14:00:00,0.450068
2025-12-08 15:00:00,0.285094
2025-12-08 16:00:00,0.10588
2025-12-08 17:00:00,0.020116000000000002
2025-12-08 18:00:00,0.0044599999999999996
2025-12-08 19:00:00,0.0
2025-12-08 20:00:00,0.0
2025-12-08 21:00:00,0.0
2025-12-08 22:00:00,0.0
2025-12-08 23:00:00,0.0
2025-12-09 00:00:00,0.0
2025-12-09 01:00:00,0.0
2025-12-09 02:00:00,0.0
2025-12-09 03:00:00,0.0
2025-12-09 04:00:00,0.0
2025-12-09 05:00:00,0.0
2025-12-09 06:00:00,0.12941799999999998
2025-12-09 07:00:00,0.36154
2025-12-09 08:00:00,0.5349480000000001
2025-12-09 09:00:00,0.646946
2025-12-09 10:00:00,0.7204240000000001
2025-12-09 11:00:00,0.7420480000000002
2025-12-09 12:00:00,0.7196279999999999
2025-12-09 13:00:00,0.664074
2025-12-09 14:00:00,0.523064
2025-12-09 15:00:00,0.3837439999999999
2025-12-09 16:00:00,0.17748800000000003
2025-12-09 17:00:00,0.03260400000000001
2025-12-09 18:00:00,0.007490000000000002
2025-12-09 19:00:00,0.0
2025-12-09 20:00:00,0.0
2025-12-09 21:00:00,0.0
2025-12-09 22:00:00,0.0
2025-12-09 23:00:00,0.0
2025-12-10 00:00:00,0.0
2025-12-10 01:00:00,0.0
2025-12-10 02:00:00,0.0
2025-12-10 03:00:00,0.0
2025-12-10 04:00:00,0.0
2025-12-10 05:00:00,0.0
2025-12-10 06:00:00,0.12742599999999996
2025-12-10 07:00:00,0.24066
2025-12-10 08:00:00,0.299994
2025-12-10 09:00:00,0.63925
2025-12-10 10:00:00,0.7105759999999999
2025-12-10 11:00:00,0.610878
2025-12-10 12:00:00,0.5130939999999999
2025-12-10 13:00:00,0.6229180000000001
2025-12-10 14:00:00,0.483386
2025-12-10 15:00:00,0.326852
2025-12-10 16:00:00,0.17058
2025-12-10 17:00:00,0.062644
2025-12-10 18:00:00,0.006128
2025-12-10 19:00:00,0.0
2025-12-10 20:00:00,0.0
2025-12-10 21:00:00,0.0
2025-12-10 22:00:00,0.0
2025-12-10 23:00:00,0.0
2025-12-11 00:00:00,0.0
2025-12-11 01:00:00,0.0
2025-12-11 02:00:00,0.0
2025-12-11 03:00:00,0.0
2025-12-11 04:00:00,0.0
2025-12-11 05:00:00,0.0
2025-12-11 06:00:00,0.03975000000000001
2025-12-11 07:00:00,0.114492
2025-12-11 08:00:00,0.29474999999999996
2025-12-11 09:00:00,0.2733619999999999
2025-12-11 10:00:00,0.526214
2025-12-11 11:00:00,0.557674
2025-12-11 12:00:00,0.42145599999999994
2025-12-11 13:00:00,0.335066
2025-12-11 14:00:00,0.389216
2025-12-11 15:00:00,0.21892400000000004
2025-12-11 16:00:00,0.19759
2025-12-11 17:00:00,0.08880599999999998
2025-12-11 18:00:00,0.01222
2025-12-11 19:00:00,0.0
2025-12-11 20:00:00,0.0
2025-12-11 21:00:00,0.0
2025-12-11 22:00:00,0.0
2025-12-11 23:00:00,0.0
2025-12-12 00:00:00,0.0
2025-12-12 01:00:00,0.0
2025-12-12 02:00:00,0.0
2025-12-12 03:00:00,0.0
2025-12-12 04:00:00,0.0
2025-12-12 05:00:00,0.0
2025-12-12 06:00:00,0.08321399999999994
2025-12-12 07:00:00,0.275118
2025-12-12 08:00:00,0.391938
2025-12-12 09:00:00,0.44322800000000007
2025-12-12 10:00:00,0.41861799999999993
2025-12-12 11:00:00,0.45926
2025-12-12 12:00:00,0.57694
2025-12-12 13:00:00,0.49739000000000005
2025-12-12 14:00:00,0.41530199999999995
2025-12-12 15:00:00,0.260664
2025-12-12 16:00:00,0.1461359999999999
2025-12-12 17:00:00,0.05139999999999993
2025-12-12 18:00:00,0.016965999999999978
2025-12-12 19:00:00,0.0
2025-12-12 20:00:00,0.0
2025-12-12 21:00:00,0.0
2025-12-12 22:00:00,0.0
2025-12-12 23:00:00,0.0
2025-12-13 00:00:00,0.0
2025-12-13 01:00:00,0.0
2025-12-13 02:00:00,0.0
2025-12-13 03:00:00,0.0
2025-12-13 04:00:00,0.0
2025-12-13 05:00:00,0.0
2025-12-13 06:00:00,0.09405399999999998
2025-12-13 07:00:00,0.271566
2025-12-13 08:00:00,0.365374
2025-12-13 09:00:00,0.46061399999999997
2025-12-13 10:00:00,0.501908
2025-12-13 11:00:00,0.47768
2025-12-13 12:00:00,0.501136
2025-12-13 13:00:00,0.46041999999999994
2025-12-13 14:00:00,0.491278
2025-12-13 15:00:00,0.32394599999999996
2025-12-13 16:00:00,0.14678
2025-12-13 17:00:00,0.032338
2025-12-13 18:00:00,0.010721999999999999
2025-12-13 19:00:00,0.0
2025-12-13 20:00:00,0.0
2025-12-13 21:00:00,0.0
2025-12-13 22:00:00,0.0
2025-12-13 23:00:00,0.0
2025-12-14 00:00:00,0.0
2025-12-14 01:00:00,0.0
2025-12-14 02:00:00,0.0
2025-12-14 03:00:00,0.0
2025-12-14 04:00:00,0.0
2025-12-14 05:00:00,0.0
2025-12-14 06:00:00,0.10172999999999999
2025-12-14 07:00:00,0.300188
2025-12-14 08:00:00,0.45833
2025-12-14 09:00:00,0.588192
2025-12-14 10:00:00,0.57159
2025-12-14 11:00:00,0.6512239999999999
2025-12-14 12:00:00,0.724442
2025-12-14 13:00:00,0.624134
2025-12-14 14:00:00,0.493626
2025-12-14 15:00:00,0.333778
2025-12-14 16:00:00,0.145046
2025-12-14 17:00:00,0.043797999999999976
2025-12-14 18:00:00,0.01663399999999998
2025-12-14 19:00:00,0.0
2025-12-14 20:00:00,0.0
2025-12-14 21:00:00,0.0
2025-12-14 22:00:00,0.0
2025-12-14 23:00:00,0.0
2025-12-15 00:00:00,0.0
2025-12-15 01:00:00,0.0
2025-12-15 02:00:00,0.0
2025-12-15 03:00:00,0.0
2025-12-15 04:00:00,0.0
2025-12-15 05:00:00,0.0
2025-12-15 06:00:00,0.08454599999999998
2025-12-15 07:00:00,0.282032
2025-12-15 08:00:00,0.45319400000000004
2025-12-15 09:00:00,0.566242
2025-12-15 10:00:00,0.6324679999999999
2025-12-15 11:00:00,0.6289619999999999
2025-12-15 12:00:00,0.601904
2025-12-15 13:00:00,0.540952
2025-12-15 14:00:00,0.448268
2025-12-15 15:00:00,0.31748999999999994
2025-12-15 16:00:00,0.079054
2025-12-15 17:00:00,0.057085999999999984
2025-12-15 18:00:00,0.012214000000000001
2025-12-15 19:00:00,0.0
2025-12-15 20:00:00,0.0
2025-12-15 21:00:00,0.0
2025-12-15 22:00:00,0.0
2025-12-15 23:00:00,0.0
2025-12-16 00:00:00,0.0
2025-12-16 01:00:00,0.0
2025-12-16 02:00:00,0.0
2025-12-16 03:00:00,0.0
2025-12-16 04:00:00,0.0
2025-12-16 05:00:00,0.0
2025-12-16 06:00:00,0.07773999999999995
2025-12-16 07:00:00,0.24295400000000003
2025-12-16 08:00:00,0.37282399999999993
2025-12-16 09:00:00,0.5047919999999999
2025-12-16 10:00:00,0.480682
2025-12-16 11:00:00,0.564824
2025-12-16 12:00:00,0.6206720000000001
2025-12-16 13:00:00,0.578812
2025-12-16 14:00:00,0.47657999999999995
2025-12-16 15:00:00,0.295268
2025-12-16 16:00:00,0.16014
2025-12-16 17:00:00,0.05832999999999996
2025-12-16 18:00:00,0.004490000000000001
2025-12-16 19:00:00,0.0
2025-12-16 20:00:00,0.0
2025-12-16 21:00:00,0.0
2025-12-16 22:00:00,0.0
2025-12-16 23:00:00,0.0
2025-12-17 00:00:00,0.0
2025-12-17 01:00:00,0.0
2025-12-17 02:00:00,0.0
2025-12-17 03:00:00,0.0
2025-12-17 04:00:00,0.0
2025-12-17 05:00:00,0.0
2025-12-17 06:00:00,0.08458600000000001
2025-12-17 07:00:00,0.24211999999999997
2025-12-17 08:00:00,0.356266
2025-12-17 09:00:00,0.45761199999999996
2025-12-17 10:00:00,0.649282
2025-12-17 11:00:00,0.6490520000000001
2025-12-17 12:00:00,0.6104799999999999
2025-12-17 13:00:00,0.5828300000000001
2025-12-17 14:00:00,0.19641599999999998
2025-12-17 15:00:00,0.145152
2025-12-17 16:00:00,0.09501199999999999
2025-12-17 17:00:00,0.052134
2025-12-17 18:00:00,0.009109999999999998
2025-12-17 19:00:00,0.0
2025-12-17 20:00:00,0.0
2025-12-17 21:00:00,0.0
2025-12-17 22:00:00,0.0
2025-12-17 23:00:00,0.0
2025-12-18 00:00:00,0.0
2025-12-18 01:00:00,0.0
2025-12-18 02:00:00,0.0
2025-12-18 03:00:00,0.0
2025-12-18 04:00:00,0.0
2025-12-18 05:00:00,0.0
2025-12-18 06:00:00,0.10278199999999996
2025-12-18 07:00:00,0.32964000000000004
2025-12-18 08:00:00,0.5164
2025-12-18 09:00:00,0.644558
2025-12-18 10:00:00,0.6773779999999999
2025-12-18 11:00:00,0.679132
2025-12-18 12:00:00,0.67079
2025-12-18 13:00:00,0.59711
2025-12-18 14:00:00,0.45915999999999996
2025-12-18 15:00:00,0.341846
2025-12-18 16:00:00,0.20779199999999998
2025-12-18 17:00:00,0.090996
2025-12-18 18:00:00,0.022208
2025-12-18 19:00:00,0.0
2025-12-18 20:00:00,0.0
2025-12-18 21:00:00,0.0
2025-12-18 22:00:00,0.0
2025-12-18 23:00:00,0.0
2025-12-19 00:00:00,0.0
2025-12-19 01:00:00,0.0
2025-12-19 02:00:00,0.0
2025-12-19 03:00:00,0.0
2025-12-19 04:00:00,0.0
2025-12-19 05:00:00,0.0
2025-12-19 06:00:00,0.09308599999999999
2025-12-19 07:00:00,0.27451600000000004
2025-12-19 08:00:00,0.44923599999999997
2025-12-19 09:00:00,0.565518
2025-12-19 10:00:00,0.625268
2025-12-19 11:00:00,0.598532
2025-12-19 12:00:00,0.5697300000000001
2025-12-19 13:00:00,0.512106
2025-12-19 14:00:00,0.43398799999999993
2025-12-19 15:00:00,0.30957999999999997
2025-12-19 16:00:00,0.16974799999999998
2025-12-19 17:00:00,0.05008399999999998
2025-12-19 18:00:00,0.016386
2025-12-19 19:00:00,0.0
2025-12-19 20:00:00,0.0
2025-12-19 21:00:00,0.0
2025-12-19 22:00:00,0.0
2025-12-19 23:00:00,0.0
2025-12-20 00:00:00,0.0
2025-12-20 01:00:00,0.0
2025-12-20 02:00:00,0.0
2025-12-20 03:00:00,0.0
2025-12-20 04:00:00,0.0
2025-12-20 05:00:00,0.0
2025-12-20 06:00:00,0.09837599999999999
2025-12-20 07:00:00,0.29110600000000003
2025-12-20 08:00:00,0.44608600000000004
2025-12-20 09:00:00,0.564534
2025-12-20 10:00:00,0.626554
2025-12-20 11:00:00,0.63753
2025-12-20 12:00:00,0.6504100000000002
2025-12-20 13:00:00,0.5844459999999999
2025-12-20 14:00:00,0.406478
2025-12-20 15:00:00,0.27865599999999996
2025-12-20 16:00:00,0.16199999999999995
2025-12-20 17:00:00,0.07021999999999999
2025-12-20 18:00:00,0.006514000000000001
2025-12-20 19:00:00,0.0
2025-12-20 20:00:00,0.0
2025-12-20 21:00:00,0.0
2025-12-20 22:00:00,0.0
2025-12-20 23:00:00,0.0
2025-12-21 00:00:00,0.0
2025-12-21 01:00:00,0.0
2025-12-21 02:00:00,0.0
2025-12-21 03:00:00,0.0
2025-12-21 04:00:00,0.0
2025-12-21 05:00:00,0.0
2025-12-21 06:00:00,0.07209
2025-12-21 07:00:00,0.17124999999999999
2025-12-21 08:00:00,0.30388400000000004
2025-12-21 09:00:00,0.44882
2025-12-21 10:00:00,0.46446999999999994
2025-12-21 11:00:00,0.6512900000000001
2025-12-21 12:00:00,0.653232
2025-12-21 13:00:00,0.513436
2025-12-21 14:00:00,0.5280980000000001
2025-12-21 15:00:00,0.3811779999999999
2025-12-21 16:00:00,0.19806999999999994
2025-12-21 17:00:00,0.046579999999999976
2025-12-21 18:00:00,0.02069199999999994
2025-12-21 19:00:00,0.0
2025-12-21 20:00:00,0.0
2025-12-21 21:00:00,0.0
2025-12-21 22:00:00,0.0
2025-12-21 23:00:00,0.0
2025-12-22 00:00:00,0.0
2025-12-22 01:00:00,0.0
2025-12-22 02:00:00,0.0
2025-12-22 03:00:00,0.0
2025-12-22 04:00:00,0.0
2025-12-22 05:00:00,0.0
2025-12-22 06:00:00,0.07154599999999998
2025-12-22 07:00:00,0.15278999999999998
2025-12-22 08:00:00,0.2523099999999999
2025-12-22 09:00:00,0.5677420000000001
2025-12-22 10:00:00,0.578346
2025-12-22 11:00:00,0.692542
2025-12-22 12:00:00,0.5506019999999999
2025-12-22 13:00:00,0.527478
2025-12-22 14:00:00,0.37850799999999996
2025-12-22 15:00:00,0.28897
2025-12-22 16:00:00,0.17199599999999993
2025-12-22 17:00:00,0.07198600000000001
2025-12-22 18:00:00,0.0009799999999999197
2025-12-22 19:00:00,0.0
2025-12-22 20:00:00,0.0
2025-12-22 21:00:00,0.0
2025-12-22 22:00:00,0.0
2025-12-22 23:00:00,0.0
2025-12-23 00:00:00,0.0
2025-12-23 01:00:00,0.0
2025-12-23 02:00:00,0.0
2025-12-23 03:00:00,0.0
2025-12-23 04:00:00,0.0
2025-12-23 05:00:00,0.0
2025-12-23 06:00:00,0.07721399999999998
2025-12-23 07:00:00,0.27355799999999997
2025-12-23 08:00:00,0.273412
2025-12-23 09:00:00,0.363018
2025-12-23 10:00:00,0.5441619999999999
2025-12-23 11:00:00,0.48179599999999995
2025-12-23 12:00:00,0.44121799999999994
2025-12-23 13:00:00,0.44825600000000004
2025-12-23 14:00:00,0.39264
2025-12-23 15:00:00,0.327168
2025-12-23 16:00:00,0.16554199999999994
2025-12-23 17:00:00,0.034803999999999946
2025-12-23 18:00:00,0.003164
2025-12-23 19:00:00,0.0
2025-12-23 20:00:00,0.0
2025-12-23 21:00:00,0.0
2025-12-23 22:00:00,0.0
2025-12-23 23:00:00,0.0
2025-12-24 00:00:00,0.0
2025-12-24 01:00:00,0.0
2025-12-24 02:00:00,0.0
2025-12-24 03:00:00,0.0
2025-12-24 04:00:00,0.0
2025-12-24 05:00:00,0.0
2025-12-24 06:00:00,0.061930000000000006
2025-12-24 07:00:00,0.15351999999999996
2025-12-24 08:00:00,0.27033199999999996
2025-12-24 09:00:00,0.43383400000000005
2025-12-24 10:00:00,0.5269579999999999
2025-12-24 11:00:00,0.57933
2025-12-24 12:00:00,0.7181040000000001
2025-12-24 13:00:00,0.6157959999999999
2025-12-24 14:00:00,0.526598
2025-12-24 15:00:00,0.386506
2025-12-24 16:00:00,0.21034599999999998
2025-12-24 17:00:00,0.07642999999999998
2025-12-24 18:00:00,0.021928
2025-12-24 19:00:00,0.0
2025-12-24 20:00:00,0.0
2025-12-24 21:00:00,0.0
2025-12-24 22:00:00,0.0
2025-12-24 23:00:00,0.0
2025-12-25 00:00:00,0.0
2025-12-25 01:00:00,0.0
2025-12-25 02:00:00,0.0
2025-12-25 03:00:00,0.0
2025-12-25 04:00:00,0.0
2025-12-25 05:00:00,0.0
2025-12-25 06:00:00,0.09810200000000001
2025-12-25 07:00:00,0.32252000000000003
2025-12-25 08:00:00,0.51531
2025-12-25 09:00:00,0.6453279999999999
2025-12-25 10:00:00,0.7038340000000001
2025-12-25 11:00:00,0.7247199999999999
2025-12-25 12:00:00,0.6929719999999999
2025-12-25 13:00:00,0.611876
2025-12-25 14:00:00,0.5405939999999999
2025-12-25 15:00:00,0.29856399999999994
2025-12-25 16:00:00,0.20281599999999997
2025-12-25 17:00:00,0.052894
2025-12-25 18:00:00,0.014098
2025-12-25 19:00:00,0.0
2025-12-25 20:00:00,0.0
2025-12-25 21:00:00,0.0
2025-12-25 22:00:00,0.0
2025-12-25 23:00:00,0.0
2025-12-26 00:00:00,0.0
2025-12-26 01:00:00,0.0
2025-12-26 02:00:00,0.0
2025-12-26 03:00:00,0.0
2025-12-26 04:00:00,0.0
2025-12-26 05:00:00,0.0
2025-12-26 06:00:00,0.056416
2025-12-26 07:00:00,0.198068
2025-12-26 08:00:00,0.25446
2025-12-26 09:00:00,0.49623
2025-12-26 10:00:00,0.507754
2025-12-26 11:00:00,0.529126
2025-12-26 12:00:00,0.59673
2025-12-26 13:00:00,0.21436799999999998
2025-12-26 14:00:00,0.502934
2025-12-26 15:00:00,0.345778
2025-12-26 16:00:00,0.07790200000000001
2025-12-26 17:00:00,0.015548000000000001
2025-12-26 18:00:00,0.001064
2025-12-26 19:00:00,0.0
2025-12-26 20:00:00,0.0
2025-12-26 21:00:00,0.0
2025-12-26 22:00:00,0.0
2025-12-26 23:00:00,0.0
2025-12-27 00:00:00,0.0
2025-12-27 01:00:00,0.0
2025-12-27 02:00:00,0.0
2025-12-27 03:00:00,0.0
2025-12-27 04:00:00,0.0
2025-12-27 05:00:00,0.0
2025-12-27 06:00:00,0.04194
2025-12-27 07:00:00,0.12253999999999998
2025-12-27 08:00:00,0.31693399999999994
2025-12-27 09:00:00,0.430842
2025-12-27 10:00:00,0.570408
2025-12-27 11:00:00,0.6580380000000001
2025-12-27 12:00:00,0.613114
2025-12-27 13:00:00,0.49128599999999994
2025-12-27 14:00:00,0.4176519999999999
2025-12-27 15:00:00,0.32546400000000003
2025-12-27 16:00:00,0.19529400000000002
2025-12-27 17:00:00,0.04304399999999998
2025-12-27 18:00:00,0.021290000000000003
2025-12-27 19:00:00,0.0
2025-12-27 20:00:00,0.0
2025-12-27 21:00:00,0.0
2025-12-27 22:00:00,0.0
2025-12-27 23:00:00,0.0
2025-12-28 00:00:00,0.0
2025-12-28 01:00:00,0.0
2025-12-28 02:00:00,0.0
2025-12-28 03:00:00,0.0
2025-12-28 04:00:00,0.0
2025-12-28 05:00:00,0.0
2025-12-28 06:00:00,0.034208
2025-12-28 07:00:00,0.16160000000000002
2025-12-28 08:00:00,0.19781200000000002
2025-12-28 09:00:00,0.38605999999999996
2025-12-28 10:00:00,0.49621999999999994
2025-12-28 11:00:00,0.550392
2025-12-28 12:00:00,0.5935979999999998
2025-12-28 13:00:00,0.5104460000000001
2025-12-28 14:00:00,0.44704999999999995
2025-12-28 15:00:00,0.30685799999999996
2025-12-28 16:00:00,0.132222
2025-12-28 17:00:00,0.035697999999999994
2025-12-28 18:00:00,0.022691999999999983
2025-12-28 19:00:00,0.0
2025-12-28 20:00:00,0.0
2025-12-28 21:00:00,0.0
2025-12-28 22:00:00,0.0
2025-12-28 23:00:00,0.0
2025-12-29 00:00:00,0.0
2025-12-29 01:00:00,0.0
2025-12-29 02:00:00,0.0
2025-12-29 03:00:00,0.0
2025-12-29 04:00:00,0.0
2025-12-29 05:00:00,0.0
2025-12-29 06:00:00,0.059436
2025-12-29 07:00:00,0.2255619999999999
2025-12-29 08:00:00,0.22421599999999997
2025-12-29 09:00:00,0.5028279999999999
2025-12-29 10:00:00,0.49336399999999997
2025-12-29 11:00:00,0.5756319999999999
2025-12-29 12:00:00,0.569926
2025-12-29 13:00:00,0.464282
2025-12-29 14:00:00,0.39366599999999996
2025-12-29 15:00:00,0.3371239999999999
2025-12-29 16:00:00,0.161306
2025-12-29 17:00:00,0.05664399999999999
2025-12-29 18:00:00,0.01050399999999998
2025-12-29 19:00:00,0.0
2025-12-29 20:00:00,0.0
2025-12-29 21:00:00,0.0
2025-12-29 22:00:00,0.0
2025-12-29 23:00:00,0.0
2025-12-30 00:00:00,0.0
2025-12-30 01:00:00,0.0
2025-12-30 02:00:00,0.0
2025-12-30 03:00:00,0.0
2025-12-30 04:00:00,0.0
2025-12-30 05:00:00,0.0
2025-12-30 06:00:00,0.048856
2025-12-30 07:00:00,0.21567599999999998
2025-12-30 08:00:00,0.37615999999999994
2025-12-30 09:00:00,0.5123179999999999
2025-12-30 10:00:00,0.544426
2025-12-30 11:00:00,0.46225000000000005
2025-12-30 12:00:00,0.5693680000000001
2025-12-30 13:00:00,0.4135479999999999
2025-12-30 14:00:00,0.2054239999999999
2025-12-30 15:00:00,0.18165799999999993
2025-12-30 16:00:00,0.062431999999999974
2025-12-30 17:00:00,0.013703999999999938
2025-12-30 18:00:00,0.011489999999999981
2025-12-30 19:00:00,0.0
2025-12-30 20:00:00,0.0
2025-12-30 21:00:00,0.0
2025-12-30 22:00:00,0.0
2025-12-30 23:00:00,0.0
2025-12-31 00:00:00,0.0
2025-12-31 01:00:00,0.0
2025-12-31 02:00:00,0.0
2025-12-31 03:00:00,0.0
2025-12-31 04:00:00,0.0
2025-12-31 05:00:00,0.0
2025-12-31 06:00:00,0.06693
2025-12-31 07:00:00,0.13443799999999995
2025-12-31 08:00:00,0.31383799999999995
2025-12-31 09:00:00,0.422192
2025-12-31 10:00:00,0.41294
2025-12-31 11:00:00,0.43818599999999996
2025-12-31 12:00:00,0.48393600000000003
2025-12-31 13:00:00,0.5448099999999999
2025-12-31 14:00:00,0.315454
2025-12-31 15:00:00,0.317836
2025-12-31 16:00:00,0.18164999999999992
2025-12-31 17:00:00,0.076074
2025-12-31 18:00:00,0.00350599999999998
2025-12-31 19:00:00,0.0
2025-12-31 20:00:00,0.0
2025-12-31 21:00:00,0.0
2025-12-31 22:00:00,0.0
2025-12-31 23:00:00,0.0
